[ram] 6 regions:
[ram]   0x40000000 - 0xffff0000 (3071 MB)
[ram]   0x100000000 - 0x140000000 (1024 MB)
[ram]   0x140026000 - 0x23be0f000 (4029 MB)
[ram]   0x23c000000 - 0x23c020000 (0 MB)
[ram]   0x23c080000 - 0x23f550000 (52 MB)
[ram]   0x23f930000 - 0x240000000 (6 MB)
[kern] entry_phys=0x40401a48 load=0x40080000-0x50104000
[gop-serial] UART: base=0x2110000 type=0 (PL011)
[gop-serial] Enumerating GOP display modes:
[gop-serial]   Mode 0: 1024x768 format=BGR
[gop-serial] 1 modes total, best=786432 pixels
[gop-serial] Already at best mode: 1024x768
[gop-serial] Selected: 1024x768 stride=1024 base=0x10000000 size=0x300000
ZZ0000000040401a48BDMTIVL!J>12KPHEOS
========================================
  Breenix ARM64 Kernel Starting
  BUILD_ID: 006a9e5a05133e
========================================

[boot] DIAG_MARKER_XHCI_A
[boot] DIAG_MARKER_XHCI_B
[boot] DIAG_MARKER_XHCI_C
[boot] loader xhci_hcrst_raw=0x0 ecam=0x2300000
[boot] Current exception level: EL1
[boot] MMU already enabled (high-half kernel)
[boot] Initializing memory management (0x44000000-0x50000000)...
[boot] Memory management ready
[boot] Initializing Generic Timer...
[boot] Timer frequency: 24000000 Hz (24 MHz)
[boot] Initializing PL031 RTC...
[boot] Current timestamp: 23948341
[boot] Initializing GIC...
[gic] GICR probe 0x02500000: WAKER=0x00000000 <<< VALID
[gic] GICD_CTLR wrote 0x53, readback=0x53
[gic] GICR_IGROUPR0: wrote 0xFFFFFFFF, readback=0xffffffff
[gic] EOImode=1 (split EOI/DIR) - non-VMware path
[gic] ICC_CTLR_EL1: 0x40400 -> 0x40402 (EOImode=1)
[boot] GIC initialized (version 3)
[boot] Enabling UART interrupts...
[boot] Enabling GIC IRQ 33 (UART0)...
[uart] IMSC: 0x0 -> 0x50 (verify: 0x50)
[uart] FR=0x90 (RXFE=1), RIS=0x20
[gic] IRQ 33 state (GICv3):
  enabled=true, group1=true, pending=false
  priority=0xa0, GICD_CTLR=0x53
  ICC_PMR=0xf0
[boot] UART interrupts enabled
[boot] Enabling interrupts...
[boot] Interrupts enabled: true
[boot] Initializing device drivers...
[drivers] Initializing driver subsystem...
[drivers] PCI ECAM at 0x2300000, enumerating PCI bus...
[drivers] Found 7 PCI devices
[pci] 00:01.0 [8086:293e] class=04/03
[pci]   BAR0: 0x18008000 (16384)
[pci] 00:02.0 [8086:265c] class=0c/03
[pci]   BAR0: 0x18012000 (4096)
[pci]   BAR1: 0x0 (4096)
[pci]   BAR2: 0x0 (4096)
[pci]   BAR3: 0x0 (4096)
[pci]   BAR4: 0x0 (4096)
[pci]   BAR5: 0x0 (4096)
[pci] 00:03.0 [1033:0194] class=0c/03
[pci]   BAR0: 0x18011000 (4096)
[pci]   BAR1: 0x0 (4096)
[pci]   BAR2: 0x0 (4096)
[pci]   BAR3: 0x0 (4096)
[pci]   BAR4: 0x0 (4096)
[pci]   BAR5: 0x0 (4096)
[pci] 00:05.0 [1af4:1000] class=02/00
[pci]   BAR0: 0x18010000 (4096)
[pci]   BAR1: 0x1800f000 (4096)
[pci] 00:09.0 [1ab8:4000] class=ff/00
[pci]   BAR0: 0x1800e000 (4096)
[pci] 00:0a.0 [1af4:1050] class=03/00
[pci]   BAR0: 0x10000000 (134217728)
[pci]   BAR1: 0x1800d000 (4096)
[pci]   BAR4: 0x18004000 (16384)
[pci] 00:0e.0 [1af4:1053] class=07/80
[pci]   BAR1: 0x1800c000 (4096)
[pci]   BAR4: 0x18000000 (16384)
[drivers] Found 2 VirtIO PCI devices
[virtio-gpu-pci] Device features: 0x0000000100000001
[virtio-gpu-pci] VIRGL offered: true
[virtio-gpu-pci] Negotiated: 0x0000000100000001 (VIRGL=true)
[virtio-gpu-pci] VIRGL_ENABLED stored=true, readback=true, addr=0xffff00004127a204
[pci] 00:0a.0: capabilities:
  cap 0x11 (MSI-X) @ 0xb0: dw0=0x0001bc11 dw1=0x00000001
  cap 0x09 (?) @ 0xbc: dw0=0x0410cc09 dw1=0x00000004
  cap 0x09 (?) @ 0xcc: dw0=0x0310dc09 dw1=0x00000004
  cap 0x09 (?) @ 0xdc: dw0=0x0214f009 dw1=0x00000004
  cap 0x09 (?) @ 0xf0: dw0=0x01100009 dw1=0x00000004
[gicv2m] MSI_TYPER raw=0x80350040 -> base_spi=53, num_spi=64
[virtio-gpu-pci] MSI-X cap at 0xb0: 2 vectors
[virtio-gpu-pci] MSI-X diag: cap=0xb0 table_bar=1 table_off=0x0 doorbell=0x2250040 vectors=2
[virtio-gpu-pci] MSI-X entry0: addr_hi=0x0 addr_lo=0x2250040 data=0x35 vector_ctrl=0x0
[virtio-gpu-pci] MSI-X entry1: addr_hi=0x0 addr_lo=0x2250040 data=0x36 vector_ctrl=0x0
[virtio-gpu-pci] MSI-X enabled: config_spi=53 queue_spi=54 doorbell=0x2250040 vectors=2
[virtio-gpu-pci] config_msix_vector: wrote=0x0 readback=0x0
[virtio-gpu-pci] Device has 2 queues
[virtio-gpu-pci] Queue 0 msix_vector: wrote=0x1 readback=0x1
[virtio-gpu-pci] Queue 1 msix_vector: wrote=0x1 readback=0x1
[virtio-gpu-pci] Cursor queue (q1) set up: size=16
[virtio-gpu-pci] Config: num_scanouts=16, num_capsets=1
[virtio-gpu-pci] MSI-X active: config_spi=53 queue_spi=54 queue_vector=1
[virtio-gpu-pci] Capset 0: id=2, max_ver=2, max_size=768
[virtio-gpu-pci] GET_CAPSET(id=2, ver=2): resp=0x1103
[virtio-gpu-pci] Display reports: 1024x768
[virtio-gpu-pci] Resolution: 1280x960 (display=1024x768, GOP=1024x768, min=1280x960)
[virtio-gpu-pci] 2D framebuffer backing: heap ptr=0xffff0000502e2000, phys=0x502e2000, size=4915200
[virgl] attach_backing: phys=0x502e2000, len=4915200, nr_pages=1200
[virgl] attach_backing: sending 3-desc chain: hdr=0x41271000(32B), entries=0x50792000(19200B)
[virgl] attach_backing: OK (1200 pages attached)
[virtio-gpu-pci] 2D resource created and scanout set
[virtio-gpu-pci] Initialized: 1280x960
[drivers] VirtIO GPU (PCI) initialized
[virgl] Initializing VirGL 3D pipeline...
[virgl] 3D framebuffer backing: heap ptr=0xffff000050792000, phys=0x50792000, size=4915200
[virgl] Step 1: context created
[virgl] Step 2: 3D resource created (1280x960, bind=0x0014000a)
[virgl] attach_backing: phys=0x50792000, len=4915200, nr_pages=1200
[virgl] attach_backing: sending 3-desc chain: hdr=0x41271000(32B), entries=0x50c42000(19200B)
[virgl] attach_backing: OK (1200 pages attached)
[virgl] Step 3: backing attached
[virgl] Step 4: resource attached to context
[virgl] Step 5: resource primed
[virgl] SUBMIT_3D OK: id=1 used_len=0 resp_flags=0x1 resp_fence=1
[virgl] Step 6: VirGL CLEAR (cornflower blue)
[virgl] Step 7: SET_SCANOUT + RESOURCE_FLUSH done
[virgl] Step 7: VB resource created (no backing, INLINE_WRITE only)
[virgl-composite] Texture backing: heap ptr=0xffff000050c42000, phys=0x50c42000, 1280x960 (4915200B, 1200 pages)
[virgl] attach_backing: phys=0x50c42000, len=4915200, nr_pages=1200
[virgl] attach_backing: sending 3-desc chain: hdr=0x41271000(32B), entries=0x510f2000(19200B)
[virgl] attach_backing: OK (1200 pages attached)
[virgl-composite] Texture resource initialized (id=5)
[virgl] attach_backing: phys=0x510f2000, len=4915200, nr_pages=1200
[virgl] attach_backing: sending 3-desc chain: hdr=0x41271000(32B), entries=0x515a2000(19200B)
[virgl] attach_backing: OK (1200 pages attached)
[virgl-pool] Pre-allocated slot=0 res_id=10 1280x960
[virgl] attach_backing: phys=0x515a2000, len=4915200, nr_pages=1200
[virgl] attach_backing: sending 3-desc chain: hdr=0x41271000(32B), entries=0x51a52000(19200B)
[virgl] attach_backing: OK (1200 pages attached)
[virgl-pool] Pre-allocated slot=1 res_id=11 1280x960
[virgl] attach_backing: phys=0x51a52000, len=4915200, nr_pages=1200
[virgl] attach_backing: sending 3-desc chain: hdr=0x41271000(32B), entries=0x51f02000(19200B)
[virgl] attach_backing: OK (1200 pages attached)
[virgl-pool] Pre-allocated slot=2 res_id=12 1280x960
[virgl] attach_backing: phys=0x51f02000, len=4915200, nr_pages=1200
[virgl] attach_backing: sending 3-desc chain: hdr=0x41271000(32B), entries=0x523b2000(19200B)
[virgl] attach_backing: OK (1200 pages attached)
[virgl-pool] Pre-allocated slot=3 res_id=13 1280x960
[virgl] attach_backing: phys=0x523b2000, len=4915200, nr_pages=1200
[virgl] attach_backing: sending 3-desc chain: hdr=0x41271000(32B), entries=0x52862000(19200B)
[virgl] attach_backing: OK (1200 pages attached)
[virgl-pool] Pre-allocated slot=4 res_id=14 1280x960
[virgl] attach_backing: phys=0x52862000, len=4915200, nr_pages=1200
[virgl] attach_backing: sending 3-desc chain: hdr=0x41271000(32B), entries=0x52d12000(19200B)
[virgl] attach_backing: OK (1200 pages attached)
[virgl-pool] Pre-allocated slot=5 res_id=15 1280x960
[virgl] attach_backing: phys=0x52d12000, len=4915200, nr_pages=1200
[virgl] attach_backing: sending 3-desc chain: hdr=0x41271000(32B), entries=0x531c2000(19200B)
[virgl] attach_backing: OK (1200 pages attached)
[virgl-pool] Pre-allocated slot=6 res_id=16 1280x960
[virgl] attach_backing: phys=0x531c2000, len=4915200, nr_pages=1200
[virgl] attach_backing: sending 3-desc chain: hdr=0x41271000(32B), entries=0x53672000(19200B)
[virgl] attach_backing: OK (1200 pages attached)
[virgl-pool] Pre-allocated slot=7 res_id=17 1280x960
[virgl] attach_backing: phys=0x53672000, len=8192, nr_pages=2
[virgl] attach_backing: sending 3-desc chain: hdr=0x41271000(32B), entries=0x502e0080(32B)
[virgl] attach_backing: OK (2 pages attached)
[virgl-cursor] Cursor texture initialized (id=6, 16x80, 5 shapes)
[virgl] attach_backing: phys=0x53674000, len=4096, nr_pages=1
[virgl] attach_backing: sending 3-desc chain: hdr=0x41271000(32B), entries=0x502e0080(16B)
[virgl] attach_backing: OK (1 pages attached)
[virgl-dimmer] Dimmer texture initialized (id=7, 4x4)
[virgl] Step 8: Compositor texture initialized
[virgl] Step 9: full pipeline+draw batch (191 DWORDs)
[virgl] SUBMIT_3D OK: id=2 used_len=0 resp_flags=0x1 resp_fence=2
[virgl] Step 10: SET_SCANOUT + RESOURCE_FLUSH
[virgl] VirGL 3D pipeline initialized successfully
[drivers] VirGL 3D acceleration active
[drivers] Compositor backend: VirGL
[virtio-gpu-pci] GPU command waits use scheduler waitqueue
[virtio-net-pci] Searching for VirtIO network device on PCI bus...
[virtio-net-pci] Found at 00:05.0 [1af4:1000]
[virtio-net-pci] BAR0: phys=0x18010000 virt=0xffff000018010000 size=4096
[virtio-net-pci] Device features: 0x6187bfa3
[virtio-net-pci] MAC: 00:1c:42:f0:66:c3
[virtio-net-pci] Queue 0 max size: 256
[virtio-net-pci] RX init window stage=after_rx_ring_zero pfn=0x0 vector=0xf042 status=0xb avail_flags=0x0 avail_idx=0 used_flags=0x0 used_idx=0
[virtio-net-pci] Queue 0 PFN=0x4123b (phys=0x4123b000)
[virtio-net-pci] RX init window stage=after_rx_pfn_window pfn=0x4123b vector=0xf042 status=0xb avail_flags=0x0 avail_idx=0 used_flags=0x0 used_idx=0
[virtio-net-pci] RX queue activation stage=after_rx_pfn transport=legacy pfn=0x4123b size=256 vector=0xf042 status=0xb isr=0x0 avail_flags=0x0 avail_idx=0 used_idx=0
[virtio-net-pci] Queue 1 max size: 256
[virtio-net-pci] Queue 1 PFN=0x4123e (phys=0x4123e000)
[pci] 00:05.0: capabilities:
  cap 0x10 (PCIe) @ 0x48: dw0=0x00024010 dw1=0x00000fc0
  cap 0x01 (PM) @ 0x40: dw0=0x0022f401 dw1=0x00000000
  cap 0x11 (MSI-X) @ 0xf4: dw0=0x00020011 dw1=0x00000001
[virtio-net-pci] MSI-X cap at 0xf4: 3 vectors
[virtio-net-pci] MSI-X vector assignments: cfg=0xffff rx=0x0
[virtio-net-pci] RX queue activation stage=after_msix_vector transport=legacy pfn=0x4123b size=256 vector=0x0 status=0xb isr=0x0 avail_flags=0x0 avail_idx=0 used_idx=0
[virtio-net-pci] MSI-X diag: cap=0xf4 table_bar=1 table_off=0x0 doorbell=0x2250040 spi=55 vectors=3 msg_ctrl=0x8002 command=0x407 cfg_vec=0xffff rx_vec=0x0
[virtio-net-pci] MSI-X entry0: addr_hi=0x0 addr_lo=0x2250040 data=0x37 vector_ctrl=0x0
[virtio-net-pci] MSI-X entry1: addr_hi=0x0 addr_lo=0x2250040 data=0x37 vector_ctrl=0x0
[virtio-net-pci] MSI-X entry2: addr_hi=0x0 addr_lo=0x2250040 data=0x37 vector_ctrl=0x0
[virtio-net-pci] MSI-X enabled: SPI 55 doorbell=0x2250040 vectors=3
[virtio-net-pci] RX init window stage=before_driver_ok pfn=0x4123b vector=0x0 status=0xb avail_flags=0x0 avail_idx=0 used_flags=0x0 used_idx=0
[virtio-net-pci] RX init window stage=after_driver_ok pfn=0x4123b vector=0x0 status=0xf avail_flags=0x0 avail_idx=0 used_flags=0x1 used_idx=0
[virtio-net-pci] RX queue activation stage=after_driver_ok transport=legacy pfn=0x4123b size=256 vector=0x0 status=0xf isr=0x0 avail_flags=0x0 avail_idx=0 used_idx=0
[virtio-net-pci] RX init window stage=after_rx_desc0 pfn=0x4123b vector=0x0 status=0xf avail_flags=0x0 avail_idx=0 used_flags=0x1 used_idx=0
[virtio-net-pci] RX init window stage=after_rx_desc1 pfn=0x4123b vector=0x0 status=0xf avail_flags=0x0 avail_idx=0 used_flags=0x1 used_idx=0
[virtio-net-pci] RX init window stage=after_rx_desc2 pfn=0x4123b vector=0x0 status=0xf avail_flags=0x0 avail_idx=0 used_flags=0x1 used_idx=0
[virtio-net-pci] RX init window stage=after_rx_desc3 pfn=0x4123b vector=0x0 status=0xf avail_flags=0x0 avail_idx=0 used_flags=0x1 used_idx=0
[virtio-net-pci] RX init window stage=before_rx_avail_idx pfn=0x4123b vector=0x0 status=0xf avail_flags=0x0 avail_idx=0 used_flags=0x1 used_idx=0
[virtio-net-pci] RX init window stage=after_rx_avail_idx pfn=0x4123b vector=0x0 status=0xf avail_flags=0x0 avail_idx=4 used_flags=0x1 used_idx=0
[virtio-net-pci] RX init window stage=before_rx_notify pfn=0x4123b vector=0x0 status=0xf avail_flags=0x0 avail_idx=4 used_flags=0x1 used_idx=0
[virtio-net-pci] RX init window stage=after_rx_notify_window pfn=0x4123b vector=0x0 status=0xf avail_flags=0x0 avail_idx=4 used_flags=0x1 used_idx=0
[virtio-net-pci] RX init window stage=first_used_not_observed pfn=0x4123b vector=0x0 status=0xf avail_flags=0x0 avail_idx=4 used_flags=0x1 used_idx=0
[virtio-net-pci] RX queue activation stage=after_rx_notify transport=legacy pfn=0x4123b size=256 vector=0x0 status=0xf isr=0x0 avail_flags=0x0 avail_idx=4 used_idx=0
[virtio-net-pci] Network device initialized successfully
[drivers] VirtIO network (PCI) initialized
[drivers] SVGA3 init skipped: SVGA3 device not found
[drivers] Found XHCI at 00:03.0 [1033:0194]
[xhci] DMA addrs: DCBAA=0x40855000 CMD_RING=0x40856000 EVT_RING=0x40866000 ERST=0x41199200
[xhci] Regs: USBCMD=0x5 USBSTS=0x0 CRCR=0x0 DCBAAP=0x40855000
[xhci] IR0: IMAN=0x2 ERDP=0x40866000 ERSTBA=0x41199200
[xhci] Port scan: 14 ports
[xhci]   port 1: PORTSC=0x00021203 CCS=1 PED=1 speed=4
[xhci]   port 2: PORTSC=0x00021203 CCS=1 PED=1 speed=4
[xhci]   port 3: PORTSC=0x00021203 CCS=1 PED=1 speed=4
[xhci]   port 4: PORTSC=0x000002a0 CCS=0 PED=0 speed=0
[xhci]   port 5: PORTSC=0x000002a0 CCS=0 PED=0 speed=0
[xhci]   port 6: PORTSC=0x000002a0 CCS=0 PED=0 speed=0
[xhci]   port 7: PORTSC=0x000002a0 CCS=0 PED=0 speed=0
[xhci]   port 8: PORTSC=0x000002a0 CCS=0 PED=0 speed=0
[xhci]   port 9: PORTSC=0x000002a0 CCS=0 PED=0 speed=0
[xhci]   port 10: PORTSC=0x000002a0 CCS=0 PED=0 speed=0
[xhci]   port 11: PORTSC=0x000002a0 CCS=0 PED=0 speed=0
[xhci]   port 12: PORTSC=0x000002a0 CCS=0 PED=0 speed=0
[xhci]   port 13: PORTSC=0x000002a0 CCS=0 PED=0 speed=0
[xhci]   port 14: PORTSC=0x000002a0 CCS=0 PED=0 speed=0
[xhci] port 1 connected: PORTSC=0x00001203 PED=1 speed=4
[xhci] port 1 EnableSlot -> slot 1
[xhci] port 1 AddressDevice OK (slot 1)
[xhci] slot1: vid=0x203a pid=0xfffc class=0x00/0x00/0x00
[xhci] slot1 iface0: class=0x03 sub=0x00 proto=0x02 numEP=1
[xhci] HID iface: proto=2 subclass=0 -> mouse (hid_idx=1)
[xhci] slot1 iface1: class=0x03 sub=0x00 proto=0x02 numEP=1
[xhci] HID iface: proto=2 subclass=0 -> mouse (hid_idx=3)
[xhci] port 2 connected: PORTSC=0x00001203 PED=1 speed=4
[xhci] port 2 EnableSlot -> slot 2
[xhci] port 2 AddressDevice OK (slot 2)
[xhci] slot2: vid=0x203a pid=0xfffb class=0x00/0x00/0x00
[xhci] slot2 iface0: class=0x03 sub=0x01 proto=0x01 numEP=1
[xhci] HID iface: proto=1 subclass=1 -> keyboard (hid_idx=0)
[xhci] slot2 iface1: class=0x03 sub=0x00 proto=0x00 numEP=1
[xhci] HID iface: proto=0 subclass=0 -> NKRO (hid_idx=2)
[xhci] port 3 connected: PORTSC=0x00001203 PED=1 speed=4
[xhci] port 3 EnableSlot -> slot 3
[xhci] port 3 AddressDevice OK (slot 3)
[xhci] slot3: vid=0x203a pid=0xfff9 class=0xef/0x02/0x01
[xhci] slot3 iface0: class=0x0e sub=0x01 proto=0x00 numEP=0
[xhci] slot3 iface1: class=0x0e sub=0x02 proto=0x00 numEP=1
[xhci] start_hid_polling: kbd=slot2/dci3 nkro=dci5 mouse=slot1/dci3 mouse2=dci5
[xhci] Initialized: 32 slots, MSI irq=56
[drivers] XHCI USB controller initialized
[ahci] Platform AHCI at phys 0x2140000, virt 0xffff000002140000
[ahci] HBA version 1.256, 6 ports, 32 cmd slots, PI=0x0000003f
[ahci] Port 0: Sata, 131072 sectors (64 MB)
[ahci] Port 1: Sata, 190464 sectors (93 MB)
[ahci] IRQ probe: using port 0 dma_index 0
[ahci] IRQ probe: ISPENDR before=[0x00000000, 0x00000000, 0x00000000] after=[0x00000004, 0x00000000, 0x00000000]
[ahci] IRQ probe: PORT_IS=0x00000001 (should have D2H bit set)
[ahci] Platform IRQ probe: discovered SPI 34
[ahci] Platform IRQ enabled: SPI 34 (wired, level-triggered, CPU0)
[drivers] AHCI initialized (platform MMIO): 2 SATA device(s)
[drivers] Driver subsystem initialized (PCI)
[boot] Found 7 devices
[drivers] Running post-init self-tests...
[drivers] VirtIO block self-test skipped: no VirtIO MMIO block device on Parallels; using AHCI
[boot] Initializing network stack...
[net] Initializing network stack...
[net] Using VirtIO net PCI driver (Parallels)
[net] MAC address: 00:1c:42:f0:66:c3
NET: IP address: 10.211.55.100
NET: Gateway: 10.211.55.1
Network stack initialized
NET: Sending ARP request for gateway 10.211.55.1
ARP request sent successfully
NET: Gateway ARP not resolved during init; will resolve via IRQ path
NET: Sending ICMP echo request to gateway 10.211.55.1
NET: ARP cache miss for 10.211.55.1, sending ARP request
NET: Failed to send ping: ArpMiss: reply will populate cache via IRQ
NET: Network initialization complete
[virtio-net-pci] manual-gicv2m-test irq=55 doorbell=0x2250040 before_pend=0x0 after_write_pend=0x800000 after_wait_pend=0x0 ack_before=0 ack_after=1 msi_before=0 msi_after=1
[virtio-net-pci] MSI-X SPI 55 enabled (post-init)
[virtio-net-pci] MSI-X GIC enable diag: spi=55 last_irq=0 cpu=0 gicv=0 affinity=0x0 router_rb=0x0 isenabler_rb=0x0 retries=0 outcome=0
[virtio-net-pci] MSI-X GIC state: spi=55 isenabler_bit=0x800000 ispendr_bit=0x0 isactiver_bit=0x0 icfgr_reg=0x2a800 irouter=0x0
NET: synchronously cleared virtio callback suppression
NET: pre-primed NetRx softirq for bootstrap callback re-enable
[boot] Initializing filesystem...
[ext2] No VirtIO block device, trying AHCI...
[ext2] AHCI device 0: 131072 sectors (64 MB)
[ext2] AHCI device 0: not ext2 (magic=0x0064)
[ext2] AHCI device 1: 190464 sectors (93 MB)
[ext2] Found ext2 superblock on AHCI device 1
[boot] ext2 root filesystem mounted
[boot] No home filesystem: No home block device available (expected at device index 3 or 1) (continuing)
[boot] devfs initialized at /dev
[boot] devptsfs initialized at /dev/pts
[boot] CPU detected: ARM Unknown
[boot] procfs initialized at /proc
[boot] TTY subsystem initialized
[boot] Initializing graphics...
[boot] VirGL active — skipping GOP framebuffer init (2D resource already set up in gpu_pci::init)
[boot] FB_INFO_CACHE populated for VirGL display (1280x960)
[boot] USB HID input active via XHCI IRQ
[boot] Initializing per-CPU data...
[boot] Per-CPU data initialized
[boot] Initializing process manager...
[boot] Process manager initialized
[boot] Initializing scheduler...
[boot] Scheduler initialized
[boot] Workqueue subsystem initialized
[boot] Softirq subsystem initialized
[boot] Render thread skipped — VirGL owns the display
[boot] Tracing subsystem initialized and enabled
[boot] Pre-loading /sbin/init from ext2 (before timer)...
[net] ICMP echo reply received from 10.211.55.1 seq=1
[boot] Init binary pre-loaded: 298664 bytes
[xhci] activate_msi_if_ready: source=system-ready spi=56 DIAG_SPI_ENABLE_COUNT=1
[xhci] post-activation: MSI_EVENT_COUNT=55 EVENT_COUNT=0 POLL_COUNT=0 SPI_ACTIVATED=true
[boot] Initializing timer interrupt...
[timer] Timer configured for ~1000 Hz (24000 ticks per interrupt)
[timer] Using virtual timer (PPI 27)
[boot] Timer interrupt initialized
[smp] CPU 0 MPIDR=0x80000000, stack_base=0x43000000
[smp] GICR covers 8 redistributors, probing CPUs 1..8
[smp] Probing secondary CPUs via PSCI...
[s1m@p1ABCDE]eF CGP1U 1: PSCI CPU_ON success (raw_status=0)
[gi2c@]1A BCEDEOeIFGmo2de=1 (split EOI/DIR) - non-VMware path
[gic] ICC_CTLR_EL1: 0x40400 -> 0x40402 (EOImode=1)
[gic] EOImode=1 (split EOI/DIR) - non-VMware path
[gic] ICC_CTLR_EL1: 0x40400 -> 0x40402 (EOImode=1)
[smp] CPU 2: PSCI CPU_ON success (raw_status=0)
T1[s3m@1pA]B CDCEPeFUG 33: PSCI CPU_ON success (raw_status=0)
[g4i@1cAB]C DEEeOFIGm4ode=1 (split EOI/DIR) - non-VMware path
[gic] ICC_CTLR_EL1: 0x40400 -> 0x40402 (EOImode=1)
[gic] EOImode=1 (split EOI/DIR) - non-VMware path
[gic] ICC_CTLR_EL1: 0x40400 -> 0x40402 (EOImode=1)
[smp] CPU 4: PSCI CPU_ON success (raw_status=0)
[5s@1mApBCD]Ee FCGP5U 5: PSCI CPU_ON success (raw_status=0)
[T2gic6@]1A BECODEIeFmGode6=1 (split EOI/DIR) - non-VMware path
[gic] ICC_CTLR_EL1: 0x40400 -> 0x40402 (EOImode=1)
[smp] CPU 6: PSCI CPU_ON success (raw_status=0)
[gi7c@]1A BECODEeIFGmo7de=1 (split EOI/DIR) - non-VMware path
[gic] ICC_CTLR_EL1: 0x40400 -> 0x40402 (EOImode=1)
[gic] EOImode=1 (split EOI/DIR) - non-VMware path
[gic] ICC_CTLR_EL1: 0x40400 -> 0x40402 (EOImode=1)
[smp] CPU 7: PSCI CPU_ON success (raw_status=0)
T3[smp] 8 CPUs online
[PT_ROOT_CUSTODY:no_proof=0:no_arch=0:terminated=0:undecided=0:mid_retire=0:retired=0]
[TOMBSTONE_CENSUS:resident=0:removed=0:reap_second=0:retire_second=0:abandoned_unqueued=0]
[TTBR0_ASID_CENSUS:untagged=0:tagged=0:kernel=2:cleared=2]
[PINNED_HOME_CPU_UNAVAILABLE:count=0:publish_discarded=0:hold_pen_migrated=0:delivered=0:migration_refused=0:stack_home_conflict=0]
T4
========================================
  Breenix ARM64 Boot Complete!
========================================

Hello from ARM64!

[boot] Launching init from pre-loaded ELF...
manager.create_process_with_argv [ARM64]: ENTRY - name='init', elf_size=298664, argc=1
manager.create_process_with_argv [ARM64]: Generated PID 1
manager.create_process_with_argv [ARM64]: Creating ProcessPageTable
manager.create_process_with_argv [ARM64]: Loading ELF into page table
manager.create_process_with_argv [ARM64]: ELF loaded, entry=0x4000f5d0
manager.create_process_with_argv [ARM64]: Allocating user stack
manager.create_process_with_argv [ARM64]: User stack will be at 0xfffffeff0000-0xffffff000000
manager.create_process_with_argv [ARM64]: argc/argv set up on stack, SP=0xfffffefffed0
manager.create_process_with_argv [ARM64]: SUCCESS - returning PID 1
[INIT_DESIGNATION:aarch64:designated_pid=1:reserved_collisions=0]
[ahci-poll-attrib] total=76 post_reg=74 pre_sched=74 post_sched=0
[boot] Reset 8 idle thread contexts (CPUs online: 8)
T5T6EL0_SYSCALL: First syscall from userspace (SPSR confirms EL0)
[ OK ] syscall path verified
[init] Breenix init starting (PID 1)
[spawn] path='/bin/heartbeat'
manager.create_process_with_argv [ARM64]: ENTRY - name='heartbeat', elf_size=303616, argc=1
manager.create_process_with_argv [ARM64]: Generated PID 2
manager.create_process_with_argv [ARM64]: Creating ProcessPageTable
manager.create_process_with_argv [ARM64]: Loading ELF into page table
manager.create_process_with_argv [ARM64]: ELF loaded, entry=0x4000f85c
manager.create_process_with_argv [ARM64]: Allocating user stack
manager.create_process_with_argv [ARM64]: User stack will be at 0xfffffeff0000-0xffffff000000
manager.create_process_with_argv [ARM64]: argc/argv set up on stack, SP=0xfffffefffed0
manager.create_process_with_argv [ARM64]: SUCCESS - returning PID 2
[spawn] Created child PID 2 for parent PID 1
T7[spawn] Success: child PID 2 scheduled
[heartbeat] tid=12 uptime_ms=1167 kbd_nonzero=0
T8[init] heartbeat started (PID 2)
[INIT_GROUP_REFUSAL:aarch64:phase=early:probe1=-22:probe2=-22:expected=-22]
[spawn] path='/bin/block_eintr_oracle'
manager.create_process_with_argv [ARM64]: ENTRY - name='block_eintr_oracle', elf_size=304752, argc=1
manager.create_process_with_argv [ARM64]: Generated PID 3
manager.create_process_with_argv [ARM64]: Creating ProcessPageTable
manager.create_process_with_argv [ARM64]: Loading ELF into page table
manager.create_process_with_argv [ARM64]: ELF loaded, entry=0T9x4000f938
manager.create_process_with_argv [ARM64]: Allocating user stack
manager.create_process_with_argv [ARM64]: User stack will be at 0xfffffeff0000-0xffffff000000
manager.create_process_with_argv [ARM64]: argc/argv set up on stack, SP=0xfffffefffed0
manager.create_process_with_argv [ARM64]: SUCCESS - returning PID 3
[spawn] Created child PID 3 for parent PID 1
T[0Fsp12a3w456n] Success: c7h8i9lSd PICD 3 scheduled
[syscall] exit(0) pid=4 name=block_eintr_oracle_child_4
[TTBR0_ASID_CENSUS:untagged=0:tagged=1029:kernel=971:cleared=1947]
F123456789SC[syscall] exit(0) pid=5 name=block_eintr_oracle_child_5
[TTBR0_ASID_CENSUS:untagged=0:tagged=1696:kernel=1602:cleared=3214]
[BLOCK_EINTR_ORACLE:PASS:stages=2:reads=4:short=0:eintr=0:handled=1]
[BLOCK_EINTR_ORACLE:PASS:stages=2:reads=4:short=0:eintr=0:handled=1]
[syscall] exit(0) pid=3 name=block_eintr_oracle
[TTBR0_ASID_CENSUS:untagged=0:tagged=1995:kernel=1893:cleared=3799]
[init] block_eintr_oracle exited pid=3 code=0
[spawn] path='/bin/futex_handoff_oracle'
manager.create_process_with_argv [ARM64]: ENTRY - name='futex_handoff_oracle', elf_size=291984, argc=1
manager.create_process_with_argv [ARM64]: Generated PID 6
manager.create_process_with_argv [ARM64]: Creating ProcessPageTable
manager.create_process_with_argv [ARM64]: Loading ELF into page table
manager.create_process_with_argv [ARM64]: ELF loaded, entry=0x4000ef08
manager.create_process_with_argv [ARM64]: Allocating user stack
manager.create_process_with_argv [ARM64]: User stack will be at 0xfffffeff0000-0xffffff000000
manager.create_process_with_argv [ARM64]: argc/argv set up on stack, SP=0xfffffefffec0
manager.create_process_with_argv [ARM64]: SUCCESS - returning PID 6
[spawn] Created child PID 6 for parent PID 1
[spawn] Success: child PID 6 scheduled
[FUTEX_HANDOFF_ORACLE_DRIVER:seam_absent:probe=-110]
[syscall] exit(0) pid=6 name=futex_handoff_oracle
[TTBR0_ASID_CENSUS:untagged=0:tagged=2065:kernel=1953:cleared=3924]
[init] futex_handoff_oracle exited pid=6 code=0
[spawn] path='/bin/poll_tcp_oracle'
manager.create_process_with_argv [ARM64]: ENTRY - name='poll_tcp_oracle', elf_size=307952, argc=1
manager.create_process_with_argv [ARM64]: Generated PID 7
manager.create_process_with_argv [ARM64]: Creating ProcessPageTable
manager.create_process_with_argv [ARM64]: Loading ELF into page table
manager.create_process_with_argv [ARM64]: ELF loaded, entry=0x4001050c
manager.create_process_with_argv [ARM64]: Allocating user stack
manager.create_process_with_argv [ARM64]: User stack will be at 0xfffffeff0000-0xffffff000000
manager.create_process_with_argv [ARM64]: argc/argv set up on stack, SP=0xfffffefffed0
manager.create_process_with_argv [ARM64]: SUCCESS - returning PID 7
[spawn] Created child PID 7 for parent PID 1
[spawn] Success: child PID 7 scheduled
[POLL_TCP_TIMEOUT] fd=4 timeout_ms=120 publish=none_in_window rx_len=0 revents=0x0000
F123456789SC[syscall] exit(0) pid=8 name=poll_tcp_oracle_child_8
[TTBR0_ASID_CENSUS:untagged=0:tagged=2349:kernel=2170:cleared=4407]
[POLL_TCP_ORACLE:PASS:stages=3:idle_ms=134:late_ms=80:park_ms=80:attempts=1]
[POLL_TCP_ORACLE:PASS:stages=3:idle_ms=134:late_ms=80:park_ms=80:attempts=1]
[syscall] exit(0) pid=7 name=poll_tcp_oracle
[TTBR0_ASID_CENSUS:untagged=0:tagged=2357:kernel=2177:cleared=4422]
[init] poll_tcp_oracle exited pid=7 code=0
[spawn] path='/bin/tty_oracle'
manager.create_process_with_argv [ARM64]: ENTRY - name='tty_oracle', elf_size=338264, argc=1
manager.create_process_with_argv [ARM64]: Generated PID 9
manager.create_process_with_argv [ARM64]: Creating ProcessPageTable
manager.create_process_with_argv [ARM64]: Loading ELF into page table
manager.create_process_with_argv [ARM64]: ELF loaded, entry=0x40012b34
manager.create_process_with_argv [ARM64]: Allocating user stack
manager.create_process_with_argv [ARM64]: User stack will be at 0xfffffeff0000-0xffffff000000
manager.create_process_with_argv [ARM64]: argc/argv set up on stack, SP=0xfffffefffed0
manager.create_process_with_argv [ARM64]: SUCCESS - returning PID 9
[spawn] Created child PID 9 for parent PID 1
[spawn] Success: child PID 9 scheduled
[pty] sys_posix_openpt(flags=0x902)
[pty] Created master fd=3 (pty 0)
[pty] Unlocked PTY 0 (fd 3)
[TTY_ORACLE:openpt:verdict=PASS:slave=/dev/pts/0:locked_open_refused=1]
[TTY_ORACLE:openpt:verdict=PASS:slave=/dev/pts/0:locked_open_refused=1]
[TTY_ORACLE:nonblock_open:verdict=PASS:master_fl=0x800:slave_fl=0x800:both_eagain=1]
[TTY_ORACLE:nonblock_open:verdict=PASS:master_fl=0x800:slave_fl=0x800:both_eagain=1]
[TTY_ORACLE:isatty:verdict=PASS:master=1:slave=1:regular_file=0]
[TTY_ORACLE:isatty:verdict=PASS:master=1:slave=1:regular_file=0]
[TTY_ORACLE:termios_roundtrip:verdict=PASS:default_lflag=0x803b:modified_lflag=0x8023:restored=1]
[TTY_ORACLE:termios_roundtrip:verdict=PASS:default_lflag=0x803b:modified_lflag=0x8023:restored=1]
[TTY_ORACLE:canonical_line:verdict=PASS:withheld_unterminated=1:delivered_on_newline=6]
[TTY_ORACLE:canonical_line:verdict=PASS:withheld_unterminated=1:delivered_on_newline=6]
[TTY_ORACLE:icrnl:verdict=PASS:cr_to_nl=1:cleared_icrnl_holds=1]
[TTY_ORACLE:icrnl:verdict=PASS:cr_to_nl=1:cleared_icrnl_holds=1]
[TTY_ORACLE:raw_passthrough:verdict=PASS:unterminated_delivered=2]
[TTY_ORACLE:raw_passthrough:verdict=PASS:unterminated_delivered=2]
[TTY_ORACLE:echo:verdict=PASS:echo_on_bytes=3:echo_off_bytes=0]
[TTY_ORACLE:echo:verdict=PASS:echo_on_bytes=3:echo_off_bytes=0]
[TTY_ORACLE:onlcr:verdict=PASS:onlcr_expanded=3:opost_off_passthrough=2]
[TTY_ORACLE:onlcr:verdict=PASS:onlcr_expanded=3:opost_off_passthrough=2]
[TTY_ORACLE:winsize:verdict=PASS:default=24x80:set=41x133:crossed_ends=1]
[TTY_ORACLE:winsize:verdict=PASS:default=24x80:set=41x133:crossed_ends=1]
[TTY_ORACLE:foreground_pgrp:verdict=PASS:pgrp=9:crossed_ends=1]
[TTY_ORACLE:foreground_pgrp:verdict=PASS:pgrp=9:crossed_ends=1]
[TTY_ORACLE:hangup:verdict=PASS:eagain_while_open=1:eof_after_close=1]
[TTY_ORACLE:hangup:verdict=PASS:eagain_while_open=1:eof_after_close=1]
[pty] sys_posix_openpt(flags=0x902)
[pty] Created master fd=4 (pty 1)
[pty] Unlocked PTY 1 (fd 4)
[TTY_ORACLE:ctty:verdict=PASS:dev_tty_aliased_slave=1:survived_alias_close=1:eof_after_last_slave_close=1]
[TTY_ORACLE:ctty:verdict=PASS:dev_tty_aliased_slave=1:survived_alias_close=1:eof_after_last_slave_close=1]
[pty] sys_posix_openpt(flags=0x902)
[pty] Created master fd=4 (pty 1)
[pty] Unlocked PTY 1 (fd 4)
F123456789SC[EXEC_LOCK_ORDER:FIRST_COMMIT]
[syscall] exit(0) pid=10 name=/bin/tty_oracle
[TTBR0_ASID_CENSUS:untagged=0:tagged=2706:kernel=2500:cleared=5074]
[TTY_ORACLE:cloexec_exec:verdict=PASS:cloexec_survived_fork=1:eof_after_parent_close=1]
[TTY_ORACLE:cloexec_exec:verdict=PASS:cloexec_survived_fork=1:eof_after_parent_close=1]
[TTY_ORACLE:COMPLETE:pass=14:fail=0]
[TTY_ORACLE:COMPLETE:pass=14:fail=0]
[syscall] exit(0) pid=9 name=tty_oracle
[TTBR0_ASID_CENSUS:untagged=0:tagged=2710:kernel=2501:cleared=5080]
[init] tty_oracle exited pid=9 code=0
[spawn] path='/bin/exec_smoke'
manager.create_process_with_argv [ARM64]: ENTRY - name='exec_smoke', elf_size=290928, argc=1
manager.create_process_with_argv [ARM64]: Generated PID 11
manager.create_process_with_argv [ARM64]: Creating ProcessPageTable
manager.create_process_with_argv [ARM64]: Loading ELF into page table
manager.create_process_with_argv [ARM64]: ELF loaded, entry=0x4000eb40
manager.create_process_with_argv [ARM64]: Allocating user stack
manager.create_process_with_argv [ARM64]: User stack will be at 0xfffffeff0000-0xffffff000000
manager.create_process_with_argv [ARM64]: argc/argv set up on stack, SP=0xfffffefffed0
manager.create_process_with_argv [ARM64]: SUCCESS - returning PID 11
[spawn] Created child PID 11 for parent PID 1
[spawn] Success: child PID 11 scheduled
[EXEC_SMOKE:LAUNCH]
[EXEC_SMOKE:TARGET_ENTER argc=2]
[EXEC_SMOKE:TARGET_OK]
[syscall] exit(0) pid=11 name=/bin/exec_smoke_target
[TTBR0_ASID_CENSUS:untagged=0:tagged=2876:kernel=2637:cleared=5361]
[EXEC_SMOKE:LAUNCHER_EXIT code=0]
[spawn] path='/usr/local/test/bin/clonevm_exec_test'
manager.create_process_with_argv [ARM64]: ENTRY - name='clonevm_exec_test', elf_size=289672, argc=1
manager.create_process_with_argv [ARM64]: Generated PID 12
manager.create_process_with_argv [ARM64]: Creating ProcessPageTable
manager.create_process_with_argv [ARM64]: Loading ELF into page table
manager.create_process_with_argv [ARM64]: ELF loaded, entry=0x4000f63c
manager.create_process_with_argv [ARM64]: Allocating user stack
manager.create_process_with_argv [ARM64]: User stack will be at 0xfffffeff0000-0xffffff000000
manager.create_process_with_argv [ARM64]: argc/argv set up on stack, SP=0xfffffefffec0
manager.create_process_with_argv [ARM64]: SUCCESS - returning PID 12
[spawn] Created child PID 12 for parent PID 1
[spawn] Success: child PID 12 scheduled
CLONEVM_EXEC_TEST: start
CLONEVM_EXEC_TEST: child live
CLONEVM_EXEC_TEST: live sibling refused exec
[syscall] exit(0) pid=13 name=thread-13
[TTBR0_ASID_CENSUS:untagged=0:tagged=3164:kernel=2868:cleared=5831]
CLONEVM_EXEC_TEST: child exited
CLONEVM_EXEC_TEST: second stage
[syscall] exit(0) pid=14 name=thread-14
[TTBR0_ASID_CENSUS:untagged=0:tagged=3332:kernel=2995:cleared=6091]
CLONEVM_EXEC_TEST: post-exec rendezvous complete
CLONEVM_EXEC_TEST: post-exec futex keys derived
CLONEVM_EXEC_TEST: PASS
[syscall] exit(0) pid=12 name=/usr/local/test/bin/clonevm_exec_test
[TTBR0_ASID_CENSUS:untagged=0:tagged=3335:kernel=2996:cleared=6096]
[init] clonevm_exec_test exited pid=12 code=0
[spawn] path='/bin/bsshd'
manager.create_process_with_argv [ARM64]: ENTRY - name='bsshd', elf_size=455240, argc=1
manager.create_process_with_argv [ARM64]: Generated PID 15
manager.create_process_with_argv [ARM64]: Creating ProcessPageTable
manager.create_process_with_argv [ARM64]: Loading ELF into page table
manager.create_process_with_argv [ARM64]: ELF loaded, entry=0x4001d6c0
manager.create_process_with_argv [ARM64]: Allocating user stack
manager.create_process_with_argv [ARM64]: User stack will be at 0xfffffeff0000-0xffffff000000
manager.create_process_with_argv [ARM64]: argc/argv set up on stack, SP=0xfffffefffed0
manager.create_process_with_argv [ARM64]: SUCCESS - returning PID 15
[spawn] Created child PID 15 for parent PID 1
[spawn] Success: child PID 15 scheduled
bsshd: starting on port 2222
bsshd: listening on 0.0.0.0:2222
[init] bsshd started (PID 15)
[spawn] path='/bin/xhci_counters'
manager.create_process_with_argv [ARM64]: ENTRY - name='xhci_counters', elf_size=292264, argc=1
manager.create_process_with_argv [ARM64]: Generated PID 16
manager.create_process_with_argv [ARM64]: Creating ProcessPageTable
manager.create_process_with_argv [ARM64]: Loading ELF into page table
manager.create_process_with_argv [ARM64]: ELF loaded, entry=0x4000f140
manager.create_process_with_argv [ARM64]: Allocating user stack
manager.create_process_with_argv [ARM64]: User stack will be at 0xfffffeff0000-0xffffff000000
manager.create_process_with_argv [ARM64]: argc/argv set up on stack, SP=0xfffffefffed0
manager.create_process_with_argv [ARM64]: SUCCESS - returning PID 16
[spawn] Created child PID 16 for parent PID 1
[spawn] Success: child PID 16 scheduled
[xhci-counters] XHCI_MSI_EVENT_TOTAL=56
[xhci-counters] XHCI_IRQ_ENTRY_TOTAL=56
[xhci-counters] XHCI_LOCK_CONTENDED_TOTAL=0
[xhci-counters] KBD_NONZERO_TOTAL=0
[syscall] exit(0) pid=16 name=xhci_counters
[TTBR0_ASID_CENSUS:untagged=0:tagged=3803:kernel=3449:cleared=7006]
[spawn] path='/bin/bwm'
manager.create_process_with_argv [ARM64]: ENTRY - name='bwm', elf_size=428144, argc=1
manager.create_process_with_argv [ARM64]: Generated PID 17
manager.create_process_with_argv [ARM64]: Creating ProcessPageTable
manager.create_process_with_argv [ARM64]: Loading ELF into page table
manager.create_process_with_argv [ARM64]: ELF loaded, entry=0x40018bf8
manager.create_process_with_argv [ARM64]: Allocating user stack
manager.create_process_with_argv [ARM64]: User stack will be at 0xfffffeff0000-0xffffff000000
manager.create_process_with_argv [ARM64]: argc/argv set up on stack, SP=0xfffffefffee0
manager.create_process_with_argv [ARM64]: SUCCESS - returning PID 17
[spawn] Created child PID 17 for parent PID 1
[spawn] Success: child PID 17 scheduled
[bwm] Breenix Window Manager starting... (v2-chromeless-skip)
[virgl-composite] Frame #0: 1x1 → 1280x960 display (first1k: 1 nonzero, first=0xff000000)
[spawn] path='/sbin/telnetd'
manager.create_process_with_argv [ARM64]: ENTRY - name='telnetd', elf_size=298232, argc=1
manager.create_process_with_argv [ARM64]: Generated PID 18
manager.create_process_with_argv [ARM64]: Creating ProcessPageTable
manager.create_process_with_argv [ARM64]: Loading ELF into page table
manager.create_process_with_argv [ARM64]: ELF loaded, entry=0x4000f930
manager.create_process_with_argv [ARM64]: Allocating user stack
manager.create_process_with_argv [ARM64]: User stack will be at 0xfffffeff0000-0xffffff000000
manager.create_process_with_argv [ARM64]: argc/argv set up on stack, SP=0xfffffefffed0
manager.create_process_with_argv [ARM64]: SUCCESS - returning PID 18
[spawn] Created child PID 18 for parent PID 1
[spawn] Success: child PID 18 scheduled
TELNETD_STARTING
[bwm] GPU compositing mode (VirGL), display: 1280x960
TELNETD_LISTENING
[compositor] Mapped compositor buffer into process: virt=0x7ffffdb4e000, 1280x960, 1200 pages (backend=VirGL)
[bwm] Direct compositor mapping: 1280x960 at 0x7ffffdb4e000
[heartbeat] tid=12 uptime_ms=2172 kbd_nonzero=0
[init] Boot script completed
[bwm] using bitmap font fallback for early boot
[spawn] path='/bin/bounce'
[bwm] hotkeys: using built-in defaults for early boot
[composite-win] frame=0 bg_dirty=true windows=0 bg=1280x960
[BUILD-CANARY] gpu_pci.rs version=10 dimmer-fix
[composite-submit] frame=0 windows=0 dwords=342 vb_offset=256 draw_idx=8
[virgl] SUBMIT_3D OK: id=3 used_len=0 resp_flags=0x1 resp_fence=3
[composite-win] frame=0 complete
[composite-win] frame=1 bg_dirty=true windows=0 bg=1280x960
[composite-submit] frame=1 windows=0 dwords=342 vb_offset=256 draw_idx=8
manager.create_process_with_argv [ARM64]: ENTRY - name='bounce', elf_size=388200, argc=1
manager.create_process_with_argv [ARM64]: Generated PID 19
manager.create_process_with_argv [ARM64]: Creating ProcessPageTable
manager.create_process_with_argv [ARM64]: Loading ELF into page table
manager.create_process_with_argv [ARM64]: ELF loaded, entry=0x400188f4
manager.create_process_with_argv [ARM64]: Allocating user stack
manager.create_process_with_argv [ARM64]: User stack will be at 0xfffffeff0000-0xffffff000000
manager.create_process_with_argv [ARM64]: argc/argv set up on stack, SP=0xfffffefffed0
manager.create_process_with_argv [ARM64]: SUCCESS - returning PID 19
[spawn] Created child PID 19 for parent PID 1
[spawn] Success: child PID 19 scheduled
[init] bounce started (PID 19)
Bounce spheres demo starting (for Gus!) [boot_id=0000000082b56941]
[INIT_GROUP_REFUSAL:aarch64:phase=quiesce:probe1=-22:probe2=-22:expected=-22]
[window] create_window_buffer: 400x300 (480000 bytes, 118 pages)
[virgl] SUBMIT_3D OK: id=4 used_len=0 resp_flags=0x1 resp_fence=4
[window] Created buffer id=1 for pid=19: 400x300 at virt=0x7ffffdf86000 phys=0x44266000
[init] Process 4 exited (code 0)
[bounce] Window mode: id=1 400x300 [boot_id=0000000082b56941]
[composite-win] frame=1 complete
[init] Process 5 exited (code 0)
[init] Process 13 exited (code 0)
[init] Process 14 exited (code 0)
[init] Process 16 exited (code 0)
[bwm] Discovered window 'Bounce' (id=1, 400x300) at (30,38)
[composite-win] frame=2 bg_dirty=true windows=1 bg=1280x960
[GPU-WIN] frame=2 win[0] res=10 content=(32,72)-(400x300) frame=(30,38)-(434,374)
[composite-submit] frame=2 windows=1 dwords=662 vb_offset=896 draw_idx=28
[virgl] SUBMIT_3D OK: id=5 used_len=0 resp_flags=0x1 resp_fence=5
[composite-win] frame=2 complete
[composite-win] frame=3 bg_dirty=false windows=1 bg=1280x960
[composite-win] frame=3 complete
[composite-win] frame=4 bg_dirty=false windows=1 bg=1280x960
[composite-win] frame=4 complete
[heartbeat] tid=12 uptime_ms=3173 kbd_nonzero=0
[bwm-fps] frames_since_last=193 elapsed_ms=1006 instantaneous_fps=191
[heartbeat] tid=12 uptime_ms=4173 kbd_nonzero=0
[bwm-fps] frames_since_last=213 elapsed_ms=1002 instantaneous_fps=212
[heartbeat] tid=12 uptime_ms=5174 kbd_nonzero=0
[bwm-fps] frames_since_last=214 elapsed_ms=1001 instantaneous_fps=213
[heartbeat] tid=12 uptime_ms=6174 kbd_nonzero=0
[bwm-fps] frames_since_last=217 elapsed_ms=1000 instantaneous_fps=217
[heartbeat] tid=12 uptime_ms=7174 kbd_nonzero=0
[bwm-fps] frames_since_last=200 elapsed_ms=1000 instantaneous_fps=200
[heartbeat] tid=12 uptime_ms=8175 kbd_nonzero=0
[bwm-fps] frames_since_last=219 elapsed_ms=1014 instantaneous_fps=215
[heartbeat] tid=12 uptime_ms=9176 kbd_nonzero=0
[bwm-fps] frames_since_last=215 elapsed_ms=1000 instantaneous_fps=215
[RESUME_PC_CENSUS:cpu=0:source=el1-restore-frame-elr:text=134:kstack=0:uva=0:smallint=0:other=0]
[RESUME_PC_CENSUS:cpu=0:source=el0-restore-frame-elr:text=0:kstack=0:uva=839:smallint=0:other=0]
[RESUME_PC_CENSUS:cpu=0:source=ctx-x30:text=12861:kstack=0:uva=827:smallint=12:other=0]
[RESUME_PC_CENSUS:cpu=0:source=ctx-elr-el1:text=12861:kstack=0:uva=0:smallint=0:other=0]
[RESUME_PC_CENSUS:cpu=0:source=lr-save-el1:text=126:kstack=0:uva=0:smallint=0:other=0]
[RESUME_PC_CENSUS:cpu=0:source=lr-restore-el1:text=134:kstack=0:uva=0:smallint=0:other=0]
[RESUME_PC_CENSUS:cpu=0:source=lr-save-el0:text=0:kstack=0:uva=3556:smallint=15:other=0]
[RESUME_PC_CENSUS:cpu=0:source=lr-restore-el0:text=0:kstack=0:uva=827:smallint=12:other=0]
[RESUME_PC_CENSUS:cpu=1:source=el1-restore-frame-elr:text=68:kstack=0:uva=0:smallint=0:other=0]
[RESUME_PC_CENSUS:cpu=1:source=el0-restore-frame-elr:text=0:kstack=0:uva=1647:smallint=0:other=0]
[RESUME_PC_CENSUS:cpu=1:source=el0-first-entry-frame-elr:text=0:kstack=0:uva=5:smallint=0:other=0]
[RESUME_PC_CENSUS:cpu=1:source=ctx-x30:text=388:kstack=0:uva=1636:smallint=11:other=0]
[RESUME_PC_CENSUS:cpu=1:source=ctx-elr-el1:text=388:kstack=0:uva=0:smallint=0:other=0]
[RESUME_PC_CENSUS:cpu=1:source=lr-save-el1:text=57:kstack=0:uva=0:smallint=0:other=0]
[RESUME_PC_CENSUS:cpu=1:source=lr-restore-el1:text=68:kstack=0:uva=0:smallint=0:other=0]
[RESUME_PC_CENSUS:cpu=1:source=lr-save-el0:text=0:kstack=0:uva=214:smallint=9:other=0]
[RESUME_PC_CENSUS:cpu=1:source=lr-restore-el0:text=0:kstack=0:uva=1637:smallint=11:other=0]
[RESUME_PC_CENSUS:cpu=2:source=el1-restore-frame-elr:text=47:kstack=0:uva=0:smallint=0:other=0]
[RESUME_PC_CENSUS:cpu=2:source=el0-restore-frame-elr:text=0:kstack=0:uva=1072:smallint=0:other=0]
[RESUME_PC_CENSUS:cpu=2:source=el0-first-entry-frame-elr:text=0:kstack=0:uva=4:smallint=0:other=0]
[RESUME_PC_CENSUS:cpu=2:source=ctx-x30:text=247:kstack=0:uva=1063:smallint=9:other=0]
[RESUME_PC_CENSUS:cpu=2:source=ctx-elr-el1:text=247:kstack=0:uva=0:smallint=0:other=0]
[RESUME_PC_CENSUS:cpu=2:source=lr-save-el1:text=44:kstack=0:uva=0:smallint=0:other=0]
[RESUME_PC_CENSUS:cpu=2:source=lr-restore-el1:text=47:kstack=0:uva=0:smallint=0:other=0]
[RESUME_PC_CENSUS:cpu=2:source=lr-save-el0:text=0:kstack=0:uva=161:smallint=8:other=0]
[RESUME_PC_CENSUS:cpu=2:source=lr-restore-el0:text=0:kstack=0:uva=1063:smallint=9:other=0]
[RESUME_PC_CENSUS:cpu=3:source=el1-restore-frame-elr:text=26:kstack=0:uva=0:smallint=0:other=0]
[RESUME_PC_CENSUS:cpu=3:source=el0-restore-frame-elr:text=0:kstack=0:uva=474:smallint=0:other=0]
[RESUME_PC_CENSUS:cpu=3:source=el0-first-entry-frame-elr:text=0:kstack=0:uva=2:smallint=0:other=0]
[RESUME_PC_CENSUS:cpu=3:source=ctx-x30:text=167:kstack=0:uva=464:smallint=10:other=0]
[RESUME_PC_CENSUS:cpu=3:source=ctx-elr-el1:text=167:kstack=0:uva=0:smallint=0:other=0]
[RESUME_PC_CENSUS:cpu=3:source=lr-save-el1:text=33:kstack=0:uva=0:smallint=0:other=0]
[RESUME_PC_CENSUS:cpu=3:source=lr-restore-el1:text=26:kstack=0:uva=0:smallint=0:other=0]
[heartbeat] tid=12 uptime_ms=10177 kbd_nonzero=0
[bwm-fps] frames_since_last=208 elapsed_ms=1001 instantaneous_fps=207
[heartbeat] tid=12 uptime_ms=11178 kbd_nonzero=0
[bwm-fps] frames_since_last=217 elapsed_ms=1001 instantaneous_fps=216
[heartbeat] tid=12 uptime_ms=12178 kbd_nonzero=0
[bwm-fps] frames_since_last=215 elapsed_ms=1003 instantaneous_fps=214
[heartbeat] tid=12 uptime_ms=13179 kbd_nonzero=0
[bwm-fps] frames_since_last=196 elapsed_ms=1004 instantaneous_fps=195
[heartbeat] tid=12 uptime_ms=14179 kbd_nonzero=0
[bwm-fps] frames_since_last=210 elapsed_ms=1002 instantaneous_fps=209
[heartbeat] tid=12 uptime_ms=15180 kbd_nonzero=0
[bwm-fps] frames_since_last=212 elapsed_ms=1003 instantaneous_fps=211
[heartbeat] tid=12 uptime_ms=16182 kbd_nonzero=0
[bwm-fps] frames_since_last=211 elapsed_ms=1002 instantaneous_fps=210
[heartbeat] tid=12 uptime_ms=17184 kbd_nonzero=0
[bwm-fps] frames_since_last=209 elapsed_ms=1001 instantaneous_fps=208
[heartbeat] tid=12 uptime_ms=18185 kbd_nonzero=0
[bwm-fps] frames_since_last=208 elapsed_ms=1000 instantaneous_fps=208
[heartbeat] tid=12 uptime_ms=19186 kbd_nonzero=0
[bwm-fps] frames_since_last=212 elapsed_ms=1000 instantaneous_fps=212
[RESUME_PC_CENSUS:cpu=0:source=el1-restore-frame-elr:text=194:kstack=0:uva=0:smallint=0:other=0]
[RESUME_PC_CENSUS:cpu=0:source=el0-restore-frame-elr:text=0:kstack=0:uva=1867:smallint=0:other=0]
[RESUME_PC_CENSUS:cpu=0:source=ctx-x30:text=25171:kstack=0:uva=1855:smallint=12:other=0]
[RESUME_PC_CENSUS:cpu=0:source=ctx-elr-el1:text=25171:kstack=0:uva=0:smallint=0:other=0]
[RESUME_PC_CENSUS:cpu=0:source=lr-save-el1:text=188:kstack=0:uva=0:smallint=0:other=0]
[RESUME_PC_CENSUS:cpu=0:source=lr-restore-el1:text=194:kstack=0:uva=0:smallint=0:other=0]
[RESUME_PC_CENSUS:cpu=0:source=lr-save-el0:text=0:kstack=0:uva=8028:smallint=15:other=0]
[RESUME_PC_CENSUS:cpu=0:source=lr-restore-el0:text=0:kstack=0:uva=1855:smallint=12:other=0]
[heartbeat] tid=12 uptime_ms=20186 kbd_nonzero=0
[PT_ROOT_CUSTODY:no_proof=11:no_arch=0:terminated=0:undecided=0:mid_retire=0:retired=3]
[TOMBSTONE_CENSUS:resident=0:removed=13:reap_second=13:retire_second=0:abandoned_unqueued=0]
[TTBR0_ASID_CENSUS:untagged=0:tagged=60538:kernel=30872:cleared=77301]
[net-rx-counters] sample=1 begin
[net-rx-counters] sample=1 NET_RX_MSI_TOTAL: 6 (cpu0=6)
[net-rx-counters] sample=1 NET_RX_RING_DRAIN_TOTAL: 7 (cpu0=7)
[net-rx-counters] sample=1 NET_RX_FRAME_TOTAL: 7 (cpu0=7)
[net-rx-counters] sample=1 NET_RX_ARP_TOTAL: 2 (cpu0=2)
[net-rx-counters] sample=1 NET_RX_ETHERTYPE_OTHER_TOTAL: 1 (cpu0=1)
[net-rx-counters] sample=1 NET_RX_SOFTIRQ_ENTRY_TOTAL: 15 (cpu0=7, cpu1=1, cpu2=4, cpu3=2, cpu4=1)
[net-rx-counters] sample=1 NET_RX_SOFTIRQ_EXIT_TOTAL: 15 (cpu0=7, cpu1=1, cpu2=4, cpu3=2, cpu4=1)
[net-rx-counters] sample=1 NET_RX_REENTRANT_SKIP_TOTAL: 0
[net-rx-counters] sample=1 NET_RX_GUARD_RELEASE_TOTAL: 16 (cpu0=8, cpu1=1, cpu2=4, cpu3=2, cpu4=1)
[net-rx-counters] sample=1 NET_RX_REARM_CHECK_TOTAL: 16 (cpu0=8, cpu1=1, cpu2=4, cpu3=2, cpu4=1)
[net-rx-counters] sample=1 NET_RX_REARM_RACE_TOTAL: 0
[net-rx-counters] sample=1 NET_RX_REARM_ARMED_TOTAL: 16 (cpu0=8, cpu1=1, cpu2=4, cpu3=2, cpu4=1)
[net-rx-counters] sample=1 NET_PCI_IRQ_RAISED_NETRX: 6 (cpu0=6)
[net-rx-counters] sample=1 GIC_SPI55_ACK_TOTAL: 6 (cpu0=6)
[net-rx-counters] sample=1 GICV2M_BASE_PHYS: 0x2250000
[net-rx-counters] sample=1 GICV2M_DOORBELL_PHYS: 0x2250040
[net-rx-counters] sample=1 GICV2M_MSI_TYPER: 0x80350040
[net-rx-counters] sample=1 GICV2M_SPI_BASE: 53
[net-rx-counters] sample=1 GICV2M_SPI_COUNT: 64
[net-rx-counters] sample=1 GICV2M_NEXT_INDEX: 4
[net-rx-counters] sample=1 GIC_SPI54_IRQ: 54
[net-rx-counters] sample=1 GIC_SPI54_VERSION: 3
[net-rx-counters] sample=1 GIC_SPI54_ISENABLER_BIT: 0x400000
[net-rx-counters] sample=1 GIC_SPI54_ISPENDR_BIT: 0x0
[net-rx-counters] sample=1 GIC_SPI54_ISACTIVER_BIT: 0x0
[net-rx-counters] sample=1 GIC_SPI54_IGROUPR_BIT: 0x400000
[net-rx-counters] sample=1 GIC_SPI54_PRIORITY: 0xa0
[net-rx-counters] sample=1 GIC_SPI54_ICFGR_REG: 0x2a800
[net-rx-counters] sample=1 GIC_SPI54_IROUTER: 0x0
[net-rx-counters] sample=1 GIC_SPI54_ITARGETSR_BYTE: 0x0
[net-rx-counters] sample=1 GIC_SPI54_GICD_CTLR: 0x53
[net-rx-counters] sample=1 GIC_SPI55_IRQ: 55
[net-rx-counters] sample=1 GIC_SPI55_VERSION: 3
[net-rx-counters] sample=1 GIC_SPI55_ISENABLER_BIT: 0x800000
[net-rx-counters] sample=1 GIC_SPI55_ISPENDR_BIT: 0x0
[net-rx-counters] sample=1 GIC_SPI55_ISACTIVER_BIT: 0x0
[net-rx-counters] sample=1 GIC_SPI55_IGROUPR_BIT: 0x800000
[net-rx-counters] sample=1 GIC_SPI55_PRIORITY: 0xa0
[net-rx-counters] sample=1 GIC_SPI55_ICFGR_REG: 0x2a800
[net-rx-counters] sample=1 GIC_SPI55_IROUTER: 0x0
[net-rx-counters] sample=1 GIC_SPI55_ITARGETSR_BYTE: 0x0
[net-rx-counters] sample=1 GIC_SPI55_GICD_CTLR: 0x53
[net-rx-counters] sample=1 MANUAL_GICV2M_TEST_DONE: 1
[net-rx-counters] sample=1 MANUAL_GICV2M_TEST_IRQ: 55
[net-rx-counters] sample=1 MANUAL_GICV2M_TEST_DOORBELL: 0x2250040
[net-rx-counters] sample=1 MANUAL_GICV2M_TEST_BEFORE_PEND: 0x0
[net-rx-counters] sample=1 MANUAL_GICV2M_TEST_AFTER_WRITE_PEND: 0x800000
[net-rx-counters] sample=1 MANUAL_GICV2M_TEST_AFTER_WAIT_PEND: 0x0
[net-rx-counters] sample=1 MANUAL_GICV2M_TEST_ACK_BEFORE: 0
[net-rx-counters] sample=1 MANUAL_GICV2M_TEST_ACK_AFTER: 1
[net-rx-counters] sample=1 MANUAL_GICV2M_TEST_MSI_BEFORE: 0
[net-rx-counters] sample=1 MANUAL_GICV2M_TEST_MSI_AFTER: 1
[net-rx-counters] sample=1 NET_PCI_DEVICE_STATUS: 0xf
[net-rx-counters] sample=1 NET_PCI_ISR_STATUS: 0x0
[net-rx-counters] sample=1 NET_PCI_DEVICE_FEATURES: 0x6187bfa3
[net-rx-counters] sample=1 NET_PCI_GUEST_FEATURES: 0x10020
[net-rx-counters] sample=1 NET_PCI_RX_QUEUE_PFN: 0x4123b
[net-rx-counters] sample=1 NET_PCI_TX_QUEUE_PFN: 0x4123e
[net-rx-counters] sample=1 NET_PCI_RX_QUEUE_SIZE: 256
[net-rx-counters] sample=1 NET_PCI_TX_QUEUE_SIZE: 256
[net-rx-counters] sample=1 NET_PCI_RX_QUEUE_ALIGN: 4096
[net-rx-counters] sample=1 NET_PCI_RX_QUEUE_VECTOR: 0x0
[net-rx-counters] sample=1 NET_PCI_TX_QUEUE_VECTOR: 0xffff
[net-rx-counters] sample=1 NET_PCI_RX_AVAIL_FLAGS: 0x0
[net-rx-counters] sample=1 NET_PCI_RX_AVAIL_IDX: 28
[net-rx-counters] sample=1 NET_PCI_RX_USED_FLAGS: 0x1
[net-rx-counters] sample=1 NET_PCI_RX_USED_IDX: 7
[net-rx-counters] sample=1 NET_PCI_RX_LAST_USED_IDX: 7
[net-rx-counters] sample=1 NET_PCI_RX_POSTED_GAP: 21
[net-rx-counters] sample=1 NET_PCI_RX_DESC0: addr=0x4126aa00 len=1524 flags=0x2
[net-rx-counters] sample=1 NET_PCI_RX_DESC1: addr=0x4126b000 len=1524 flags=0x2
[net-rx-counters] sample=1 NET_PCI_RX_DESC2: addr=0x4126b600 len=1524 flags=0x2
[net-rx-counters] sample=1 NET_PCI_RX_DESC3: addr=0x4126bc00 len=1524 flags=0x2
[net-rx-counters] sample=1 NET_PCI_RX_RING_HEADS: 0,1,2,3
[net-rx-counters] sample=1 NET_RX_PROCESSING_HELD: 0
[net-rx-counters] sample=1 NET_RX_PENDING_WHILE_PROCESSING: 0
[net-rx-counters] sample=1 NET_PCI_RX_REARM_SAMPLE_SEQ: 16
[net-rx-counters] sample=1 NET_PCI_RX_REARM_SAMPLE0: used_idx=4 last_used_idx=4 avail_flags=0x0 raced=0
[net-rx-counters] sample=1 NET_PCI_RX_REARM_SAMPLE1: used_idx=5 last_used_idx=5 avail_flags=0x0 raced=0
[net-rx-counters] sample=1 NET_PCI_RX_REARM_SAMPLE2: used_idx=6 last_used_idx=6 avail_flags=0x0 raced=0
[net-rx-counters] sample=1 NET_PCI_RX_REARM_SAMPLE3: used_idx=7 last_used_idx=7 avail_flags=0x0 raced=0
[net-rx-counters] sample=1 NET_PCI_RX_SOFTIRQ_ENTRY_SAMPLE: used_idx=7 last_used_idx=6 avail_flags=0x1 raced=0
[net-rx-counters] sample=1 NET_PCI_RX_SOFTIRQ_EXIT_SAMPLE: used_idx=7 last_used_idx=7 avail_flags=0x0 raced=0
[net-rx-counters] sample=1 end
[bwm-fps] frames_since_last=218 elapsed_ms=1009 instantaneous_fps=216
[heartbeat] tid=12 uptime_ms=21209 kbd_nonzero=0
[bwm-fps] frames_since_last=216 elapsed_ms=1002 instantaneous_fps=215
[heartbeat] tid=12 uptime_ms=22211 kbd_nonzero=0
[bwm-fps] frames_since_last=219 elapsed_ms=1004 instantaneous_fps=218
[heartbeat] tid=12 uptime_ms=23213 kbd_nonzero=0
[bwm-fps] frames_since_last=216 elapsed_ms=1003 instantaneous_fps=215
[heartbeat] tid=12 uptime_ms=24214 kbd_nonzero=0
[bwm-fps] frames_since_last=202 elapsed_ms=1002 instantaneous_fps=201
[heartbeat] tid=12 uptime_ms=25214 kbd_nonzero=0
[bwm-fps] frames_since_last=199 elapsed_ms=1002 instantaneous_fps=198
[heartbeat] tid=12 uptime_ms=26215 kbd_nonzero=0
[bwm-fps] frames_since_last=186 elapsed_ms=1002 instantaneous_fps=185
[heartbeat] tid=12 uptime_ms=27216 kbd_nonzero=0
[bwm-fps] frames_since_last=183 elapsed_ms=1004 instantaneous_fps=182
[heartbeat] tid=12 uptime_ms=28217 kbd_nonzero=0
[bwm-fps] frames_since_last=184 elapsed_ms=1001 instantaneous_fps=183
[heartbeat] tid=12 uptime_ms=29217 kbd_nonzero=0
[bwm-fps] frames_since_last=185 elapsed_ms=1005 instantaneous_fps=184
[RESUME_PC_CENSUS:cpu=0:source=el1-restore-frame-elr:text=238:kstack=0:uva=0:smallint=0:other=0]
[RESUME_PC_CENSUS:cpu=0:source=el0-restore-frame-elr:text=0:kstack=0:uva=2879:smallint=0:other=0]
[RESUME_PC_CENSUS:cpu=0:source=ctx-x30:text=36715:kstack=0:uva=2867:smallint=12:other=0]
[RESUME_PC_CENSUS:cpu=0:source=ctx-elr-el1:text=36715:kstack=0:uva=0:smallint=0:other=0]
[RESUME_PC_CENSUS:cpu=0:source=lr-save-el1:text=240:kstack=0:uva=0:smallint=0:other=0]
[RESUME_PC_CENSUS:cpu=0:source=lr-restore-el1:text=238:kstack=0:uva=0:smallint=0:other=0]
[RESUME_PC_CENSUS:cpu=0:source=lr-save-el0:text=0:kstack=0:uva=12269:smallint=15:other=0]
[RESUME_PC_CENSUS:cpu=0:source=lr-restore-el0:text=0:kstack=0:uva=2868:smallint=12:other=0]
[RESUME_PC_CENSUS:cpu=1:source=el1-restore-frame-elr:text=129:kstack=0:uva=0:smallint=0:other=0]
[RESUME_PC_CENSUS:cpu=1:source=el0-restore-frame-elr:text=0:kstack=0:uva=5658:smallint=0:other=0]
[RESUME_PC_CENSUS:cpu=1:source=el0-first-entry-frame-elr:text=0:kstack=0:uva=5:smallint=0:other=0]
[RESUME_PC_CENSUS:cpu=1:source=ctx-x30:text=1494:kstack=0:uva=5647:smallint=11:other=0]
[RESUME_PC_CENSUS:cpu=1:source=ctx-elr-el1:text=1494:kstack=0:uva=0:smallint=0:other=0]
[RESUME_PC_CENSUS:cpu=1:source=lr-save-el1:text=87:kstack=0:uva=0:smallint=0:other=0]
[RESUME_PC_CENSUS:cpu=1:source=lr-restore-el1:text=129:kstack=0:uva=0:smallint=0:other=0]
[RESUME_PC_CENSUS:cpu=1:source=lr-save-el0:text=0:kstack=0:uva=746:smallint=9:other=0]
[RESUME_PC_CENSUS:cpu=1:source=lr-restore-el0:text=0:kstack=0:uva=5647:smallint=11:other=0]
[RESUME_PC_CENSUS:cpu=2:source=el1-restore-frame-elr:text=72:kstack=0:uva=0:smallint=0:other=0]
[RESUME_PC_CENSUS:cpu=2:source=el0-restore-frame-elr:text=0:kstack=0:uva=3633:smallint=0:other=0]
[RESUME_PC_CENSUS:cpu=2:source=el0-first-entry-frame-elr:text=0:kstack=0:uva=4:smallint=0:other=0]
[RESUME_PC_CENSUS:cpu=2:source=ctx-x30:text=1034:kstack=0:uva=3624:smallint=9:other=0]
[RESUME_PC_CENSUS:cpu=2:source=ctx-elr-el1:text=1034:kstack=0:uva=0:smallint=0:other=0]
[RESUME_PC_CENSUS:cpu=2:source=lr-save-el1:text=65:kstack=0:uva=0:smallint=0:other=0]
[RESUME_PC_CENSUS:cpu=2:source=lr-restore-el1:text=72:kstack=0:uva=0:smallint=0:other=0]
[RESUME_PC_CENSUS:cpu=2:source=lr-save-el0:text=0:kstack=0:uva=505:smallint=8:other=0]
[RESUME_PC_CENSUS:cpu=2:source=lr-restore-el0:text=0:kstack=0:uva=3625:smallint=9:other=0]
[RESUME_PC_CENSUS:cpu=3:source=el1-restore-frame-elr:text=40:kstack=0:uva=0:smallint=0:other=0]
[RESUME_PC_CENSUS:cpu=3:source=el0-restore-frame-elr:text=0:kstack=0:uva=1503:smallint=0:other=0]
[RESUME_PC_CENSUS:cpu=3:source=el0-first-entry-frame-elr:text=0:kstack=0:uva=2:smallint=0:other=0]
[RESUME_PC_CENSUS:cpu=3:source=ctx-x30:text=731:kstack=0:uva=1493:smallint=10:other=0]
[RESUME_PC_CENSUS:cpu=3:source=ctx-elr-el1:text=731:kstack=0:uva=0:smallint=0:other=0]
[RESUME_PC_CENSUS:cpu=3:source=lr-save-el1:text=53:kstack=0:uva=0:smallint=0:other=0]
[RESUME_PC_CENSUS:cpu=3:source=lr-restore-el1:text=40:kstack=0:uva=0:smallint=0:other=0]
[RESUME_PC_CENSUS:cpu=3:source=lr-save-el0:text=0:kstack=0:uva=359:smallint=9:other=0]
[RESUME_PC_CENSUS:cpu=3:source=lr-restore-el0:text=0:kstack=0:uva=1493:smallint=10:other=0]
[RESUME_PC_CENSUS:cpu=4:source=el1-restore-frame-elr:text=39:kstack=0:uva=0:smallint=0:other=0]
[RESUME_PC_CENSUS:cpu=4:source=el0-restore-frame-elr:text=0:kstack=0:uva=550:smallint=0:other=0]
[RESUME_PC_CENSUS:cpu=4:source=el0-first-entry-frame-elr:text=0:kstack=0:uva=1:smallint=0:other=0]
[RESUME_PC_CENSUS:cpu=4:source=ctx-x30:text=565:kstack=0:uva=545:smallint=5:other=0]
[RESUME_PC_CENSUS:cpu=4:source=ctx-elr-el1:text=565:kstack=0:uva=0:smallint=0:other=0]
[RESUME_PC_CENSUS:cpu=4:source=lr-save-el1:text=55:kstack=0:uva=0:smallint=0:other=0]
[RESUME_PC_CENSUS:cpu=4:source=lr-restore-el1:text=39:kstack=0:uva=0:smallint=0:other=0]
[RESUME_PC_CENSUS:cpu=4:source=lr-save-el0:text=0:kstack=0:uva=340:smallint=4:other=0]
[RESUME_PC_CENSUS:cpu=4:source=lr-restore-el0:text=0:kstack=0:uva=545:smallint=5:other=0]
[RESUME_PC_CENSUS:cpu=5:source=el1-restore-frame-elr:text=52:kstack=0:uva=0:smallint=0:other=0]
[RESUME_PC_CENSUS:cpu=5:source=el0-restore-frame-elr:text=0:kstack=0:uva=467:smallint=0:other=0]
[RESUME_PC_CENSUS:cpu=5:source=ctx-x30:text=557:kstack=0:uva=457:smallint=10:other=0]
[RESUME_PC_CENSUS:cpu=5:source=ctx-elr-el1:text=557:kstack=0:uva=0:smallint=0:other=0]
[RESUME_PC_CENSUS:cpu=5:source=lr-save-el1:text=59:kstack=0:uva=0:smallint=0:other=0]
[RESUME_PC_CENSUS:cpu=5:source=lr-restore-el1:text=52:kstack=0:uva=0:smallint=0:other=0]
[RESUME_PC_CENSUS:cpu=5:source=lr-save-el0:text=0:kstack=0:uva=420:smallint=10:other=0]
[RESUME_PC_CENSUS:cpu=5:source=lr-restore-el0:text=0:kstack=0:uva=457:smallint=10:other=0]
[RESUME_PC_CENSUS:cpu=6:source=el1-restore-frame-elr:text=45:kstack=0:uva=0:smallint=0:other=0]
[RESUME_PC_CENSUS:cpu=6:source=el0-restore-frame-elr:text=0:kstack=0:uva=501:smallint=0:other=0]
[RESUME_PC_CENSUS:cpu=6:source=ctx-x30:text=565:kstack=0:uva=499:smallint=2:other=0]
[RESUME_PC_CENSUS:cpu=6:source=ctx-elr-el1:text=565:kstack=0:uva=0:smallint=0:other=0]
[RESUME_PC_CENSUS:cpu=6:source=lr-save-el1:text=49:kstack=0:uva=0:smallint=0:other=0]
[RESUME_PC_CENSUS:cpu=6:source=lr-restore-el1:text=45:kstack=0:uva=0:smallint=0:other=0]
[RESUME_PC_CENSUS:cpu=6:source=lr-save-el0:text=0:kstack=0:uva=481:smallint=2:other=0]
[RESUME_PC_CENSUS:cpu=6:source=lr-restore-el0:text=0:kstack=0:uva=499:smallint=2:other=0]
[RESUME_PC_CENSUS:cpu=7:source=el1-restore-frame-elr:text=7:kstack=0:uva=0:smallint=0:other=0]
[RESUME_PC_CENSUS:cpu=7:source=el0-restore-frame-elr:text=0:kstack=0:uva=46:smallint=0:other=0]
[RESUME_PC_CENSUS:cpu=7:source=ctx-x30:text=482:kstack=0:uva=46:smallint=0:other=0]
[RESUME_PC_CENSUS:cpu=7:source=ctx-elr-el1:text=482:kstack=0:uva=0:smallint=0:other=0]
[RESUME_PC_CENSUS:cpu=7:source=lr-save-el1:text=18:kstack=0:uva=0:smallint=0:other=0]
[RESUME_PC_CENSUS:cpu=7:source=lr-restore-el1:text=7:kstack=0:uva=0:smallint=0:other=0]
[RESUME_PC_CENSUS:cpu=7:source=lr-save-el0:text=0:kstack=0:uva=53:smallint=0:other=0]
[RESUME_PC_CENSUS:cpu=7:source=lr-restore-el0:text=0:kstack=0:uva=46:smallint=0:other=0]
[heartbeat] tid=12 uptime_ms=30219 kbd_nonzero=0
[PT_ROOT_CUSTODY:no_proof=11:no_arch=0:terminated=0:undecided=0:mid_retire=0:retired=3]
[TOMBSTONE_CENSUS:resident=0:removed=13:reap_second=13:retire_second=0:abandoned_unqueued=0]
[TTBR0_ASID_CENSUS:untagged=0:tagged=90816:kernel=45554:cleared=114851]
[net-rx-counters] sample=2 begin
[net-rx-counters] sample=2 NET_RX_MSI_TOTAL: 6 (cpu0=6)
[net-rx-counters] sample=2 NET_RX_RING_DRAIN_TOTAL: 7 (cpu0=7)
[net-rx-counters] sample=2 NET_RX_FRAME_TOTAL: 7 (cpu0=7)
[net-rx-counters] sample=2 NET_RX_ARP_TOTAL: 2 (cpu0=2)
[net-rx-counters] sample=2 NET_RX_ETHERTYPE_OTHER_TOTAL: 1 (cpu0=1)
[net-rx-counters] sample=2 NET_RX_SOFTIRQ_ENTRY_TOTAL: 15 (cpu0=7, cpu1=1, cpu2=4, cpu3=2, cpu4=1)
[net-rx-counters] sample=2 NET_RX_SOFTIRQ_EXIT_TOTAL: 15 (cpu0=7, cpu1=1, cpu2=4, cpu3=2, cpu4=1)
[net-rx-counters] sample=2 NET_RX_REENTRANT_SKIP_TOTAL: 0
[net-rx-counters] sample=2 NET_RX_GUARD_RELEASE_TOTAL: 16 (cpu0=8, cpu1=1, cpu2=4, cpu3=2, cpu4=1)
[net-rx-counters] sample=2 NET_RX_REARM_CHECK_TOTAL: 16 (cpu0=8, cpu1=1, cpu2=4, cpu3=2, cpu4=1)
[net-rx-counters] sample=2 NET_RX_REARM_RACE_TOTAL: 0
[net-rx-counters] sample=2 NET_RX_REARM_ARMED_TOTAL: 16 (cpu0=8, cpu1=1, cpu2=4, cpu3=2, cpu4=1)
[net-rx-counters] sample=2 NET_PCI_IRQ_RAISED_NETRX: 6 (cpu0=6)
[net-rx-counters] sample=2 GIC_SPI55_ACK_TOTAL: 6 (cpu0=6)
[net-rx-counters] sample=2 GICV2M_BASE_PHYS: 0x2250000
[net-rx-counters] sample=2 GICV2M_DOORBELL_PHYS: 0x2250040
[net-rx-counters] sample=2 GICV2M_MSI_TYPER: 0x80350040
[net-rx-counters] sample=2 GICV2M_SPI_BASE: 53
[net-rx-counters] sample=2 GICV2M_SPI_COUNT: 64
[net-rx-counters] sample=2 GICV2M_NEXT_INDEX: 4
[net-rx-counters] sample=2 GIC_SPI54_IRQ: 54
[net-rx-counters] sample=2 GIC_SPI54_VERSION: 3
[net-rx-counters] sample=2 GIC_SPI54_ISENABLER_BIT: 0x400000
[net-rx-counters] sample=2 GIC_SPI54_ISPENDR_BIT: 0x0
[net-rx-counters] sample=2 GIC_SPI54_ISACTIVER_BIT: 0x0
[net-rx-counters] sample=2 GIC_SPI54_IGROUPR_BIT: 0x400000
[net-rx-counters] sample=2 GIC_SPI54_PRIORITY: 0xa0
[net-rx-counters] sample=2 GIC_SPI54_ICFGR_REG: 0x2a800
[net-rx-counters] sample=2 GIC_SPI54_IROUTER: 0x0
[net-rx-counters] sample=2 GIC_SPI54_ITARGETSR_BYTE: 0x0
[net-rx-counters] sample=2 GIC_SPI54_GICD_CTLR: 0x53
[net-rx-counters] sample=2 GIC_SPI55_IRQ: 55
[net-rx-counters] sample=2 GIC_SPI55_VERSION: 3
[net-rx-counters] sample=2 GIC_SPI55_ISENABLER_BIT: 0x800000
[net-rx-counters] sample=2 GIC_SPI55_ISPENDR_BIT: 0x0
[net-rx-counters] sample=2 GIC_SPI55_ISACTIVER_BIT: 0x0
[net-rx-counters] sample=2 GIC_SPI55_IGROUPR_BIT: 0x800000
[net-rx-counters] sample=2 GIC_SPI55_PRIORITY: 0xa0
[net-rx-counters] sample=2 GIC_SPI55_ICFGR_REG: 0x2a800
[net-rx-counters] sample=2 GIC_SPI55_IROUTER: 0x0
[net-rx-counters] sample=2 GIC_SPI55_ITARGETSR_BYTE: 0x0
[net-rx-counters] sample=2 GIC_SPI55_GICD_CTLR: 0x53
[net-rx-counters] sample=2 MANUAL_GICV2M_TEST_DONE: 1
[net-rx-counters] sample=2 MANUAL_GICV2M_TEST_IRQ: 55
[net-rx-counters] sample=2 MANUAL_GICV2M_TEST_DOORBELL: 0x2250040
[net-rx-counters] sample=2 MANUAL_GICV2M_TEST_BEFORE_PEND: 0x0
[net-rx-counters] sample=2 MANUAL_GICV2M_TEST_AFTER_WRITE_PEND: 0x800000
[net-rx-counters] sample=2 MANUAL_GICV2M_TEST_AFTER_WAIT_PEND: 0x0
[net-rx-counters] sample=2 MANUAL_GICV2M_TEST_ACK_BEFORE: 0
[net-rx-counters] sample=2 MANUAL_GICV2M_TEST_ACK_AFTER: 1
[net-rx-counters] sample=2 MANUAL_GICV2M_TEST_MSI_BEFORE: 0
[net-rx-counters] sample=2 MANUAL_GICV2M_TEST_MSI_AFTER: 1
[net-rx-counters] sample=2 NET_PCI_DEVICE_STATUS: 0xf
[net-rx-counters] sample=2 NET_PCI_ISR_STATUS: 0x0
[net-rx-counters] sample=2 NET_PCI_DEVICE_FEATURES: 0x6187bfa3
[net-rx-counters] sample=2 NET_PCI_GUEST_FEATURES: 0x10020
[net-rx-counters] sample=2 NET_PCI_RX_QUEUE_PFN: 0x4123b
[net-rx-counters] sample=2 NET_PCI_TX_QUEUE_PFN: 0x4123e
[net-rx-counters] sample=2 NET_PCI_RX_QUEUE_SIZE: 256
[net-rx-counters] sample=2 NET_PCI_TX_QUEUE_SIZE: 256
[net-rx-counters] sample=2 NET_PCI_RX_QUEUE_ALIGN: 4096
[net-rx-counters] sample=2 NET_PCI_RX_QUEUE_VECTOR: 0x0
[net-rx-counters] sample=2 NET_PCI_TX_QUEUE_VECTOR: 0xffff
[net-rx-counters] sample=2 NET_PCI_RX_AVAIL_FLAGS: 0x0
[net-rx-counters] sample=2 NET_PCI_RX_AVAIL_IDX: 28
[net-rx-counters] sample=2 NET_PCI_RX_USED_FLAGS: 0x1
[net-rx-counters] sample=2 NET_PCI_RX_USED_IDX: 7
[net-rx-counters] sample=2 NET_PCI_RX_LAST_USED_IDX: 7
[net-rx-counters] sample=2 NET_PCI_RX_POSTED_GAP: 21
[net-rx-counters] sample=2 NET_PCI_RX_DESC0: addr=0x4126aa00 len=1524 flags=0x2
[net-rx-counters] sample=2 NET_PCI_RX_DESC1: addr=0x4126b000 len=1524 flags=0x2
[net-rx-counters] sample=2 NET_PCI_RX_DESC2: addr=0x4126b600 len=1524 flags=0x2
[net-rx-counters] sample=2 NET_PCI_RX_DESC3: addr=0x4126bc00 len=1524 flags=0x2
[net-rx-counters] sample=2 NET_PCI_RX_RING_HEADS: 0,1,2,3
[net-rx-counters] sample=2 NET_RX_PROCESSING_HELD: 0
[net-rx-counters] sample=2 NET_RX_PENDING_WHILE_PROCESSING: 0
[net-rx-counters] sample=2 NET_PCI_RX_REARM_SAMPLE_SEQ: 16
[net-rx-counters] sample=2 NET_PCI_RX_REARM_SAMPLE0: used_idx=4 last_used_idx=4 avail_flags=0x0 raced=0
[net-rx-counters] sample=2 NET_PCI_RX_REARM_SAMPLE1: used_idx=5 last_used_idx=5 avail_flags=0x0 raced=0
[net-rx-counters] sample=2 NET_PCI_RX_REARM_SAMPLE2: used_idx=6 last_used_idx=6 avail_flags=0x0 raced=0
[net-rx-counters] sample=2 NET_PCI_RX_REARM_SAMPLE3: used_idx=7 last_used_idx=7 avail_flags=0x0 raced=0
[net-rx-counters] sample=2 NET_PCI_RX_SOFTIRQ_ENTRY_SAMPLE: used_idx=7 last_used_idx=6 avail_flags=0x1 raced=0
[net-rx-counters] sample=2 NET_PCI_RX_SOFTIRQ_EXIT_SAMPLE: used_idx=7 last_used_idx=7 avail_flags=0x0 raced=0
[net-rx-counters] sample=2 end
[bwm-fps] frames_since_last=190 elapsed_ms=1000 instantaneous_fps=190
[heartbeat] tid=12 uptime_ms=31247 kbd_nonzero=0
[bwm-fps] frames_since_last=207 elapsed_ms=1002 instantaneous_fps=206
[heartbeat] tid=12 uptime_ms=32248 kbd_nonzero=0
[bwm-fps] frames_since_last=208 elapsed_ms=1001 instantaneous_fps=207
[heartbeat] tid=12 uptime_ms=33252 kbd_nonzero=0
[bwm-fps] frames_since_last=206 elapsed_ms=1001 instantaneous_fps=205
[heartbeat] tid=12 uptime_ms=34252 kbd_nonzero=0
[bwm-fps] frames_since_last=216 elapsed_ms=1006 instantaneous_fps=214
[heartbeat] tid=12 uptime_ms=35253 kbd_nonzero=0
[bwm-fps] frames_since_last=216 elapsed_ms=1002 instantaneous_fps=215
[heartbeat] tid=12 uptime_ms=36253 kbd_nonzero=0
[bwm-fps] frames_since_last=217 elapsed_ms=1006 instantaneous_fps=215
[heartbeat] tid=12 uptime_ms=37254 kbd_nonzero=0
[bwm-fps] frames_since_last=211 elapsed_ms=1002 instantaneous_fps=210
[heartbeat] tid=12 uptime_ms=38254 kbd_nonzero=0
[bwm-fps] frames_since_last=214 elapsed_ms=1001 instantaneous_fps=213
[heartbeat] tid=12 uptime_ms=39255 kbd_nonzero=0
[bwm-fps] frames_since_last=215 elapsed_ms=1001 instantaneous_fps=214
[RESUME_PC_CENSUS:cpu=0:source=el1-restore-frame-elr:text=315:kstack=0:uva=0:smallint=0:other=0]
[RESUME_PC_CENSUS:cpu=0:source=el0-restore-frame-elr:text=0:kstack=0:uva=3890:smallint=0:other=0]
[RESUME_PC_CENSUS:cpu=0:source=ctx-x30:text=49019:kstack=0:uva=3878:smallint=12:other=0]
[RESUME_PC_CENSUS:cpu=0:source=ctx-elr-el1:text=49019:kstack=0:uva=0:smallint=0:other=0]
[RESUME_PC_CENSUS:cpu=0:source=lr-save-el1:text=301:kstack=0:uva=0:smallint=0:other=0]
[RESUME_PC_CENSUS:cpu=0:source=lr-restore-el1:text=315:kstack=0:uva=0:smallint=0:other=0]
[RESUME_PC_CENSUS:cpu=0:source=lr-save-el0:text=0:kstack=0:uva=16731:smallint=15:other=0]
[RESUME_PC_CENSUS:cpu=0:source=lr-restore-el0:text=0:kstack=0:uva=3879:smallint=12:other=0]
[RESUME_PC_CENSUS:cpu=1:source=el1-restore-frame-elr:text=157:kstack=0:uva=0:smallint=0:other=0]
[RESUME_PC_CENSUS:cpu=1:source=el0-restore-frame-elr:text=0:kstack=0:uva=7674:smallint=0:other=0]
[heartbeat] tid=12 uptime_ms=40256 kbd_nonzero=0
[PT_ROOT_CUSTODY:no_proof=11:no_arch=0:terminated=0:undecided=0:mid_retire=0:retired=3]
[TOMBSTONE_CENSUS:resident=0:removed=13:reap_second=13:retire_second=0:abandoned_unqueued=0]
[TTBR0_ASID_CENSUS:untagged=0:tagged=122534:kernel=60784:cleared=154077]
[net-rx-counters] sample=3 begin
[net-rx-counters] sample=3 NET_RX_MSI_TOTAL: 6 (cpu0=6)
[net-rx-counters] sample=3 NET_RX_RING_DRAIN_TOTAL: 7 (cpu0=7)
[net-rx-counters] sample=3 NET_RX_FRAME_TOTAL: 7 (cpu0=7)
[net-rx-counters] sample=3 NET_RX_ARP_TOTAL: 2 (cpu0=2)
[net-rx-counters] sample=3 NET_RX_ETHERTYPE_OTHER_TOTAL: 1 (cpu0=1)
[net-rx-counters] sample=3 NET_RX_SOFTIRQ_ENTRY_TOTAL: 15 (cpu0=7, cpu1=1, cpu2=4, cpu3=2, cpu4=1)
[net-rx-counters] sample=3 NET_RX_SOFTIRQ_EXIT_TOTAL: 15 (cpu0=7, cpu1=1, cpu2=4, cpu3=2, cpu4=1)
[net-rx-counters] sample=3 NET_RX_REENTRANT_SKIP_TOTAL: 0
[net-rx-counters] sample=3 NET_RX_GUARD_RELEASE_TOTAL: 16 (cpu0=8, cpu1=1, cpu2=4, cpu3=2, cpu4=1)
[net-rx-counters] sample=3 NET_RX_REARM_CHECK_TOTAL: 16 (cpu0=8, cpu1=1, cpu2=4, cpu3=2, cpu4=1)
[net-rx-counters] sample=3 NET_RX_REARM_RACE_TOTAL: 0
[net-rx-counters] sample=3 NET_RX_REARM_ARMED_TOTAL: 16 (cpu0=8, cpu1=1, cpu2=4, cpu3=2, cpu4=1)
[net-rx-counters] sample=3 NET_PCI_IRQ_RAISED_NETRX: 6 (cpu0=6)
[net-rx-counters] sample=3 GIC_SPI55_ACK_TOTAL: 6 (cpu0=6)
[net-rx-counters] sample=3 GICV2M_BASE_PHYS: 0x2250000
[net-rx-counters] sample=3 GICV2M_DOORBELL_PHYS: 0x2250040
[net-rx-counters] sample=3 GICV2M_MSI_TYPER: 0x80350040
[net-rx-counters] sample=3 GICV2M_SPI_BASE: 53
[net-rx-counters] sample=3 GICV2M_SPI_COUNT: 64
[net-rx-counters] sample=3 GICV2M_NEXT_INDEX: 4
[net-rx-counters] sample=3 GIC_SPI54_IRQ: 54
[net-rx-counters] sample=3 GIC_SPI54_VERSION: 3
[net-rx-counters] sample=3 GIC_SPI54_ISENABLER_BIT: 0x400000
[net-rx-counters] sample=3 GIC_SPI54_ISPENDR_BIT: 0x0
[net-rx-counters] sample=3 GIC_SPI54_ISACTIVER_BIT: 0x0
[net-rx-counters] sample=3 GIC_SPI54_IGROUPR_BIT: 0x400000
[net-rx-counters] sample=3 GIC_SPI54_PRIORITY: 0xa0
[net-rx-counters] sample=3 GIC_SPI54_ICFGR_REG: 0x2a800
[net-rx-counters] sample=3 GIC_SPI54_IROUTER: 0x0
[net-rx-counters] sample=3 GIC_SPI54_ITARGETSR_BYTE: 0x0
[net-rx-counters] sample=3 GIC_SPI54_GICD_CTLR: 0x53
[net-rx-counters] sample=3 GIC_SPI55_IRQ: 55
[net-rx-counters] sample=3 GIC_SPI55_VERSION: 3
[net-rx-counters] sample=3 GIC_SPI55_ISENABLER_BIT: 0x800000
[net-rx-counters] sample=3 GIC_SPI55_ISPENDR_BIT: 0x0
[net-rx-counters] sample=3 GIC_SPI55_ISACTIVER_BIT: 0x0
[net-rx-counters] sample=3 GIC_SPI55_IGROUPR_BIT: 0x800000
[net-rx-counters] sample=3 GIC_SPI55_PRIORITY: 0xa0
[net-rx-counters] sample=3 GIC_SPI55_ICFGR_REG: 0x2a800
[net-rx-counters] sample=3 GIC_SPI55_IROUTER: 0x0
[net-rx-counters] sample=3 GIC_SPI55_ITARGETSR_BYTE: 0x0
[net-rx-counters] sample=3 GIC_SPI55_GICD_CTLR: 0x53
[net-rx-counters] sample=3 MANUAL_GICV2M_TEST_DONE: 1
[net-rx-counters] sample=3 MANUAL_GICV2M_TEST_IRQ: 55
[bwm-fps] frames_since_last=206 elapsed_ms=1006 instantaneous_fps=204
[net-rx-counters] sample=3 MANUAL_GICV2M_TEST_DOORBELL: 0x2250040
[net-rx-counters] sample=3 MANUAL_GICV2M_TEST_BEFORE_PEND: 0x0
[net-rx-counters] sample=3 MANUAL_GICV2M_TEST_AFTER_WRITE_PEND: 0x800000
[net-rx-counters] sample=3 MANUAL_GICV2M_TEST_AFTER_WAIT_PEND: 0x0
[net-rx-counters] sample=3 MANUAL_GICV2M_TEST_ACK_BEFORE: 0
[net-rx-counters] sample=3 MANUAL_GICV2M_TEST_ACK_AFTER: 1
[net-rx-counters] sample=3 MANUAL_GICV2M_TEST_MSI_BEFORE: 0
[net-rx-counters] sample=3 MANUAL_GICV2M_TEST_MSI_AFTER: 1
[net-rx-counters] sample=3 NET_PCI_DEVICE_STATUS: 0xf
[net-rx-counters] sample=3 NET_PCI_ISR_STATUS: 0x0
[net-rx-counters] sample=3 NET_PCI_DEVICE_FEATURES: 0x6187bfa3
[net-rx-counters] sample=3 NET_PCI_GUEST_FEATURES: 0x10020
[net-rx-counters] sample=3 NET_PCI_RX_QUEUE_PFN: 0x4123b
[net-rx-counters] sample=3 NET_PCI_TX_QUEUE_PFN: 0x4123e
[net-rx-counters] sample=3 NET_PCI_RX_QUEUE_SIZE: 256
[net-rx-counters] sample=3 NET_PCI_TX_QUEUE_SIZE: 256
[net-rx-counters] sample=3 NET_PCI_RX_QUEUE_ALIGN: 4096
[net-rx-counters] sample=3 NET_PCI_RX_QUEUE_VECTOR: 0x0
[net-rx-counters] sample=3 NET_PCI_TX_QUEUE_VECTOR: 0xffff
[net-rx-counters] sample=3 NET_PCI_RX_AVAIL_FLAGS: 0x0
[net-rx-counters] sample=3 NET_PCI_RX_AVAIL_IDX: 28
[net-rx-counters] sample=3 NET_PCI_RX_USED_FLAGS: 0x1
[net-rx-counters] sample=3 NET_PCI_RX_USED_IDX: 7
[net-rx-counters] sample=3 NET_PCI_RX_LAST_USED_IDX: 7
[net-rx-counters] sample=3 NET_PCI_RX_POSTED_GAP: 21
[net-rx-counters] sample=3 NET_PCI_RX_DESC0: addr=0x4126aa00 len=1524 flags=0x2
[net-rx-counters] sample=3 NET_PCI_RX_DESC1: addr=0x4126b000 len=1524 flags=0x2
[net-rx-counters] sample=3 NET_PCI_RX_DESC2: addr=0x4126b600 len=1524 flags=0x2
[net-rx-counters] sample=3 NET_PCI_RX_DESC3: addr=0x4126bc00 len=1524 flags=0x2
[net-rx-counters] sample=3 NET_PCI_RX_RING_HEADS: 0,1,2,3
[net-rx-counters] sample=3 NET_RX_PROCESSING_HELD: 0
[net-rx-counters] sample=3 NET_RX_PENDING_WHILE_PROCESSING: 0
[net-rx-counters] sample=3 NET_PCI_RX_REARM_SAMPLE_SEQ: 16
[net-rx-counters] sample=3 NET_PCI_RX_REARM_SAMPLE0: used_idx=4 last_used_idx=4 avail_flags=0x0 raced=0
[net-rx-counters] sample=3 NET_PCI_RX_REARM_SAMPLE1: used_idx=5 last_used_idx=5 avail_flags=0x0 raced=0
[net-rx-counters] sample=3 NET_PCI_RX_REARM_SAMPLE2: used_idx=6 last_used_idx=6 avail_flags=0x0 raced=0
[net-rx-counters] sample=3 NET_PCI_RX_REARM_SAMPLE3: used_idx=7 last_used_idx=7 avail_flags=0x0 raced=0
[net-rx-counters] sample=3 NET_PCI_RX_SOFTIRQ_ENTRY_SAMPLE: used_idx=7 last_used_idx=6 avail_flags=0x1 raced=0
[net-rx-counters] sample=3 NET_PCI_RX_SOFTIRQ_EXIT_SAMPLE: used_idx=7 last_used_idx=7 avail_flags=0x0 raced=0
[net-rx-counters] sample=3 end
[bwm-fps] frames_since_last=200 elapsed_ms=1001 instantaneous_fps=199
[heartbeat] tid=12 uptime_ms=41293 kbd_nonzero=0
[bwm-fps] frames_since_last=209 elapsed_ms=1006 instantaneous_fps=207
[heartbeat] tid=12 uptime_ms=42295 kbd_nonzero=0
[bwm-fps] frames_since_last=207 elapsed_ms=1001 instantaneous_fps=206
[heartbeat] tid=12 uptime_ms=43296 kbd_nonzero=0
[bwm-fps] frames_since_last=208 elapsed_ms=1003 instantaneous_fps=207
[heartbeat] tid=12 uptime_ms=44296 kbd_nonzero=0
[bwm-fps] frames_since_last=209 elapsed_ms=1004 instantaneous_fps=208
[heartbeat] tid=12 uptime_ms=45297 kbd_nonzero=0
[bwm-fps] frames_since_last=208 elapsed_ms=1001 instantaneous_fps=207
[heartbeat] tid=12 uptime_ms=46298 kbd_nonzero=0
[heartbeat] tid=12 uptime_ms=47298 kbd_nonzero=0
[bwm-fps] frames_since_last=209 elapsed_ms=1005 instantaneous_fps=207
[heartbeat] tid=12 uptime_ms=48299 kbd_nonzero=0
[bwm-fps] frames_since_last=206 elapsed_ms=1001 instantaneous_fps=205
[heartbeat] tid=12 uptime_ms=49300 kbd_nonzero=0
[bwm-fps] frames_since_last=202 elapsed_ms=1002 instantaneous_fps=201
[RESUME_PC_CENSUS:cpu=0:source=el1-restore-frame-elr:text=394:kstack=0:uva=0:smallint=0:other=0]
[RESUME_PC_CENSUS:cpu=0:source=el0-restore-frame-elr:text=0:kstack=0:uva=4867:smallint=0:other=0]
[RESUME_PC_CENSUS:cpu=0:source=ctx-x30:text=61036:kstack=0:uva=4855:smallint=12:other=0]
[RESUME_PC_CENSUS:cpu=0:source=ctx-elr-el1:text=61038:kstack=0:uva=0:smallint=0:other=0]
[RESUME_PC_CENSUS:cpu=0:source=lr-save-el1:text=365:kstack=0:uva=0:smallint=0:other=0]
[RESUME_PC_CENSUS:cpu=0:source=lr-restore-el1:text=394:kstack=0:uva=0:smallint=0:other=0]
[RESUME_PC_CENSUS:cpu=0:source=lr-save-el0:text=0:kstack=0:uva=21132:smallint=15:other=0]
[RESUME_PC_CENSUS:cpu=0:source=lr-restore-el0:text=0:kstack=0:uva=4855:smallint=12:other=0]
[RESUME_PC_CENSUS:cpu=1:source=el1-restore-frame-elr:text=185:kstack=0:uva=0:smallint=0:other=0]
[RESUME_PC_CENSUS:cpu=1:source=el0-restore-frame-elr:text=0:kstack=0:uva=9676:smallint=0:other=0]
[RESUME_PC_CENSUS:cpu=1:source=el0-first-entry-frame-elr:text=0:kstack=0:uva=5:smallint=0:other=0]
[RESUME_PC_CENSUS:cpu=1:source=ctx-x30:text=2636:kstack=0:uva=9665:smallint=11:other=0]
[RESUME_PC_CENSUS:cpu=1:source=ctx-elr-el1:text=2636:kstack=0:uva=0:smallint=0:other=0]
[RESUME_PC_CENSUS:cpu=1:source=lr-save-el1:text=128:kstack=0:uva=0:smallint=0:other=0]
[RESUME_PC_CENSUS:cpu=1:source=lr-restore-el1:text=185:kstack=0:uva=0:smallint=0:other=0]
[RESUME_PC_CENSUS:cpu=1:source=lr-save-el0:text=0:kstack=0:uva=1270:smallint=9:other=0]
[RESUME_PC_CENSUS:cpu=1:source=lr-restore-el0:text=0:kstack=0:uva=9666:smallint=11:other=0]
[RESUME_PC_CENSUS:cpu=2:source=el1-restore-frame-elr:text=100:kstack=0:uva=0:smallint=0:other=0]
[RESUME_PC_CENSUS:cpu=2:source=el0-restore-frame-elr:text=0:kstack=0:uva=6278:smallint=0:other=0]
[RESUME_PC_CENSUS:cpu=2:source=el0-first-entry-frame-elr:text=0:kstack=0:uva=4:smallint=0:other=0]
[RESUME_PC_CENSUS:cpu=2:source=ctx-x30:text=1837:kstack=0:uva=6269:smallint=9:other=0]
[RESUME_PC_CENSUS:cpu=2:source=ctx-elr-el1:text=1837:kstack=0:uva=0:smallint=0:other=0]
[RESUME_PC_CENSUS:cpu=2:source=lr-save-el1:text=91:kstack=0:uva=0:smallint=0:other=0]
[RESUME_PC_CENSUS:cpu=2:source=lr-restore-el1:text=100:kstack=0:uva=0:smallint=0:other=0]
[RESUME_PC_CENSUS:cpu=2:source=lr-save-el0:text=0:kstack=0:uva=860:smallint=8:other=0]
[RESUME_PC_CENSUS:cpu=2:source=lr-restore-el0:text=0:kstack=0:uva=6269:smallint=9:other=0]
[RESUME_PC_CENSUS:cpu=3:source=el1-restore-frame-elr:text=57:kstack=0:uva=0:smallint=0:other=0]
[RESUME_PC_CENSUS:cpu=3:source=el0-restore-frame-elr:text=0:kstack=0:uva=2647:smallint=0:other=0]
[RESUME_PC_CENSUS:cpu=3:source=el0-first-entry-frame-elr:text=0:kstack=0:uva=2:smallint=0:other=0]
[RESUME_PC_CENSUS:cpu=3:source=ctx-x30:text=1197:kstack=0:uva=2637:smallint=10:other=0]
[RESUME_PC_CENSUS:cpu=3:source=ctx-elr-el1:text=1197:kstack=0:uva=0:smallint=0:other=0]
[RESUME_PC_CENSUS:cpu=3:source=lr-save-el1:text=78:kstack=0:uva=0:smallint=0:other=0]
[RESUME_PC_CENSUS:cpu=3:source=lr-restore-el1:text=57:kstack=0:uva=0:smallint=0:other=0]
[RESUME_PC_CENSUS:cpu=3:source=lr-save-el0:text=0:kstack=0:uva=608:smallint=9:other=0]
[RESUME_PC_CENSUS:cpu=3:source=lr-restore-el0:text=0:kstack=0:uva=2637:smallint=10:other=0]
[RESUME_PC_CENSUS:cpu=4:source=el1-restore-frame-elr:text=51:kstack=0:uva=0:smallint=0:other=0]
[RESUME_PC_CENSUS:cpu=4:source=el0-restore-frame-elr:text=0:kstack=0:uva=960:smallint=0:other=0]
[RESUME_PC_CENSUS:cpu=4:source=el0-first-entry-frame-elr:text=0:kstack=0:uva=1:smallint=0:other=0]
[RESUME_PC_CENSUS:cpu=4:source=ctx-x30:text=988:kstack=0:uva=955:smallint=5:other=0]
[RESUME_PC_CENSUS:cpu=4:source=ctx-elr-el1:text=988:kstack=0:uva=0:smallint=0:other=0]
[RESUME_PC_CENSUS:cpu=4:source=lr-save-el1:text=82:kstack=0:uva=0:smallint=0:other=0]
[RESUME_PC_CENSUS:cpu=4:source=lr-restore-el1:text=51:kstack=0:uva=0:smallint=0:other=0]
[RESUME_PC_CENSUS:cpu=4:source=lr-save-el0:text=0:kstack=0:uva=587:smallint=4:other=0]
[RESUME_PC_CENSUS:cpu=4:source=lr-restore-el0:text=0:kstack=0:uva=955:smallint=5:other=0]
[RESUME_PC_CENSUS:cpu=5:source=el1-restore-frame-elr:text=63:kstack=0:uva=0:smallint=0:other=0]
[RESUME_PC_CENSUS:cpu=5:source=el0-restore-frame-elr:text=0:kstack=0:uva=783:smallint=0:other=0]
[RESUME_PC_CENSUS:cpu=5:source=ctx-x30:text=974:kstack=0:uva=773:smallint=10:other=0]
[RESUME_PC_CENSUS:cpu=5:source=ctx-elr-el1:text=974:kstack=0:uva=0:smallint=0:other=0]
[RESUME_PC_CENSUS:cpu=5:source=lr-save-el1:text=76:kstack=0:uva=0:smallint=0:other=0]
[RESUME_PC_CENSUS:cpu=5:source=lr-restore-el1:text=63:kstack=0:uva=0:smallint=0:other=0]
[RESUME_PC_CENSUS:cpu=5:source=lr-save-el0:text=0:kstack=0:uva=714:smallint=10:other=0]
[RESUME_PC_CENSUS:cpu=5:source=lr-restore-el0:text=0:kstack=0:uva=773:smallint=10:other=0]
[RESUME_PC_CENSUS:cpu=6:source=el1-restore-frame-elr:text=59:kstack=0:uva=0:smallint=0:other=0]
[RESUME_PC_CENSUS:cpu=6:source=el0-restore-frame-elr:text=0:kstack=0:uva=846:smallint=0:other=0]
[RESUME_PC_CENSUS:cpu=6:source=ctx-x30:text=951:kstack=0:uva=844:smallint=2:other=0]
[heartbeat] tid=12 uptime_ms=50300 kbd_nonzero=0
[PT_ROOT_CUSTODY:no_proof=11:no_arch=0:terminated=0:undecided=0:mid_retire=0:retired=3]
[TOMBSTONE_CENSUS:resident=0:removed=13:reap_second=13:retire_second=0:abandoned_unqueued=0]
[TTBR0_ASID_CENSUS:untagged=0:tagged=153990:kernel=76015:cleared=193092]
[net-rx-counters] sample=4 begin
[net-rx-counters] sample=4 NET_RX_MSI_TOTAL: 7 (cpu0=7)
[net-rx-counters] sample=4 NET_RX_RING_DRAIN_TOTAL: 8 (cpu0=8)
[net-rx-counters] sample=4 NET_RX_FRAME_TOTAL: 8 (cpu0=8)
[net-rx-counters] sample=4 NET_RX_ARP_TOTAL: 2 (cpu0=2)
[net-rx-counters] sample=4 NET_RX_ETHERTYPE_OTHER_TOTAL: 1 (cpu0=1)
[net-rx-counters] sample=4 NET_RX_SOFTIRQ_ENTRY_TOTAL: 16 (cpu0=8, cpu1=1, cpu2=4, cpu3=2, cpu4=1)
[net-rx-counters] sample=4 NET_RX_SOFTIRQ_EXIT_TOTAL: 16 (cpu0=8, cpu1=1, cpu2=4, cpu3=2, cpu4=1)
[net-rx-counters] sample=4 NET_RX_REENTRANT_SKIP_TOTAL: 0
[net-rx-counters] sample=4 NET_RX_GUARD_RELEASE_TOTAL: 17 (cpu0=9, cpu1=1, cpu2=4, cpu3=2, cpu4=1)
[net-rx-counters] sample=4 NET_RX_REARM_CHECK_TOTAL: 17 (cpu0=9, cpu1=1, cpu2=4, cpu3=2, cpu4=1)
[bwm-fps] frames_since_last=214 elapsed_ms=1001 instantaneous_fps=213
[net-rx-counters] sample=4 NET_RX_REARM_RACE_TOTAL: 0
[net-rx-counters] sample=4 NET_RX_REARM_ARMED_TOTAL: 17 (cpu0=9, cpu1=1, cpu2=4, cpu3=2, cpu4=1)
[net-rx-counters] sample=4 NET_PCI_IRQ_RAISED_NETRX: 7 (cpu0=7)
[net-rx-counters] sample=4 GIC_SPI55_ACK_TOTAL: 7 (cpu0=7)
[net-rx-counters] sample=4 GICV2M_BASE_PHYS: 0x2250000
[net-rx-counters] sample=4 GICV2M_DOORBELL_PHYS: 0x2250040
[net-rx-counters] sample=4 GICV2M_MSI_TYPER: 0x80350040
[net-rx-counters] sample=4 GICV2M_SPI_BASE: 53
[net-rx-counters] sample=4 GICV2M_SPI_COUNT: 64
[net-rx-counters] sample=4 GICV2M_NEXT_INDEX: 4
[net-rx-counters] sample=4 GIC_SPI54_IRQ: 54
[net-rx-counters] sample=4 GIC_SPI54_VERSION: 3
[net-rx-counters] sample=4 GIC_SPI54_ISENABLER_BIT: 0x400000
[net-rx-counters] sample=4 GIC_SPI54_ISPENDR_BIT: 0x0
[net-rx-counters] sample=4 GIC_SPI54_ISACTIVER_BIT: 0x0
[net-rx-counters] sample=4 GIC_SPI54_IGROUPR_BIT: 0x400000
[net-rx-counters] sample=4 GIC_SPI54_PRIORITY: 0xa0
[net-rx-counters] sample=4 GIC_SPI54_ICFGR_REG: 0x2a800
[net-rx-counters] sample=4 GIC_SPI54_IROUTER: 0x0
[net-rx-counters] sample=4 GIC_SPI54_ITARGETSR_BYTE: 0x0
[net-rx-counters] sample=4 GIC_SPI54_GICD_CTLR: 0x53
[net-rx-counters] sample=4 GIC_SPI55_IRQ: 55
[net-rx-counters] sample=4 GIC_SPI55_VERSION: 3
[net-rx-counters] sample=4 GIC_SPI55_ISENABLER_BIT: 0x800000
[net-rx-counters] sample=4 GIC_SPI55_ISPENDR_BIT: 0x0
[net-rx-counters] sample=4 GIC_SPI55_ISACTIVER_BIT: 0x0
[net-rx-counters] sample=4 GIC_SPI55_IGROUPR_BIT: 0x800000
[net-rx-counters] sample=4 GIC_SPI55_PRIORITY: 0xa0
[net-rx-counters] sample=4 GIC_SPI55_ICFGR_REG: 0x2a800
[net-rx-counters] sample=4 GIC_SPI55_IROUTER: 0x0
[net-rx-counters] sample=4 GIC_SPI55_ITARGETSR_BYTE: 0x0
[net-rx-counters] sample=4 GIC_SPI55_GICD_CTLR: 0x53
[net-rx-counters] sample=4 MANUAL_GICV2M_TEST_DONE: 1
[net-rx-counters] sample=4 MANUAL_GICV2M_TEST_IRQ: 55
[net-rx-counters] sample=4 MANUAL_GICV2M_TEST_DOORBELL: 0x2250040
[net-rx-counters] sample=4 MANUAL_GICV2M_TEST_BEFORE_PEND: 0x0
[net-rx-counters] sample=4 MANUAL_GICV2M_TEST_AFTER_WRITE_PEND: 0x800000
[net-rx-counters] sample=4 MANUAL_GICV2M_TEST_AFTER_WAIT_PEND: 0x0
[net-rx-counters] sample=4 MANUAL_GICV2M_TEST_ACK_BEFORE: 0
[net-rx-counters] sample=4 MANUAL_GICV2M_TEST_ACK_AFTER: 1
[net-rx-counters] sample=4 MANUAL_GICV2M_TEST_MSI_BEFORE: 0
[net-rx-counters] sample=4 MANUAL_GICV2M_TEST_MSI_AFTER: 1
[net-rx-counters] sample=4 NET_PCI_DEVICE_STATUS: 0xf
[net-rx-counters] sample=4 NET_PCI_ISR_STATUS: 0x0
[net-rx-counters] sample=4 NET_PCI_DEVICE_FEATURES: 0x6187bfa3
[net-rx-counters] sample=4 NET_PCI_GUEST_FEATURES: 0x10020
[net-rx-counters] sample=4 NET_PCI_RX_QUEUE_PFN: 0x4123b
[net-rx-counters] sample=4 NET_PCI_TX_QUEUE_PFN: 0x4123e
[net-rx-counters] sample=4 NET_PCI_RX_QUEUE_SIZE: 256
[net-rx-counters] sample=4 NET_PCI_TX_QUEUE_SIZE: 256
[net-rx-counters] sample=4 NET_PCI_RX_QUEUE_ALIGN: 4096
[net-rx-counters] sample=4 NET_PCI_RX_QUEUE_VECTOR: 0x0
[net-rx-counters] sample=4 NET_PCI_TX_QUEUE_VECTOR: 0xffff
[net-rx-counters] sample=4 NET_PCI_RX_AVAIL_FLAGS: 0x0
[net-rx-counters] sample=4 NET_PCI_RX_AVAIL_IDX: 32
[net-rx-counters] sample=4 NET_PCI_RX_USED_FLAGS: 0x1
[net-rx-counters] sample=4 NET_PCI_RX_USED_IDX: 8
[net-rx-counters] sample=4 NET_PCI_RX_LAST_USED_IDX: 8
[net-rx-counters] sample=4 NET_PCI_RX_POSTED_GAP: 24
[net-rx-counters] sample=4 NET_PCI_RX_DESC0: addr=0x4126aa00 len=1524 flags=0x2
[net-rx-counters] sample=4 NET_PCI_RX_DESC1: addr=0x4126b000 len=1524 flags=0x2
[net-rx-counters] sample=4 NET_PCI_RX_DESC2: addr=0x4126b600 len=1524 flags=0x2
[net-rx-counters] sample=4 NET_PCI_RX_DESC3: addr=0x4126bc00 len=1524 flags=0x2
[net-rx-counters] sample=4 NET_PCI_RX_RING_HEADS: 0,1,2,3
[net-rx-counters] sample=4 NET_RX_PROCESSING_HELD: 0
[net-rx-counters] sample=4 NET_RX_PENDING_WHILE_PROCESSING: 0
[net-rx-counters] sample=4 NET_PCI_RX_REARM_SAMPLE_SEQ: 17
[net-rx-counters] sample=4 NET_PCI_RX_REARM_SAMPLE0: used_idx=8 last_used_idx=8 avail_flags=0x0 raced=0
[net-rx-counters] sample=4 NET_PCI_RX_REARM_SAMPLE1: used_idx=5 last_used_idx=5 avail_flags=0x0 raced=0
[net-rx-counters] sample=4 NET_PCI_RX_REARM_SAMPLE2: used_idx=6 last_used_idx=6 avail_flags=0x0 raced=0
[net-rx-counters] sample=4 NET_PCI_RX_REARM_SAMPLE3: used_idx=7 last_used_idx=7 avail_flags=0x0 raced=0
[net-rx-counters] sample=4 NET_PCI_RX_SOFTIRQ_ENTRY_SAMPLE: used_idx=8 last_used_idx=7 avail_flags=0x1 raced=0
[net-rx-counters] sample=4 NET_PCI_RX_SOFTIRQ_EXIT_SAMPLE: used_idx=8 last_used_idx=8 avail_flags=0x0 raced=0
[net-rx-counters] sample=4 end
[bwm-fps] frames_since_last=217 elapsed_ms=1012 instantaneous_fps=214
[heartbeat] tid=12 uptime_ms=51326 kbd_nonzero=0
[bwm-fps] frames_since_last=211 elapsed_ms=1002 instantaneous_fps=210
[heartbeat] tid=12 uptime_ms=52327 kbd_nonzero=0
[bwm-fps] frames_since_last=205 elapsed_ms=1000 instantaneous_fps=205
[heartbeat] tid=12 uptime_ms=53328 kbd_nonzero=0
[bwm-fps] frames_since_last=208 elapsed_ms=1000 instantaneous_fps=208
[heartbeat] tid=12 uptime_ms=54329 kbd_nonzero=0
[bwm-fps] frames_since_last=194 elapsed_ms=1003 instantaneous_fps=193
[heartbeat] tid=12 uptime_ms=55330 kbd_nonzero=0
[heartbeat] tid=12 uptime_ms=56330 kbd_nonzero=0
[bwm-fps] frames_since_last=184 elapsed_ms=1009 instantaneous_fps=182
[heartbeat] tid=12 uptime_ms=57332 kbd_nonzero=0
[bwm-fps] frames_since_last=186 elapsed_ms=1004 instantaneous_fps=185
[heartbeat] tid=12 uptime_ms=58333 kbd_nonzero=0
[bwm-fps] frames_since_last=202 elapsed_ms=1004 instantaneous_fps=201
[heartbeat] tid=12 uptime_ms=59333 kbd_nonzero=0
[bwm-fps] frames_since_last=214 elapsed_ms=1000 instantaneous_fps=214
[RESUME_PC_CENSUS:cpu=0:source=el1-restore-frame-elr:text=443:kstack=0:uva=0:smallint=0:other=0]
[RESUME_PC_CENSUS:cpu=0:source=el0-restore-frame-elr:text=0:kstack=0:uva=5977:smallint=0:other=0]
[RESUME_PC_CENSUS:cpu=0:source=ctx-x30:text=72873:kstack=0:uva=5965:smallint=12:other=0]
[RESUME_PC_CENSUS:cpu=0:source=ctx-elr-el1:text=72874:kstack=0:uva=0:smallint=0:other=0]
[RESUME_PC_CENSUS:cpu=0:source=lr-save-el1:text=418:kstack=0:uva=0:smallint=0:other=0]
[RESUME_PC_CENSUS:cpu=0:source=lr-restore-el1:text=443:kstack=0:uva=0:smallint=0:other=0]
[RESUME_PC_CENSUS:cpu=0:source=lr-save-el0:text=0:kstack=0:uva=25523:smallint=15:other=0]
[RESUME_PC_CENSUS:cpu=0:source=lr-restore-el0:text=0:kstack=0:uva=5965:smallint=12:other=0]
[RESUME_PC_CENSUS:cpu=1:source=el1-restore-frame-elr:text=207:kstack=0:uva=0:smallint=0:other=0]
[RESUME_PC_CENSUS:cpu=1:source=el0-restore-frame-elr:text=0:kstack=0:uva=11690:smallint=0:other=0]
[RESUME_PC_CENSUS:cpu=1:source=el0-first-entry-frame-elr:text=0:kstack=0:uva=5:smallint=0:other=0]
[RESUME_PC_CENSUS:cpu=1:source=ctx-x30:text=3218:kstack=0:uva=11680:smallint=11:other=0]
[RESUME_PC_CENSUS:cpu=1:source=ctx-elr-el1:text=3218:kstack=0:uva=0:smallint=0:other=0]
[RESUME_PC_CENSUS:cpu=1:source=lr-save-el1:text=145:kstack=0:uva=0:smallint=0:other=0]
[RESUME_PC_CENSUS:cpu=1:source=lr-restore-el1:text=207:kstack=0:uva=0:smallint=0:other=0]
[RESUME_PC_CENSUS:cpu=1:source=lr-save-el0:text=0:kstack=0:uva=1539:smallint=9:other=0]
[RESUME_PC_CENSUS:cpu=1:source=lr-restore-el0:text=0:kstack=0:uva=11680:smallint=11:other=0]
[RESUME_PC_CENSUS:cpu=2:source=el1-restore-frame-elr:text=113:kstack=0:uva=0:smallint=0:other=0]
[RESUME_PC_CENSUS:cpu=2:source=el0-restore-frame-elr:text=0:kstack=0:uva=7564:smallint=0:other=0]
[RESUME_PC_CENSUS:cpu=2:source=el0-first-entry-frame-elr:text=0:kstack=0:uva=4:smallint=0:other=0]
[RESUME_PC_CENSUS:cpu=2:source=ctx-x30:text=2263:kstack=0:uva=7555:smallint=9:other=0]
[RESUME_PC_CENSUS:cpu=2:source=ctx-elr-el1:text=2263:kstack=0:uva=0:smallint=0:other=0]
[RESUME_PC_CENSUS:cpu=2:source=lr-save-el1:text=96:kstack=0:uva=0:smallint=0:other=0]
[RESUME_PC_CENSUS:cpu=2:source=lr-restore-el1:text=113:kstack=0:uva=0:smallint=0:other=0]
[RESUME_PC_CENSUS:cpu=2:source=lr-save-el0:text=0:kstack=0:uva=1040:smallint=8:other=0]
[RESUME_PC_CENSUS:cpu=2:source=lr-restore-el0:text=0:kstack=0:uva=7555:smallint=9:other=0]
[RESUME_PC_CENSUS:cpu=3:source=el1-restore-frame-elr:text=66:kstack=0:uva=0:smallint=0:other=0]
[RESUME_PC_CENSUS:cpu=3:source=el0-restore-frame-elr:text=0:kstack=0:uva=3089:smallint=0:other=0]
[RESUME_PC_CENSUS:cpu=3:source=el0-first-entry-frame-elr:text=0:kstack=0:uva=2:smallint=0:other=0]
[RESUME_PC_CENSUS:cpu=3:source=ctx-x30:text=1473:kstack=0:uva=3079:smallint=10:other=0]
[RESUME_PC_CENSUS:cpu=3:source=ctx-elr-el1:text=1473:kstack=0:uva=0:smallint=0:other=0]
[RESUME_PC_CENSUS:cpu=3:source=lr-save-el1:text=89:kstack=0:uva=0:smallint=0:other=0]
[RESUME_PC_CENSUS:cpu=3:source=lr-restore-el1:text=66:kstack=0:uva=0:smallint=0:other=0]
[RESUME_PC_CENSUS:cpu=3:source=lr-save-el0:text=0:kstack=0:uva=701:smallint=9:other=0]
[RESUME_PC_CENSUS:cpu=3:source=lr-restore-el0:text=0:kstack=0:uva=3079:smallint=10:other=0]
[RESUME_PC_CENSUS:cpu=4:source=el1-restore-frame-elr:text=58:kstack=0:uva=0:smallint=0:other=0]
[RESUME_PC_CENSUS:cpu=4:source=el0-restore-frame-elr:text=0:kstack=0:uva=1133:smallint=0:other=0]
[RESUME_PC_CENSUS:cpu=4:source=el0-first-entry-frame-elr:text=0:kstack=0:uva=1:smallint=0:other=0]
[RESUME_PC_CENSUS:cpu=4:source=ctx-x30:text=1173:kstack=0:uva=1128:smallint=5:other=0]
[RESUME_PC_CENSUS:cpu=4:source=ctx-elr-el1:text=1173:kstack=0:uva=0:smallint=0:other=0]
[RESUME_PC_CENSUS:cpu=4:source=lr-save-el1:text=91:kstack=0:uva=0:smallint=0:other=0]
[RESUME_PC_CENSUS:cpu=4:source=lr-restore-el1:text=58:kstack=0:uva=0:smallint=0:other=0]
[RESUME_PC_CENSUS:cpu=4:source=lr-save-el0:text=0:kstack=0:uva=687:smallint=4:other=0]
[RESUME_PC_CENSUS:cpu=4:source=lr-restore-el0:text=0:kstack=0:uva=1128:smallint=5:other=0]
[RESUME_PC_CENSUS:cpu=5:source=el1-restore-frame-elr:text=74:kstack=0:uva=0:smallint=0:other=0]
[RESUME_PC_CENSUS:cpu=5:source=el0-restore-frame-elr:text=0:kstack=0:uva=915:smallint=0:other=0]
[RESUME_PC_CENSUS:cpu=5:source=ctx-x30:text=1193:kstack=0:uva=905:smallint=10:other=0]
[RESUME_PC_CENSUS:cpu=5:source=ctx-elr-el1:text=1193:kstack=0:uva=0:smallint=0:other=0]
[RESUME_PC_CENSUS:cpu=5:source=lr-save-el1:text=87:kstack=0:uva=0:smallint=0:other=0]
[RESUME_PC_CENSUS:cpu=5:source=lr-restore-el1:text=74:kstack=0:uva=0:smallint=0:other=0]
[RESUME_PC_CENSUS:cpu=5:source=lr-save-el0:text=0:kstack=0:uva=833:smallint=10:other=0]
[RESUME_PC_CENSUS:cpu=5:source=lr-restore-el0:text=0:kstack=0:uva=905:smallint=10:other=0]
[RESUME_PC_CENSUS:cpu=6:source=el1-restore-frame-elr:text=65:kstack=0:uva=0:smallint=0:other=0]
[RESUME_PC_CENSUS:cpu=6:source=el0-restore-frame-elr:text=0:kstack=0:uva=1016:smallint=0:other=0]
[RESUME_PC_CENSUS:cpu=6:source=ctx-x30:text=1140:kstack=0:uva=1014:smallint=2:other=0]
[RESUME_PC_CENSUS:cpu=6:source=ctx-elr-el1:text=1140:kstack=0:uva=0:smallint=0:other=0]
[RESUME_PC_CENSUS:cpu=6:source=lr-save-el1:text=87:kstack=0:uva=0:smallint=0:other=0]
[RESUME_PC_CENSUS:cpu=6:source=lr-restore-el1:text=65:kstack=0:uva=0:smallint=0:other=0]
[RESUME_PC_CENSUS:cpu=6:source=lr-save-el0:text=0:kstack=0:uva=976:smallint=2:other=0]
[RESUME_PC_CENSUS:cpu=6:source=lr-restore-el0:text=0:kstack=0:uva=1014:smallint=2:other=0]
[RESUME_PC_CENSUS:cpu=7:source=el1-restore-frame-elr:text=10:kstack=0:uva=0:smallint=0:other=0]
[RESUME_PC_CENSUS:cpu=7:source=el0-restore-frame-elr:text=0:kstack=0:uva=93:smallint=0:other=0]
[RESUME_PC_CENSUS:cpu=7:source=ctx-x30:text=1108:kstack=0:uva=93:smallint=0:other=0]
[RESUME_PC_CENSUS:cpu=7:source=ctx-elr-el1:text=1108:kstack=0:uva=0:smallint=0:other=0]
[RESUME_PC_CENSUS:cpu=7:source=lr-save-el1:text=27:kstack=0:uva=0:smallint=0:other=0]
[RESUME_PC_CENSUS:cpu=7:source=lr-restore-el1:text=10:kstack=0:uva=0:smallint=0:other=0]
[RESUME_PC_CENSUS:cpu=7:source=lr-save-el0:text=0:kstack=0:uva=114:smallint=0:other=0]
[RESUME_PC_CENSUS:cpu=7:source=lr-restore-el0:text=0:kstack=0:uva=93:smallint=0:other=0]
[heartbeat] tid=12 uptime_ms=60334 kbd_nonzero=0
[PT_ROOT_CUSTODY:no_proof=11:no_arch=0:terminated=0:undecided=0:mid_retire=0:retired=3]
[TOMBSTONE_CENSUS:resident=0:removed=13:reap_second=13:retire_second=0:abandoned_unqueued=0]
[TTBR0_ASID_CENSUS:untagged=0:tagged=184915:kernel=90811:cleared=231162]
[net-rx-counters] sample=5 begin
[net-rx-counters] sample=5 NET_RX_MSI_TOTAL: 11 (cpu0=11)
[net-rx-counters] sample=5 NET_RX_RING_DRAIN_TOTAL: 12 (cpu0=12)
[net-rx-counters] sample=5 NET_RX_FRAME_TOTAL: 12 (cpu0=12)
[net-rx-counters] sample=5 NET_RX_ARP_TOTAL: 2 (cpu0=2)
[net-rx-counters] sample=5 NET_RX_ETHERTYPE_OTHER_TOTAL: 1 (cpu0=1)
[net-rx-counters] sample=5 NET_RX_SOFTIRQ_ENTRY_TOTAL: 20 (cpu0=12, cpu1=1, cpu2=4, cpu3=2, cpu4=1)
[net-rx-counters] sample=5 NET_RX_SOFTIRQ_EXIT_TOTAL: 20 (cpu0=12, cpu1=1, cpu2=4, cpu3=2, cpu4=1)
[net-rx-counters] sample=5 NET_RX_REENTRANT_SKIP_TOTAL: 0
[net-rx-counters] sample=5 NET_RX_GUARD_RELEASE_TOTAL: 21 (cpu0=13, cpu1=1, cpu2=4, cpu3=2, cpu4=1)
[net-rx-counters] sample=5 NET_RX_REARM_CHECK_TOTAL: 21 (cpu0=13, cpu1=1, cpu2=4, cpu3=2, cpu4=1)
[net-rx-counters] sample=5 NET_RX_REARM_RACE_TOTAL: 0
[net-rx-counters] sample=5 NET_RX_REARM_ARMED_TOTAL: 21 (cpu0=13, cpu1=1, cpu2=4, cpu3=2, cpu4=1)
[net-rx-counters] sample=5 NET_PCI_IRQ_RAISED_NETRX: 11 (cpu0=11)
[net-rx-counters] sample=5 GIC_SPI55_ACK_TOTAL: 11 (cpu0=11)
[net-rx-counters] sample=5 GICV2M_BASE_PHYS: 0x2250000
[net-rx-counters] sample=5 GICV2M_DOORBELL_PHYS: 0x2250040
[net-rx-counters] sample=5 GICV2M_MSI_TYPER: 0x80350040
[net-rx-counters] sample=5 GICV2M_SPI_BASE: 53
[net-rx-counters] sample=5 GICV2M_SPI_COUNT: 64
[net-rx-counters] sample=5 GICV2M_NEXT_INDEX: 4
[net-rx-counters] sample=5 GIC_SPI54_IRQ: 54
[net-rx-counters] sample=5 GIC_SPI54_VERSION: 3
[net-rx-counters] sample=5 GIC_SPI54_ISENABLER_BIT: 0x400000
[net-rx-counters] sample=5 GIC_SPI54_ISPENDR_BIT: 0x0
[net-rx-counters] sample=5 GIC_SPI54_ISACTIVER_BIT: 0x0
[net-rx-counters] sample=5 GIC_SPI54_IGROUPR_BIT: 0x400000
[net-rx-counters] sample=5 GIC_SPI54_PRIORITY: 0xa0
[net-rx-counters] sample=5 GIC_SPI54_ICFGR_REG: 0x2a800
[net-rx-counters] sample=5 GIC_SPI54_IROUTER: 0x0
[net-rx-counters] sample=5 GIC_SPI54_ITARGETSR_BYTE: 0x0
[bwm-fps] frames_since_last=199 elapsed_ms=1002 instantaneous_fps=198
[net-rx-counters] sample=5 GIC_SPI54_GICD_CTLR: 0x53
[net-rx-counters] sample=5 GIC_SPI55_IRQ: 55
[net-rx-counters] sample=5 GIC_SPI55_VERSION: 3
[net-rx-counters] sample=5 GIC_SPI55_ISENABLER_BIT: 0x800000
[net-rx-counters] sample=5 GIC_SPI55_ISPENDR_BIT: 0x0
[net-rx-counters] sample=5 GIC_SPI55_ISACTIVER_BIT: 0x0
[net-rx-counters] sample=5 GIC_SPI55_IGROUPR_BIT: 0x800000
[net-rx-counters] sample=5 GIC_SPI55_PRIORITY: 0xa0
[net-rx-counters] sample=5 GIC_SPI55_ICFGR_REG: 0x2a800
[net-rx-counters] sample=5 GIC_SPI55_IROUTER: 0x0
[net-rx-counters] sample=5 GIC_SPI55_ITARGETSR_BYTE: 0x0
[net-rx-counters] sample=5 GIC_SPI55_GICD_CTLR: 0x53
[net-rx-counters] sample=5 MANUAL_GICV2M_TEST_DONE: 1
[net-rx-counters] sample=5 MANUAL_GICV2M_TEST_IRQ: 55
[net-rx-counters] sample=5 MANUAL_GICV2M_TEST_DOORBELL: 0x2250040
[net-rx-counters] sample=5 MANUAL_GICV2M_TEST_BEFORE_PEND: 0x0
[net-rx-counters] sample=5 MANUAL_GICV2M_TEST_AFTER_WRITE_PEND: 0x800000
[net-rx-counters] sample=5 MANUAL_GICV2M_TEST_AFTER_WAIT_PEND: 0x0
[net-rx-counters] sample=5 MANUAL_GICV2M_TEST_ACK_BEFORE: 0
[net-rx-counters] sample=5 MANUAL_GICV2M_TEST_ACK_AFTER: 1
[net-rx-counters] sample=5 MANUAL_GICV2M_TEST_MSI_BEFORE: 0
[net-rx-counters] sample=5 MANUAL_GICV2M_TEST_MSI_AFTER: 1
[net-rx-counters] sample=5 NET_PCI_DEVICE_STATUS: 0xf
[net-rx-counters] sample=5 NET_PCI_ISR_STATUS: 0x0
[net-rx-counters] sample=5 NET_PCI_DEVICE_FEATURES: 0x6187bfa3
[net-rx-counters] sample=5 NET_PCI_GUEST_FEATURES: 0x10020
[net-rx-counters] sample=5 NET_PCI_RX_QUEUE_PFN: 0x4123b
[net-rx-counters] sample=5 NET_PCI_TX_QUEUE_PFN: 0x4123e
[net-rx-counters] sample=5 NET_PCI_RX_QUEUE_SIZE: 256
[net-rx-counters] sample=5 NET_PCI_TX_QUEUE_SIZE: 256
[net-rx-counters] sample=5 NET_PCI_RX_QUEUE_ALIGN: 4096
[net-rx-counters] sample=5 NET_PCI_RX_QUEUE_VECTOR: 0x0
[net-rx-counters] sample=5 NET_PCI_TX_QUEUE_VECTOR: 0xffff
[net-rx-counters] sample=5 NET_PCI_RX_AVAIL_FLAGS: 0x0
[net-rx-counters] sample=5 NET_PCI_RX_AVAIL_IDX: 48
[net-rx-counters] sample=5 NET_PCI_RX_USED_FLAGS: 0x1
[net-rx-counters] sample=5 NET_PCI_RX_USED_IDX: 12
[net-rx-counters] sample=5 NET_PCI_RX_LAST_USED_IDX: 12
[net-rx-counters] sample=5 NET_PCI_RX_POSTED_GAP: 36
[net-rx-counters] sample=5 NET_PCI_RX_DESC0: addr=0x4126aa00 len=1524 flags=0x2
[net-rx-counters] sample=5 NET_PCI_RX_DESC1: addr=0x4126b000 len=1524 flags=0x2
[net-rx-counters] sample=5 NET_PCI_RX_DESC2: addr=0x4126b600 len=1524 flags=0x2
[net-rx-counters] sample=5 NET_PCI_RX_DESC3: addr=0x4126bc00 len=1524 flags=0x2
[net-rx-counters] sample=5 NET_PCI_RX_RING_HEADS: 0,1,2,3
[net-rx-counters] sample=5 NET_RX_PROCESSING_HELD: 0
[net-rx-counters] sample=5 NET_RX_PENDING_WHILE_PROCESSING: 0
[net-rx-counters] sample=5 NET_PCI_RX_REARM_SAMPLE_SEQ: 21
[net-rx-counters] sample=5 NET_PCI_RX_REARM_SAMPLE0: used_idx=12 last_used_idx=12 avail_flags=0x0 raced=0
[net-rx-counters] sample=5 NET_PCI_RX_REARM_SAMPLE1: used_idx=9 last_used_idx=9 avail_flags=0x0 raced=0
[net-rx-counters] sample=5 NET_PCI_RX_REARM_SAMPLE2: used_idx=10 last_used_idx=10 avail_flags=0x0 raced=0
[net-rx-counters] sample=5 NET_PCI_RX_REARM_SAMPLE3: used_idx=11 last_used_idx=11 avail_flags=0x0 raced=0
[net-rx-counters] sample=5 NET_PCI_RX_SOFTIRQ_ENTRY_SAMPLE: used_idx=12 last_used_idx=11 avail_flags=0x1 raced=0
[net-rx-counters] sample=5 NET_PCI_RX_SOFTIRQ_EXIT_SAMPLE: used_idx=12 last_used_idx=12 avail_flags=0x0 raced=0
[net-rx-counters] sample=5 end
[bwm-fps] frames_since_last=205 elapsed_ms=1002 instantaneous_fps=204
[heartbeat] tid=12 uptime_ms=61358 kbd_nonzero=0
[bwm-fps] frames_since_last=219 elapsed_ms=1000 instantaneous_fps=219
[heartbeat] tid=12 uptime_ms=62365 kbd_nonzero=0
[bwm-fps] frames_since_last=218 elapsed_ms=1005 instantaneous_fps=216
[heartbeat] tid=12 uptime_ms=63366 kbd_nonzero=0
[bwm-fps] frames_since_last=230 elapsed_ms=1002 instantaneous_fps=229
[heartbeat] tid=12 uptime_ms=64367 kbd_nonzero=0
[bwm-fps] frames_since_last=235 elapsed_ms=1001 instantaneous_fps=234
[heartbeat] tid=12 uptime_ms=65367 kbd_nonzero=0
[bwm-fps] frames_since_last=231 elapsed_ms=1000 instantaneous_fps=231
[heartbeat] tid=12 uptime_ms=66368 kbd_nonzero=0
[bwm-fps] frames_since_last=237 elapsed_ms=1000 instantaneous_fps=237
[heartbeat] tid=12 uptime_ms=67368 kbd_nonzero=0
[bwm-fps] frames_since_last=216 elapsed_ms=1002 instantaneous_fps=215
[heartbeat] tid=12 uptime_ms=68369 kbd_nonzero=0
[bwm-fps] frames_since_last=239 elapsed_ms=1002 instantaneous_fps=238
[heartbeat] tid=12 uptime_ms=69369 kbd_nonzero=0
[bwm-fps] frames_since_last=244 elapsed_ms=1004 instantaneous_fps=243
[heartbeat] tid=12 uptime_ms=70370 kbd_nonzero=0
[PT_ROOT_CUSTODY:no_proof=11:no_arch=0:terminated=0:undecided=0:mid_retire=0:retired=3]
[TOMBSTONE_CENSUS:resident=0:removed=13:reap_second=13:retire_second=0:abandoned_unqueued=0]
[TTBR0_ASID_CENSUS:untagged=0:tagged=218497:kernel=107260:cleared=273269]
[net-rx-counters] sample=6 begin
[net-rx-counters] sample=6 NET_RX_MSI_TOTAL: 11 (cpu0=11)
[net-rx-counters] sample=6 NET_RX_RING_DRAIN_TOTAL: 12 (cpu0=12)
[net-rx-counters] sample=6 NET_RX_FRAME_TOTAL: 12 (cpu0=12)
[net-rx-counters] sample=6 NET_RX_ARP_TOTAL: 2 (cpu0=2)
[net-rx-counters] sample=6 NET_RX_ETHERTYPE_OTHER_TOTAL: 1 (cpu0=1)
[net-rx-counters] sample=6 NET_RX_SOFTIRQ_ENTRY_TOTAL: 20 (cpu0=12, cpu1=1, cpu2=4, cpu3=2, cpu4=1)
[net-rx-counters] sample=6 NET_RX_SOFTIRQ_EXIT_TOTAL: 20 (cpu0=12, cpu1=1, cpu2=4, cpu3=2, cpu4=1)
[net-rx-counters] sample=6 NET_RX_REENTRANT_SKIP_TOTAL: 0
[net-rx-counters] sample=6 NET_RX_GUARD_RELEASE_TOTAL: 21 (cpu0=13, cpu1=1, cpu2=4, cpu3=2, cpu4=1)
[net-rx-counters] sample=6 NET_RX_REARM_CHECK_TOTAL: 21 (cpu0=13, cpu1=1, cpu2=4, cpu3=2, cpu4=1)
[net-rx-counters] sample=6 NET_RX_REARM_RACE_TOTAL: 0
[net-rx-counters] sample=6 NET_RX_REARM_ARMED_TOTAL: 21 (cpu0=13, cpu1=1, cpu2=4, cpu3=2, cpu4=1)
[net-rx-counters] sample=6 NET_PCI_IRQ_RAISED_NETRX: 11 (cpu0=11)
[net-rx-counters] sample=6 GIC_SPI55_ACK_TOTAL: 11 (cpu0=11)
[net-rx-counters] sample=6 GICV2M_BASE_PHYS: 0x2250000
[net-rx-counters] sample=6 GICV2M_DOORBELL_PHYS: 0x2250040
[net-rx-counters] sample=6 GICV2M_MSI_TYPER: 0x80350040
[net-rx-counters] sample=6 GICV2M_SPI_BASE: 53
[net-rx-counters] sample=6 GICV2M_SPI_COUNT: 64
[net-rx-counters] sample=6 GICV2M_NEXT_INDEX: 4
[net-rx-counters] sample=6 GIC_SPI54_IRQ: 54
[net-rx-counters] sample=6 GIC_SPI54_VERSION: 3
[net-rx-counters] sample=6 GIC_SPI54_ISENABLER_BIT: 0x400000
[net-rx-counters] sample=6 GIC_SPI54_ISPENDR_BIT: 0x0
[net-rx-counters] sample=6 GIC_SPI54_ISACTIVER_BIT: 0x0
[net-rx-counters] sample=6 GIC_SPI54_IGROUPR_BIT: 0x400000
[net-rx-counters] sample=6 GIC_SPI54_PRIORITY: 0xa0
[net-rx-counters] sample=6 GIC_SPI54_ICFGR_REG: 0x2a800
[net-rx-counters] sample=6 GIC_SPI54_IROUTER: 0x0
[net-rx-counters] sample=6 GIC_SPI54_ITARGETSR_BYTE: 0x0
[net-rx-counters] sample=6 GIC_SPI54_GICD_CTLR: 0x53
[net-rx-counters] sample=6 GIC_SPI55_IRQ: 55
[net-rx-counters] sample=6 GIC_SPI55_VERSION: 3
[net-rx-counters] sample=6 GIC_SPI55_ISENABLER_BIT: 0x800000
[net-rx-counters] sample=6 GIC_SPI55_ISPENDR_BIT: 0x0
[net-rx-counters] sample=6 GIC_SPI55_ISACTIVER_BIT: 0x0
[net-rx-counters] sample=6 GIC_SPI55_IGROUPR_BIT: 0x800000
[net-rx-counters] sample=6 GIC_SPI55_PRIORITY: 0xa0
[net-rx-counters] sample=6 GIC_SPI55_ICFGR_REG: 0x2a800
[net-rx-counters] sample=6 GIC_SPI55_IROUTER: 0x0
[net-rx-counters] sample=6 GIC_SPI55_ITARGETSR_BYTE: 0x0
[net-rx-counters] sample=6 GIC_SPI55_GICD_CTLR: 0x53
[net-rx-counters] sample=6 MANUAL_GICV2M_TEST_DONE: 1
[net-rx-counters] sample=6 MANUAL_GICV2M_TEST_IRQ: 55
[net-rx-counters] sample=6 MANUAL_GICV2M_TEST_DOORBELL: 0x2250040
[net-rx-counters] sample=6 MANUAL_GICV2M_TEST_BEFORE_PEND: 0x0
[net-rx-counters] sample=6 MANUAL_GICV2M_TEST_AFTER_WRITE_PEND: 0x800000
[net-rx-counters] sample=6 MANUAL_GICV2M_TEST_AFTER_WAIT_PEND: 0x0
[net-rx-counters] sample=6 MANUAL_GICV2M_TEST_ACK_BEFORE: 0
[net-rx-counters] sample=6 MANUAL_GICV2M_TEST_ACK_AFTER: 1
[net-rx-counters] sample=6 MANUAL_GICV2M_TEST_MSI_BEFORE: 0
[net-rx-counters] sample=6 MANUAL_GICV2M_TEST_MSI_AFTER: 1
[net-rx-counters] sample=6 NET_PCI_DEVICE_STATUS: 0xf
[net-rx-counters] sample=6 NET_PCI_ISR_STATUS: 0x0
[net-rx-counters] sample=6 NET_PCI_DEVICE_FEATURES: 0x6187bfa3
[net-rx-counters] sample=6 NET_PCI_GUEST_FEATURES: 0x10020
[net-rx-counters] sample=6 NET_PCI_RX_QUEUE_PFN: 0x4123b
[net-rx-counters] sample=6 NET_PCI_TX_QUEUE_PFN: 0x4123e
[net-rx-counters] sample=6 NET_PCI_RX_QUEUE_SIZE: 256
[net-rx-counters] sample=6 NET_PCI_TX_QUEUE_SIZE: 256
[net-rx-counters] sample=6 NET_PCI_RX_QUEUE_ALIGN: 4096
[net-rx-counters] sample=6 NET_PCI_RX_QUEUE_VECTOR: 0x0
[net-rx-counters] sample=6 NET_PCI_TX_QUEUE_VECTOR: 0xffff
[net-rx-counters] sample=6 NET_PCI_RX_AVAIL_FLAGS: 0x0
[net-rx-counters] sample=6 NET_PCI_RX_AVAIL_IDX: 48
[net-rx-counters] sample=6 NET_PCI_RX_USED_FLAGS: 0x1
[net-rx-counters] sample=6 NET_PCI_RX_USED_IDX: 12
[net-rx-counters] sample=6 NET_PCI_RX_LAST_USED_IDX: 12
[net-rx-counters] sample=6 NET_PCI_RX_POSTED_GAP: 36
[net-rx-counters] sample=6 NET_PCI_RX_DESC0: addr=0x4126aa00 len=1524 flags=0x2
[net-rx-counters] sample=6 NET_PCI_RX_DESC1: addr=0x4126b000 len=1524 flags=0x2
[net-rx-counters] sample=6 NET_PCI_RX_DESC2: addr=0x4126b600 len=1524 flags=0x2
[net-rx-counters] sample=6 NET_PCI_RX_DESC3: addr=0x4126bc00 len=1524 flags=0x2
[net-rx-counters] sample=6 NET_PCI_RX_RING_HEADS: 0,1,2,3
[net-rx-counters] sample=6 NET_RX_PROCESSING_HELD: 0
[net-rx-counters] sample=6 NET_RX_PENDING_WHILE_PROCESSING: 0
[net-rx-counters] sample=6 NET_PCI_RX_REARM_SAMPLE_SEQ: 21
[net-rx-counters] sample=6 NET_PCI_RX_REARM_SAMPLE0: used_idx=12 last_used_idx=12 avail_flags=0x0 raced=0
[net-rx-counters] sample=6 NET_PCI_RX_REARM_SAMPLE1: used_idx=9 last_used_idx=9 avail_flags=0x0 raced=0
[net-rx-counters] sample=6 NET_PCI_RX_REARM_SAMPLE2: used_idx=10 last_used_idx=10 avail_flags=0x0 raced=0
[net-rx-counters] sample=6 NET_PCI_RX_REARM_SAMPLE3: used_idx=11 last_used_idx=11 avail_flags=0x0 raced=0
[net-rx-counters] sample=6 NET_PCI_RX_SOFTIRQ_ENTRY_SAMPLE: used_idx=12 last_used_idx=11 avail_flags=0x1 raced=0
[net-rx-counters] sample=6 NET_PCI_RX_SOFTIRQ_EXIT_SAMPLE: used_idx=12 last_used_idx=12 avail_flags=0x0 raced=0
[net-rx-counters] sample=6 end
[bwm-fps] frames_since_last=246 elapsed_ms=1002 instantaneous_fps=245
[heartbeat] tid=12 uptime_ms=71392 kbd_nonzero=0
[bwm-fps] frames_since_last=241 elapsed_ms=1000 instantaneous_fps=241
[heartbeat] tid=12 uptime_ms=72394 kbd_nonzero=0
[bwm-fps] frames_since_last=239 elapsed_ms=1000 instantaneous_fps=239
[heartbeat] tid=12 uptime_ms=73394 kbd_nonzero=0
[bwm-fps] frames_since_last=242 elapsed_ms=1000 instantaneous_fps=242
[heartbeat] tid=12 uptime_ms=74394 kbd_nonzero=0
[bwm-fps] frames_since_last=246 elapsed_ms=1002 instantaneous_fps=245
[heartbeat] tid=12 uptime_ms=75396 kbd_nonzero=0
[bwm-fps] frames_since_last=232 elapsed_ms=1001 instantaneous_fps=231
[heartbeat] tid=12 uptime_ms=76396 kbd_nonzero=0
[bwm-fps] frames_since_last=232 elapsed_ms=1002 instantaneous_fps=231
[heartbeat] tid=12 uptime_ms=77397 kbd_nonzero=0
[bwm-fps] frames_since_last=234 elapsed_ms=1000 instantaneous_fps=234
[heartbeat] tid=12 uptime_ms=78398 kbd_nonzero=0
[bwm-fps] frames_since_last=231 elapsed_ms=1001 instantaneous_fps=230
[heartbeat] tid=12 uptime_ms=79398 kbd_nonzero=0
[bwm-fps] frames_since_last=233 elapsed_ms=1004 instantaneous_fps=232
[heartbeat] tid=12 uptime_ms=80398 kbd_nonzero=0
[PT_ROOT_CUSTODY:no_proof=11:no_arch=0:terminated=0:undecided=0:mid_retire=0:retired=3]
[TOMBSTONE_CENSUS:resident=0:removed=13:reap_second=13:retire_second=0:abandoned_unqueued=0]
[TTBR0_ASID_CENSUS:untagged=0:tagged=253391:kernel=124454:cleared=317238]
[net-rx-counters] sample=7 begin
[net-rx-counters] sample=7 NET_RX_MSI_TOTAL: 12 (cpu0=12)
[net-rx-counters] sample=7 NET_RX_RING_DRAIN_TOTAL: 13 (cpu0=13)
[net-rx-counters] sample=7 NET_RX_FRAME_TOTAL: 13 (cpu0=13)
[net-rx-counters] sample=7 NET_RX_ARP_TOTAL: 2 (cpu0=2)
[net-rx-counters] sample=7 NET_RX_ETHERTYPE_OTHER_TOTAL: 1 (cpu0=1)
[net-rx-counters] sample=7 NET_RX_SOFTIRQ_ENTRY_TOTAL: 21 (cpu0=13, cpu1=1, cpu2=4, cpu3=2, cpu4=1)
[net-rx-counters] sample=7 NET_RX_SOFTIRQ_EXIT_TOTAL: 21 (cpu0=13, cpu1=1, cpu2=4, cpu3=2, cpu4=1)
[net-rx-counters] sample=7 NET_RX_REENTRANT_SKIP_TOTAL: 0
[net-rx-counters] sample=7 NET_RX_GUARD_RELEASE_TOTAL: 22 (cpu0=14, cpu1=1, cpu2=4, cpu3=2, cpu4=1)
[net-rx-counters] sample=7 NET_RX_REARM_CHECK_TOTAL: 22 (cpu0=14, cpu1=1, cpu2=4, cpu3=2, cpu4=1)
[net-rx-counters] sample=7 NET_RX_REARM_RACE_TOTAL: 0
[net-rx-counters] sample=7 NET_RX_REARM_ARMED_TOTAL: 22 (cpu0=14, cpu1=1, cpu2=4, cpu3=2, cpu4=1)
[net-rx-counters] sample=7 NET_PCI_IRQ_RAISED_NETRX: 12 (cpu0=12)
[net-rx-counters] sample=7 GIC_SPI55_ACK_TOTAL: 12 (cpu0=12)
[net-rx-counters] sample=7 GICV2M_BASE_PHYS: 0x2250000
[net-rx-counters] sample=7 GICV2M_DOORBELL_PHYS: 0x2250040
[net-rx-counters] sample=7 GICV2M_MSI_TYPER: 0x80350040
[net-rx-counters] sample=7 GICV2M_SPI_BASE: 53
[net-rx-counters] sample=7 GICV2M_SPI_COUNT: 64
[net-rx-counters] sample=7 GICV2M_NEXT_INDEX: 4
[net-rx-counters] sample=7 GIC_SPI54_IRQ: 54
[net-rx-counters] sample=7 GIC_SPI54_VERSION: 3
[net-rx-counters] sample=7 GIC_SPI54_ISENABLER_BIT: 0x400000
[net-rx-counters] sample=7 GIC_SPI54_ISPENDR_BIT: 0x0
[net-rx-counters] sample=7 GIC_SPI54_ISACTIVER_BIT: 0x0
[net-rx-counters] sample=7 GIC_SPI54_IGROUPR_BIT: 0x400000
[net-rx-counters] sample=7 GIC_SPI54_PRIORITY: 0xa0
[net-rx-counters] sample=7 GIC_SPI54_ICFGR_REG: 0x2a800
[net-rx-counters] sample=7 GIC_SPI54_IROUTER: 0x0
[net-rx-counters] sample=7 GIC_SPI54_ITARGETSR_BYTE: 0x0
[net-rx-counters] sample=7 GIC_SPI54_GICD_CTLR: 0x53
[net-rx-counters] sample=7 GIC_SPI55_IRQ: 55
[net-rx-counters] sample=7 GIC_SPI55_VERSION: 3
[net-rx-counters] sample=7 GIC_SPI55_ISENABLER_BIT: 0x800000
[net-rx-counters] sample=7 GIC_SPI55_ISPENDR_BIT: 0x0
[net-rx-counters] sample=7 GIC_SPI55_ISACTIVER_BIT: 0x0
[net-rx-counters] sample=7 GIC_SPI55_IGROUPR_BIT: 0x800000
[net-rx-counters] sample=7 GIC_SPI55_PRIORITY: 0xa0
[net-rx-counters] sample=7 GIC_SPI55_ICFGR_REG: 0x2a800
[net-rx-counters] sample=7 GIC_SPI55_IROUTER: 0x0
[net-rx-counters] sample=7 GIC_SPI55_ITARGETSR_BYTE: 0x0
[net-rx-counters] sample=7 GIC_SPI55_GICD_CTLR: 0x53
[net-rx-counters] sample=7 MANUAL_GICV2M_TEST_DONE: 1
[net-rx-counters] sample=7 MANUAL_GICV2M_TEST_IRQ: 55
[net-rx-counters] sample=7 MANUAL_GICV2M_TEST_DOORBELL: 0x2250040
[net-rx-counters] sample=7 MANUAL_GICV2M_TEST_BEFORE_PEND: 0x0
[net-rx-counters] sample=7 MANUAL_GICV2M_TEST_AFTER_WRITE_PEND: 0x800000
[net-rx-counters] sample=7 MANUAL_GICV2M_TEST_AFTER_WAIT_PEND: 0x0
[net-rx-counters] sample=7 MANUAL_GICV2M_TEST_ACK_BEFORE: 0
[net-rx-counters] sample=7 MANUAL_GICV2M_TEST_ACK_AFTER: 1
[net-rx-counters] sample=7 MANUAL_GICV2M_TEST_MSI_BEFORE: 0
[net-rx-counters] sample=7 MANUAL_GICV2M_TEST_MSI_AFTER: 1
[net-rx-counters] sample=7 NET_PCI_DEVICE_STATUS: 0xf
[net-rx-counters] sample=7 NET_PCI_ISR_STATUS: 0x0
[net-rx-counters] sample=7 NET_PCI_DEVICE_FEATURES: 0x6187bfa3
[net-rx-counters] sample=7 NET_PCI_GUEST_FEATURES: 0x10020
[net-rx-counters] sample=7 NET_PCI_RX_QUEUE_PFN: 0x4123b
[net-rx-counters] sample=7 NET_PCI_TX_QUEUE_PFN: 0x4123e
[net-rx-counters] sample=7 NET_PCI_RX_QUEUE_SIZE: 256
[net-rx-counters] sample=7 NET_PCI_TX_QUEUE_SIZE: 256
[net-rx-counters] sample=7 NET_PCI_RX_QUEUE_ALIGN: 4096
[net-rx-counters] sample=7 NET_PCI_RX_QUEUE_VECTOR: 0x0
[net-rx-counters] sample=7 NET_PCI_TX_QUEUE_VECTOR: 0xffff
[net-rx-counters] sample=7 NET_PCI_RX_AVAIL_FLAGS: 0x0
[net-rx-counters] sample=7 NET_PCI_RX_AVAIL_IDX: 52
[net-rx-counters] sample=7 NET_PCI_RX_USED_FLAGS: 0x1
[net-rx-counters] sample=7 NET_PCI_RX_USED_IDX: 13
[net-rx-counters] sample=7 NET_PCI_RX_LAST_USED_IDX: 13
[net-rx-counters] sample=7 NET_PCI_RX_POSTED_GAP: 39
[net-rx-counters] sample=7 NET_PCI_RX_DESC0: addr=0x4126aa00 len=1524 flags=0x2
[net-rx-counters] sample=7 NET_PCI_RX_DESC1: addr=0x4126b000 len=1524 flags=0x2
[net-rx-counters] sample=7 NET_PCI_RX_DESC2: addr=0x4126b600 len=1524 flags=0x2
[net-rx-counters] sample=7 NET_PCI_RX_DESC3: addr=0x4126bc00 len=1524 flags=0x2
[net-rx-counters] sample=7 NET_PCI_RX_RING_HEADS: 0,1,2,3
[net-rx-counters] sample=7 NET_RX_PROCESSING_HELD: 0
[net-rx-counters] sample=7 NET_RX_PENDING_WHILE_PROCESSING: 0
[net-rx-counters] sample=7 NET_PCI_RX_REARM_SAMPLE_SEQ: 22
[net-rx-counters] sample=7 NET_PCI_RX_REARM_SAMPLE0: used_idx=12 last_used_idx=12 avail_flags=0x0 raced=0
[net-rx-counters] sample=7 NET_PCI_RX_REARM_SAMPLE1: used_idx=13 last_used_idx=13 avail_flags=0x0 raced=0
[net-rx-counters] sample=7 NET_PCI_RX_REARM_SAMPLE2: used_idx=10 last_used_idx=10 avail_flags=0x0 raced=0
[net-rx-counters] sample=7 NET_PCI_RX_REARM_SAMPLE3: used_idx=11 last_used_idx=11 avail_flags=0x0 raced=0
[net-rx-counters] sample=7 NET_PCI_RX_SOFTIRQ_ENTRY_SAMPLE: used_idx=13 last_used_idx=12 avail_flags=0x1 raced=0
[net-rx-counters] sample=7 NET_PCI_RX_SOFTIRQ_EXIT_SAMPLE: used_idx=13 last_used_idx=13 avail_flags=0x0 raced=0
[net-rx-counters] sample=7 end
[bwm-fps] frames_since_last=216 elapsed_ms=1003 instantaneous_fps=215
[heartbeat] tid=12 uptime_ms=81420 kbd_nonzero=0
[bwm-fps] frames_since_last=202 elapsed_ms=1001 instantaneous_fps=201
[heartbeat] tid=12 uptime_ms=82420 kbd_nonzero=0
[bwm-fps] frames_since_last=215 elapsed_ms=1004 instantaneous_fps=214
[heartbeat] tid=12 uptime_ms=83421 kbd_nonzero=0
[bwm-fps] frames_since_last=209 elapsed_ms=1004 instantaneous_fps=208
[heartbeat] tid=12 uptime_ms=84422 kbd_nonzero=0
[bwm-fps] frames_since_last=210 elapsed_ms=1005 instantaneous_fps=208
[heartbeat] tid=12 uptime_ms=85422 kbd_nonzero=0
[bwm-fps] frames_since_last=205 elapsed_ms=1005 instantaneous_fps=203
[heartbeat] tid=12 uptime_ms=86423 kbd_nonzero=0
[bwm-fps] frames_since_last=218 elapsed_ms=1001 instantaneous_fps=217
[heartbeat] tid=12 uptime_ms=87423 kbd_nonzero=0
[bwm-fps] frames_since_last=241 elapsed_ms=1003 instantaneous_fps=240
[heartbeat] tid=12 uptime_ms=88426 kbd_nonzero=0
[bwm-fps] frames_since_last=228 elapsed_ms=1002 instantaneous_fps=227
[heartbeat] tid=12 uptime_ms=89426 kbd_nonzero=0
[bwm-fps] frames_since_last=246 elapsed_ms=1002 instantaneous_fps=245
[heartbeat] tid=12 uptime_ms=90428 kbd_nonzero=0
[PT_ROOT_CUSTODY:no_proof=11:no_arch=0:terminated=0:undecided=0:mid_retire=0:retired=3]
[TOMBSTONE_CENSUS:resident=0:removed=13:reap_second=13:retire_second=0:abandoned_unqueued=0]
[TTBR0_ASID_CENSUS:untagged=0:tagged=286043:kernel=140647:cleared=358437]
[net-rx-counters] sample=8 begin
[net-rx-counters] sample=8 NET_RX_MSI_TOTAL: 12 (cpu0=12)
[net-rx-counters] sample=8 NET_RX_RING_DRAIN_TOTAL: 13 (cpu0=13)
[net-rx-counters] sample=8 NET_RX_FRAME_TOTAL: 13 (cpu0=13)
[net-rx-counters] sample=8 NET_RX_ARP_TOTAL: 2 (cpu0=2)
[net-rx-counters] sample=8 NET_RX_ETHERTYPE_OTHER_TOTAL: 1 (cpu0=1)
[net-rx-counters] sample=8 NET_RX_SOFTIRQ_ENTRY_TOTAL: 21 (cpu0=13, cpu1=1, cpu2=4, cpu3=2, cpu4=1)
[net-rx-counters] sample=8 NET_RX_SOFTIRQ_EXIT_TOTAL: 21 (cpu0=13, cpu1=1, cpu2=4, cpu3=2, cpu4=1)
[net-rx-counters] sample=8 NET_RX_REENTRANT_SKIP_TOTAL: 0
[net-rx-counters] sample=8 NET_RX_GUARD_RELEASE_TOTAL: 22 (cpu0=14, cpu1=1, cpu2=4, cpu3=2, cpu4=1)
[net-rx-counters] sample=8 NET_RX_REARM_CHECK_TOTAL: 22 (cpu0=14, cpu1=1, cpu2=4, cpu3=2, cpu4=1)
[net-rx-counters] sample=8 NET_RX_REARM_RACE_TOTAL: 0
[net-rx-counters] sample=8 NET_RX_REARM_ARMED_TOTAL: 22 (cpu0=14, cpu1=1, cpu2=4, cpu3=2, cpu4=1)
[net-rx-counters] sample=8 NET_PCI_IRQ_RAISED_NETRX: 12 (cpu0=12)
[net-rx-counters] sample=8 GIC_SPI55_ACK_TOTAL: 12 (cpu0=12)
[net-rx-counters] sample=8 GICV2M_BASE_PHYS: 0x2250000
[net-rx-counters] sample=8 GICV2M_DOORBELL_PHYS: 0x2250040
[net-rx-counters] sample=8 GICV2M_MSI_TYPER: 0x80350040
[net-rx-counters] sample=8 GICV2M_SPI_BASE: 53
[net-rx-counters] sample=8 GICV2M_SPI_COUNT: 64
[net-rx-counters] sample=8 GICV2M_NEXT_INDEX: 4
[net-rx-counters] sample=8 GIC_SPI54_IRQ: 54
[net-rx-counters] sample=8 GIC_SPI54_VERSION: 3
[net-rx-counters] sample=8 GIC_SPI54_ISENABLER_BIT: 0x400000
[net-rx-counters] sample=8 GIC_SPI54_ISPENDR_BIT: 0x0
[net-rx-counters] sample=8 GIC_SPI54_ISACTIVER_BIT: 0x0
[net-rx-counters] sample=8 GIC_SPI54_IGROUPR_BIT: 0x400000
[net-rx-counters] sample=8 GIC_SPI54_PRIORITY: 0xa0
[net-rx-counters] sample=8 GIC_SPI54_ICFGR_REG: 0x2a800
[net-rx-counters] sample=8 GIC_SPI54_IROUTER: 0x0
[net-rx-counters] sample=8 GIC_SPI54_ITARGETSR_BYTE: 0x0
[net-rx-counters] sample=8 GIC_SPI54_GICD_CTLR: 0x53
[net-rx-counters] sample=8 GIC_SPI55_IRQ: 55
[net-rx-counters] sample=8 GIC_SPI55_VERSION: 3
[net-rx-counters] sample=8 GIC_SPI55_ISENABLER_BIT: 0x800000
[net-rx-counters] sample=8 GIC_SPI55_ISPENDR_BIT: 0x0
[net-rx-counters] sample=8 GIC_SPI55_ISACTIVER_BIT: 0x0
[net-rx-counters] sample=8 GIC_SPI55_IGROUPR_BIT: 0x800000
[net-rx-counters] sample=8 GIC_SPI55_PRIORITY: 0xa0
[net-rx-counters] sample=8 GIC_SPI55_ICFGR_REG: 0x2a800
[net-rx-counters] sample=8 GIC_SPI55_IROUTER: 0x0
[net-rx-counters] sample=8 GIC_SPI55_ITARGETSR_BYTE: 0x0
[net-rx-counters] sample=8 GIC_SPI55_GICD_CTLR: 0x53
[net-rx-counters] sample=8 MANUAL_GICV2M_TEST_DONE: 1
[net-rx-counters] sample=8 MANUAL_GICV2M_TEST_IRQ: 55
[net-rx-counters] sample=8 MANUAL_GICV2M_TEST_DOORBELL: 0x2250040
[net-rx-counters] sample=8 MANUAL_GICV2M_TEST_BEFORE_PEND: 0x0
[net-rx-counters] sample=8 MANUAL_GICV2M_TEST_AFTER_WRITE_PEND: 0x800000
[net-rx-counters] sample=8 MANUAL_GICV2M_TEST_AFTER_WAIT_PEND: 0x0
[net-rx-counters] sample=8 MANUAL_GICV2M_TEST_ACK_BEFORE: 0
[net-rx-counters] sample=8 MANUAL_GICV2M_TEST_ACK_AFTER: 1
[net-rx-counters] sample=8 MANUAL_GICV2M_TEST_MSI_BEFORE: 0
[net-rx-counters] sample=8 MANUAL_GICV2M_TEST_MSI_AFTER: 1
[net-rx-counters] sample=8 NET_PCI_DEVICE_STATUS: 0xf
[net-rx-counters] sample=8 NET_PCI_ISR_STATUS: 0x0
[net-rx-counters] sample=8 NET_PCI_DEVICE_FEATURES: 0x6187bfa3
[net-rx-counters] sample=8 NET_PCI_GUEST_FEATURES: 0x10020
[net-rx-counters] sample=8 NET_PCI_RX_QUEUE_PFN: 0x4123b
[net-rx-counters] sample=8 NET_PCI_TX_QUEUE_PFN: 0x4123e
[net-rx-counters] sample=8 NET_PCI_RX_QUEUE_SIZE: 256
[net-rx-counters] sample=8 NET_PCI_TX_QUEUE_SIZE: 256
[net-rx-counters] sample=8 NET_PCI_RX_QUEUE_ALIGN: 4096
[net-rx-counters] sample=8 NET_PCI_RX_QUEUE_VECTOR: 0x0
[net-rx-counters] sample=8 NET_PCI_TX_QUEUE_VECTOR: 0xffff
[net-rx-counters] sample=8 NET_PCI_RX_AVAIL_FLAGS: 0x0
[net-rx-counters] sample=8 NET_PCI_RX_AVAIL_IDX: 52
[net-rx-counters] sample=8 NET_PCI_RX_USED_FLAGS: 0x1
[net-rx-counters] sample=8 NET_PCI_RX_USED_IDX: 13
[net-rx-counters] sample=8 NET_PCI_RX_LAST_USED_IDX: 13
[net-rx-counters] sample=8 NET_PCI_RX_POSTED_GAP: 39
[net-rx-counters] sample=8 NET_PCI_RX_DESC0: addr=0x4126aa00 len=1524 flags=0x2
[net-rx-counters] sample=8 NET_PCI_RX_DESC1: addr=0x4126b000 len=1524 flags=0x2
[net-rx-counters] sample=8 NET_PCI_RX_DESC2: addr=0x4126b600 len=1524 flags=0x2
[net-rx-counters] sample=8 NET_PCI_RX_DESC3: addr=0x4126bc00 len=1524 flags=0x2
[net-rx-counters] sample=8 NET_PCI_RX_RING_HEADS: 0,1,2,3
[net-rx-counters] sample=8 NET_RX_PROCESSING_HELD: 0
[net-rx-counters] sample=8 NET_RX_PENDING_WHILE_PROCESSING: 0
[net-rx-counters] sample=8 NET_PCI_RX_REARM_SAMPLE_SEQ: 22
[net-rx-counters] sample=8 NET_PCI_RX_REARM_SAMPLE0: used_idx=12 last_used_idx=12 avail_flags=0x0 raced=0
[net-rx-counters] sample=8 NET_PCI_RX_REARM_SAMPLE1: used_idx=13 last_used_idx=13 avail_flags=0x0 raced=0
[net-rx-counters] sample=8 NET_PCI_RX_REARM_SAMPLE2: used_idx=10 last_used_idx=10 avail_flags=0x0 raced=0
[net-rx-counters] sample=8 NET_PCI_RX_REARM_SAMPLE3: used_idx=11 last_used_idx=11 avail_flags=0x0 raced=0
[net-rx-counters] sample=8 NET_PCI_RX_SOFTIRQ_ENTRY_SAMPLE: used_idx=13 last_used_idx=12 avail_flags=0x1 raced=0
[net-rx-counters] sample=8 NET_PCI_RX_SOFTIRQ_EXIT_SAMPLE: used_idx=13 last_used_idx=13 avail_flags=0x0 raced=0
[net-rx-counters] sample=8 end
[bwm-fps] frames_since_last=243 elapsed_ms=1002 instantaneous_fps=242
[heartbeat] tid=12 uptime_ms=91452 kbd_nonzero=0
[bwm-fps] frames_since_last=229 elapsed_ms=1002 instantaneous_fps=228
[heartbeat] tid=12 uptime_ms=92453 kbd_nonzero=0
[bwm-fps] frames_since_last=241 elapsed_ms=1003 instantaneous_fps=240
[heartbeat] tid=12 uptime_ms=93454 kbd_nonzero=0
[bwm-fps] frames_since_last=237 elapsed_ms=1000 instantaneous_fps=237
[heartbeat] tid=12 uptime_ms=94454 kbd_nonzero=0
[bwm-fps] frames_since_last=232 elapsed_ms=1004 instantaneous_fps=231
[heartbeat] tid=12 uptime_ms=95454 kbd_nonzero=0
[bwm-fps] frames_since_last=209 elapsed_ms=1001 instantaneous_fps=208
[heartbeat] tid=12 uptime_ms=96455 kbd_nonzero=0
[bwm-fps] frames_since_last=221 elapsed_ms=1001 instantaneous_fps=220
[heartbeat] tid=12 uptime_ms=97455 kbd_nonzero=0
[bwm-fps] frames_since_last=232 elapsed_ms=1003 instantaneous_fps=231
[heartbeat] tid=12 uptime_ms=98455 kbd_nonzero=0
[bwm-fps] frames_since_last=238 elapsed_ms=1003 instantaneous_fps=237
[heartbeat] tid=12 uptime_ms=99456 kbd_nonzero=0
[bwm-fps] frames_since_last=237 elapsed_ms=1003 instantaneous_fps=236
[heartbeat] tid=12 uptime_ms=100456 kbd_nonzero=0
[PT_ROOT_CUSTODY:no_proof=11:no_arch=0:terminated=0:undecided=0:mid_retire=0:retired=3]
[TOMBSTONE_CENSUS:resident=0:removed=13:reap_second=13:retire_second=0:abandoned_unqueued=0]
[TTBR0_ASID_CENSUS:untagged=0:tagged=320245:kernel=157531:cleared=401570]
[net-rx-counters] sample=9 begin
[net-rx-counters] sample=9 NET_RX_MSI_TOTAL: 12 (cpu0=12)
[net-rx-counters] sample=9 NET_RX_RING_DRAIN_TOTAL: 13 (cpu0=13)
[net-rx-counters] sample=9 NET_RX_FRAME_TOTAL: 13 (cpu0=13)
[net-rx-counters] sample=9 NET_RX_ARP_TOTAL: 2 (cpu0=2)
[net-rx-counters] sample=9 NET_RX_ETHERTYPE_OTHER_TOTAL: 1 (cpu0=1)
[net-rx-counters] sample=9 NET_RX_SOFTIRQ_ENTRY_TOTAL: 21 (cpu0=13, cpu1=1, cpu2=4, cpu3=2, cpu4=1)
[net-rx-counters] sample=9 NET_RX_SOFTIRQ_EXIT_TOTAL: 21 (cpu0=13, cpu1=1, cpu2=4, cpu3=2, cpu4=1)
[net-rx-counters] sample=9 NET_RX_REENTRANT_SKIP_TOTAL: 0
[net-rx-counters] sample=9 NET_RX_GUARD_RELEASE_TOTAL: 22 (cpu0=14, cpu1=1, cpu2=4, cpu3=2, cpu4=1)
[net-rx-counters] sample=9 NET_RX_REARM_CHECK_TOTAL: 22 (cpu0=14, cpu1=1, cpu2=4, cpu3=2, cpu4=1)
[net-rx-counters] sample=9 NET_RX_REARM_RACE_TOTAL: 0
[net-rx-counters] sample=9 NET_RX_REARM_ARMED_TOTAL: 22 (cpu0=14, cpu1=1, cpu2=4, cpu3=2, cpu4=1)
[net-rx-counters] sample=9 NET_PCI_IRQ_RAISED_NETRX: 12 (cpu0=12)
[net-rx-counters] sample=9 GIC_SPI55_ACK_TOTAL: 12 (cpu0=12)
[net-rx-counters] sample=9 GICV2M_BASE_PHYS: 0x2250000
[net-rx-counters] sample=9 GICV2M_DOORBELL_PHYS: 0x2250040
[net-rx-counters] sample=9 GICV2M_MSI_TYPER: 0x80350040
[net-rx-counters] sample=9 GICV2M_SPI_BASE: 53
[net-rx-counters] sample=9 GICV2M_SPI_COUNT: 64
[net-rx-counters] sample=9 GICV2M_NEXT_INDEX: 4
[net-rx-counters] sample=9 GIC_SPI54_IRQ: 54
[net-rx-counters] sample=9 GIC_SPI54_VERSION: 3
[net-rx-counters] sample=9 GIC_SPI54_ISENABLER_BIT: 0x400000
[net-rx-counters] sample=9 GIC_SPI54_ISPENDR_BIT: 0x0
[net-rx-counters] sample=9 GIC_SPI54_ISACTIVER_BIT: 0x0
[net-rx-counters] sample=9 GIC_SPI54_IGROUPR_BIT: 0x400000
[net-rx-counters] sample=9 GIC_SPI54_PRIORITY: 0xa0
[net-rx-counters] sample=9 GIC_SPI54_ICFGR_REG: 0x2a800
[net-rx-counters] sample=9 GIC_SPI54_IROUTER: 0x0
[net-rx-counters] sample=9 GIC_SPI54_ITARGETSR_BYTE: 0x0
[net-rx-counters] sample=9 GIC_SPI54_GICD_CTLR: 0x53
[net-rx-counters] sample=9 GIC_SPI55_IRQ: 55
[net-rx-counters] sample=9 GIC_SPI55_VERSION: 3
[net-rx-counters] sample=9 GIC_SPI55_ISENABLER_BIT: 0x800000
[net-rx-counters] sample=9 GIC_SPI55_ISPENDR_BIT: 0x0
[net-rx-counters] sample=9 GIC_SPI55_ISACTIVER_BIT: 0x0
[net-rx-counters] sample=9 GIC_SPI55_IGROUPR_BIT: 0x800000
[net-rx-counters] sample=9 GIC_SPI55_PRIORITY: 0xa0
[net-rx-counters] sample=9 GIC_SPI55_ICFGR_REG: 0x2a800
[net-rx-counters] sample=9 GIC_SPI55_IROUTER: 0x0
[net-rx-counters] sample=9 GIC_SPI55_ITARGETSR_BYTE: 0x0
[net-rx-counters] sample=9 GIC_SPI55_GICD_CTLR: 0x53
[net-rx-counters] sample=9 MANUAL_GICV2M_TEST_DONE: 1
[net-rx-counters] sample=9 MANUAL_GICV2M_TEST_IRQ: 55
[net-rx-counters] sample=9 MANUAL_GICV2M_TEST_DOORBELL: 0x2250040
[net-rx-counters] sample=9 MANUAL_GICV2M_TEST_BEFORE_PEND: 0x0
[net-rx-counters] sample=9 MANUAL_GICV2M_TEST_AFTER_WRITE_PEND: 0x800000
[net-rx-counters] sample=9 MANUAL_GICV2M_TEST_AFTER_WAIT_PEND: 0x0
[net-rx-counters] sample=9 MANUAL_GICV2M_TEST_ACK_BEFORE: 0
[net-rx-counters] sample=9 MANUAL_GICV2M_TEST_ACK_AFTER: 1
[net-rx-counters] sample=9 MANUAL_GICV2M_TEST_MSI_BEFORE: 0
[net-rx-counters] sample=9 MANUAL_GICV2M_TEST_MSI_AFTER: 1
[net-rx-counters] sample=9 NET_PCI_DEVICE_STATUS: 0xf
[net-rx-counters] sample=9 NET_PCI_ISR_STATUS: 0x0
[net-rx-counters] sample=9 NET_PCI_DEVICE_FEATURES: 0x6187bfa3
[net-rx-counters] sample=9 NET_PCI_GUEST_FEATURES: 0x10020
[net-rx-counters] sample=9 NET_PCI_RX_QUEUE_PFN: 0x4123b
[net-rx-counters] sample=9 NET_PCI_TX_QUEUE_PFN: 0x4123e
[net-rx-counters] sample=9 NET_PCI_RX_QUEUE_SIZE: 256
[net-rx-counters] sample=9 NET_PCI_TX_QUEUE_SIZE: 256
[net-rx-counters] sample=9 NET_PCI_RX_QUEUE_ALIGN: 4096
[net-rx-counters] sample=9 NET_PCI_RX_QUEUE_VECTOR: 0x0
[net-rx-counters] sample=9 NET_PCI_TX_QUEUE_VECTOR: 0xffff
[net-rx-counters] sample=9 NET_PCI_RX_AVAIL_FLAGS: 0x0
[net-rx-counters] sample=9 NET_PCI_RX_AVAIL_IDX: 52
[net-rx-counters] sample=9 NET_PCI_RX_USED_FLAGS: 0x1
[net-rx-counters] sample=9 NET_PCI_RX_USED_IDX: 13
[net-rx-counters] sample=9 NET_PCI_RX_LAST_USED_IDX: 13
[net-rx-counters] sample=9 NET_PCI_RX_POSTED_GAP: 39
[net-rx-counters] sample=9 NET_PCI_RX_DESC0: addr=0x4126aa00 len=1524 flags=0x2
[net-rx-counters] sample=9 NET_PCI_RX_DESC1: addr=0x4126b000 len=1524 flags=0x2
[net-rx-counters] sample=9 NET_PCI_RX_DESC2: addr=0x4126b600 len=1524 flags=0x2
[net-rx-counters] sample=9 NET_PCI_RX_DESC3: addr=0x4126bc00 len=1524 flags=0x2
[net-rx-counters] sample=9 NET_PCI_RX_RING_HEADS: 0,1,2,3
[net-rx-counters] sample=9 NET_RX_PROCESSING_HELD: 0
[net-rx-counters] sample=9 NET_RX_PENDING_WHILE_PROCESSING: 0
[net-rx-counters] sample=9 NET_PCI_RX_REARM_SAMPLE_SEQ: 22
[net-rx-counters] sample=9 NET_PCI_RX_REARM_SAMPLE0: used_idx=12 last_used_idx=12 avail_flags=0x0 raced=0
[net-rx-counters] sample=9 NET_PCI_RX_REARM_SAMPLE1: used_idx=13 last_used_idx=13 avail_flags=0x0 raced=0
[net-rx-counters] sample=9 NET_PCI_RX_REARM_SAMPLE2: used_idx=10 last_used_idx=10 avail_flags=0x0 raced=0
[net-rx-counters] sample=9 NET_PCI_RX_REARM_SAMPLE3: used_idx=11 last_used_idx=11 avail_flags=0x0 raced=0
[net-rx-counters] sample=9 NET_PCI_RX_SOFTIRQ_ENTRY_SAMPLE: used_idx=13 last_used_idx=12 avail_flags=0x1 raced=0
[net-rx-counters] sample=9 NET_PCI_RX_SOFTIRQ_EXIT_SAMPLE: used_idx=13 last_used_idx=13 avail_flags=0x0 raced=0
[net-rx-counters] sample=9 end
[bwm-fps] frames_since_last=238 elapsed_ms=1000 instantaneous_fps=238
[heartbeat] tid=12 uptime_ms=101476 kbd_nonzero=0
[bwm-fps] frames_since_last=234 elapsed_ms=1000 instantaneous_fps=234
[heartbeat] tid=12 uptime_ms=102477 kbd_nonzero=0
[bwm-fps] frames_since_last=239 elapsed_ms=1000 instantaneous_fps=239
[heartbeat] tid=12 uptime_ms=103478 kbd_nonzero=0
[bwm-fps] frames_since_last=226 elapsed_ms=1002 instantaneous_fps=225
[heartbeat] tid=12 uptime_ms=104478 kbd_nonzero=0
[bwm-fps] frames_since_last=245 elapsed_ms=1003 instantaneous_fps=244
[heartbeat] tid=12 uptime_ms=105479 kbd_nonzero=0
[bwm-fps] frames_since_last=249 elapsed_ms=1002 instantaneous_fps=248
[heartbeat] tid=12 uptime_ms=106480 kbd_nonzero=0
[bwm-fps] frames_since_last=241 elapsed_ms=1005 instantaneous_fps=239
[heartbeat] tid=12 uptime_ms=107481 kbd_nonzero=0
[bwm-fps] frames_since_last=226 elapsed_ms=1004 instantaneous_fps=225
[heartbeat] tid=12 uptime_ms=108481 kbd_nonzero=0
[bwm-fps] frames_since_last=192 elapsed_ms=1006 instantaneous_fps=190
[heartbeat] tid=12 uptime_ms=109482 kbd_nonzero=0
[bwm-fps] frames_since_last=207 elapsed_ms=1003 instantaneous_fps=206
[heartbeat] tid=12 uptime_ms=110483 kbd_nonzero=0
[PT_ROOT_CUSTODY:no_proof=11:no_arch=0:terminated=0:undecided=0:mid_retire=0:retired=3]
[TOMBSTONE_CENSUS:resident=0:removed=13:reap_second=13:retire_second=0:abandoned_unqueued=0]
[TTBR0_ASID_CENSUS:untagged=0:tagged=354110:kernel=174235:cleared=444230]
[net-rx-counters] sample=10 begin
[net-rx-counters] sample=10 NET_RX_MSI_TOTAL: 13 (cpu0=13)
[net-rx-counters] sample=10 NET_RX_RING_DRAIN_TOTAL: 14 (cpu0=14)
[net-rx-counters] sample=10 NET_RX_FRAME_TOTAL: 14 (cpu0=14)
[net-rx-counters] sample=10 NET_RX_ARP_TOTAL: 2 (cpu0=2)
[net-rx-counters] sample=10 NET_RX_ETHERTYPE_OTHER_TOTAL: 1 (cpu0=1)
[net-rx-counters] sample=10 NET_RX_SOFTIRQ_ENTRY_TOTAL: 22 (cpu0=14, cpu1=1, cpu2=4, cpu3=2, cpu4=1)
[net-rx-counters] sample=10 NET_RX_SOFTIRQ_EXIT_TOTAL: 22 (cpu0=14, cpu1=1, cpu2=4, cpu3=2, cpu4=1)
[net-rx-counters] sample=10 NET_RX_REENTRANT_SKIP_TOTAL: 0
[net-rx-counters] sample=10 NET_RX_GUARD_RELEASE_TOTAL: 23 (cpu0=15, cpu1=1, cpu2=4, cpu3=2, cpu4=1)
[net-rx-counters] sample=10 NET_RX_REARM_CHECK_TOTAL: 23 (cpu0=15, cpu1=1, cpu2=4, cpu3=2, cpu4=1)
[net-rx-counters] sample=10 NET_RX_REARM_RACE_TOTAL: 0
[net-rx-counters] sample=10 NET_RX_REARM_ARMED_TOTAL: 23 (cpu0=15, cpu1=1, cpu2=4, cpu3=2, cpu4=1)
[net-rx-counters] sample=10 NET_PCI_IRQ_RAISED_NETRX: 13 (cpu0=13)
[net-rx-counters] sample=10 GIC_SPI55_ACK_TOTAL: 13 (cpu0=13)
[net-rx-counters] sample=10 GICV2M_BASE_PHYS: 0x2250000
[net-rx-counters] sample=10 GICV2M_DOORBELL_PHYS: 0x2250040
[net-rx-counters] sample=10 GICV2M_MSI_TYPER: 0x80350040
[net-rx-counters] sample=10 GICV2M_SPI_BASE: 53
[net-rx-counters] sample=10 GICV2M_SPI_COUNT: 64
[net-rx-counters] sample=10 GICV2M_NEXT_INDEX: 4
[net-rx-counters] sample=10 GIC_SPI54_IRQ: 54
[net-rx-counters] sample=10 GIC_SPI54_VERSION: 3
[net-rx-counters] sample=10 GIC_SPI54_ISENABLER_BIT: 0x400000
[net-rx-counters] sample=10 GIC_SPI54_ISPENDR_BIT: 0x0
[net-rx-counters] sample=10 GIC_SPI54_ISACTIVER_BIT: 0x0
[net-rx-counters] sample=10 GIC_SPI54_IGROUPR_BIT: 0x400000
[net-rx-counters] sample=10 GIC_SPI54_PRIORITY: 0xa0
[net-rx-counters] sample=10 GIC_SPI54_ICFGR_REG: 0x2a800
[net-rx-counters] sample=10 GIC_SPI54_IROUTER: 0x0
[net-rx-counters] sample=10 GIC_SPI54_ITARGETSR_BYTE: 0x0
[net-rx-counters] sample=10 GIC_SPI54_GICD_CTLR: 0x53
[net-rx-counters] sample=10 GIC_SPI55_IRQ: 55
[net-rx-counters] sample=10 GIC_SPI55_VERSION: 3
[net-rx-counters] sample=10 GIC_SPI55_ISENABLER_BIT: 0x800000
[net-rx-counters] sample=10 GIC_SPI55_ISPENDR_BIT: 0x0
[net-rx-counters] sample=10 GIC_SPI55_ISACTIVER_BIT: 0x0
[net-rx-counters] sample=10 GIC_SPI55_IGROUPR_BIT: 0x800000
[net-rx-counters] sample=10 GIC_SPI55_PRIORITY: 0xa0
[net-rx-counters] sample=10 GIC_SPI55_ICFGR_REG: 0x2a800
[net-rx-counters] sample=10 GIC_SPI55_IROUTER: 0x0
[net-rx-counters] sample=10 GIC_SPI55_ITARGETSR_BYTE: 0x0
[net-rx-counters] sample=10 GIC_SPI55_GICD_CTLR: 0x53
[net-rx-counters] sample=10 MANUAL_GICV2M_TEST_DONE: 1
[net-rx-counters] sample=10 MANUAL_GICV2M_TEST_IRQ: 55
[net-rx-counters] sample=10 MANUAL_GICV2M_TEST_DOORBELL: 0x2250040
[net-rx-counters] sample=10 MANUAL_GICV2M_TEST_BEFORE_PEND: 0x0
[net-rx-counters] sample=10 MANUAL_GICV2M_TEST_AFTER_WRITE_PEND: 0x800000
[net-rx-counters] sample=10 MANUAL_GICV2M_TEST_AFTER_WAIT_PEND: 0x0
[net-rx-counters] sample=10 MANUAL_GICV2M_TEST_ACK_BEFORE: 0
[net-rx-counters] sample=10 MANUAL_GICV2M_TEST_ACK_AFTER: 1
[net-rx-counters] sample=10 MANUAL_GICV2M_TEST_MSI_BEFORE: 0
[net-rx-counters] sample=10 MANUAL_GICV2M_TEST_MSI_AFTER: 1
[net-rx-counters] sample=10 NET_PCI_DEVICE_STATUS: 0xf
[net-rx-counters] sample=10 NET_PCI_ISR_STATUS: 0x0
[net-rx-counters] sample=10 NET_PCI_DEVICE_FEATURES: 0x6187bfa3
[net-rx-counters] sample=10 NET_PCI_GUEST_FEATURES: 0x10020
[net-rx-counters] sample=10 NET_PCI_RX_QUEUE_PFN: 0x4123b
[net-rx-counters] sample=10 NET_PCI_TX_QUEUE_PFN: 0x4123e
[net-rx-counters] sample=10 NET_PCI_RX_QUEUE_SIZE: 256
[net-rx-counters] sample=10 NET_PCI_TX_QUEUE_SIZE: 256
[net-rx-counters] sample=10 NET_PCI_RX_QUEUE_ALIGN: 4096
[net-rx-counters] sample=10 NET_PCI_RX_QUEUE_VECTOR: 0x0
[net-rx-counters] sample=10 NET_PCI_TX_QUEUE_VECTOR: 0xffff
[net-rx-counters] sample=10 NET_PCI_RX_AVAIL_FLAGS: 0x0
[net-rx-counters] sample=10 NET_PCI_RX_AVAIL_IDX: 56
[net-rx-counters] sample=10 NET_PCI_RX_USED_FLAGS: 0x1
[net-rx-counters] sample=10 NET_PCI_RX_USED_IDX: 14
[net-rx-counters] sample=10 NET_PCI_RX_LAST_USED_IDX: 14
[net-rx-counters] sample=10 NET_PCI_RX_POSTED_GAP: 42
[net-rx-counters] sample=10 NET_PCI_RX_DESC0: addr=0x4126aa00 len=1524 flags=0x2
[net-rx-counters] sample=10 NET_PCI_RX_DESC1: addr=0x4126b000 len=1524 flags=0x2
[net-rx-counters] sample=10 NET_PCI_RX_DESC2: addr=0x4126b600 len=1524 flags=0x2
[net-rx-counters] sample=10 NET_PCI_RX_DESC3: addr=0x4126bc00 len=1524 flags=0x2
[net-rx-counters] sample=10 NET_PCI_RX_RING_HEADS: 0,1,2,3
[net-rx-counters] sample=10 NET_RX_PROCESSING_HELD: 0
[net-rx-counters] sample=10 NET_RX_PENDING_WHILE_PROCESSING: 0
[net-rx-counters] sample=10 NET_PCI_RX_REARM_SAMPLE_SEQ: 23
[net-rx-counters] sample=10 NET_PCI_RX_REARM_SAMPLE0: used_idx=12 last_used_idx=12 avail_flags=0x0 raced=0
[net-rx-counters] sample=10 NET_PCI_RX_REARM_SAMPLE1: used_idx=13 last_used_idx=13 avail_flags=0x0 raced=0
[net-rx-counters] sample=10 NET_PCI_RX_REARM_SAMPLE2: used_idx=14 last_used_idx=14 avail_flags=0x0 raced=0
[net-rx-counters] sample=10 NET_PCI_RX_REARM_SAMPLE3: used_idx=11 last_used_idx=11 avail_flags=0x0 raced=0
[net-rx-counters] sample=10 NET_PCI_RX_SOFTIRQ_ENTRY_SAMPLE: used_idx=14 last_used_idx=13 avail_flags=0x1 raced=0
[net-rx-counters] sample=10 NET_PCI_RX_SOFTIRQ_EXIT_SAMPLE: used_idx=14 last_used_idx=14 avail_flags=0x0 raced=0
[net-rx-counters] sample=10 end
[bwm-fps] frames_since_last=203 elapsed_ms=1009 instantaneous_fps=201
[heartbeat] tid=12 uptime_ms=111510 kbd_nonzero=0
[bwm-fps] frames_since_last=209 elapsed_ms=1001 instantaneous_fps=208
[heartbeat] tid=12 uptime_ms=112511 kbd_nonzero=0
[bwm-fps] frames_since_last=240 elapsed_ms=1003 instantaneous_fps=239
[heartbeat] tid=12 uptime_ms=113512 kbd_nonzero=0
[bwm-fps] frames_since_last=240 elapsed_ms=1000 instantaneous_fps=240
[heartbeat] tid=12 uptime_ms=114513 kbd_nonzero=0
[bwm-fps] frames_since_last=229 elapsed_ms=1000 instantaneous_fps=229
[heartbeat] tid=12 uptime_ms=115514 kbd_nonzero=0
[bwm-fps] frames_since_last=224 elapsed_ms=1000 instantaneous_fps=224
[heartbeat] tid=12 uptime_ms=116514 kbd_nonzero=0
[bwm-fps] frames_since_last=239 elapsed_ms=1000 instantaneous_fps=239
[heartbeat] tid=12 uptime_ms=117516 kbd_nonzero=0
[bwm-fps] frames_since_last=241 elapsed_ms=1001 instantaneous_fps=240
[heartbeat] tid=12 uptime_ms=118516 kbd_nonzero=0
[bwm-fps] frames_since_last=223 elapsed_ms=1000 instantaneous_fps=223
[heartbeat] tid=12 uptime_ms=119517 kbd_nonzero=0
[bwm-fps] frames_since_last=235 elapsed_ms=1002 instantaneous_fps=234
[heartbeat] tid=12 uptime_ms=120519 kbd_nonzero=0
[bwm-fps] frames_since_last=238 elapsed_ms=1000 instantaneous_fps=238
[heartbeat] tid=12 uptime_ms=121519 kbd_nonzero=0
[bwm-fps] frames_since_last=243 elapsed_ms=1002 instantaneous_fps=242
[heartbeat] tid=12 uptime_ms=122519 kbd_nonzero=0
[bwm-fps] frames_since_last=231 elapsed_ms=1001 instantaneous_fps=230
[heartbeat] tid=12 uptime_ms=123522 kbd_nonzero=0
[bwm-fps] frames_since_last=243 elapsed_ms=1002 instantaneous_fps=242
[heartbeat] tid=12 uptime_ms=124523 kbd_nonzero=0
[bwm-fps] frames_since_last=245 elapsed_ms=1002 instantaneous_fps=244
[heartbeat] tid=12 uptime_ms=125524 kbd_nonzero=0
[bwm-fps] frames_since_last=238 elapsed_ms=1000 instantaneous_fps=238
[heartbeat] tid=12 uptime_ms=126524 kbd_nonzero=0
[bwm-fps] frames_since_last=231 elapsed_ms=1001 instantaneous_fps=230
[heartbeat] tid=12 uptime_ms=127524 kbd_nonzero=0
[bwm-fps] frames_since_last=206 elapsed_ms=1005 instantaneous_fps=204
[heartbeat] tid=12 uptime_ms=128526 kbd_nonzero=0
[bwm-fps] frames_since_last=203 elapsed_ms=1005 instantaneous_fps=201
[heartbeat] tid=12 uptime_ms=129527 kbd_nonzero=0
[bwm-fps] frames_since_last=187 elapsed_ms=1004 instantaneous_fps=186
[heartbeat] tid=12 uptime_ms=130527 kbd_nonzero=0
[bwm-fps] frames_since_last=197 elapsed_ms=1000 instantaneous_fps=197
[heartbeat] tid=12 uptime_ms=131528 kbd_nonzero=0
[bwm-fps] frames_since_last=203 elapsed_ms=1002 instantaneous_fps=202
[heartbeat] tid=12 uptime_ms=132529 kbd_nonzero=0
[bwm-fps] frames_since_last=198 elapsed_ms=1001 instantaneous_fps=197
[heartbeat] tid=12 uptime_ms=133529 kbd_nonzero=0
[bwm-fps] frames_since_last=203 elapsed_ms=1005 instantaneous_fps=201
[heartbeat] tid=12 uptime_ms=134530 kbd_nonzero=0
[bwm-fps] frames_since_last=242 elapsed_ms=1000 instantaneous_fps=242
[heartbeat] tid=12 uptime_ms=135531 kbd_nonzero=0
[bwm-fps] frames_since_last=239 elapsed_ms=1002 instantaneous_fps=238
[heartbeat] tid=12 uptime_ms=136532 kbd_nonzero=0
[bwm-fps] frames_since_last=242 elapsed_ms=1000 instantaneous_fps=242
[heartbeat] tid=12 uptime_ms=137533 kbd_nonzero=0
[bwm-fps] frames_since_last=250 elapsed_ms=1000 instantaneous_fps=250
[heartbeat] tid=12 uptime_ms=138533 kbd_nonzero=0
[bwm-fps] frames_since_last=245 elapsed_ms=1000 instantaneous_fps=245
[heartbeat] tid=12 uptime_ms=139534 kbd_nonzero=0
[bwm-fps] frames_since_last=249 elapsed_ms=1007 instantaneous_fps=247
[heartbeat] tid=12 uptime_ms=140534 kbd_nonzero=0
[heartbeat] tid=12 uptime_ms=141535 kbd_nonzero=0
[bwm-fps] frames_since_last=242 elapsed_ms=1037 instantaneous_fps=233
[heartbeat] tid=12 uptime_ms=142536 kbd_nonzero=0
[bwm-fps] frames_since_last=244 elapsed_ms=1001 instantaneous_fps=243
[heartbeat] tid=12 uptime_ms=143536 kbd_nonzero=0
[bwm-fps] frames_since_last=236 elapsed_ms=1002 instantaneous_fps=235
[heartbeat] tid=12 uptime_ms=144537 kbd_nonzero=0
[bwm-fps] frames_since_last=221 elapsed_ms=1001 instantaneous_fps=220
[heartbeat] tid=12 uptime_ms=145537 kbd_nonzero=0
[bwm-fps] frames_since_last=241 elapsed_ms=1000 instantaneous_fps=241
[heartbeat] tid=12 uptime_ms=146537 kbd_nonzero=0
[bwm-fps] frames_since_last=242 elapsed_ms=1002 instantaneous_fps=241
[heartbeat] tid=12 uptime_ms=147538 kbd_nonzero=0
[bwm-fps] frames_since_last=222 elapsed_ms=1001 instantaneous_fps=221
[heartbeat] tid=12 uptime_ms=148539 kbd_nonzero=0
[bwm-fps] frames_since_last=208 elapsed_ms=1002 instantaneous_fps=207
[heartbeat] tid=12 uptime_ms=149540 kbd_nonzero=0
[bwm-fps] frames_since_last=211 elapsed_ms=1007 instantaneous_fps=209
[heartbeat] tid=12 uptime_ms=150541 kbd_nonzero=0
[bwm-fps] frames_since_last=194 elapsed_ms=1001 instantaneous_fps=193
[heartbeat] tid=12 uptime_ms=151542 kbd_nonzero=0
[bwm-fps] frames_since_last=197 elapsed_ms=1003 instantaneous_fps=196
[heartbeat] tid=12 uptime_ms=152542 kbd_nonzero=0
[bwm-fps] frames_since_last=211 elapsed_ms=1007 instantaneous_fps=209
[heartbeat] tid=12 uptime_ms=153542 kbd_nonzero=0
[bwm-fps] frames_since_last=222 elapsed_ms=1002 instantaneous_fps=221
[heartbeat] tid=12 uptime_ms=154548 kbd_nonzero=0
[bwm-fps] frames_since_last=241 elapsed_ms=1003 instantaneous_fps=240
[heartbeat] tid=12 uptime_ms=155549 kbd_nonzero=0
[bwm-fps] frames_since_last=242 elapsed_ms=1003 instantaneous_fps=241
[heartbeat] tid=12 uptime_ms=156549 kbd_nonzero=0
[bwm-fps] frames_since_last=238 elapsed_ms=1001 instantaneous_fps=237
[heartbeat] tid=12 uptime_ms=157550 kbd_nonzero=0
[bwm-fps] frames_since_last=239 elapsed_ms=1002 instantaneous_fps=238
[heartbeat] tid=12 uptime_ms=158550 kbd_nonzero=0
[bwm-fps] frames_since_last=254 elapsed_ms=1002 instantaneous_fps=253
[heartbeat] tid=12 uptime_ms=159550 kbd_nonzero=0
[bwm-fps] frames_since_last=230 elapsed_ms=1001 instantaneous_fps=229
[heartbeat] tid=12 uptime_ms=160551 kbd_nonzero=0
[bwm-fps] frames_since_last=235 elapsed_ms=1003 instantaneous_fps=234
[heartbeat] tid=12 uptime_ms=161551 kbd_nonzero=0
[bwm-fps] frames_since_last=241 elapsed_ms=1000 instantaneous_fps=241
[heartbeat] tid=12 uptime_ms=162551 kbd_nonzero=0
[bwm-fps] frames_since_last=234 elapsed_ms=1002 instantaneous_fps=233
[heartbeat] tid=12 uptime_ms=163552 kbd_nonzero=0
[bwm-fps] frames_since_last=244 elapsed_ms=1003 instantaneous_fps=243
[heartbeat] tid=12 uptime_ms=164552 kbd_nonzero=0
[bwm-fps] frames_since_last=238 elapsed_ms=1001 instantaneous_fps=237
[heartbeat] tid=12 uptime_ms=165553 kbd_nonzero=0
[bwm-fps] frames_since_last=225 elapsed_ms=1002 instantaneous_fps=224
[heartbeat] tid=12 uptime_ms=166553 kbd_nonzero=0
[bwm-fps] frames_since_last=219 elapsed_ms=1003 instantaneous_fps=218
[heartbeat] tid=12 uptime_ms=167554 kbd_nonzero=0
[bwm-fps] frames_since_last=202 elapsed_ms=1004 instantaneous_fps=201
[heartbeat] tid=12 uptime_ms=168555 kbd_nonzero=0
[bwm-fps] frames_since_last=208 elapsed_ms=1001 instantaneous_fps=207
[heartbeat] tid=12 uptime_ms=169557 kbd_nonzero=0
[bwm-fps] frames_since_last=200 elapsed_ms=1003 instantaneous_fps=199
[heartbeat] tid=12 uptime_ms=170558 kbd_nonzero=0
[bwm-fps] frames_since_last=211 elapsed_ms=1001 instantaneous_fps=210
[heartbeat] tid=12 uptime_ms=171559 kbd_nonzero=0
[bwm-fps] frames_since_last=190 elapsed_ms=1001 instantaneous_fps=189
[heartbeat] tid=12 uptime_ms=172560 kbd_nonzero=0
[bwm-fps] frames_since_last=213 elapsed_ms=1001 instantaneous_fps=212
[heartbeat] tid=12 uptime_ms=173560 kbd_nonzero=0
[bwm-fps] frames_since_last=229 elapsed_ms=1001 instantaneous_fps=228
[heartbeat] tid=12 uptime_ms=174560 kbd_nonzero=0
[bwm-fps] frames_since_last=236 elapsed_ms=1002 instantaneous_fps=235
[heartbeat] tid=12 uptime_ms=175561 kbd_nonzero=0
[bwm-fps] frames_since_last=171 elapsed_ms=1008 instantaneous_fps=169
[heartbeat] tid=12 uptime_ms=176561 kbd_nonzero=0
[bwm-fps] frames_since_last=170 elapsed_ms=1004 instantaneous_fps=169
[heartbeat] tid=12 uptime_ms=177562 kbd_nonzero=0
[bwm-fps] frames_since_last=170 elapsed_ms=1002 instantaneous_fps=169
[heartbeat] tid=12 uptime_ms=178563 kbd_nonzero=0
[bwm-fps] frames_since_last=174 elapsed_ms=1004 instantaneous_fps=173
[heartbeat] tid=12 uptime_ms=179564 kbd_nonzero=0
[bwm-fps] frames_since_last=180 elapsed_ms=1000 instantaneous_fps=180
[heartbeat] tid=12 uptime_ms=180564 kbd_nonzero=0
[bwm-fps] frames_since_last=175 elapsed_ms=1004 instantaneous_fps=174
[heartbeat] tid=12 uptime_ms=181565 kbd_nonzero=0
[bwm-fps] frames_since_last=182 elapsed_ms=1004 instantaneous_fps=181
[heartbeat] tid=12 uptime_ms=182566 kbd_nonzero=0
[bwm-fps] frames_since_last=187 elapsed_ms=1002 instantaneous_fps=186
[heartbeat] tid=12 uptime_ms=183566 kbd_nonzero=0
[bwm-fps] frames_since_last=192 elapsed_ms=1000 instantaneous_fps=192
[heartbeat] tid=12 uptime_ms=184567 kbd_nonzero=0
[bwm-fps] frames_since_last=186 elapsed_ms=1007 instantaneous_fps=184
[heartbeat] tid=12 uptime_ms=185568 kbd_nonzero=0
[bwm-fps] frames_since_last=188 elapsed_ms=1000 instantaneous_fps=188
[heartbeat] tid=12 uptime_ms=186569 kbd_nonzero=0
[bwm-fps] frames_since_last=191 elapsed_ms=1001 instantaneous_fps=190
[heartbeat] tid=12 uptime_ms=187569 kbd_nonzero=0
[bwm-fps] frames_since_last=184 elapsed_ms=1003 instantaneous_fps=183
[heartbeat] tid=12 uptime_ms=188570 kbd_nonzero=0
[bwm-fps] frames_since_last=188 elapsed_ms=1003 instantaneous_fps=187
