[ram] 6 regions:
[ram]   0x40000000 - 0xffff0000 (3071 MB)
[ram]   0x100000000 - 0x140000000 (1024 MB)
[ram]   0x140026000 - 0x23be0f000 (4029 MB)
[ram]   0x23c000000 - 0x23c020000 (0 MB)
[ram]   0x23c080000 - 0x23f550000 (52 MB)
[ram]   0x23f930000 - 0x240000000 (6 MB)
[kern] entry_phys=0x40401a48 load=0x40080000-0x50104000
[gop-serial] UART: base=0x2110000 type=0 (PL011)
[gop-serial] Enumerating GOP display modes:
[gop-serial]   Mode 0: 1024x768 format=BGR
[gop-serial] 1 modes total, best=786432 pixels
[gop-serial] Already at best mode: 1024x768
[gop-serial] Selected: 1024x768 stride=1024 base=0x10000000 size=0x300000
ZZ0000000040401a48BDMTIVL!J>12KPHEOS
========================================
  Breenix ARM64 Kernel Starting
  BUILD_ID: 006a9e5a05133e
========================================

[boot] DIAG_MARKER_XHCI_A
[boot] DIAG_MARKER_XHCI_B
[boot] DIAG_MARKER_XHCI_C
[boot] loader xhci_hcrst_raw=0x0 ecam=0x2300000
[boot] Current exception level: EL1
[boot] MMU already enabled (high-half kernel)
[boot] Initializing memory management (0x44000000-0x50000000)...
[boot] Memory management ready
[boot] Initializing Generic Timer...
[boot] Timer frequency: 24000000 Hz (24 MHz)
[boot] Initializing PL031 RTC...
[boot] Current timestamp: 24421600
[boot] Initializing GIC...
[gic] GICR probe 0x02500000: WAKER=0x00000000 <<< VALID
[gic] GICD_CTLR wrote 0x53, readback=0x53
[gic] GICR_IGROUPR0: wrote 0xFFFFFFFF, readback=0xffffffff
[gic] EOImode=1 (split EOI/DIR) - non-VMware path
[gic] ICC_CTLR_EL1: 0x40400 -> 0x40402 (EOImode=1)
[boot] GIC initialized (version 3)
[boot] Enabling UART interrupts...
[boot] Enabling GIC IRQ 33 (UART0)...
[uart] IMSC: 0x0 -> 0x50 (verify: 0x50)
[uart] FR=0x90 (RXFE=1), RIS=0x20
[gic] IRQ 33 state (GICv3):
  enabled=true, group1=true, pending=false
  priority=0xa0, GICD_CTLR=0x53
  ICC_PMR=0xf0
[boot] UART interrupts enabled
[boot] Enabling interrupts...
[boot] Interrupts enabled: true
[boot] Initializing device drivers...
[drivers] Initializing driver subsystem...
[drivers] PCI ECAM at 0x2300000, enumerating PCI bus...
[drivers] Found 7 PCI devices
[pci] 00:01.0 [8086:293e] class=04/03
[pci]   BAR0: 0x18008000 (16384)
[pci] 00:02.0 [8086:265c] class=0c/03
[pci]   BAR0: 0x18012000 (4096)
[pci]   BAR1: 0x0 (4096)
[pci]   BAR2: 0x0 (4096)
[pci]   BAR3: 0x0 (4096)
[pci]   BAR4: 0x0 (4096)
[pci]   BAR5: 0x0 (4096)
[pci] 00:03.0 [1033:0194] class=0c/03
[pci]   BAR0: 0x18011000 (4096)
[pci]   BAR1: 0x0 (4096)
[pci]   BAR2: 0x0 (4096)
[pci]   BAR3: 0x0 (4096)
[pci]   BAR4: 0x0 (4096)
[pci]   BAR5: 0x0 (4096)
[pci] 00:05.0 [1af4:1000] class=02/00
[pci]   BAR0: 0x18010000 (4096)
[pci]   BAR1: 0x1800f000 (4096)
[pci] 00:09.0 [1ab8:4000] class=ff/00
[pci]   BAR0: 0x1800e000 (4096)
[pci] 00:0a.0 [1af4:1050] class=03/00
[pci]   BAR0: 0x10000000 (134217728)
[pci]   BAR1: 0x1800d000 (4096)
[pci]   BAR4: 0x18004000 (16384)
[pci] 00:0e.0 [1af4:1053] class=07/80
[pci]   BAR1: 0x1800c000 (4096)
[pci]   BAR4: 0x18000000 (16384)
[drivers] Found 2 VirtIO PCI devices
[virtio-gpu-pci] Device features: 0x0000000100000001
[virtio-gpu-pci] VIRGL offered: true
[virtio-gpu-pci] Negotiated: 0x0000000100000001 (VIRGL=true)
[virtio-gpu-pci] VIRGL_ENABLED stored=true, readback=true, addr=0xffff00004127a204
[pci] 00:0a.0: capabilities:
  cap 0x11 (MSI-X) @ 0xb0: dw0=0x0001bc11 dw1=0x00000001
  cap 0x09 (?) @ 0xbc: dw0=0x0410cc09 dw1=0x00000004
  cap 0x09 (?) @ 0xcc: dw0=0x0310dc09 dw1=0x00000004
  cap 0x09 (?) @ 0xdc: dw0=0x0214f009 dw1=0x00000004
  cap 0x09 (?) @ 0xf0: dw0=0x01100009 dw1=0x00000004
[gicv2m] MSI_TYPER raw=0x80350040 -> base_spi=53, num_spi=64
[virtio-gpu-pci] MSI-X cap at 0xb0: 2 vectors
[virtio-gpu-pci] MSI-X diag: cap=0xb0 table_bar=1 table_off=0x0 doorbell=0x2250040 vectors=2
[virtio-gpu-pci] MSI-X entry0: addr_hi=0x0 addr_lo=0x2250040 data=0x35 vector_ctrl=0x0
[virtio-gpu-pci] MSI-X entry1: addr_hi=0x0 addr_lo=0x2250040 data=0x36 vector_ctrl=0x0
[virtio-gpu-pci] MSI-X enabled: config_spi=53 queue_spi=54 doorbell=0x2250040 vectors=2
[virtio-gpu-pci] config_msix_vector: wrote=0x0 readback=0x0
[virtio-gpu-pci] Device has 2 queues
[virtio-gpu-pci] Queue 0 msix_vector: wrote=0x1 readback=0x1
[virtio-gpu-pci] Queue 1 msix_vector: wrote=0x1 readback=0x1
[virtio-gpu-pci] Cursor queue (q1) set up: size=16
[virtio-gpu-pci] Config: num_scanouts=16, num_capsets=1
[virtio-gpu-pci] Clearing pending DISPLAY event (events_read=0x1)
[virtio-gpu-pci] MSI-X active: config_spi=53 queue_spi=54 queue_vector=1
[virtio-gpu-pci] Capset 0: id=2, max_ver=2, max_size=768
[virtio-gpu-pci] GET_CAPSET(id=2, ver=2): resp=0x1103
[virtio-gpu-pci] Display reports: 1280x960
[virtio-gpu-pci] Resolution: 1280x960 (display=1280x960, GOP=1024x768, min=1280x960)
[virtio-gpu-pci] 2D framebuffer backing: heap ptr=0xffff0000502e2000, phys=0x502e2000, size=4915200
[virgl] attach_backing: phys=0x502e2000, len=4915200, nr_pages=1200
[virgl] attach_backing: sending 3-desc chain: hdr=0x41271000(32B), entries=0x50792000(19200B)
[virgl] attach_backing: OK (1200 pages attached)
[virtio-gpu-pci] 2D resource created and scanout set
[virtio-gpu-pci] Initialized: 1280x960
[drivers] VirtIO GPU (PCI) initialized
[virgl] Initializing VirGL 3D pipeline...
[virgl] 3D framebuffer backing: heap ptr=0xffff000050792000, phys=0x50792000, size=4915200
[virgl] Step 1: context created
[virgl] Step 2: 3D resource created (1280x960, bind=0x0014000a)
[virgl] attach_backing: phys=0x50792000, len=4915200, nr_pages=1200
[virgl] attach_backing: sending 3-desc chain: hdr=0x41271000(32B), entries=0x50c42000(19200B)
[virgl] attach_backing: OK (1200 pages attached)
[virgl] Step 3: backing attached
[virgl] Step 4: resource attached to context
[virgl] Step 5: resource primed
[virgl] SUBMIT_3D OK: id=1 used_len=0 resp_flags=0x1 resp_fence=1
[virgl] Step 6: VirGL CLEAR (cornflower blue)
[virgl] Step 7: SET_SCANOUT + RESOURCE_FLUSH done
[virgl] Step 7: VB resource created (no backing, INLINE_WRITE only)
[virgl-composite] Texture backing: heap ptr=0xffff000050c42000, phys=0x50c42000, 1280x960 (4915200B, 1200 pages)
[virgl] attach_backing: phys=0x50c42000, len=4915200, nr_pages=1200
[virgl] attach_backing: sending 3-desc chain: hdr=0x41271000(32B), entries=0x510f2000(19200B)
[virgl] attach_backing: OK (1200 pages attached)
[virgl-composite] Texture resource initialized (id=5)
[virgl] attach_backing: phys=0x510f2000, len=4915200, nr_pages=1200
[virgl] attach_backing: sending 3-desc chain: hdr=0x41271000(32B), entries=0x515a2000(19200B)
[virgl] attach_backing: OK (1200 pages attached)
[virgl-pool] Pre-allocated slot=0 res_id=10 1280x960
[virgl] attach_backing: phys=0x515a2000, len=4915200, nr_pages=1200
[virgl] attach_backing: sending 3-desc chain: hdr=0x41271000(32B), entries=0x51a52000(19200B)
[virgl] attach_backing: OK (1200 pages attached)
[virgl-pool] Pre-allocated slot=1 res_id=11 1280x960
[virgl] attach_backing: phys=0x51a52000, len=4915200, nr_pages=1200
[virgl] attach_backing: sending 3-desc chain: hdr=0x41271000(32B), entries=0x51f02000(19200B)
[virgl] attach_backing: OK (1200 pages attached)
[virgl-pool] Pre-allocated slot=2 res_id=12 1280x960
[virgl] attach_backing: phys=0x51f02000, len=4915200, nr_pages=1200
[virgl] attach_backing: sending 3-desc chain: hdr=0x41271000(32B), entries=0x523b2000(19200B)
[virgl] attach_backing: OK (1200 pages attached)
[virgl-pool] Pre-allocated slot=3 res_id=13 1280x960
[virgl] attach_backing: phys=0x523b2000, len=4915200, nr_pages=1200
[virgl] attach_backing: sending 3-desc chain: hdr=0x41271000(32B), entries=0x52862000(19200B)
[virgl] attach_backing: OK (1200 pages attached)
[virgl-pool] Pre-allocated slot=4 res_id=14 1280x960
[virgl] attach_backing: phys=0x52862000, len=4915200, nr_pages=1200
[virgl] attach_backing: sending 3-desc chain: hdr=0x41271000(32B), entries=0x52d12000(19200B)
[virgl] attach_backing: OK (1200 pages attached)
[virgl-pool] Pre-allocated slot=5 res_id=15 1280x960
[virgl] attach_backing: phys=0x52d12000, len=4915200, nr_pages=1200
[virgl] attach_backing: sending 3-desc chain: hdr=0x41271000(32B), entries=0x531c2000(19200B)
[virgl] attach_backing: OK (1200 pages attached)
[virgl-pool] Pre-allocated slot=6 res_id=16 1280x960
[virgl] attach_backing: phys=0x531c2000, len=4915200, nr_pages=1200
[virgl] attach_backing: sending 3-desc chain: hdr=0x41271000(32B), entries=0x53672000(19200B)
[virgl] attach_backing: OK (1200 pages attached)
[virgl-pool] Pre-allocated slot=7 res_id=17 1280x960
[virgl] attach_backing: phys=0x53672000, len=8192, nr_pages=2
[virgl] attach_backing: sending 3-desc chain: hdr=0x41271000(32B), entries=0x502e0080(32B)
[virgl] attach_backing: OK (2 pages attached)
[virgl-cursor] Cursor texture initialized (id=6, 16x80, 5 shapes)
[virgl] attach_backing: phys=0x53674000, len=4096, nr_pages=1
[virgl] attach_backing: sending 3-desc chain: hdr=0x41271000(32B), entries=0x502e0080(16B)
[virgl] attach_backing: OK (1 pages attached)
[virgl-dimmer] Dimmer texture initialized (id=7, 4x4)
[virgl] Step 8: Compositor texture initialized
[virgl] Step 9: full pipeline+draw batch (191 DWORDs)
[virgl] SUBMIT_3D OK: id=2 used_len=0 resp_flags=0x1 resp_fence=2
[virgl] Step 10: SET_SCANOUT + RESOURCE_FLUSH
[virgl] VirGL 3D pipeline initialized successfully
[drivers] VirGL 3D acceleration active
[drivers] Compositor backend: VirGL
[virtio-gpu-pci] GPU command waits use scheduler waitqueue
[virtio-net-pci] Searching for VirtIO network device on PCI bus...
[virtio-net-pci] Found at 00:05.0 [1af4:1000]
[virtio-net-pci] BAR0: phys=0x18010000 virt=0xffff000018010000 size=4096
[virtio-net-pci] Device features: 0x6187bfa3
[virtio-net-pci] MAC: 00:1c:42:6a:ee:ab
[virtio-net-pci] Queue 0 max size: 256
[virtio-net-pci] RX init window stage=after_rx_ring_zero pfn=0x0 vector=0x6a42 status=0xb avail_flags=0x0 avail_idx=0 used_flags=0x0 used_idx=0
[virtio-net-pci] Queue 0 PFN=0x4123b (phys=0x4123b000)
[virtio-net-pci] RX init window stage=after_rx_pfn_window pfn=0x4123b vector=0x6a42 status=0xb avail_flags=0x0 avail_idx=0 used_flags=0x0 used_idx=0
[virtio-net-pci] RX queue activation stage=after_rx_pfn transport=legacy pfn=0x4123b size=256 vector=0x6a42 status=0xb isr=0x0 avail_flags=0x0 avail_idx=0 used_idx=0
[virtio-net-pci] Queue 1 max size: 256
[virtio-net-pci] Queue 1 PFN=0x4123e (phys=0x4123e000)
[pci] 00:05.0: capabilities:
  cap 0x10 (PCIe) @ 0x48: dw0=0x00024010 dw1=0x00000fc0
  cap 0x01 (PM) @ 0x40: dw0=0x0022f401 dw1=0x00000000
  cap 0x11 (MSI-X) @ 0xf4: dw0=0x00020011 dw1=0x00000001
[virtio-net-pci] MSI-X cap at 0xf4: 3 vectors
[virtio-net-pci] MSI-X vector assignments: cfg=0xffff rx=0x0
[virtio-net-pci] RX queue activation stage=after_msix_vector transport=legacy pfn=0x4123b size=256 vector=0x0 status=0xb isr=0x0 avail_flags=0x0 avail_idx=0 used_idx=0
[virtio-net-pci] MSI-X diag: cap=0xf4 table_bar=1 table_off=0x0 doorbell=0x2250040 spi=55 vectors=3 msg_ctrl=0x8002 command=0x407 cfg_vec=0xffff rx_vec=0x0
[virtio-net-pci] MSI-X entry0: addr_hi=0x0 addr_lo=0x2250040 data=0x37 vector_ctrl=0x0
[virtio-net-pci] MSI-X entry1: addr_hi=0x0 addr_lo=0x2250040 data=0x37 vector_ctrl=0x0
[virtio-net-pci] MSI-X entry2: addr_hi=0x0 addr_lo=0x2250040 data=0x37 vector_ctrl=0x0
[virtio-net-pci] MSI-X enabled: SPI 55 doorbell=0x2250040 vectors=3
[virtio-net-pci] RX init window stage=before_driver_ok pfn=0x4123b vector=0x0 status=0xb avail_flags=0x0 avail_idx=0 used_flags=0x0 used_idx=0
[virtio-net-pci] RX init window stage=after_driver_ok pfn=0x4123b vector=0x0 status=0xf avail_flags=0x0 avail_idx=0 used_flags=0x1 used_idx=0
[virtio-net-pci] RX queue activation stage=after_driver_ok transport=legacy pfn=0x4123b size=256 vector=0x0 status=0xf isr=0x0 avail_flags=0x0 avail_idx=0 used_idx=0
[virtio-net-pci] RX init window stage=after_rx_desc0 pfn=0x4123b vector=0x0 status=0xf avail_flags=0x0 avail_idx=0 used_flags=0x1 used_idx=0
[virtio-net-pci] RX init window stage=after_rx_desc1 pfn=0x4123b vector=0x0 status=0xf avail_flags=0x0 avail_idx=0 used_flags=0x1 used_idx=0
[virtio-net-pci] RX init window stage=after_rx_desc2 pfn=0x4123b vector=0x0 status=0xf avail_flags=0x0 avail_idx=0 used_flags=0x1 used_idx=0
[virtio-net-pci] RX init window stage=after_rx_desc3 pfn=0x4123b vector=0x0 status=0xf avail_flags=0x0 avail_idx=0 used_flags=0x1 used_idx=0
[virtio-net-pci] RX init window stage=before_rx_avail_idx pfn=0x4123b vector=0x0 status=0xf avail_flags=0x0 avail_idx=0 used_flags=0x1 used_idx=0
[virtio-net-pci] RX init window stage=after_rx_avail_idx pfn=0x4123b vector=0x0 status=0xf avail_flags=0x0 avail_idx=4 used_flags=0x1 used_idx=0
[virtio-net-pci] RX init window stage=before_rx_notify pfn=0x4123b vector=0x0 status=0xf avail_flags=0x0 avail_idx=4 used_flags=0x1 used_idx=0
[virtio-net-pci] RX init window stage=after_rx_notify_window pfn=0x4123b vector=0x0 status=0xf avail_flags=0x0 avail_idx=4 used_flags=0x1 used_idx=0
[virtio-net-pci] RX init window stage=first_used_not_observed pfn=0x4123b vector=0x0 status=0xf avail_flags=0x0 avail_idx=4 used_flags=0x1 used_idx=0
[virtio-net-pci] RX queue activation stage=after_rx_notify transport=legacy pfn=0x4123b size=256 vector=0x0 status=0xf isr=0x0 avail_flags=0x0 avail_idx=4 used_idx=0
[virtio-net-pci] Network device initialized successfully
[drivers] VirtIO network (PCI) initialized
[drivers] SVGA3 init skipped: SVGA3 device not found
[drivers] Found XHCI at 00:03.0 [1033:0194]
[xhci] DMA addrs: DCBAA=0x40855000 CMD_RING=0x40856000 EVT_RING=0x40866000 ERST=0x41199200
[xhci] Regs: USBCMD=0x5 USBSTS=0x0 CRCR=0x0 DCBAAP=0x40855000
[xhci] IR0: IMAN=0x2 ERDP=0x40866000 ERSTBA=0x41199200
[xhci] Port scan: 14 ports
[xhci]   port 1: PORTSC=0x00021203 CCS=1 PED=1 speed=4
[xhci]   port 2: PORTSC=0x00021203 CCS=1 PED=1 speed=4
[xhci]   port 3: PORTSC=0x00021203 CCS=1 PED=1 speed=4
[xhci]   port 4: PORTSC=0x000002a0 CCS=0 PED=0 speed=0
[xhci]   port 5: PORTSC=0x000002a0 CCS=0 PED=0 speed=0
[xhci]   port 6: PORTSC=0x000002a0 CCS=0 PED=0 speed=0
[xhci]   port 7: PORTSC=0x000002a0 CCS=0 PED=0 speed=0
[xhci]   port 8: PORTSC=0x000002a0 CCS=0 PED=0 speed=0
[xhci]   port 9: PORTSC=0x000002a0 CCS=0 PED=0 speed=0
[xhci]   port 10: PORTSC=0x000002a0 CCS=0 PED=0 speed=0
[xhci]   port 11: PORTSC=0x000002a0 CCS=0 PED=0 speed=0
[xhci]   port 12: PORTSC=0x000002a0 CCS=0 PED=0 speed=0
[xhci]   port 13: PORTSC=0x000002a0 CCS=0 PED=0 speed=0
[xhci]   port 14: PORTSC=0x000002a0 CCS=0 PED=0 speed=0
[xhci] port 1 connected: PORTSC=0x00001203 PED=1 speed=4
[xhci] port 1 EnableSlot -> slot 1
[xhci] port 1 AddressDevice OK (slot 1)
[xhci] slot1: vid=0x203a pid=0xfffc class=0x00/0x00/0x00
[xhci] slot1 iface0: class=0x03 sub=0x00 proto=0x02 numEP=1
[xhci] HID iface: proto=2 subclass=0 -> mouse (hid_idx=1)
[xhci] slot1 iface1: class=0x03 sub=0x00 proto=0x02 numEP=1
[xhci] HID iface: proto=2 subclass=0 -> mouse (hid_idx=3)
[xhci] port 2 connected: PORTSC=0x00001203 PED=1 speed=4
[xhci] port 2 EnableSlot -> slot 2
[xhci] port 2 AddressDevice OK (slot 2)
[xhci] slot2: vid=0x203a pid=0xfffb class=0x00/0x00/0x00
[xhci] slot2 iface0: class=0x03 sub=0x01 proto=0x01 numEP=1
[xhci] HID iface: proto=1 subclass=1 -> keyboard (hid_idx=0)
[xhci] slot2 iface1: class=0x03 sub=0x00 proto=0x00 numEP=1
[xhci] HID iface: proto=0 subclass=0 -> NKRO (hid_idx=2)
[xhci] port 3 connected: PORTSC=0x00001203 PED=1 speed=4
[xhci] port 3 EnableSlot -> slot 3
[xhci] port 3 AddressDevice OK (slot 3)
[xhci] slot3: vid=0x203a pid=0xfff9 class=0xef/0x02/0x01
[xhci] slot3 iface0: class=0x0e sub=0x01 proto=0x00 numEP=0
[xhci] slot3 iface1: class=0x0e sub=0x02 proto=0x00 numEP=1
[xhci] start_hid_polling: kbd=slot2/dci3 nkro=dci5 mouse=slot1/dci3 mouse2=dci5
[xhci] Initialized: 32 slots, MSI irq=56
[drivers] XHCI USB controller initialized
[ahci] Platform AHCI at phys 0x2140000, virt 0xffff000002140000
[ahci] HBA version 1.256, 6 ports, 32 cmd slots, PI=0x0000003f
[ahci] Port 0: Sata, 131072 sectors (64 MB)
[ahci] Port 1: Sata, 190464 sectors (93 MB)
[ahci] IRQ probe: using port 0 dma_index 0
[ahci] IRQ probe: ISPENDR before=[0x00000000, 0x00000000, 0x00000000] after=[0x00000004, 0x00000000, 0x00000000]
[ahci] IRQ probe: PORT_IS=0x00000001 (should have D2H bit set)
[ahci] Platform IRQ probe: discovered SPI 34
[ahci] Platform IRQ enabled: SPI 34 (wired, level-triggered, CPU0)
[drivers] AHCI initialized (platform MMIO): 2 SATA device(s)
[drivers] Driver subsystem initialized (PCI)
[boot] Found 7 devices
[drivers] Running post-init self-tests...
[drivers] VirtIO block self-test skipped: no VirtIO MMIO block device on Parallels; using AHCI
[boot] Initializing network stack...
[net] Initializing network stack...
[net] Using VirtIO net PCI driver (Parallels)
[net] MAC address: 00:1c:42:6a:ee:ab
NET: IP address: 10.211.55.100
NET: Gateway: 10.211.55.1
Network stack initialized
NET: Sending ARP request for gateway 10.211.55.1
ARP request sent successfully
NET: Gateway ARP not resolved during init; will resolve via IRQ path
NET: Sending ICMP echo request to gateway 10.211.55.1
NET: ARP cache miss for 10.211.55.1, sending ARP request
NET: Failed to send ping: ArpMiss: reply will populate cache via IRQ
NET: Network initialization complete
[virtio-net-pci] manual-gicv2m-test irq=55 doorbell=0x2250040 before_pend=0x0 after_write_pend=0x800000 after_wait_pend=0x0 ack_before=0 ack_after=1 msi_before=0 msi_after=1
[virtio-net-pci] MSI-X SPI 55 enabled (post-init)
[virtio-net-pci] MSI-X GIC enable diag: spi=55 last_irq=0 cpu=0 gicv=0 affinity=0x0 router_rb=0x0 isenabler_rb=0x0 retries=0 outcome=0
[virtio-net-pci] MSI-X GIC state: spi=55 isenabler_bit=0x800000 ispendr_bit=0x0 isactiver_bit=0x0 icfgr_reg=0x2a800 irouter=0x0
NET: synchronously cleared virtio callback suppression
NET: pre-primed NetRx softirq for bootstrap callback re-enable
[boot] Initializing filesystem...
[ext2] No VirtIO block device, trying AHCI...
[ext2] AHCI device 0: 131072 sectors (64 MB)
[ext2] AHCI device 0: not ext2 (magic=0x0064)
[ext2] AHCI device 1: 190464 sectors (93 MB)
[ext2] Found ext2 superblock on AHCI device 1
[boot] ext2 root filesystem mounted
[boot] No home filesystem: No home block device available (expected at device index 3 or 1) (continuing)
[boot] devfs initialized at /dev
[boot] devptsfs initialized at /dev/pts
[boot] CPU detected: ARM Unknown
[boot] procfs initialized at /proc
[boot] TTY subsystem initialized
[boot] Initializing graphics...
[boot] VirGL active — skipping GOP framebuffer init (2D resource already set up in gpu_pci::init)
[boot] FB_INFO_CACHE populated for VirGL display (1280x960)
[boot] USB HID input active via XHCI IRQ
[boot] Initializing per-CPU data...
[boot] Per-CPU data initialized
[boot] Initializing process manager...
[boot] Process manager initialized
[boot] Initializing scheduler...
[boot] Scheduler initialized
[boot] Workqueue subsystem initialized
[boot] Softirq subsystem initialized
[boot] Render thread skipped — VirGL owns the display
[boot] Tracing subsystem initialized and enabled
[boot] Pre-loading /sbin/init from ext2 (before timer)...
[net] ICMP echo reply received from 10.211.55.1 seq=1
[boot] Init binary pre-loaded: 298664 bytes
[xhci] activate_msi_if_ready: source=system-ready spi=56 DIAG_SPI_ENABLE_COUNT=1
[xhci] post-activation: MSI_EVENT_COUNT=55 EVENT_COUNT=0 POLL_COUNT=0 SPI_ACTIVATED=true
[boot] Initializing timer interrupt...
[timer] Timer configured for ~1000 Hz (24000 ticks per interrupt)
[timer] Using virtual timer (PPI 27)
[boot] Timer interrupt initialized
[smp] CPU 0 MPIDR=0x80000000, stack_base=0x43000000
[smp] GICR covers 8 redistributors, probing CPUs 1..8
[smp] Probing secondary CPUs via PSCI...
[sm1p@1]A BCCDEeFPGU 11: PSCI CPU_ON success (raw_status=0)
[g2i@1cA]BCD EeEFGOI2mode=1 (split EOI/DIR) - non-VMware path
[gic] ICC_CTLR_EL1: 0x40400 -> 0x40402 (EOImode=1)
[smp] CPU 2: PSCI CPU_ON success (raw_status=0)
[T1gi3@c1]A BCDEEeOFIGm3ode=1 (split EOI/DIR) - non-VMware path
[gic] ICC_CTLR_EL1: 0x40400 -> 0x40402 (EOImode=1)
[smp] CPU 3: PSCI CPU_ON success (raw_status=0)
[g4@i1AcB]C DEEeOFGIm4ode=1 (split EOI/DIR) - non-VMware path
[gic] ICC_CTLR_EL1: 0x40400 -> 0x40402 (EOImode=1)
[smp] CPU 4: PSCI CPU_ON success (raw_status=0)
[T2gi5@c1A]B CEDEOeIFGmo5de=1 (split EOI/DIR) - non-VMware path
[gic] ICC_CTLR_EL1: 0x40400 -> 0x40402 (EOImode=1)
[gic] EOImode=1 (split EOI/DIR) - non-VMware path
[gic] ICC_CTLR_EL1: 0x40400 -> 0x40402 (EOImode=1)
[smp] CPU 5: PSCI CPU_ON success (raw_status=0)
[6s@1mApBCD] ECeFPGU6 6: PSCI CPU_ON success (raw_status=0)
[g7@i1AcB]CD EeEFOGI7mode=1 (split EOI/DIR) - non-VMware path
[gic] ICC_CTLR_EL1: 0x40400 -> 0x40402 (EOImode=1)
[smp] CPU 7: PSCI CPU_ON success (raw_status=0)
[T3gic] EOImode=1 (split EOI/DIR) - non-VMware path
[gic] ICC_CTLR_EL1: 0x40400 -> 0x40402 (EOImode=1)
[smp] 8 CPUs online
[PT_ROOT_CUSTODY:no_proof=0:no_arch=0:terminated=0:undecided=0:mid_retire=0:retired=0]
[TOMBSTONE_CENSUS:resident=0:removed=0:reap_second=0:retire_second=0:abandoned_unqueued=0]
T4[TTBR0_ASID_CENSUS:untagged=0:tagged=0:kernel=2:cleared=2]
[PINNED_HOME_CPU_UNAVAILABLE:count=0:publish_discarded=0:hold_pen_migrated=0:delivered=0:migration_refused=0:stack_home_conflict=0]

========================================
  Breenix ARM64 Boot Complete!
========================================

Hello from ARM64!
T5
[boot] Launching init from pre-loaded ELF...
manager.create_process_with_argv [ARM64]: ENTRY - name='init', elf_size=298664, argc=1
manager.create_process_with_argv [ARM64]: Generated PID 1
manager.create_process_with_argv [ARM64]: Creating ProcessPageTable
manager.create_process_with_argv [ARM64]: Loading ELF into page table
manager.create_process_with_argv [ARM64]: ELF loaded, entry=0x4000f5d0
manager.create_process_with_argv [ARM64]: Allocating user stack
manager.create_process_with_argv [ARM64]: User stack will be at 0xfffffeff0000-0xffffff000000
manager.create_process_with_argv [ARM64]: argc/argv set up on stack, SP=0xfffffefffed0
manager.create_process_with_argv [ARM64]: SUCCESS - returning PID 1
[INIT_DESIGNATION:aarch64:designated_pid=1:reserved_collisions=0]
[ahci-poll-attrib] total=76 post_reg=74 pre_sched=74 post_sched=0
[boot] Reset 8 idle thread contexts (CPUs online: 8)
T6T7EL0_SYSCALL: First syscall from userspace (SPSR confirms EL0)
[ OK ] syscall path verified
[init] Breenix init starting (PID 1)
[spawn] path='/bin/heartbeat'
T8T9T0manager.create_process_with_argv [ARM64]: ENTRY - name='heartbeat', elf_size=303616, argc=1
manager.create_process_with_argv [ARM64]: Generated PID 2
manager.create_process_with_argv [ARM64]: Creating ProcessPageTable
manager.create_process_with_argv [ARM64]: Loading ELF into page table
manager.create_process_with_argv [ARM64]: ELF loaded, entry=0x4000f85c
manager.create_process_with_argv [ARM64]: Allocating user stack
manager.create_process_with_argv [ARM64]: User stack will be at 0xfffffeff0000-0xffffff000000
manager.create_process_with_argv [ARM64]: argc/argv set up on stack, SP=0xfffffefffed0
manager.create_process_with_argv [ARM64]: SUCCESS - returning PID 2
[spawn] Created child PID 2 for parent PID 1
[spawn] Success: child PID 2 scheduled
[heartbeat] tid=12 uptime_ms=1227 kbd_nonzero=0
[init] heartbeat started (PID 2)
[INIT_GROUP_REFUSAL:aarch64:phase=early:probe1=-22:probe2=-22:expected=-22]
[spawn] path='/bin/block_eintr_oracle'
manager.create_process_with_argv [ARM64]: ENTRY - name='block_eintr_oracle', elf_size=304752, argc=1
manager.create_process_with_argv [ARM64]: Generated PID 3
manager.create_process_with_argv [ARM64]: Creating ProcessPageTable
manager.create_process_with_argv [ARM64]: Loading ELF into page table
manager.create_process_with_argv [ARM64]: ELF loaded, entry=0x4000f938
manager.create_process_with_argv [ARM64]: Allocating user stack
manager.create_process_with_argv [ARM64]: User stack will be at 0xfffffeff0000-0xffffff000000
manager.create_process_with_argv [ARM64]: argc/argv set up on stack, SP=0xfffffefffed0
manager.create_process_with_argv [ARM64]: SUCCESS - returning PID 3
[spawn] Created child PID 3 for parent PID 1
[F12s3pa456wn] Success: ch78i9Sld PICD 3 scheduled
[syscall] exit(0) pid=4 name=block_eintr_oracle_child_4
[TTBR0_ASID_CENSUS:untagged=0:tagged=805:kernel=754:cleared=1511]
F123456789SC[syscall] exit(0) pid=5 name=block_eintr_oracle_child_5
[TTBR0_ASID_CENSUS:untagged=0:tagged=1959:kernel=1866:cleared=3738]
[BLOCK_EINTR_ORACLE:PASS:stages=2:reads=4:short=0:eintr=0:handled=1]
[BLOCK_EINTR_ORACLE:PASS:stages=2:reads=4:short=0:eintr=0:handled=1]
[syscall] exit(0) pid=3 name=block_eintr_oracle
[TTBR0_ASID_CENSUS:untagged=0:tagged=2102:kernel=2003:cleared=4016]
[init] block_eintr_oracle exited pid=3 code=0
[spawn] path='/bin/futex_handoff_oracle'
manager.create_process_with_argv [ARM64]: ENTRY - name='futex_handoff_oracle', elf_size=291984, argc=1
manager.create_process_with_argv [ARM64]: Generated PID 6
manager.create_process_with_argv [ARM64]: Creating ProcessPageTable
manager.create_process_with_argv [ARM64]: Loading ELF into page table
manager.create_process_with_argv [ARM64]: ELF loaded, entry=0x4000ef08
manager.create_process_with_argv [ARM64]: Allocating user stack
manager.create_process_with_argv [ARM64]: User stack will be at 0xfffffeff0000-0xffffff000000
manager.create_process_with_argv [ARM64]: argc/argv set up on stack, SP=0xfffffefffec0
manager.create_process_with_argv [ARM64]: SUCCESS - returning PID 6
[spawn] Created child PID 6 for parent PID 1
[spawn] Success: child PID 6 scheduled
[FUTEX_HANDOFF_ORACLE_DRIVER:seam_absent:probe=-110]
[syscall] exit(0) pid=6 name=futex_handoff_oracle
[TTBR0_ASID_CENSUS:untagged=0:tagged=2178:kernel=2069:cleared=4153]
[init] futex_handoff_oracle exited pid=6 code=0
[spawn] path='/bin/poll_tcp_oracle'
manager.create_process_with_argv [ARM64]: ENTRY - name='poll_tcp_oracle', elf_size=307952, argc=1
manager.create_process_with_argv [ARM64]: Generated PID 7
manager.create_process_with_argv [ARM64]: Creating ProcessPageTable
manager.create_process_with_argv [ARM64]: Loading ELF into page table
manager.create_process_with_argv [ARM64]: ELF loaded, entry=0x4001050c
manager.create_process_with_argv [ARM64]: Allocating user stack
manager.create_process_with_argv [ARM64]: User stack will be at 0xfffffeff0000-0xffffff000000
manager.create_process_with_argv [ARM64]: argc/argv set up on stack, SP=0xfffffefffed0
manager.create_process_with_argv [ARM64]: SUCCESS - returning PID 7
[spawn] Created child PID 7 for parent PID 1
[spawn] Success: child PID 7 scheduled
[POLL_TCP_TIMEOUT] fd=4 timeout_ms=120 publish=none_in_window rx_len=0 revents=0x0000
F123456789SC[syscall] exit(0) pid=8 name=poll_tcp_oracle_child_8
[TTBR0_ASID_CENSUS:untagged=0:tagged=2469:kernel=2281:cleared=4634]
[POLL_TCP_ORACLE:PASS:stages=3:idle_ms=124:late_ms=85:park_ms=80:attempts=1]
[POLL_TCP_ORACLE:PASS:stages=3:idle_ms=124:late_ms=85:park_ms=80:attempts=1]
[syscall] exit(0) pid=7 name=poll_tcp_oracle
[TTBR0_ASID_CENSUS:untagged=0:tagged=2483:kernel=2293:cleared=4658]
[init] poll_tcp_oracle exited pid=7 code=0
[spawn] path='/bin/tty_oracle'
manager.create_process_with_argv [ARM64]: ENTRY - name='tty_oracle', elf_size=338264, argc=1
manager.create_process_with_argv [ARM64]: Generated PID 9
manager.create_process_with_argv [ARM64]: Creating ProcessPageTable
manager.create_process_with_argv [ARM64]: Loading ELF into page table
manager.create_process_with_argv [ARM64]: ELF loaded, entry=0x40012b34
manager.create_process_with_argv [ARM64]: Allocating user stack
manager.create_process_with_argv [ARM64]: User stack will be at 0xfffffeff0000-0xffffff000000
manager.create_process_with_argv [ARM64]: argc/argv set up on stack, SP=0xfffffefffed0
manager.create_process_with_argv [ARM64]: SUCCESS - returning PID 9
[spawn] Created child PID 9 for parent PID 1
[spawn] Success: child PID 9 scheduled
[pty] sys_posix_openpt(flags=0x902)
[pty] Created master fd=3 (pty 0)
[pty] Unlocked PTY 0 (fd 3)
[TTY_ORACLE:openpt:verdict=PASS:slave=/dev/pts/0:locked_open_refused=1]
[TTY_ORACLE:openpt:verdict=PASS:slave=/dev/pts/0:locked_open_refused=1]
[TTY_ORACLE:nonblock_open:verdict=PASS:master_fl=0x800:slave_fl=0x800:both_eagain=1]
[TTY_ORACLE:nonblock_open:verdict=PASS:master_fl=0x800:slave_fl=0x800:both_eagain=1]
[TTY_ORACLE:isatty:verdict=PASS:master=1:slave=1:regular_file=0]
[TTY_ORACLE:isatty:verdict=PASS:master=1:slave=1:regular_file=0]
[TTY_ORACLE:termios_roundtrip:verdict=PASS:default_lflag=0x803b:modified_lflag=0x8023:restored=1]
[TTY_ORACLE:termios_roundtrip:verdict=PASS:default_lflag=0x803b:modified_lflag=0x8023:restored=1]
[TTY_ORACLE:canonical_line:verdict=PASS:withheld_unterminated=1:delivered_on_newline=6]
[TTY_ORACLE:canonical_line:verdict=PASS:withheld_unterminated=1:delivered_on_newline=6]
[TTY_ORACLE:icrnl:verdict=PASS:cr_to_nl=1:cleared_icrnl_holds=1]
[TTY_ORACLE:icrnl:verdict=PASS:cr_to_nl=1:cleared_icrnl_holds=1]
[TTY_ORACLE:raw_passthrough:verdict=PASS:unterminated_delivered=2]
[TTY_ORACLE:raw_passthrough:verdict=PASS:unterminated_delivered=2]
[TTY_ORACLE:echo:verdict=PASS:echo_on_bytes=3:echo_off_bytes=0]
[TTY_ORACLE:echo:verdict=PASS:echo_on_bytes=3:echo_off_bytes=0]
[TTY_ORACLE:onlcr:verdict=PASS:onlcr_expanded=3:opost_off_passthrough=2]
[TTY_ORACLE:onlcr:verdict=PASS:onlcr_expanded=3:opost_off_passthrough=2]
[TTY_ORACLE:winsize:verdict=PASS:default=24x80:set=41x133:crossed_ends=1]
[TTY_ORACLE:winsize:verdict=PASS:default=24x80:set=41x133:crossed_ends=1]
[TTY_ORACLE:foreground_pgrp:verdict=PASS:pgrp=9:crossed_ends=1]
[TTY_ORACLE:foreground_pgrp:verdict=PASS:pgrp=9:crossed_ends=1]
[TTY_ORACLE:hangup:verdict=PASS:eagain_while_open=1:eof_after_close=1]
[TTY_ORACLE:hangup:verdict=PASS:eagain_while_open=1:eof_after_close=1]
[pty] sys_posix_openpt(flags=0x902)
[pty] Created master fd=4 (pty 1)
[pty] Unlocked PTY 1 (fd 4)
[TTY_ORACLE:ctty:verdict=PASS:dev_tty_aliased_slave=1:survived_alias_close=1:eof_after_last_slave_close=1]
[TTY_ORACLE:ctty:verdict=PASS:dev_tty_aliased_slave=1:survived_alias_close=1:eof_after_last_slave_close=1]
[pty] sys_posix_openpt(flags=0x902)
[pty] Created master fd=4 (pty 1)
[pty] Unlocked PTY 1 (fd 4)
F123456789SC[EXEC_LOCK_ORDER:FIRST_COMMIT]
[syscall] exit(0) pid=10 name=/bin/tty_oracle
[TTBR0_ASID_CENSUS:untagged=0:tagged=2837:kernel=2627:cleared=5331]
[TTY_ORACLE:cloexec_exec:verdict=PASS:cloexec_survived_fork=1:eof_after_parent_close=1]
[TTY_ORACLE:cloexec_exec:verdict=PASS:cloexec_survived_fork=1:eof_after_parent_close=1]
[TTY_ORACLE:COMPLETE:pass=14:fail=0]
[TTY_ORACLE:COMPLETE:pass=14:fail=0]
[syscall] exit(0) pid=9 name=tty_oracle
[TTBR0_ASID_CENSUS:untagged=0:tagged=2841:kernel=2628:cleared=5337]
[init] tty_oracle exited pid=9 code=0
[spawn] path='/bin/exec_smoke'
manager.create_process_with_argv [ARM64]: ENTRY - name='exec_smoke', elf_size=290928, argc=1
manager.create_process_with_argv [ARM64]: Generated PID 11
manager.create_process_with_argv [ARM64]: Creating ProcessPageTable
manager.create_process_with_argv [ARM64]: Loading ELF into page table
manager.create_process_with_argv [ARM64]: ELF loaded, entry=0x4000eb40
manager.create_process_with_argv [ARM64]: Allocating user stack
manager.create_process_with_argv [ARM64]: User stack will be at 0xfffffeff0000-0xffffff000000
manager.create_process_with_argv [ARM64]: argc/argv set up on stack, SP=0xfffffefffed0
manager.create_process_with_argv [ARM64]: SUCCESS - returning PID 11
[spawn] Created child PID 11 for parent PID 1
[spawn] Success: child PID 11 scheduled
[EXEC_SMOKE:LAUNCH]
[EXEC_SMOKE:TARGET_ENTER argc=2]
[EXEC_SMOKE:TARGET_OK]
[syscall] exit(0) pid=11 name=/bin/exec_smoke_target
[TTBR0_ASID_CENSUS:untagged=0:tagged=2996:kernel=2760:cleared=5608]
[EXEC_SMOKE:LAUNCHER_EXIT code=0]
[spawn] path='/usr/local/test/bin/clonevm_exec_test'
manager.create_process_with_argv [ARM64]: ENTRY - name='clonevm_exec_test', elf_size=289672, argc=1
manager.create_process_with_argv [ARM64]: Generated PID 12
manager.create_process_with_argv [ARM64]: Creating ProcessPageTable
manager.create_process_with_argv [ARM64]: Loading ELF into page table
manager.create_process_with_argv [ARM64]: ELF loaded, entry=0x4000f63c
manager.create_process_with_argv [ARM64]: Allocating user stack
manager.create_process_with_argv [ARM64]: User stack will be at 0xfffffeff0000-0xffffff000000
manager.create_process_with_argv [ARM64]: argc/argv set up on stack, SP=0xfffffefffec0
manager.create_process_with_argv [ARM64]: SUCCESS - returning PID 12
[spawn] Created child PID 12 for parent PID 1
[spawn] Success: child PID 12 scheduled
CLONEVM_EXEC_TEST: start
CLONEVM_EXEC_TEST: child live
CLONEVM_EXEC_TEST: live sibling refused exec
[syscall] exit(0) pid=13 name=thread-13
[TTBR0_ASID_CENSUS:untagged=0:tagged=3241:kernel=2960:cleared=6014]
CLONEVM_EXEC_TEST: child exited
CLONEVM_EXEC_TEST: second stage
[syscall] exit(0) pid=14 name=thread-14
[TTBR0_ASID_CENSUS:untagged=0:tagged=3416:kernel=3090:cleared=6282]
CLONEVM_EXEC_TEST: post-exec rendezvous complete
CLONEVM_EXEC_TEST: post-exec futex keys derived
CLONEVM_EXEC_TEST: PASS
[syscall] exit(0) pid=12 name=/usr/local/test/bin/clonevm_exec_test
[TTBR0_ASID_CENSUS:untagged=0:tagged=3421:kernel=3094:cleared=6292]
[init] clonevm_exec_test exited pid=12 code=0
[spawn] path='/bin/bsshd'
manager.create_process_with_argv [ARM64]: ENTRY - name='bsshd', elf_size=455240, argc=1
manager.create_process_with_argv [ARM64]: Generated PID 15
manager.create_process_with_argv [ARM64]: Creating ProcessPageTable
manager.create_process_with_argv [ARM64]: Loading ELF into page table
manager.create_process_with_argv [ARM64]: ELF loaded, entry=0x4001d6c0
manager.create_process_with_argv [ARM64]: Allocating user stack
manager.create_process_with_argv [ARM64]: User stack will be at 0xfffffeff0000-0xffffff000000
manager.create_process_with_argv [ARM64]: argc/argv set up on stack, SP=0xfffffefffed0
manager.create_process_with_argv [ARM64]: SUCCESS - returning PID 15
[spawn] Created child PID 15 for parent PID 1
[spawn] Success: child PID 15 scheduled
bsshd: starting on port 2222
bsshd: listening on 0.0.0.0:2222
[init] bsshd started (PID 15)
[spawn] path='/bin/xhci_counters'
manager.create_process_with_argv [ARM64]: ENTRY - name='xhci_counters', elf_size=292264, argc=1
manager.create_process_with_argv [ARM64]: Generated PID 16
manager.create_process_with_argv [ARM64]: Creating ProcessPageTable
manager.create_process_with_argv [ARM64]: Loading ELF into page table
manager.create_process_with_argv [ARM64]: ELF loaded, entry=0x4000f140
manager.create_process_with_argv [ARM64]: Allocating user stack
manager.create_process_with_argv [ARM64]: User stack will be at 0xfffffeff0000-0xffffff000000
manager.create_process_with_argv [ARM64]: argc/argv set up on stack, SP=0xfffffefffed0
manager.create_process_with_argv [ARM64]: SUCCESS - returning PID 16
[spawn] Created child PID 16 for parent PID 1
[spawn] Success: child PID 16 scheduled
[xhci-counters] XHCI_MSI_EVENT_TOTAL=56
[xhci-counters] XHCI_IRQ_ENTRY_TOTAL=56
[xhci-counters] XHCI_LOCK_CONTENDED_TOTAL=0
[xhci-counters] KBD_NONZERO_TOTAL=0
[syscall] exit(0) pid=16 name=xhci_counters
[TTBR0_ASID_CENSUS:untagged=0:tagged=3885:kernel=3543:cleared=7194]
[spawn] path='/bin/bwm'
manager.create_process_with_argv [ARM64]: ENTRY - name='bwm', elf_size=428144, argc=1
manager.create_process_with_argv [ARM64]: Generated PID 17
manager.create_process_with_argv [ARM64]: Creating ProcessPageTable
manager.create_process_with_argv [ARM64]: Loading ELF into page table
manager.create_process_with_argv [ARM64]: ELF loaded, entry=0x40018bf8
manager.create_process_with_argv [ARM64]: Allocating user stack
manager.create_process_with_argv [ARM64]: User stack will be at 0xfffffeff0000-0xffffff000000
manager.create_process_with_argv [ARM64]: argc/argv set up on stack, SP=0xfffffefffee0
manager.create_process_with_argv [ARM64]: SUCCESS - returning PID 17
[spawn] Created child PID 17 for parent PID 1
[spawn] Success: child PID 17 scheduled
[bwm] Breenix Window Manager starting... (v2-chromeless-skip)
[virgl-composite] Frame #0: 1x1 → 1280x960 display (first1k: 1 nonzero, first=0xff000000)
[spawn] path='/sbin/telnetd'
[bwm] GPU compositing mode (VirGL), display: 1280x960
manager.create_process_with_argv [ARM64]: ENTRY - name='telnetd', elf_size=298232, argc=1
manager.create_process_with_argv [ARM64]: Generated PID 18
manager.create_process_with_argv [ARM64]: Creating ProcessPageTable
manager.create_process_with_argv [ARM64]: Loading ELF into page table
manager.create_process_with_argv [ARM64]: ELF loaded, entry=0x4000f930
manager.create_process_with_argv [ARM64]: Allocating user stack
manager.create_process_with_argv [ARM64]: User stack will be at 0xfffffeff0000-0xffffff000000
manager.create_process_with_argv [ARM64]: argc/argv set up on stack, SP=0xfffffefffed0
manager.create_process_with_argv [ARM64]: SUCCESS - returning PID 18
[spawn] Created child PID 18 for parent PID 1
[spawn] Success: child PID 18 scheduled
[compositor] Mapped compositor buffer into process: virt=0x7ffffdb4e000, 1280x960, 1200 pages (backend=VirGL)
[bwm] Direct compositor mapping: 1280x960 at 0x7ffffdb4e000
[bwm] using bitmap font fallback for early boot
TELNETD_STARTING
TELNETD_LISTENING
[init] Boot script completed
[spawn] path='/bin/bounce'
[bwm] hotkeys: using built-in defaults for early boot
[composite-win] frame=0 bg_dirty=true windows=0 bg=1280x960
[BUILD-CANARY] gpu_pci.rs version=10 dimmer-fix
[composite-submit] frame=0 windows=0 dwords=342 vb_offset=256 draw_idx=8
[virgl] SUBMIT_3D OK: id=3 used_len=0 resp_flags=0x1 resp_fence=3
[composite-win] frame=0 complete
[composite-win] frame=1 bg_dirty=true windows=0 bg=1280x960
[composite-submit] frame=1 windows=0 dwords=342 vb_offset=256 draw_idx=8
[virgl] SUBMIT_3D OK: id=4 used_len=0 resp_flags=0x1 resp_fence=4
[composite-win] frame=1 complete
[heartbeat] tid=12 uptime_ms=2227 kbd_nonzero=0
manager.create_process_with_argv [ARM64]: ENTRY - name='bounce', elf_size=388200, argc=1
manager.create_process_with_argv [ARM64]: Generated PID 19
manager.create_process_with_argv [ARM64]: Creating ProcessPageTable
manager.create_process_with_argv [ARM64]: Loading ELF into page table
manager.create_process_with_argv [ARM64]: ELF loaded, entry=0x400188f4
manager.create_process_with_argv [ARM64]: Allocating user stack
manager.create_process_with_argv [ARM64]: User stack will be at 0xfffffeff0000-0xffffff000000
manager.create_process_with_argv [ARM64]: argc/argv set up on stack, SP=0xfffffefffed0
manager.create_process_with_argv [ARM64]: SUCCESS - returning PID 19
[spawn] Created child PID 19 for parent PID 1
[spawn] Success: child PID 19 scheduled
Bounce spheres demo starting (for Gus!) [boot_id=0000000085a15461]
[window] create_window_buffer: 400x300 (480000 bytes, 118 pages)
[window] Created buffer id=1 for pid=19: 400x300 at virt=0x7ffffdf86000 phys=0x44266000
[init] bounce started (PID 19)
[bounce] Window mode: id=1 400x300 [boot_id=0000000085a15461]
[bwm] Discovered window 'Bounce' (id=1, 400x300) at (30,38)
[INIT_GROUP_REFUSAL:aarch64:phase=quiesce:probe1=-22:probe2=-22:expected=-22]
[init] Process 4 exited (code 0)
[init] Process 5 exited (code 0)
[init] Process 13 exited (code 0)
[init] Process 14 exited (code 0)
[init] Process 16 exited (code 0)
[composite-win] frame=2 bg_dirty=true windows=1 bg=1280x960
[GPU-WIN] frame=2 win[0] res=10 content=(32,72)-(400x300) frame=(30,38)-(434,374)
[composite-submit] frame=2 windows=1 dwords=662 vb_offset=896 draw_idx=28
[virgl] SUBMIT_3D OK: id=5 used_len=0 resp_flags=0x1 resp_fence=5
[composite-win] frame=2 complete
[composite-win] frame=3 bg_dirty=false windows=1 bg=1280x960
[composite-win] frame=4 bg_dirty=false windows=1 bg=1280x960
[composite-win] frame=4 complete
[bwm-fps] frames_since_last=250 elapsed_ms=1000 instantaneous_fps=250
[heartbeat] tid=12 uptime_ms=3229 kbd_nonzero=0
[bwm-fps] frames_since_last=240 elapsed_ms=1000 instantaneous_fps=240
[heartbeat] tid=12 uptime_ms=4230 kbd_nonzero=0
[bwm-fps] frames_since_last=240 elapsed_ms=1001 instantaneous_fps=239
[heartbeat] tid=12 uptime_ms=5230 kbd_nonzero=0
[bwm-fps] frames_since_last=257 elapsed_ms=1004 instantaneous_fps=255
[heartbeat] tid=12 uptime_ms=6231 kbd_nonzero=0
[bwm-fps] frames_since_last=248 elapsed_ms=1002 instantaneous_fps=247
[heartbeat] tid=12 uptime_ms=7233 kbd_nonzero=0
[bwm-fps] frames_since_last=246 elapsed_ms=1001 instantaneous_fps=245
[heartbeat] tid=12 uptime_ms=8233 kbd_nonzero=0
[bwm-fps] frames_since_last=234 elapsed_ms=1001 instantaneous_fps=233
[heartbeat] tid=12 uptime_ms=9233 kbd_nonzero=0
[RESUME_PC_CENSUS:cpu=0:source=el1-restore-frame-elr:text=185:kstack=0:uva=0:smallint=0:other=0]
[RESUME_PC_CENSUS:cpu=0:source=el0-restore-frame-elr:text=0:kstack=0:uva=626:smallint=0:other=0]
[RESUME_PC_CENSUS:cpu=0:source=ctx-x30:text=14584:kstack=0:uva=614:smallint=12:other=0]
[RESUME_PC_CENSUS:cpu=0:source=ctx-elr-el1:text=14584:kstack=0:uva=0:smallint=0:other=0]
[RESUME_PC_CENSUS:cpu=0:source=lr-save-el1:text=174:kstack=0:uva=0:smallint=0:other=0]
[RESUME_PC_CENSUS:cpu=0:source=lr-restore-el1:text=185:kstack=0:uva=0:smallint=0:other=0]
[RESUME_PC_CENSUS:cpu=0:source=lr-save-el0:text=0:kstack=0:uva=4004:smallint=14:other=0]
[bwm-fps] frames_since_last=243 elapsed_ms=1000 instantaneous_fps=243
[heartbeat] tid=12 uptime_ms=10234 kbd_nonzero=0
[bwm-fps] frames_since_last=238 elapsed_ms=1002 instantaneous_fps=237
[heartbeat] tid=12 uptime_ms=11234 kbd_nonzero=0
[bwm-fps] frames_since_last=234 elapsed_ms=1002 instantaneous_fps=233
[heartbeat] tid=12 uptime_ms=12234 kbd_nonzero=0
[bwm-fps] frames_since_last=250 elapsed_ms=1000 instantaneous_fps=250
[heartbeat] tid=12 uptime_ms=13235 kbd_nonzero=0
[bwm-fps] frames_since_last=233 elapsed_ms=1006 instantaneous_fps=231
[heartbeat] tid=12 uptime_ms=14236 kbd_nonzero=0
[bwm-fps] frames_since_last=212 elapsed_ms=1000 instantaneous_fps=212
[heartbeat] tid=12 uptime_ms=15236 kbd_nonzero=0
[bwm-fps] frames_since_last=203 elapsed_ms=1001 instantaneous_fps=202
[heartbeat] tid=12 uptime_ms=16238 kbd_nonzero=0
[bwm-fps] frames_since_last=191 elapsed_ms=1005 instantaneous_fps=190
[heartbeat] tid=12 uptime_ms=17239 kbd_nonzero=0
[bwm-fps] frames_since_last=198 elapsed_ms=1003 instantaneous_fps=197
[heartbeat] tid=12 uptime_ms=18241 kbd_nonzero=0
[bwm-fps] frames_since_last=206 elapsed_ms=1000 instantaneous_fps=206
[heartbeat] tid=12 uptime_ms=19241 kbd_nonzero=0
[RESUME_PC_CENSUS:cpu=0:source=el1-restore-frame-elr:text=226:kstack=0:uva=0:smallint=0:other=0]
[RESUME_PC_CENSUS:cpu=0:source=el0-restore-frame-elr:text=0:kstack=0:uva=1570:smallint=0:other=0]
[RESUME_PC_CENSUS:cpu=0:source=ctx-x30:text=27310:kstack=0:uva=1558:smallint=12:other=0]
[RESUME_PC_CENSUS:cpu=0:source=ctx-elr-el1:text=27310:kstack=0:uva=0:smallint=0:other=0]
[RESUME_PC_CENSUS:cpu=0:source=lr-save-el1:text=211:kstack=0:uva=0:smallint=0:other=0]
[RESUME_PC_CENSUS:cpu=0:source=lr-restore-el1:text=226:kstack=0:uva=0:smallint=0:other=0]
[RESUME_PC_CENSUS:cpu=0:source=lr-save-el0:text=0:kstack=0:uva=8582:smallint=14:other=0]
[RESUME_PC_CENSUS:cpu=0:source=lr-restore-el0:text=0:kstack=0:uva=1558:smallint=12:other=0]
[RESUME_PC_CENSUS:cpu=1:source=el1-restore-frame-elr:text=86:kstack=0:uva=0:smallint=0:other=0]
[RESUME_PC_CENSUS:cpu=1:source=el0-restore-frame-elr:text=0:kstack=0:uva=3983:smallint=0:other=0]
[RESUME_PC_CENSUS:cpu=1:source=el0-first-entry-frame-elr:text=0:kstack=0:uva=5:smallint=0:other=0]
[RESUME_PC_CENSUS:cpu=1:source=ctx-x30:text=959:kstack=0:uva=3970:smallint=13:other=0]
[RESUME_PC_CENSUS:cpu=1:source=ctx-elr-el1:text=959:kstack=0:uva=0:smallint=0:other=0]
[RESUME_PC_CENSUS:cpu=1:source=lr-save-el1:text=50:kstack=0:uva=0:smallint=0:other=0]
[RESUME_PC_CENSUS:cpu=1:source=lr-restore-el1:text=86:kstack=0:uva=0:smallint=0:other=0]
[RESUME_PC_CENSUS:cpu=1:source=lr-save-el0:text=0:kstack=0:uva=450:smallint=9:other=0]
[bwm-fps] frames_since_last=214 elapsed_ms=1002 instantaneous_fps=213
[heartbeat] tid=12 uptime_ms=20242 kbd_nonzero=0
[PT_ROOT_CUSTODY:no_proof=11:no_arch=0:terminated=0:undecided=0:mid_retire=0:retired=3]
[TOMBSTONE_CENSUS:resident=0:removed=13:reap_second=13:retire_second=0:abandoned_unqueued=0]
[TTBR0_ASID_CENSUS:untagged=0:tagged=64988:kernel=33578:cleared=83904]
[net-rx-counters] sample=1 begin
[net-rx-counters] sample=1 NET_RX_MSI_TOTAL: 7 (cpu0=7)
[net-rx-counters] sample=1 NET_RX_RING_DRAIN_TOTAL: 8 (cpu0=8)
[net-rx-counters] sample=1 NET_RX_FRAME_TOTAL: 8 (cpu0=8)
[net-rx-counters] sample=1 NET_RX_ARP_TOTAL: 2 (cpu0=2)
[net-rx-counters] sample=1 NET_RX_ETHERTYPE_OTHER_TOTAL: 0
[net-rx-counters] sample=1 NET_RX_SOFTIRQ_ENTRY_TOTAL: 14 (cpu0=7, cpu1=2, cpu2=1, cpu3=4)
[net-rx-counters] sample=1 NET_RX_SOFTIRQ_EXIT_TOTAL: 14 (cpu0=7, cpu1=2, cpu2=1, cpu3=4)
[net-rx-counters] sample=1 NET_RX_REENTRANT_SKIP_TOTAL: 0
[net-rx-counters] sample=1 NET_RX_GUARD_RELEASE_TOTAL: 15 (cpu0=8, cpu1=2, cpu2=1, cpu3=4)
[net-rx-counters] sample=1 NET_RX_REARM_CHECK_TOTAL: 15 (cpu0=8, cpu1=2, cpu2=1, cpu3=4)
[net-rx-counters] sample=1 NET_RX_REARM_RACE_TOTAL: 0
[net-rx-counters] sample=1 NET_RX_REARM_ARMED_TOTAL: 15 (cpu0=8, cpu1=2, cpu2=1, cpu3=4)
[net-rx-counters] sample=1 NET_PCI_IRQ_RAISED_NETRX: 7 (cpu0=7)
[net-rx-counters] sample=1 GIC_SPI55_ACK_TOTAL: 7 (cpu0=7)
[net-rx-counters] sample=1 GICV2M_BASE_PHYS: 0x2250000
[net-rx-counters] sample=1 GICV2M_DOORBELL_PHYS: 0x2250040
[net-rx-counters] sample=1 GICV2M_MSI_TYPER: 0x80350040
[net-rx-counters] sample=1 GICV2M_SPI_BASE: 53
[net-rx-counters] sample=1 GICV2M_SPI_COUNT: 64
[net-rx-counters] sample=1 GICV2M_NEXT_INDEX: 4
[net-rx-counters] sample=1 GIC_SPI54_IRQ: 54
[net-rx-counters] sample=1 GIC_SPI54_VERSION: 3
[net-rx-counters] sample=1 GIC_SPI54_ISENABLER_BIT: 0x400000
[net-rx-counters] sample=1 GIC_SPI54_ISPENDR_BIT: 0x0
[net-rx-counters] sample=1 GIC_SPI54_ISACTIVER_BIT: 0x0
[net-rx-counters] sample=1 GIC_SPI54_IGROUPR_BIT: 0x400000
[net-rx-counters] sample=1 GIC_SPI54_PRIORITY: 0xa0
[net-rx-counters] sample=1 GIC_SPI54_ICFGR_REG: 0x2a800
[net-rx-counters] sample=1 GIC_SPI54_IROUTER: 0x0
[net-rx-counters] sample=1 GIC_SPI54_ITARGETSR_BYTE: 0x0
[net-rx-counters] sample=1 GIC_SPI54_GICD_CTLR: 0x53
[net-rx-counters] sample=1 GIC_SPI55_IRQ: 55
[net-rx-counters] sample=1 GIC_SPI55_VERSION: 3
[net-rx-counters] sample=1 GIC_SPI55_ISENABLER_BIT: 0x800000
[net-rx-counters] sample=1 GIC_SPI55_ISPENDR_BIT: 0x0
[net-rx-counters] sample=1 GIC_SPI55_ISACTIVER_BIT: 0x0
[net-rx-counters] sample=1 GIC_SPI55_IGROUPR_BIT: 0x800000
[net-rx-counters] sample=1 GIC_SPI55_PRIORITY: 0xa0
[net-rx-counters] sample=1 GIC_SPI55_ICFGR_REG: 0x2a800
[net-rx-counters] sample=1 GIC_SPI55_IROUTER: 0x0
[net-rx-counters] sample=1 GIC_SPI55_ITARGETSR_BYTE: 0x0
[net-rx-counters] sample=1 GIC_SPI55_GICD_CTLR: 0x53
[net-rx-counters] sample=1 MANUAL_GICV2M_TEST_DONE: 1
[net-rx-counters] sample=1 MANUAL_GICV2M_TEST_IRQ: 55
[net-rx-counters] sample=1 MANUAL_GICV2M_TEST_DOORBELL: 0x2250040
[net-rx-counters] sample=1 MANUAL_GICV2M_TEST_BEFORE_PEND: 0x0
[net-rx-counters] sample=1 MANUAL_GICV2M_TEST_AFTER_WRITE_PEND: 0x800000
[net-rx-counters] sample=1 MANUAL_GICV2M_TEST_AFTER_WAIT_PEND: 0x0
[net-rx-counters] sample=1 MANUAL_GICV2M_TEST_ACK_BEFORE: 0
[net-rx-counters] sample=1 MANUAL_GICV2M_TEST_ACK_AFTER: 1
[net-rx-counters] sample=1 MANUAL_GICV2M_TEST_MSI_BEFORE: 0
[net-rx-counters] sample=1 MANUAL_GICV2M_TEST_MSI_AFTER: 1
[net-rx-counters] sample=1 NET_PCI_DEVICE_STATUS: 0xf
[net-rx-counters] sample=1 NET_PCI_ISR_STATUS: 0x0
[net-rx-counters] sample=1 NET_PCI_DEVICE_FEATURES: 0x6187bfa3
[net-rx-counters] sample=1 NET_PCI_GUEST_FEATURES: 0x10020
[net-rx-counters] sample=1 NET_PCI_RX_QUEUE_PFN: 0x4123b
[net-rx-counters] sample=1 NET_PCI_TX_QUEUE_PFN: 0x4123e
[net-rx-counters] sample=1 NET_PCI_RX_QUEUE_SIZE: 256
[net-rx-counters] sample=1 NET_PCI_TX_QUEUE_SIZE: 256
[net-rx-counters] sample=1 NET_PCI_RX_QUEUE_ALIGN: 4096
[net-rx-counters] sample=1 NET_PCI_RX_QUEUE_VECTOR: 0x0
[net-rx-counters] sample=1 NET_PCI_TX_QUEUE_VECTOR: 0xffff
[net-rx-counters] sample=1 NET_PCI_RX_AVAIL_FLAGS: 0x0
[net-rx-counters] sample=1 NET_PCI_RX_AVAIL_IDX: 32
[net-rx-counters] sample=1 NET_PCI_RX_USED_FLAGS: 0x1
[net-rx-counters] sample=1 NET_PCI_RX_USED_IDX: 8
[net-rx-counters] sample=1 NET_PCI_RX_LAST_USED_IDX: 8
[net-rx-counters] sample=1 NET_PCI_RX_POSTED_GAP: 24
[net-rx-counters] sample=1 NET_PCI_RX_DESC0: addr=0x4126aa00 len=1524 flags=0x2
[net-rx-counters] sample=1 NET_PCI_RX_DESC1: addr=0x4126b000 len=1524 flags=0x2
[net-rx-counters] sample=1 NET_PCI_RX_DESC2: addr=0x4126b600 len=1524 flags=0x2
[net-rx-counters] sample=1 NET_PCI_RX_DESC3: addr=0x4126bc00 len=1524 flags=0x2
[net-rx-counters] sample=1 NET_PCI_RX_RING_HEADS: 0,1,2,3
[net-rx-counters] sample=1 NET_RX_PROCESSING_HELD: 0
[net-rx-counters] sample=1 NET_RX_PENDING_WHILE_PROCESSING: 0
[net-rx-counters] sample=1 NET_PCI_RX_REARM_SAMPLE_SEQ: 15
[net-rx-counters] sample=1 NET_PCI_RX_REARM_SAMPLE0: used_idx=6 last_used_idx=6 avail_flags=0x0 raced=0
[net-rx-counters] sample=1 NET_PCI_RX_REARM_SAMPLE1: used_idx=7 last_used_idx=7 avail_flags=0x0 raced=0
[net-rx-counters] sample=1 NET_PCI_RX_REARM_SAMPLE2: used_idx=8 last_used_idx=8 avail_flags=0x0 raced=0
[net-rx-counters] sample=1 NET_PCI_RX_REARM_SAMPLE3: used_idx=5 last_used_idx=5 avail_flags=0x0 raced=0
[net-rx-counters] sample=1 NET_PCI_RX_SOFTIRQ_ENTRY_SAMPLE: used_idx=8 last_used_idx=7 avail_flags=0x1 raced=0
[net-rx-counters] sample=1 NET_PCI_RX_SOFTIRQ_EXIT_SAMPLE: used_idx=8 last_used_idx=8 avail_flags=0x0 raced=0
[net-rx-counters] sample=1 end
[bwm-fps] frames_since_last=231 elapsed_ms=1000 instantaneous_fps=231
[heartbeat] tid=12 uptime_ms=21263 kbd_nonzero=0
[bwm-fps] frames_since_last=231 elapsed_ms=1001 instantaneous_fps=230
[heartbeat] tid=12 uptime_ms=22264 kbd_nonzero=0
[bwm-fps] frames_since_last=244 elapsed_ms=1000 instantaneous_fps=244
[heartbeat] tid=12 uptime_ms=23264 kbd_nonzero=0
[bwm-fps] frames_since_last=246 elapsed_ms=1001 instantaneous_fps=245
[heartbeat] tid=12 uptime_ms=24264 kbd_nonzero=0
[bwm-fps] frames_since_last=252 elapsed_ms=1002 instantaneous_fps=251
[heartbeat] tid=12 uptime_ms=25267 kbd_nonzero=0
[bwm-fps] frames_since_last=241 elapsed_ms=1000 instantaneous_fps=241
[heartbeat] tid=12 uptime_ms=26271 kbd_nonzero=0
[bwm-fps] frames_since_last=238 elapsed_ms=1002 instantaneous_fps=237
[heartbeat] tid=12 uptime_ms=27271 kbd_nonzero=0
[bwm-fps] frames_since_last=233 elapsed_ms=1005 instantaneous_fps=231
[heartbeat] tid=12 uptime_ms=28272 kbd_nonzero=0
[bwm-fps] frames_since_last=226 elapsed_ms=1004 instantaneous_fps=225
[heartbeat] tid=12 uptime_ms=29272 kbd_nonzero=0
[RESUME_PC_CENSUS:cpu=0:source=el1-restore-frame-elr:text=346:kstack=0:uva=0:smallint=0:other=0]
[RESUME_PC_CENSUS:cpu=0:source=el0-restore-frame-elr:text=0:kstack=0:uva=2299:smallint=0:other=0]
[RESUME_PC_CENSUS:cpu=0:source=ctx-x30:text=41322:kstack=0:uva=2287:smallint=12:other=0]
[RESUME_PC_CENSUS:cpu=0:source=ctx-elr-el1:text=41322:kstack=0:uva=0:smallint=0:other=0]
[RESUME_PC_CENSUS:cpu=0:source=lr-save-el1:text=317:kstack=0:uva=0:smallint=0:other=0]
[RESUME_PC_CENSUS:cpu=0:source=lr-restore-el1:text=347:kstack=0:uva=0:smallint=0:other=0]
[RESUME_PC_CENSUS:cpu=0:source=lr-save-el0:text=0:kstack=0:uva=13431:smallint=14:other=0]
[RESUME_PC_CENSUS:cpu=0:source=lr-restore-el0:text=0:kstack=0:uva=2287:smallint=12:other=0]
[RESUME_PC_CENSUS:cpu=1:source=el1-restore-frame-elr:text=121:kstack=0:uva=0:smallint=0:other=0]
[RESUME_PC_CENSUS:cpu=1:source=el0-restore-frame-elr:text=0:kstack=0:uva=6456:smallint=0:other=0]
[RESUME_PC_CENSUS:cpu=1:source=el0-first-entry-frame-elr:text=0:kstack=0:uva=5:smallint=0:other=0]
[RESUME_PC_CENSUS:cpu=1:source=ctx-x30:text=1564:kstack=0:uva=6443:smallint=13:other=0]
[RESUME_PC_CENSUS:cpu=1:source=ctx-elr-el1:text=1564:kstack=0:uva=0:smallint=0:other=0]
[RESUME_PC_CENSUS:cpu=1:source=lr-save-el1:text=67:kstack=0:uva=0:smallint=0:other=0]
[RESUME_PC_CENSUS:cpu=1:source=lr-restore-el1:text=121:kstack=0:uva=0:smallint=0:other=0]
[RESUME_PC_CENSUS:cpu=1:source=lr-save-el0:text=0:kstack=0:uva=663:smallint=9:other=0]
[RESUME_PC_CENSUS:cpu=1:source=lr-restore-el0:text=0:kstack=0:uva=6443:smallint=13:other=0]
[RESUME_PC_CENSUS:cpu=2:source=el1-restore-frame-elr:text=89:kstack=0:uva=0:smallint=0:other=0]
[RESUME_PC_CENSUS:cpu=2:source=el0-restore-frame-elr:text=0:kstack=0:uva=4118:smallint=0:other=0]
[RESUME_PC_CENSUS:cpu=2:source=el0-first-entry-frame-elr:text=0:kstack=0:uva=4:smallint=0:other=0]
[RESUME_PC_CENSUS:cpu=2:source=ctx-x30:text=1134:kstack=0:uva=4114:smallint=4:other=0]
[RESUME_PC_CENSUS:cpu=2:source=ctx-elr-el1:text=1134:kstack=0:uva=0:smallint=0:other=0]
[RESUME_PC_CENSUS:cpu=2:source=lr-save-el1:text=90:kstack=0:uva=0:smallint=0:other=0]
[RESUME_PC_CENSUS:cpu=2:source=lr-restore-el1:text=89:kstack=0:uva=0:smallint=0:other=0]
[RESUME_PC_CENSUS:cpu=2:source=lr-save-el0:text=0:kstack=0:uva=472:smallint=4:other=0]
[RESUME_PC_CENSUS:cpu=2:source=lr-restore-el0:text=0:kstack=0:uva=4114:smallint=4:other=0]
[RESUME_PC_CENSUS:cpu=3:source=el1-restore-frame-elr:text=60:kstack=0:uva=0:smallint=0:other=0]
[RESUME_PC_CENSUS:cpu=3:source=el0-restore-frame-elr:text=0:kstack=0:uva=1692:smallint=0:other=0]
[RESUME_PC_CENSUS:cpu=3:source=el0-first-entry-frame-elr:text=0:kstack=0:uva=3:smallint=0:other=0]
[RESUME_PC_CENSUS:cpu=3:source=ctx-x30:text=847:kstack=0:uva=1688:smallint=4:other=0]
[RESUME_PC_CENSUS:cpu=3:source=ctx-elr-el1:text=847:kstack=0:uva=0:smallint=0:other=0]
[RESUME_PC_CENSUS:cpu=3:source=lr-save-el1:text=72:kstack=0:uva=0:smallint=0:other=0]
[RESUME_PC_CENSUS:cpu=3:source=lr-restore-el1:text=60:kstack=0:uva=0:smallint=0:other=0]
[RESUME_PC_CENSUS:cpu=3:source=lr-save-el0:text=0:kstack=0:uva=399:smallint=2:other=0]
[RESUME_PC_CENSUS:cpu=3:source=lr-restore-el0:text=0:kstack=0:uva=1688:smallint=4:other=0]
[RESUME_PC_CENSUS:cpu=4:source=el1-restore-frame-elr:text=52:kstack=0:uva=0:smallint=0:other=0]
[RESUME_PC_CENSUS:cpu=4:source=el0-restore-frame-elr:text=0:kstack=0:uva=655:smallint=0:other=0]
[RESUME_PC_CENSUS:cpu=4:source=ctx-x30:text=649:kstack=0:uva=617:smallint=38:other=0]
[RESUME_PC_CENSUS:cpu=4:source=ctx-elr-el1:text=649:kstack=0:uva=0:smallint=0:other=0]
[RESUME_PC_CENSUS:cpu=4:source=lr-save-el1:text=79:kstack=0:uva=0:smallint=0:other=0]
[RESUME_PC_CENSUS:cpu=4:source=lr-restore-el1:text=53:kstack=0:uva=0:smallint=0:other=0]
[RESUME_PC_CENSUS:cpu=4:source=lr-save-el0:text=0:kstack=0:uva=357:smallint=3:other=0]
[RESUME_PC_CENSUS:cpu=4:source=lr-restore-el0:text=0:kstack=0:uva=617:smallint=38:other=0]
[RESUME_PC_CENSUS:cpu=5:source=el1-restore-frame-elr:text=31:kstack=0:uva=0:smallint=0:other=0]
[RESUME_PC_CENSUS:cpu=5:source=el0-restore-frame-elr:text=0:kstack=0:uva=479:smallint=0:other=0]
[RESUME_PC_CENSUS:cpu=5:source=ctx-x30:text=577:kstack=0:uva=448:smallint=31:other=0]
[RESUME_PC_CENSUS:cpu=5:source=ctx-elr-el1:text=577:kstack=0:uva=0:smallint=0:other=0]
[RESUME_PC_CENSUS:cpu=5:source=lr-save-el1:text=45:kstack=0:uva=0:smallint=0:other=0]
[RESUME_PC_CENSUS:cpu=5:source=lr-restore-el1:text=31:kstack=0:uva=0:smallint=0:other=0]
[RESUME_PC_CENSUS:cpu=5:source=lr-save-el0:text=0:kstack=0:uva=379:smallint=4:other=0]
[RESUME_PC_CENSUS:cpu=5:source=lr-restore-el0:text=0:kstack=0:uva=448:smallint=31:other=0]
[RESUME_PC_CENSUS:cpu=6:source=el1-restore-frame-elr:text=36:kstack=0:uva=0:smallint=0:other=0]
[RESUME_PC_CENSUS:cpu=6:source=el0-restore-frame-elr:text=0:kstack=0:uva=513:smallint=0:other=0]
[RESUME_PC_CENSUS:cpu=6:source=ctx-x30:text=588:kstack=0:uva=481:smallint=32:other=0]
[RESUME_PC_CENSUS:cpu=6:source=ctx-elr-el1:text=588:kstack=0:uva=0:smallint=0:other=0]
[RESUME_PC_CENSUS:cpu=6:source=lr-save-el1:text=61:kstack=0:uva=0:smallint=0:other=0]
[RESUME_PC_CENSUS:cpu=6:source=lr-restore-el1:text=36:kstack=0:uva=0:smallint=0:other=0]
[RESUME_PC_CENSUS:cpu=6:source=lr-save-el0:text=0:kstack=0:uva=420:smallint=3:other=0]
[RESUME_PC_CENSUS:cpu=6:source=lr-restore-el0:text=0:kstack=0:uva=481:smallint=32:other=0]
[RESUME_PC_CENSUS:cpu=7:source=el1-restore-frame-elr:text=6:kstack=0:uva=0:smallint=0:other=0]
[RESUME_PC_CENSUS:cpu=7:source=el0-restore-frame-elr:text=0:kstack=0:uva=110:smallint=0:other=0]
[RESUME_PC_CENSUS:cpu=7:source=ctx-x30:text=591:kstack=0:uva=107:smallint=3:other=0]
[RESUME_PC_CENSUS:cpu=7:source=ctx-elr-el1:text=591:kstack=0:uva=0:smallint=0:other=0]
[RESUME_PC_CENSUS:cpu=7:source=lr-save-el1:text=15:kstack=0:uva=0:smallint=0:other=0]
[RESUME_PC_CENSUS:cpu=7:source=lr-restore-el1:text=6:kstack=0:uva=0:smallint=0:other=0]
[RESUME_PC_CENSUS:cpu=7:source=lr-save-el0:text=0:kstack=0:uva=59:smallint=0:other=0]
[RESUME_PC_CENSUS:cpu=7:source=lr-restore-el0:text=0:kstack=0:uva=107:smallint=3:other=0]
[bwm-fps] frames_since_last=249 elapsed_ms=1001 instantaneous_fps=248
[heartbeat] tid=12 uptime_ms=30278 kbd_nonzero=0
[PT_ROOT_CUSTODY:no_proof=11:no_arch=0:terminated=0:undecided=0:mid_retire=0:retired=3]
[TOMBSTONE_CENSUS:resident=0:removed=13:reap_second=13:retire_second=0:abandoned_unqueued=0]
[TTBR0_ASID_CENSUS:untagged=0:tagged=99819:kernel=50807:cleared=127967]
[net-rx-counters] sample=2 begin
[net-rx-counters] sample=2 NET_RX_MSI_TOTAL: 7 (cpu0=7)
[net-rx-counters] sample=2 NET_RX_RING_DRAIN_TOTAL: 8 (cpu0=8)
[net-rx-counters] sample=2 NET_RX_FRAME_TOTAL: 8 (cpu0=8)
[net-rx-counters] sample=2 NET_RX_ARP_TOTAL: 2 (cpu0=2)
[net-rx-counters] sample=2 NET_RX_ETHERTYPE_OTHER_TOTAL: 0
[net-rx-counters] sample=2 NET_RX_SOFTIRQ_ENTRY_TOTAL: 14 (cpu0=7, cpu1=2, cpu2=1, cpu3=4)
[net-rx-counters] sample=2 NET_RX_SOFTIRQ_EXIT_TOTAL: 14 (cpu0=7, cpu1=2, cpu2=1, cpu3=4)
[net-rx-counters] sample=2 NET_RX_REENTRANT_SKIP_TOTAL: 0
[net-rx-counters] sample=2 NET_RX_GUARD_RELEASE_TOTAL: 15 (cpu0=8, cpu1=2, cpu2=1, cpu3=4)
[net-rx-counters] sample=2 NET_RX_REARM_CHECK_TOTAL: 15 (cpu0=8, cpu1=2, cpu2=1, cpu3=4)
[net-rx-counters] sample=2 NET_RX_REARM_RACE_TOTAL: 0
[net-rx-counters] sample=2 NET_RX_REARM_ARMED_TOTAL: 15 (cpu0=8, cpu1=2, cpu2=1, cpu3=4)
[net-rx-counters] sample=2 NET_PCI_IRQ_RAISED_NETRX: 7 (cpu0=7)
[net-rx-counters] sample=2 GIC_SPI55_ACK_TOTAL: 7 (cpu0=7)
[net-rx-counters] sample=2 GICV2M_BASE_PHYS: 0x2250000
[net-rx-counters] sample=2 GICV2M_DOORBELL_PHYS: 0x2250040
[net-rx-counters] sample=2 GICV2M_MSI_TYPER: 0x80350040
[net-rx-counters] sample=2 GICV2M_SPI_BASE: 53
[net-rx-counters] sample=2 GICV2M_SPI_COUNT: 64
[net-rx-counters] sample=2 GICV2M_NEXT_INDEX: 4
[net-rx-counters] sample=2 GIC_SPI54_IRQ: 54
[net-rx-counters] sample=2 GIC_SPI54_VERSION: 3
[net-rx-counters] sample=2 GIC_SPI54_ISENABLER_BIT: 0x400000
[net-rx-counters] sample=2 GIC_SPI54_ISPENDR_BIT: 0x0
[net-rx-counters] sample=2 GIC_SPI54_ISACTIVER_BIT: 0x0
[net-rx-counters] sample=2 GIC_SPI54_IGROUPR_BIT: 0x400000
[net-rx-counters] sample=2 GIC_SPI54_PRIORITY: 0xa0
[net-rx-counters] sample=2 GIC_SPI54_ICFGR_REG: 0x2a800
[net-rx-counters] sample=2 GIC_SPI54_IROUTER: 0x0
[net-rx-counters] sample=2 GIC_SPI54_ITARGETSR_BYTE: 0x0
[net-rx-counters] sample=2 GIC_SPI54_GICD_CTLR: 0x53
[net-rx-counters] sample=2 GIC_SPI55_IRQ: 55
[net-rx-counters] sample=2 GIC_SPI55_VERSION: 3
[net-rx-counters] sample=2 GIC_SPI55_ISENABLER_BIT: 0x800000
[net-rx-counters] sample=2 GIC_SPI55_ISPENDR_BIT: 0x0
[net-rx-counters] sample=2 GIC_SPI55_ISACTIVER_BIT: 0x0
[net-rx-counters] sample=2 GIC_SPI55_IGROUPR_BIT: 0x800000
[net-rx-counters] sample=2 GIC_SPI55_PRIORITY: 0xa0
[net-rx-counters] sample=2 GIC_SPI55_ICFGR_REG: 0x2a800
[net-rx-counters] sample=2 GIC_SPI55_IROUTER: 0x0
[net-rx-counters] sample=2 GIC_SPI55_ITARGETSR_BYTE: 0x0
[net-rx-counters] sample=2 GIC_SPI55_GICD_CTLR: 0x53
[net-rx-counters] sample=2 MANUAL_GICV2M_TEST_DONE: 1
[net-rx-counters] sample=2 MANUAL_GICV2M_TEST_IRQ: 55
[net-rx-counters] sample=2 MANUAL_GICV2M_TEST_DOORBELL: 0x2250040
[net-rx-counters] sample=2 MANUAL_GICV2M_TEST_BEFORE_PEND: 0x0
[net-rx-counters] sample=2 MANUAL_GICV2M_TEST_AFTER_WRITE_PEND: 0x800000
[net-rx-counters] sample=2 MANUAL_GICV2M_TEST_AFTER_WAIT_PEND: 0x0
[net-rx-counters] sample=2 MANUAL_GICV2M_TEST_ACK_BEFORE: 0
[net-rx-counters] sample=2 MANUAL_GICV2M_TEST_ACK_AFTER: 1
[net-rx-counters] sample=2 MANUAL_GICV2M_TEST_MSI_BEFORE: 0
[net-rx-counters] sample=2 MANUAL_GICV2M_TEST_MSI_AFTER: 1
[net-rx-counters] sample=2 NET_PCI_DEVICE_STATUS: 0xf
[net-rx-counters] sample=2 NET_PCI_ISR_STATUS: 0x0
[net-rx-counters] sample=2 NET_PCI_DEVICE_FEATURES: 0x6187bfa3
[net-rx-counters] sample=2 NET_PCI_GUEST_FEATURES: 0x10020
[net-rx-counters] sample=2 NET_PCI_RX_QUEUE_PFN: 0x4123b
[net-rx-counters] sample=2 NET_PCI_TX_QUEUE_PFN: 0x4123e
[net-rx-counters] sample=2 NET_PCI_RX_QUEUE_SIZE: 256
[net-rx-counters] sample=2 NET_PCI_TX_QUEUE_SIZE: 256
[net-rx-counters] sample=2 NET_PCI_RX_QUEUE_ALIGN: 4096
[net-rx-counters] sample=2 NET_PCI_RX_QUEUE_VECTOR: 0x0
[net-rx-counters] sample=2 NET_PCI_TX_QUEUE_VECTOR: 0xffff
[net-rx-counters] sample=2 NET_PCI_RX_AVAIL_FLAGS: 0x0
[net-rx-counters] sample=2 NET_PCI_RX_AVAIL_IDX: 32
[net-rx-counters] sample=2 NET_PCI_RX_USED_FLAGS: 0x1
[net-rx-counters] sample=2 NET_PCI_RX_USED_IDX: 8
[net-rx-counters] sample=2 NET_PCI_RX_LAST_USED_IDX: 8
[net-rx-counters] sample=2 NET_PCI_RX_POSTED_GAP: 24
[net-rx-counters] sample=2 NET_PCI_RX_DESC0: addr=0x4126aa00 len=1524 flags=0x2
[net-rx-counters] sample=2 NET_PCI_RX_DESC1: addr=0x4126b000 len=1524 flags=0x2
[net-rx-counters] sample=2 NET_PCI_RX_DESC2: addr=0x4126b600 len=1524 flags=0x2
[net-rx-counters] sample=2 NET_PCI_RX_DESC3: addr=0x4126bc00 len=1524 flags=0x2
[net-rx-counters] sample=2 NET_PCI_RX_RING_HEADS: 0,1,2,3
[net-rx-counters] sample=2 NET_RX_PROCESSING_HELD: 0
[net-rx-counters] sample=2 NET_RX_PENDING_WHILE_PROCESSING: 0
[net-rx-counters] sample=2 NET_PCI_RX_REARM_SAMPLE_SEQ: 15
[net-rx-counters] sample=2 NET_PCI_RX_REARM_SAMPLE0: used_idx=6 last_used_idx=6 avail_flags=0x0 raced=0
[net-rx-counters] sample=2 NET_PCI_RX_REARM_SAMPLE1: used_idx=7 last_used_idx=7 avail_flags=0x0 raced=0
[net-rx-counters] sample=2 NET_PCI_RX_REARM_SAMPLE2: used_idx=8 last_used_idx=8 avail_flags=0x0 raced=0
[net-rx-counters] sample=2 NET_PCI_RX_REARM_SAMPLE3: used_idx=5 last_used_idx=5 avail_flags=0x0 raced=0
[net-rx-counters] sample=2 NET_PCI_RX_SOFTIRQ_ENTRY_SAMPLE: used_idx=8 last_used_idx=7 avail_flags=0x1 raced=0
[net-rx-counters] sample=2 NET_PCI_RX_SOFTIRQ_EXIT_SAMPLE: used_idx=8 last_used_idx=8 avail_flags=0x0 raced=0
[net-rx-counters] sample=2 end
[bwm-fps] frames_since_last=248 elapsed_ms=1000 instantaneous_fps=248
[heartbeat] tid=12 uptime_ms=31305 kbd_nonzero=0
[bwm-fps] frames_since_last=235 elapsed_ms=1030 instantaneous_fps=228
[heartbeat] tid=12 uptime_ms=32305 kbd_nonzero=0
[bwm-fps] frames_since_last=242 elapsed_ms=1003 instantaneous_fps=241
[heartbeat] tid=12 uptime_ms=33305 kbd_nonzero=0
[bwm-fps] frames_since_last=242 elapsed_ms=1002 instantaneous_fps=241
[heartbeat] tid=12 uptime_ms=34306 kbd_nonzero=0
[bwm-fps] frames_since_last=243 elapsed_ms=1002 instantaneous_fps=242
[heartbeat] tid=12 uptime_ms=35306 kbd_nonzero=0
[bwm-fps] frames_since_last=245 elapsed_ms=1001 instantaneous_fps=244
[heartbeat] tid=12 uptime_ms=36308 kbd_nonzero=0
[bwm-fps] frames_since_last=243 elapsed_ms=1000 instantaneous_fps=243
[heartbeat] tid=12 uptime_ms=37309 kbd_nonzero=0
[bwm-fps] frames_since_last=241 elapsed_ms=1002 instantaneous_fps=240
[heartbeat] tid=12 uptime_ms=38309 kbd_nonzero=0
[bwm-fps] frames_since_last=241 elapsed_ms=1006 instantaneous_fps=239
[heartbeat] tid=12 uptime_ms=39310 kbd_nonzero=0
[RESUME_PC_CENSUS:cpu=0:source=el1-restore-frame-elr:text=412:kstack=0:uva=0:smallint=0:other=0]
[RESUME_PC_CENSUS:cpu=0:source=el0-restore-frame-elr:text=0:kstack=0:uva=3085:smallint=0:other=0]
[RESUME_PC_CENSUS:cpu=0:source=ctx-x30:text=55426:kstack=0:uva=3073:smallint=12:other=0]
[RESUME_PC_CENSUS:cpu=0:source=ctx-elr-el1:text=55426:kstack=0:uva=0:smallint=0:other=0]
[RESUME_PC_CENSUS:cpu=0:source=lr-save-el1:text=381:kstack=0:uva=0:smallint=0:other=0]
[RESUME_PC_CENSUS:cpu=0:source=lr-restore-el1:text=413:kstack=0:uva=0:smallint=0:other=0]
[RESUME_PC_CENSUS:cpu=0:source=lr-save-el0:text=0:kstack=0:uva=18378:smallint=14:other=0]
[RESUME_PC_CENSUS:cpu=0:source=lr-restore-el0:text=0:kstack=0:uva=3073:smallint=12:other=0]
[RESUME_PC_CENSUS:cpu=1:source=el1-restore-frame-elr:text=147:kstack=0:uva=0:smallint=0:other=0]
[RESUME_PC_CENSUS:cpu=1:source=el0-restore-frame-elr:text=0:kstack=0:uva=8896:smallint=0:other=0]
[RESUME_PC_CENSUS:cpu=1:source=el0-first-entry-frame-elr:text=0:kstack=0:uva=5:smallint=0:other=0]
[RESUME_PC_CENSUS:cpu=1:source=ctx-x30:text=2135:kstack=0:uva=8883:smallint=13:other=0]
[RESUME_PC_CENSUS:cpu=1:source=ctx-elr-el1:text=2135:kstack=0:uva=0:smallint=0:other=0]
[RESUME_PC_CENSUS:cpu=1:source=lr-save-el1:text=81:kstack=0:uva=0:smallint=0:other=0]
[RESUME_PC_CENSUS:cpu=1:source=lr-restore-el1:text=147:kstack=0:uva=0:smallint=0:other=0]
[RESUME_PC_CENSUS:cpu=1:source=lr-save-el0:text=0:kstack=0:uva=865:smallint=9:other=0]
[RESUME_PC_CENSUS:cpu=1:source=lr-restore-el0:text=0:kstack=0:uva=8883:smallint=13:other=0]
[RESUME_PC_CENSUS:cpu=2:source=el1-restore-frame-elr:text=107:kstack=0:uva=0:smallint=0:other=0]
[RESUME_PC_CENSUS:cpu=2:source=el0-restore-frame-elr:text=0:kstack=0:uva=5643:smallint=0:other=0]
[RESUME_PC_CENSUS:cpu=2:source=el0-first-entry-frame-elr:text=0:kstack=0:uva=4:smallint=0:other=0]
[RESUME_PC_CENSUS:cpu=2:source=ctx-x30:text=1578:kstack=0:uva=5639:smallint=4:other=0]
[RESUME_PC_CENSUS:cpu=2:source=ctx-elr-el1:text=1578:kstack=0:uva=0:smallint=0:other=0]
[RESUME_PC_CENSUS:cpu=2:source=lr-save-el1:text=100:kstack=0:uva=0:smallint=0:other=0]
[RESUME_PC_CENSUS:cpu=2:source=lr-restore-el1:text=107:kstack=0:uva=0:smallint=0:other=0]
[RESUME_PC_CENSUS:cpu=2:source=lr-save-el0:text=0:kstack=0:uva=616:smallint=4:other=0]
[RESUME_PC_CENSUS:cpu=2:source=lr-restore-el0:text=0:kstack=0:uva=5639:smallint=4:other=0]
[RESUME_PC_CENSUS:cpu=3:source=el1-restore-frame-elr:text=71:kstack=0:uva=0:smallint=0:other=0]
[RESUME_PC_CENSUS:cpu=3:source=el0-restore-frame-elr:text=0:kstack=0:uva=2212:smallint=0:other=0]
[RESUME_PC_CENSUS:cpu=3:source=el0-first-entry-frame-elr:text=0:kstack=0:uva=3:smallint=0:other=0]
[RESUME_PC_CENSUS:cpu=3:source=ctx-x30:text=1136:kstack=0:uva=2208:smallint=4:other=0]
[RESUME_PC_CENSUS:cpu=3:source=ctx-elr-el1:text=1136:kstack=0:uva=0:smallint=0:other=0]
[RESUME_PC_CENSUS:cpu=3:source=lr-save-el1:text=88:kstack=0:uva=0:smallint=0:other=0]
[RESUME_PC_CENSUS:cpu=3:source=lr-restore-el1:text=71:kstack=0:uva=0:smallint=0:other=0]
[RESUME_PC_CENSUS:cpu=3:source=lr-save-el0:text=0:kstack=0:uva=514:smallint=2:other=0]
[RESUME_PC_CENSUS:cpu=3:source=lr-restore-el0:text=0:kstack=0:uva=2208:smallint=4:other=0]
[RESUME_PC_CENSUS:cpu=4:source=el1-restore-frame-elr:text=58:kstack=0:uva=0:smallint=0:other=0]
[RESUME_PC_CENSUS:cpu=4:source=el0-restore-frame-elr:text=0:kstack=0:uva=841:smallint=0:other=0]
[RESUME_PC_CENSUS:cpu=4:source=ctx-x30:text=866:kstack=0:uva=803:smallint=38:other=0]
[RESUME_PC_CENSUS:cpu=4:source=ctx-elr-el1:text=866:kstack=0:uva=0:smallint=0:other=0]
[RESUME_PC_CENSUS:cpu=4:source=lr-save-el1:text=88:kstack=0:uva=0:smallint=0:other=0]
[RESUME_PC_CENSUS:cpu=4:source=lr-restore-el1:text=58:kstack=0:uva=0:smallint=0:other=0]
[RESUME_PC_CENSUS:cpu=4:source=lr-save-el0:text=0:kstack=0:uva=468:smallint=3:other=0]
[RESUME_PC_CENSUS:cpu=4:source=lr-restore-el0:text=0:kstack=0:uva=803:smallint=38:other=0]
[RESUME_PC_CENSUS:cpu=5:source=el1-restore-frame-elr:text=39:kstack=0:uva=0:smallint=0:other=0]
[RESUME_PC_CENSUS:cpu=5:source=el0-restore-frame-elr:text=0:kstack=0:uva=620:smallint=0:other=0]
[RESUME_PC_CENSUS:cpu=5:source=ctx-x30:text=808:kstack=0:uva=589:smallint=31:other=0]
[RESUME_PC_CENSUS:cpu=5:source=ctx-elr-el1:text=808:kstack=0:uva=0:smallint=0:other=0]
[RESUME_PC_CENSUS:cpu=5:source=lr-save-el1:text=60:kstack=0:uva=0:smallint=0:other=0]
[RESUME_PC_CENSUS:cpu=5:source=lr-restore-el1:text=39:kstack=0:uva=0:smallint=0:other=0]
[RESUME_PC_CENSUS:cpu=5:source=lr-save-el0:text=0:kstack=0:uva=496:smallint=4:other=0]
[RESUME_PC_CENSUS:cpu=5:source=lr-restore-el0:text=0:kstack=0:uva=589:smallint=31:other=0]
[RESUME_PC_CENSUS:cpu=6:source=el1-restore-frame-elr:text=39:kstack=0:uva=0:smallint=0:other=0]
[RESUME_PC_CENSUS:cpu=6:source=el0-restore-frame-elr:text=0:kstack=0:uva=675:smallint=0:other=0]
[RESUME_PC_CENSUS:cpu=6:source=ctx-x30:text=811:kstack=0:uva=643:smallint=32:other=0]
[RESUME_PC_CENSUS:cpu=6:source=ctx-elr-el1:text=811:kstack=0:uva=0:smallint=0:other=0]
[RESUME_PC_CENSUS:cpu=6:source=lr-save-el1:text=68:kstack=0:uva=0:smallint=0:other=0]
[RESUME_PC_CENSUS:cpu=6:source=lr-restore-el1:text=39:kstack=0:uva=0:smallint=0:other=0]
[RESUME_PC_CENSUS:cpu=6:source=lr-save-el0:text=0:kstack=0:uva=560:smallint=3:other=0]
[RESUME_PC_CENSUS:cpu=6:source=lr-restore-el0:text=0:kstack=0:uva=643:smallint=32:other=0]
[RESUME_PC_CENSUS:cpu=7:source=el1-restore-frame-elr:text=9:kstack=0:uva=0:smallint=0:other=0]
[RESUME_PC_CENSUS:cpu=7:source=el0-restore-frame-elr:text=0:kstack=0:uva=148:smallint=0:other=0]
[RESUME_PC_CENSUS:cpu=7:source=ctx-x30:text=846:kstack=0:uva=145:smallint=3:other=0]
[RESUME_PC_CENSUS:cpu=7:source=ctx-elr-el1:text=846:kstack=0:uva=0:smallint=0:other=0]
[RESUME_PC_CENSUS:cpu=7:source=lr-save-el1:text=21:kstack=0:uva=0:smallint=0:other=0]
[RESUME_PC_CENSUS:cpu=7:source=lr-restore-el1:text=9:kstack=0:uva=0:smallint=0:other=0]
[RESUME_PC_CENSUS:cpu=7:source=lr-save-el0:text=0:kstack=0:uva=81:smallint=0:other=0]
[RESUME_PC_CENSUS:cpu=7:source=lr-restore-el0:text=0:kstack=0:uva=145:smallint=3:other=0]
[bwm-fps] frames_since_last=230 elapsed_ms=1001 instantaneous_fps=229
[heartbeat] tid=12 uptime_ms=40310 kbd_nonzero=0
[PT_ROOT_CUSTODY:no_proof=11:no_arch=0:terminated=0:undecided=0:mid_retire=0:retired=3]
[TOMBSTONE_CENSUS:resident=0:removed=13:reap_second=13:retire_second=0:abandoned_unqueued=0]
[TTBR0_ASID_CENSUS:untagged=0:tagged=134836:kernel=68056:cleared=172146]
[net-rx-counters] sample=3 begin
[net-rx-counters] sample=3 NET_RX_MSI_TOTAL: 8 (cpu0=8)
[net-rx-counters] sample=3 NET_RX_RING_DRAIN_TOTAL: 9 (cpu0=9)
[net-rx-counters] sample=3 NET_RX_FRAME_TOTAL: 9 (cpu0=9)
[net-rx-counters] sample=3 NET_RX_ARP_TOTAL: 2 (cpu0=2)
[net-rx-counters] sample=3 NET_RX_ETHERTYPE_OTHER_TOTAL: 0
[net-rx-counters] sample=3 NET_RX_SOFTIRQ_ENTRY_TOTAL: 15 (cpu0=8, cpu1=2, cpu2=1, cpu3=4)
[net-rx-counters] sample=3 NET_RX_SOFTIRQ_EXIT_TOTAL: 15 (cpu0=8, cpu1=2, cpu2=1, cpu3=4)
[net-rx-counters] sample=3 NET_RX_REENTRANT_SKIP_TOTAL: 0
[net-rx-counters] sample=3 NET_RX_GUARD_RELEASE_TOTAL: 16 (cpu0=9, cpu1=2, cpu2=1, cpu3=4)
[net-rx-counters] sample=3 NET_RX_REARM_CHECK_TOTAL: 16 (cpu0=9, cpu1=2, cpu2=1, cpu3=4)
[net-rx-counters] sample=3 NET_RX_REARM_RACE_TOTAL: 0
[net-rx-counters] sample=3 NET_RX_REARM_ARMED_TOTAL: 16 (cpu0=9, cpu1=2, cpu2=1, cpu3=4)
[net-rx-counters] sample=3 NET_PCI_IRQ_RAISED_NETRX: 8 (cpu0=8)
[net-rx-counters] sample=3 GIC_SPI55_ACK_TOTAL: 8 (cpu0=8)
[net-rx-counters] sample=3 GICV2M_BASE_PHYS: 0x2250000
[net-rx-counters] sample=3 GICV2M_DOORBELL_PHYS: 0x2250040
[net-rx-counters] sample=3 GICV2M_MSI_TYPER: 0x80350040
[net-rx-counters] sample=3 GICV2M_SPI_BASE: 53
[net-rx-counters] sample=3 GICV2M_SPI_COUNT: 64
[net-rx-counters] sample=3 GICV2M_NEXT_INDEX: 4
[net-rx-counters] sample=3 GIC_SPI54_IRQ: 54
[net-rx-counters] sample=3 GIC_SPI54_VERSION: 3
[net-rx-counters] sample=3 GIC_SPI54_ISENABLER_BIT: 0x400000
[net-rx-counters] sample=3 GIC_SPI54_ISPENDR_BIT: 0x0
[net-rx-counters] sample=3 GIC_SPI54_ISACTIVER_BIT: 0x0
[net-rx-counters] sample=3 GIC_SPI54_IGROUPR_BIT: 0x400000
[net-rx-counters] sample=3 GIC_SPI54_PRIORITY: 0xa0
[net-rx-counters] sample=3 GIC_SPI54_ICFGR_REG: 0x2a800
[net-rx-counters] sample=3 GIC_SPI54_IROUTER: 0x0
[net-rx-counters] sample=3 GIC_SPI54_ITARGETSR_BYTE: 0x0
[net-rx-counters] sample=3 GIC_SPI54_GICD_CTLR: 0x53
[net-rx-counters] sample=3 GIC_SPI55_IRQ: 55
[net-rx-counters] sample=3 GIC_SPI55_VERSION: 3
[net-rx-counters] sample=3 GIC_SPI55_ISENABLER_BIT: 0x800000
[net-rx-counters] sample=3 GIC_SPI55_ISPENDR_BIT: 0x0
[net-rx-counters] sample=3 GIC_SPI55_ISACTIVER_BIT: 0x0
[net-rx-counters] sample=3 GIC_SPI55_IGROUPR_BIT: 0x800000
[net-rx-counters] sample=3 GIC_SPI55_PRIORITY: 0xa0
[net-rx-counters] sample=3 GIC_SPI55_ICFGR_REG: 0x2a800
[net-rx-counters] sample=3 GIC_SPI55_IROUTER: 0x0
[net-rx-counters] sample=3 GIC_SPI55_ITARGETSR_BYTE: 0x0
[net-rx-counters] sample=3 GIC_SPI55_GICD_CTLR: 0x53
[net-rx-counters] sample=3 MANUAL_GICV2M_TEST_DONE: 1
[net-rx-counters] sample=3 MANUAL_GICV2M_TEST_IRQ: 55
[net-rx-counters] sample=3 MANUAL_GICV2M_TEST_DOORBELL: 0x2250040
[net-rx-counters] sample=3 MANUAL_GICV2M_TEST_BEFORE_PEND: 0x0
[net-rx-counters] sample=3 MANUAL_GICV2M_TEST_AFTER_WRITE_PEND: 0x800000
[net-rx-counters] sample=3 MANUAL_GICV2M_TEST_AFTER_WAIT_PEND: 0x0
[net-rx-counters] sample=3 MANUAL_GICV2M_TEST_ACK_BEFORE: 0
[net-rx-counters] sample=3 MANUAL_GICV2M_TEST_ACK_AFTER: 1
[net-rx-counters] sample=3 MANUAL_GICV2M_TEST_MSI_BEFORE: 0
[net-rx-counters] sample=3 MANUAL_GICV2M_TEST_MSI_AFTER: 1
[net-rx-counters] sample=3 NET_PCI_DEVICE_STATUS: 0xf
[net-rx-counters] sample=3 NET_PCI_ISR_STATUS: 0x0
[net-rx-counters] sample=3 NET_PCI_DEVICE_FEATURES: 0x6187bfa3
[net-rx-counters] sample=3 NET_PCI_GUEST_FEATURES: 0x10020
[net-rx-counters] sample=3 NET_PCI_RX_QUEUE_PFN: 0x4123b
[net-rx-counters] sample=3 NET_PCI_TX_QUEUE_PFN: 0x4123e
[net-rx-counters] sample=3 NET_PCI_RX_QUEUE_SIZE: 256
[net-rx-counters] sample=3 NET_PCI_TX_QUEUE_SIZE: 256
[net-rx-counters] sample=3 NET_PCI_RX_QUEUE_ALIGN: 4096
[net-rx-counters] sample=3 NET_PCI_RX_QUEUE_VECTOR: 0x0
[net-rx-counters] sample=3 NET_PCI_TX_QUEUE_VECTOR: 0xffff
[net-rx-counters] sample=3 NET_PCI_RX_AVAIL_FLAGS: 0x0
[net-rx-counters] sample=3 NET_PCI_RX_AVAIL_IDX: 36
[net-rx-counters] sample=3 NET_PCI_RX_USED_FLAGS: 0x1
[net-rx-counters] sample=3 NET_PCI_RX_USED_IDX: 9
[net-rx-counters] sample=3 NET_PCI_RX_LAST_USED_IDX: 9
[net-rx-counters] sample=3 NET_PCI_RX_POSTED_GAP: 27
[net-rx-counters] sample=3 NET_PCI_RX_DESC0: addr=0x4126aa00 len=1524 flags=0x2
[net-rx-counters] sample=3 NET_PCI_RX_DESC1: addr=0x4126b000 len=1524 flags=0x2
[net-rx-counters] sample=3 NET_PCI_RX_DESC2: addr=0x4126b600 len=1524 flags=0x2
[net-rx-counters] sample=3 NET_PCI_RX_DESC3: addr=0x4126bc00 len=1524 flags=0x2
[net-rx-counters] sample=3 NET_PCI_RX_RING_HEADS: 0,1,2,3
[net-rx-counters] sample=3 NET_RX_PROCESSING_HELD: 0
[net-rx-counters] sample=3 NET_RX_PENDING_WHILE_PROCESSING: 0
[net-rx-counters] sample=3 NET_PCI_RX_REARM_SAMPLE_SEQ: 16
[net-rx-counters] sample=3 NET_PCI_RX_REARM_SAMPLE0: used_idx=6 last_used_idx=6 avail_flags=0x0 raced=0
[net-rx-counters] sample=3 NET_PCI_RX_REARM_SAMPLE1: used_idx=7 last_used_idx=7 avail_flags=0x0 raced=0
[net-rx-counters] sample=3 NET_PCI_RX_REARM_SAMPLE2: used_idx=8 last_used_idx=8 avail_flags=0x0 raced=0
[net-rx-counters] sample=3 NET_PCI_RX_REARM_SAMPLE3: used_idx=9 last_used_idx=9 avail_flags=0x0 raced=0
[net-rx-counters] sample=3 NET_PCI_RX_SOFTIRQ_ENTRY_SAMPLE: used_idx=9 last_used_idx=8 avail_flags=0x1 raced=0
[net-rx-counters] sample=3 NET_PCI_RX_SOFTIRQ_EXIT_SAMPLE: used_idx=9 last_used_idx=9 avail_flags=0x0 raced=0
[net-rx-counters] sample=3 end
[bwm-fps] frames_since_last=231 elapsed_ms=1001 instantaneous_fps=230
[heartbeat] tid=12 uptime_ms=41332 kbd_nonzero=0
[bwm-fps] frames_since_last=197 elapsed_ms=1003 instantaneous_fps=196
[heartbeat] tid=12 uptime_ms=42333 kbd_nonzero=0
[bwm-fps] frames_since_last=208 elapsed_ms=1003 instantaneous_fps=207
[heartbeat] tid=12 uptime_ms=43335 kbd_nonzero=0
[bwm-fps] frames_since_last=212 elapsed_ms=1003 instantaneous_fps=211
[heartbeat] tid=12 uptime_ms=44335 kbd_nonzero=0
[bwm-fps] frames_since_last=198 elapsed_ms=1010 instantaneous_fps=196
[heartbeat] tid=12 uptime_ms=45335 kbd_nonzero=0
[bwm-fps] frames_since_last=207 elapsed_ms=1001 instantaneous_fps=206
[heartbeat] tid=12 uptime_ms=46338 kbd_nonzero=0
[bwm-fps] frames_since_last=209 elapsed_ms=1001 instantaneous_fps=208
[heartbeat] tid=12 uptime_ms=47345 kbd_nonzero=0
[bwm-fps] frames_since_last=222 elapsed_ms=1001 instantaneous_fps=221
[heartbeat] tid=12 uptime_ms=48345 kbd_nonzero=0
[bwm-fps] frames_since_last=245 elapsed_ms=1000 instantaneous_fps=245
[heartbeat] tid=12 uptime_ms=49346 kbd_nonzero=0
[RESUME_PC_CENSUS:cpu=0:source=el1-restore-frame-elr:text=475:kstack=0:uva=0:smallint=0:other=0]
[RESUME_PC_CENSUS:cpu=0:source=el0-restore-frame-elr:text=0:kstack=0:uva=3972:smallint=0:other=0]
[RESUME_PC_CENSUS:cpu=0:source=ctx-x30:text=67950:kstack=0:uva=3960:smallint=12:other=0]
[RESUME_PC_CENSUS:cpu=0:source=ctx-elr-el1:text=67950:kstack=0:uva=0:smallint=0:other=0]
[RESUME_PC_CENSUS:cpu=0:source=lr-save-el1:text=447:kstack=0:uva=0:smallint=0:other=0]
[RESUME_PC_CENSUS:cpu=0:source=lr-restore-el1:text=475:kstack=0:uva=0:smallint=0:other=0]
[RESUME_PC_CENSUS:cpu=0:source=lr-save-el0:text=0:kstack=0:uva=22865:smallint=14:other=0]
[bwm-fps] frames_since_last=222 elapsed_ms=1005 instantaneous_fps=220
[heartbeat] tid=12 uptime_ms=50346 kbd_nonzero=0
[PT_ROOT_CUSTODY:no_proof=11:no_arch=0:terminated=0:undecided=0:mid_retire=0:retired=3]
[TOMBSTONE_CENSUS:resident=0:removed=13:reap_second=13:retire_second=0:abandoned_unqueued=0]
[TTBR0_ASID_CENSUS:untagged=0:tagged=167231:kernel=84099:cleared=212922]
[net-rx-counters] sample=4 begin
[net-rx-counters] sample=4 NET_RX_MSI_TOTAL: 8 (cpu0=8)
[net-rx-counters] sample=4 NET_RX_RING_DRAIN_TOTAL: 9 (cpu0=9)
[net-rx-counters] sample=4 NET_RX_FRAME_TOTAL: 9 (cpu0=9)
[net-rx-counters] sample=4 NET_RX_ARP_TOTAL: 2 (cpu0=2)
[net-rx-counters] sample=4 NET_RX_ETHERTYPE_OTHER_TOTAL: 0
[net-rx-counters] sample=4 NET_RX_SOFTIRQ_ENTRY_TOTAL: 15 (cpu0=8, cpu1=2, cpu2=1, cpu3=4)
[net-rx-counters] sample=4 NET_RX_SOFTIRQ_EXIT_TOTAL: 15 (cpu0=8, cpu1=2, cpu2=1, cpu3=4)
[net-rx-counters] sample=4 NET_RX_REENTRANT_SKIP_TOTAL: 0
[net-rx-counters] sample=4 NET_RX_GUARD_RELEASE_TOTAL: 16 (cpu0=9, cpu1=2, cpu2=1, cpu3=4)
[net-rx-counters] sample=4 NET_RX_REARM_CHECK_TOTAL: 16 (cpu0=9, cpu1=2, cpu2=1, cpu3=4)
[net-rx-counters] sample=4 NET_RX_REARM_RACE_TOTAL: 0
[net-rx-counters] sample=4 NET_RX_REARM_ARMED_TOTAL: 16 (cpu0=9, cpu1=2, cpu2=1, cpu3=4)
[net-rx-counters] sample=4 NET_PCI_IRQ_RAISED_NETRX: 8 (cpu0=8)
[net-rx-counters] sample=4 GIC_SPI55_ACK_TOTAL: 8 (cpu0=8)
[net-rx-counters] sample=4 GICV2M_BASE_PHYS: 0x2250000
[net-rx-counters] sample=4 GICV2M_DOORBELL_PHYS: 0x2250040
[net-rx-counters] sample=4 GICV2M_MSI_TYPER: 0x80350040
[net-rx-counters] sample=4 GICV2M_SPI_BASE: 53
[net-rx-counters] sample=4 GICV2M_SPI_COUNT: 64
[net-rx-counters] sample=4 GICV2M_NEXT_INDEX: 4
[net-rx-counters] sample=4 GIC_SPI54_IRQ: 54
[net-rx-counters] sample=4 GIC_SPI54_VERSION: 3
[net-rx-counters] sample=4 GIC_SPI54_ISENABLER_BIT: 0x400000
[net-rx-counters] sample=4 GIC_SPI54_ISPENDR_BIT: 0x0
[net-rx-counters] sample=4 GIC_SPI54_ISACTIVER_BIT: 0x0
[net-rx-counters] sample=4 GIC_SPI54_IGROUPR_BIT: 0x400000
[net-rx-counters] sample=4 GIC_SPI54_PRIORITY: 0xa0
[net-rx-counters] sample=4 GIC_SPI54_ICFGR_REG: 0x2a800
[net-rx-counters] sample=4 GIC_SPI54_IROUTER: 0x0
[net-rx-counters] sample=4 GIC_SPI54_ITARGETSR_BYTE: 0x0
[net-rx-counters] sample=4 GIC_SPI54_GICD_CTLR: 0x53
[net-rx-counters] sample=4 GIC_SPI55_IRQ: 55
[net-rx-counters] sample=4 GIC_SPI55_VERSION: 3
[net-rx-counters] sample=4 GIC_SPI55_ISENABLER_BIT: 0x800000
[net-rx-counters] sample=4 GIC_SPI55_ISPENDR_BIT: 0x0
[net-rx-counters] sample=4 GIC_SPI55_ISACTIVER_BIT: 0x0
[net-rx-counters] sample=4 GIC_SPI55_IGROUPR_BIT: 0x800000
[net-rx-counters] sample=4 GIC_SPI55_PRIORITY: 0xa0
[net-rx-counters] sample=4 GIC_SPI55_ICFGR_REG: 0x2a800
[net-rx-counters] sample=4 GIC_SPI55_IROUTER: 0x0
[net-rx-counters] sample=4 GIC_SPI55_ITARGETSR_BYTE: 0x0
[net-rx-counters] sample=4 GIC_SPI55_GICD_CTLR: 0x53
[net-rx-counters] sample=4 MANUAL_GICV2M_TEST_DONE: 1
[net-rx-counters] sample=4 MANUAL_GICV2M_TEST_IRQ: 55
[net-rx-counters] sample=4 MANUAL_GICV2M_TEST_DOORBELL: 0x2250040
[net-rx-counters] sample=4 MANUAL_GICV2M_TEST_BEFORE_PEND: 0x0
[net-rx-counters] sample=4 MANUAL_GICV2M_TEST_AFTER_WRITE_PEND: 0x800000
[net-rx-counters] sample=4 MANUAL_GICV2M_TEST_AFTER_WAIT_PEND: 0x0
[net-rx-counters] sample=4 MANUAL_GICV2M_TEST_ACK_BEFORE: 0
[net-rx-counters] sample=4 MANUAL_GICV2M_TEST_ACK_AFTER: 1
[net-rx-counters] sample=4 MANUAL_GICV2M_TEST_MSI_BEFORE: 0
[net-rx-counters] sample=4 MANUAL_GICV2M_TEST_MSI_AFTER: 1
[net-rx-counters] sample=4 NET_PCI_DEVICE_STATUS: 0xf
[net-rx-counters] sample=4 NET_PCI_ISR_STATUS: 0x0
[net-rx-counters] sample=4 NET_PCI_DEVICE_FEATURES: 0x6187bfa3
[net-rx-counters] sample=4 NET_PCI_GUEST_FEATURES: 0x10020
[net-rx-counters] sample=4 NET_PCI_RX_QUEUE_PFN: 0x4123b
[net-rx-counters] sample=4 NET_PCI_TX_QUEUE_PFN: 0x4123e
[net-rx-counters] sample=4 NET_PCI_RX_QUEUE_SIZE: 256
[net-rx-counters] sample=4 NET_PCI_TX_QUEUE_SIZE: 256
[net-rx-counters] sample=4 NET_PCI_RX_QUEUE_ALIGN: 4096
[net-rx-counters] sample=4 NET_PCI_RX_QUEUE_VECTOR: 0x0
[net-rx-counters] sample=4 NET_PCI_TX_QUEUE_VECTOR: 0xffff
[net-rx-counters] sample=4 NET_PCI_RX_AVAIL_FLAGS: 0x0
[net-rx-counters] sample=4 NET_PCI_RX_AVAIL_IDX: 36
[net-rx-counters] sample=4 NET_PCI_RX_USED_FLAGS: 0x1
[net-rx-counters] sample=4 NET_PCI_RX_USED_IDX: 9
[net-rx-counters] sample=4 NET_PCI_RX_LAST_USED_IDX: 9
[net-rx-counters] sample=4 NET_PCI_RX_POSTED_GAP: 27
[net-rx-counters] sample=4 NET_PCI_RX_DESC0: addr=0x4126aa00 len=1524 flags=0x2
[net-rx-counters] sample=4 NET_PCI_RX_DESC1: addr=0x4126b000 len=1524 flags=0x2
[net-rx-counters] sample=4 NET_PCI_RX_DESC2: addr=0x4126b600 len=1524 flags=0x2
[net-rx-counters] sample=4 NET_PCI_RX_DESC3: addr=0x4126bc00 len=1524 flags=0x2
[net-rx-counters] sample=4 NET_PCI_RX_RING_HEADS: 0,1,2,3
[net-rx-counters] sample=4 NET_RX_PROCESSING_HELD: 0
[net-rx-counters] sample=4 NET_RX_PENDING_WHILE_PROCESSING: 0
[net-rx-counters] sample=4 NET_PCI_RX_REARM_SAMPLE_SEQ: 16
[net-rx-counters] sample=4 NET_PCI_RX_REARM_SAMPLE0: used_idx=6 last_used_idx=6 avail_flags=0x0 raced=0
[net-rx-counters] sample=4 NET_PCI_RX_REARM_SAMPLE1: used_idx=7 last_used_idx=7 avail_flags=0x0 raced=0
[net-rx-counters] sample=4 NET_PCI_RX_REARM_SAMPLE2: used_idx=8 last_used_idx=8 avail_flags=0x0 raced=0
[net-rx-counters] sample=4 NET_PCI_RX_REARM_SAMPLE3: used_idx=9 last_used_idx=9 avail_flags=0x0 raced=0
[net-rx-counters] sample=4 NET_PCI_RX_SOFTIRQ_ENTRY_SAMPLE: used_idx=9 last_used_idx=8 avail_flags=0x1 raced=0
[net-rx-counters] sample=4 NET_PCI_RX_SOFTIRQ_EXIT_SAMPLE: used_idx=9 last_used_idx=9 avail_flags=0x0 raced=0
[net-rx-counters] sample=4 end
[bwm-fps] frames_since_last=233 elapsed_ms=1000 instantaneous_fps=233
[heartbeat] tid=12 uptime_ms=51367 kbd_nonzero=0
[bwm-fps] frames_since_last=245 elapsed_ms=1002 instantaneous_fps=244
[heartbeat] tid=12 uptime_ms=52368 kbd_nonzero=0
[bwm-fps] frames_since_last=236 elapsed_ms=1003 instantaneous_fps=235
[heartbeat] tid=12 uptime_ms=53368 kbd_nonzero=0
[bwm-fps] frames_since_last=238 elapsed_ms=1002 instantaneous_fps=237
[heartbeat] tid=12 uptime_ms=54368 kbd_nonzero=0
[bwm-fps] frames_since_last=243 elapsed_ms=1002 instantaneous_fps=242
[heartbeat] tid=12 uptime_ms=55369 kbd_nonzero=0
[bwm-fps] frames_since_last=221 elapsed_ms=1001 instantaneous_fps=220
[heartbeat] tid=12 uptime_ms=56369 kbd_nonzero=0
[bwm-fps] frames_since_last=240 elapsed_ms=1002 instantaneous_fps=239
[heartbeat] tid=12 uptime_ms=57371 kbd_nonzero=0
[bwm-fps] frames_since_last=251 elapsed_ms=1000 instantaneous_fps=251
[heartbeat] tid=12 uptime_ms=58373 kbd_nonzero=0
[bwm-fps] frames_since_last=238 elapsed_ms=1005 instantaneous_fps=236
[heartbeat] tid=12 uptime_ms=59376 kbd_nonzero=0
[RESUME_PC_CENSUS:cpu=0:source=el1-restore-frame-elr:text=570:kstack=0:uva=0:smallint=0:other=0]
[RESUME_PC_CENSUS:cpu=0:source=el0-restore-frame-elr:text=0:kstack=0:uva=4796:smallint=0:other=0]
[RESUME_PC_CENSUS:cpu=0:source=ctx-x30:text=81780:kstack=0:uva=4784:smallint=12:other=0]
[RESUME_PC_CENSUS:cpu=0:source=ctx-elr-el1:text=81780:kstack=0:uva=0:smallint=0:other=0]
[RESUME_PC_CENSUS:cpu=0:source=lr-save-el1:text=537:kstack=0:uva=0:smallint=0:other=0]
[bwm-fps] frames_since_last=240 elapsed_ms=1001 instantaneous_fps=239
[heartbeat] tid=12 uptime_ms=60376 kbd_nonzero=0
[PT_ROOT_CUSTODY:no_proof=11:no_arch=0:terminated=0:undecided=0:mid_retire=0:retired=3]
[TOMBSTONE_CENSUS:resident=0:removed=13:reap_second=13:retire_second=0:abandoned_unqueued=0]
[TTBR0_ASID_CENSUS:untagged=0:tagged=202102:kernel=101250:cleared=256829]
[net-rx-counters] sample=5 begin
[net-rx-counters] sample=5 NET_RX_MSI_TOTAL: 8 (cpu0=8)
[net-rx-counters] sample=5 NET_RX_RING_DRAIN_TOTAL: 9 (cpu0=9)
[net-rx-counters] sample=5 NET_RX_FRAME_TOTAL: 9 (cpu0=9)
[net-rx-counters] sample=5 NET_RX_ARP_TOTAL: 2 (cpu0=2)
[net-rx-counters] sample=5 NET_RX_ETHERTYPE_OTHER_TOTAL: 0
[net-rx-counters] sample=5 NET_RX_SOFTIRQ_ENTRY_TOTAL: 15 (cpu0=8, cpu1=2, cpu2=1, cpu3=4)
[net-rx-counters] sample=5 NET_RX_SOFTIRQ_EXIT_TOTAL: 15 (cpu0=8, cpu1=2, cpu2=1, cpu3=4)
[net-rx-counters] sample=5 NET_RX_REENTRANT_SKIP_TOTAL: 0
[net-rx-counters] sample=5 NET_RX_GUARD_RELEASE_TOTAL: 16 (cpu0=9, cpu1=2, cpu2=1, cpu3=4)
[net-rx-counters] sample=5 NET_RX_REARM_CHECK_TOTAL: 16 (cpu0=9, cpu1=2, cpu2=1, cpu3=4)
[net-rx-counters] sample=5 NET_RX_REARM_RACE_TOTAL: 0
[net-rx-counters] sample=5 NET_RX_REARM_ARMED_TOTAL: 16 (cpu0=9, cpu1=2, cpu2=1, cpu3=4)
[net-rx-counters] sample=5 NET_PCI_IRQ_RAISED_NETRX: 8 (cpu0=8)
[net-rx-counters] sample=5 GIC_SPI55_ACK_TOTAL: 8 (cpu0=8)
[net-rx-counters] sample=5 GICV2M_BASE_PHYS: 0x2250000
[net-rx-counters] sample=5 GICV2M_DOORBELL_PHYS: 0x2250040
[net-rx-counters] sample=5 GICV2M_MSI_TYPER: 0x80350040
[net-rx-counters] sample=5 GICV2M_SPI_BASE: 53
[net-rx-counters] sample=5 GICV2M_SPI_COUNT: 64
[net-rx-counters] sample=5 GICV2M_NEXT_INDEX: 4
[net-rx-counters] sample=5 GIC_SPI54_IRQ: 54
[net-rx-counters] sample=5 GIC_SPI54_VERSION: 3
[net-rx-counters] sample=5 GIC_SPI54_ISENABLER_BIT: 0x400000
[net-rx-counters] sample=5 GIC_SPI54_ISPENDR_BIT: 0x0
[net-rx-counters] sample=5 GIC_SPI54_ISACTIVER_BIT: 0x0
[net-rx-counters] sample=5 GIC_SPI54_IGROUPR_BIT: 0x400000
[net-rx-counters] sample=5 GIC_SPI54_PRIORITY: 0xa0
[net-rx-counters] sample=5 GIC_SPI54_ICFGR_REG: 0x2a800
[net-rx-counters] sample=5 GIC_SPI54_IROUTER: 0x0
[net-rx-counters] sample=5 GIC_SPI54_ITARGETSR_BYTE: 0x0
[net-rx-counters] sample=5 GIC_SPI54_GICD_CTLR: 0x53
[net-rx-counters] sample=5 GIC_SPI55_IRQ: 55
[net-rx-counters] sample=5 GIC_SPI55_VERSION: 3
[net-rx-counters] sample=5 GIC_SPI55_ISENABLER_BIT: 0x800000
[net-rx-counters] sample=5 GIC_SPI55_ISPENDR_BIT: 0x0
[net-rx-counters] sample=5 GIC_SPI55_ISACTIVER_BIT: 0x0
[net-rx-counters] sample=5 GIC_SPI55_IGROUPR_BIT: 0x800000
[net-rx-counters] sample=5 GIC_SPI55_PRIORITY: 0xa0
[net-rx-counters] sample=5 GIC_SPI55_ICFGR_REG: 0x2a800
[net-rx-counters] sample=5 GIC_SPI55_IROUTER: 0x0
[net-rx-counters] sample=5 GIC_SPI55_ITARGETSR_BYTE: 0x0
[net-rx-counters] sample=5 GIC_SPI55_GICD_CTLR: 0x53
[net-rx-counters] sample=5 MANUAL_GICV2M_TEST_DONE: 1
[net-rx-counters] sample=5 MANUAL_GICV2M_TEST_IRQ: 55
[net-rx-counters] sample=5 MANUAL_GICV2M_TEST_DOORBELL: 0x2250040
[net-rx-counters] sample=5 MANUAL_GICV2M_TEST_BEFORE_PEND: 0x0
[net-rx-counters] sample=5 MANUAL_GICV2M_TEST_AFTER_WRITE_PEND: 0x800000
[net-rx-counters] sample=5 MANUAL_GICV2M_TEST_AFTER_WAIT_PEND: 0x0
[net-rx-counters] sample=5 MANUAL_GICV2M_TEST_ACK_BEFORE: 0
[net-rx-counters] sample=5 MANUAL_GICV2M_TEST_ACK_AFTER: 1
[net-rx-counters] sample=5 MANUAL_GICV2M_TEST_MSI_BEFORE: 0
[net-rx-counters] sample=5 MANUAL_GICV2M_TEST_MSI_AFTER: 1
[net-rx-counters] sample=5 NET_PCI_DEVICE_STATUS: 0xf
[net-rx-counters] sample=5 NET_PCI_ISR_STATUS: 0x0
[net-rx-counters] sample=5 NET_PCI_DEVICE_FEATURES: 0x6187bfa3
[net-rx-counters] sample=5 NET_PCI_GUEST_FEATURES: 0x10020
[net-rx-counters] sample=5 NET_PCI_RX_QUEUE_PFN: 0x4123b
[net-rx-counters] sample=5 NET_PCI_TX_QUEUE_PFN: 0x4123e
[net-rx-counters] sample=5 NET_PCI_RX_QUEUE_SIZE: 256
[net-rx-counters] sample=5 NET_PCI_TX_QUEUE_SIZE: 256
[net-rx-counters] sample=5 NET_PCI_RX_QUEUE_ALIGN: 4096
[net-rx-counters] sample=5 NET_PCI_RX_QUEUE_VECTOR: 0x0
[net-rx-counters] sample=5 NET_PCI_TX_QUEUE_VECTOR: 0xffff
[net-rx-counters] sample=5 NET_PCI_RX_AVAIL_FLAGS: 0x0
[net-rx-counters] sample=5 NET_PCI_RX_AVAIL_IDX: 36
[net-rx-counters] sample=5 NET_PCI_RX_USED_FLAGS: 0x1
[net-rx-counters] sample=5 NET_PCI_RX_USED_IDX: 9
[net-rx-counters] sample=5 NET_PCI_RX_LAST_USED_IDX: 9
[net-rx-counters] sample=5 NET_PCI_RX_POSTED_GAP: 27
[net-rx-counters] sample=5 NET_PCI_RX_DESC0: addr=0x4126aa00 len=1524 flags=0x2
[net-rx-counters] sample=5 NET_PCI_RX_DESC1: addr=0x4126b000 len=1524 flags=0x2
[net-rx-counters] sample=5 NET_PCI_RX_DESC2: addr=0x4126b600 len=1524 flags=0x2
[net-rx-counters] sample=5 NET_PCI_RX_DESC3: addr=0x4126bc00 len=1524 flags=0x2
[net-rx-counters] sample=5 NET_PCI_RX_RING_HEADS: 0,1,2,3
[net-rx-counters] sample=5 NET_RX_PROCESSING_HELD: 0
[net-rx-counters] sample=5 NET_RX_PENDING_WHILE_PROCESSING: 0
[net-rx-counters] sample=5 NET_PCI_RX_REARM_SAMPLE_SEQ: 16
[net-rx-counters] sample=5 NET_PCI_RX_REARM_SAMPLE0: used_idx=6 last_used_idx=6 avail_flags=0x0 raced=0
[net-rx-counters] sample=5 NET_PCI_RX_REARM_SAMPLE1: used_idx=7 last_used_idx=7 avail_flags=0x0 raced=0
[net-rx-counters] sample=5 NET_PCI_RX_REARM_SAMPLE2: used_idx=8 last_used_idx=8 avail_flags=0x0 raced=0
[net-rx-counters] sample=5 NET_PCI_RX_REARM_SAMPLE3: used_idx=9 last_used_idx=9 avail_flags=0x0 raced=0
[net-rx-counters] sample=5 NET_PCI_RX_SOFTIRQ_ENTRY_SAMPLE: used_idx=9 last_used_idx=8 avail_flags=0x1 raced=0
[net-rx-counters] sample=5 NET_PCI_RX_SOFTIRQ_EXIT_SAMPLE: used_idx=9 last_used_idx=9 avail_flags=0x0 raced=0
[net-rx-counters] sample=5 end
[bwm-fps] frames_since_last=244 elapsed_ms=1000 instantaneous_fps=244
[heartbeat] tid=12 uptime_ms=61407 kbd_nonzero=0
[bwm-fps] frames_since_last=236 elapsed_ms=1003 instantaneous_fps=235
[heartbeat] tid=12 uptime_ms=62407 kbd_nonzero=0
[bwm-fps] frames_since_last=235 elapsed_ms=1004 instantaneous_fps=234
[heartbeat] tid=12 uptime_ms=63408 kbd_nonzero=0
[bwm-fps] frames_since_last=229 elapsed_ms=1003 instantaneous_fps=228
[heartbeat] tid=12 uptime_ms=64409 kbd_nonzero=0
[bwm-fps] frames_since_last=238 elapsed_ms=1003 instantaneous_fps=237
[heartbeat] tid=12 uptime_ms=65409 kbd_nonzero=0
[bwm-fps] frames_since_last=235 elapsed_ms=1002 instantaneous_fps=234
[heartbeat] tid=12 uptime_ms=66410 kbd_nonzero=0
[bwm-fps] frames_since_last=251 elapsed_ms=1000 instantaneous_fps=251
[heartbeat] tid=12 uptime_ms=67411 kbd_nonzero=0
[bwm-fps] frames_since_last=248 elapsed_ms=1003 instantaneous_fps=247
[heartbeat] tid=12 uptime_ms=68412 kbd_nonzero=0
[bwm-fps] frames_since_last=234 elapsed_ms=1003 instantaneous_fps=233
[heartbeat] tid=12 uptime_ms=69412 kbd_nonzero=0
[bwm-fps] frames_since_last=189 elapsed_ms=1001 instantaneous_fps=188
[heartbeat] tid=12 uptime_ms=70412 kbd_nonzero=0
[PT_ROOT_CUSTODY:no_proof=11:no_arch=0:terminated=0:undecided=0:mid_retire=0:retired=3]
[TOMBSTONE_CENSUS:resident=0:removed=13:reap_second=13:retire_second=0:abandoned_unqueued=0]
[TTBR0_ASID_CENSUS:untagged=0:tagged=236506:kernel=118260:cleared=300272]
[net-rx-counters] sample=6 begin
[net-rx-counters] sample=6 NET_RX_MSI_TOTAL: 9 (cpu0=9)
[net-rx-counters] sample=6 NET_RX_RING_DRAIN_TOTAL: 10 (cpu0=10)
[net-rx-counters] sample=6 NET_RX_FRAME_TOTAL: 10 (cpu0=10)
[net-rx-counters] sample=6 NET_RX_ARP_TOTAL: 2 (cpu0=2)
[net-rx-counters] sample=6 NET_RX_ETHERTYPE_OTHER_TOTAL: 0
[net-rx-counters] sample=6 NET_RX_SOFTIRQ_ENTRY_TOTAL: 16 (cpu0=9, cpu1=2, cpu2=1, cpu3=4)
[net-rx-counters] sample=6 NET_RX_SOFTIRQ_EXIT_TOTAL: 16 (cpu0=9, cpu1=2, cpu2=1, cpu3=4)
[net-rx-counters] sample=6 NET_RX_REENTRANT_SKIP_TOTAL: 0
[net-rx-counters] sample=6 NET_RX_GUARD_RELEASE_TOTAL: 17 (cpu0=10, cpu1=2, cpu2=1, cpu3=4)
[net-rx-counters] sample=6 NET_RX_REARM_CHECK_TOTAL: 17 (cpu0=10, cpu1=2, cpu2=1, cpu3=4)
[net-rx-counters] sample=6 NET_RX_REARM_RACE_TOTAL: 0
[net-rx-counters] sample=6 NET_RX_REARM_ARMED_TOTAL: 17 (cpu0=10, cpu1=2, cpu2=1, cpu3=4)
[net-rx-counters] sample=6 NET_PCI_IRQ_RAISED_NETRX: 9 (cpu0=9)
[net-rx-counters] sample=6 GIC_SPI55_ACK_TOTAL: 9 (cpu0=9)
[net-rx-counters] sample=6 GICV2M_BASE_PHYS: 0x2250000
[net-rx-counters] sample=6 GICV2M_DOORBELL_PHYS: 0x2250040
[net-rx-counters] sample=6 GICV2M_MSI_TYPER: 0x80350040
[net-rx-counters] sample=6 GICV2M_SPI_BASE: 53
[net-rx-counters] sample=6 GICV2M_SPI_COUNT: 64
[net-rx-counters] sample=6 GICV2M_NEXT_INDEX: 4
[net-rx-counters] sample=6 GIC_SPI54_IRQ: 54
[net-rx-counters] sample=6 GIC_SPI54_VERSION: 3
[net-rx-counters] sample=6 GIC_SPI54_ISENABLER_BIT: 0x400000
[net-rx-counters] sample=6 GIC_SPI54_ISPENDR_BIT: 0x0
[net-rx-counters] sample=6 GIC_SPI54_ISACTIVER_BIT: 0x0
[net-rx-counters] sample=6 GIC_SPI54_IGROUPR_BIT: 0x400000
[net-rx-counters] sample=6 GIC_SPI54_PRIORITY: 0xa0
[net-rx-counters] sample=6 GIC_SPI54_ICFGR_REG: 0x2a800
[net-rx-counters] sample=6 GIC_SPI54_IROUTER: 0x0
[net-rx-counters] sample=6 GIC_SPI54_ITARGETSR_BYTE: 0x0
[net-rx-counters] sample=6 GIC_SPI54_GICD_CTLR: 0x53
[net-rx-counters] sample=6 GIC_SPI55_IRQ: 55
[net-rx-counters] sample=6 GIC_SPI55_VERSION: 3
[net-rx-counters] sample=6 GIC_SPI55_ISENABLER_BIT: 0x800000
[net-rx-counters] sample=6 GIC_SPI55_ISPENDR_BIT: 0x0
[net-rx-counters] sample=6 GIC_SPI55_ISACTIVER_BIT: 0x0
[net-rx-counters] sample=6 GIC_SPI55_IGROUPR_BIT: 0x800000
[net-rx-counters] sample=6 GIC_SPI55_PRIORITY: 0xa0
[net-rx-counters] sample=6 GIC_SPI55_ICFGR_REG: 0x2a800
[net-rx-counters] sample=6 GIC_SPI55_IROUTER: 0x0
[net-rx-counters] sample=6 GIC_SPI55_ITARGETSR_BYTE: 0x0
[net-rx-counters] sample=6 GIC_SPI55_GICD_CTLR: 0x53
[net-rx-counters] sample=6 MANUAL_GICV2M_TEST_DONE: 1
[net-rx-counters] sample=6 MANUAL_GICV2M_TEST_IRQ: 55
[net-rx-counters] sample=6 MANUAL_GICV2M_TEST_DOORBELL: 0x2250040
[net-rx-counters] sample=6 MANUAL_GICV2M_TEST_BEFORE_PEND: 0x0
[net-rx-counters] sample=6 MANUAL_GICV2M_TEST_AFTER_WRITE_PEND: 0x800000
[net-rx-counters] sample=6 MANUAL_GICV2M_TEST_AFTER_WAIT_PEND: 0x0
[net-rx-counters] sample=6 MANUAL_GICV2M_TEST_ACK_BEFORE: 0
[net-rx-counters] sample=6 MANUAL_GICV2M_TEST_ACK_AFTER: 1
[net-rx-counters] sample=6 MANUAL_GICV2M_TEST_MSI_BEFORE: 0
[net-rx-counters] sample=6 MANUAL_GICV2M_TEST_MSI_AFTER: 1
[net-rx-counters] sample=6 NET_PCI_DEVICE_STATUS: 0xf
[net-rx-counters] sample=6 NET_PCI_ISR_STATUS: 0x0
[net-rx-counters] sample=6 NET_PCI_DEVICE_FEATURES: 0x6187bfa3
[net-rx-counters] sample=6 NET_PCI_GUEST_FEATURES: 0x10020
[net-rx-counters] sample=6 NET_PCI_RX_QUEUE_PFN: 0x4123b
[net-rx-counters] sample=6 NET_PCI_TX_QUEUE_PFN: 0x4123e
[net-rx-counters] sample=6 NET_PCI_RX_QUEUE_SIZE: 256
[net-rx-counters] sample=6 NET_PCI_TX_QUEUE_SIZE: 256
[net-rx-counters] sample=6 NET_PCI_RX_QUEUE_ALIGN: 4096
[net-rx-counters] sample=6 NET_PCI_RX_QUEUE_VECTOR: 0x0
[net-rx-counters] sample=6 NET_PCI_TX_QUEUE_VECTOR: 0xffff
[net-rx-counters] sample=6 NET_PCI_RX_AVAIL_FLAGS: 0x0
[net-rx-counters] sample=6 NET_PCI_RX_AVAIL_IDX: 40
[net-rx-counters] sample=6 NET_PCI_RX_USED_FLAGS: 0x1
[net-rx-counters] sample=6 NET_PCI_RX_USED_IDX: 10
[net-rx-counters] sample=6 NET_PCI_RX_LAST_USED_IDX: 10
[net-rx-counters] sample=6 NET_PCI_RX_POSTED_GAP: 30
[net-rx-counters] sample=6 NET_PCI_RX_DESC0: addr=0x4126aa00 len=1524 flags=0x2
[net-rx-counters] sample=6 NET_PCI_RX_DESC1: addr=0x4126b000 len=1524 flags=0x2
[net-rx-counters] sample=6 NET_PCI_RX_DESC2: addr=0x4126b600 len=1524 flags=0x2
[net-rx-counters] sample=6 NET_PCI_RX_DESC3: addr=0x4126bc00 len=1524 flags=0x2
[net-rx-counters] sample=6 NET_PCI_RX_RING_HEADS: 0,1,2,3
[net-rx-counters] sample=6 NET_RX_PROCESSING_HELD: 0
[net-rx-counters] sample=6 NET_RX_PENDING_WHILE_PROCESSING: 0
[net-rx-counters] sample=6 NET_PCI_RX_REARM_SAMPLE_SEQ: 17
[net-rx-counters] sample=6 NET_PCI_RX_REARM_SAMPLE0: used_idx=10 last_used_idx=10 avail_flags=0x0 raced=0
[net-rx-counters] sample=6 NET_PCI_RX_REARM_SAMPLE1: used_idx=7 last_used_idx=7 avail_flags=0x0 raced=0
[net-rx-counters] sample=6 NET_PCI_RX_REARM_SAMPLE2: used_idx=8 last_used_idx=8 avail_flags=0x0 raced=0
[net-rx-counters] sample=6 NET_PCI_RX_REARM_SAMPLE3: used_idx=9 last_used_idx=9 avail_flags=0x0 raced=0
[net-rx-counters] sample=6 NET_PCI_RX_SOFTIRQ_ENTRY_SAMPLE: used_idx=10 last_used_idx=9 avail_flags=0x1 raced=0
[net-rx-counters] sample=6 NET_PCI_RX_SOFTIRQ_EXIT_SAMPLE: used_idx=10 last_used_idx=10 avail_flags=0x0 raced=0
[net-rx-counters] sample=6 end
[bwm-fps] frames_since_last=218 elapsed_ms=1000 instantaneous_fps=218
[heartbeat] tid=12 uptime_ms=71437 kbd_nonzero=0
[bwm-fps] frames_since_last=205 elapsed_ms=1000 instantaneous_fps=205
[heartbeat] tid=12 uptime_ms=72438 kbd_nonzero=0
[bwm-fps] frames_since_last=215 elapsed_ms=1001 instantaneous_fps=214
[heartbeat] tid=12 uptime_ms=73438 kbd_nonzero=0
[bwm-fps] frames_since_last=208 elapsed_ms=1004 instantaneous_fps=207
[heartbeat] tid=12 uptime_ms=74439 kbd_nonzero=0
[bwm-fps] frames_since_last=210 elapsed_ms=1001 instantaneous_fps=209
[heartbeat] tid=12 uptime_ms=75439 kbd_nonzero=0
[bwm-fps] frames_since_last=229 elapsed_ms=1002 instantaneous_fps=228
[heartbeat] tid=12 uptime_ms=76440 kbd_nonzero=0
[bwm-fps] frames_since_last=239 elapsed_ms=1003 instantaneous_fps=238
[heartbeat] tid=12 uptime_ms=77440 kbd_nonzero=0
[bwm-fps] frames_since_last=233 elapsed_ms=1002 instantaneous_fps=232
[heartbeat] tid=12 uptime_ms=78441 kbd_nonzero=0
[bwm-fps] frames_since_last=238 elapsed_ms=1001 instantaneous_fps=237
[heartbeat] tid=12 uptime_ms=79443 kbd_nonzero=0
[bwm-fps] frames_since_last=238 elapsed_ms=1001 instantaneous_fps=237
[heartbeat] tid=12 uptime_ms=80444 kbd_nonzero=0
[PT_ROOT_CUSTODY:no_proof=11:no_arch=0:terminated=0:undecided=0:mid_retire=0:retired=3]
[TOMBSTONE_CENSUS:resident=0:removed=13:reap_second=13:retire_second=0:abandoned_unqueued=0]
[TTBR0_ASID_CENSUS:untagged=0:tagged=269738:kernel=134669:cleared=342122]
[net-rx-counters] sample=7 begin
[net-rx-counters] sample=7 NET_RX_MSI_TOTAL: 9 (cpu0=9)
[net-rx-counters] sample=7 NET_RX_RING_DRAIN_TOTAL: 10 (cpu0=10)
[net-rx-counters] sample=7 NET_RX_FRAME_TOTAL: 10 (cpu0=10)
[net-rx-counters] sample=7 NET_RX_ARP_TOTAL: 2 (cpu0=2)
[net-rx-counters] sample=7 NET_RX_ETHERTYPE_OTHER_TOTAL: 0
[net-rx-counters] sample=7 NET_RX_SOFTIRQ_ENTRY_TOTAL: 16 (cpu0=9, cpu1=2, cpu2=1, cpu3=4)
[net-rx-counters] sample=7 NET_RX_SOFTIRQ_EXIT_TOTAL: 16 (cpu0=9, cpu1=2, cpu2=1, cpu3=4)
[net-rx-counters] sample=7 NET_RX_REENTRANT_SKIP_TOTAL: 0
[net-rx-counters] sample=7 NET_RX_GUARD_RELEASE_TOTAL: 17 (cpu0=10, cpu1=2, cpu2=1, cpu3=4)
[net-rx-counters] sample=7 NET_RX_REARM_CHECK_TOTAL: 17 (cpu0=10, cpu1=2, cpu2=1, cpu3=4)
[net-rx-counters] sample=7 NET_RX_REARM_RACE_TOTAL: 0
[net-rx-counters] sample=7 NET_RX_REARM_ARMED_TOTAL: 17 (cpu0=10, cpu1=2, cpu2=1, cpu3=4)
[net-rx-counters] sample=7 NET_PCI_IRQ_RAISED_NETRX: 9 (cpu0=9)
[net-rx-counters] sample=7 GIC_SPI55_ACK_TOTAL: 9 (cpu0=9)
[net-rx-counters] sample=7 GICV2M_BASE_PHYS: 0x2250000
[net-rx-counters] sample=7 GICV2M_DOORBELL_PHYS: 0x2250040
[net-rx-counters] sample=7 GICV2M_MSI_TYPER: 0x80350040
[net-rx-counters] sample=7 GICV2M_SPI_BASE: 53
[net-rx-counters] sample=7 GICV2M_SPI_COUNT: 64
[net-rx-counters] sample=7 GICV2M_NEXT_INDEX: 4
[net-rx-counters] sample=7 GIC_SPI54_IRQ: 54
[net-rx-counters] sample=7 GIC_SPI54_VERSION: 3
[net-rx-counters] sample=7 GIC_SPI54_ISENABLER_BIT: 0x400000
[net-rx-counters] sample=7 GIC_SPI54_ISPENDR_BIT: 0x0
[net-rx-counters] sample=7 GIC_SPI54_ISACTIVER_BIT: 0x0
[net-rx-counters] sample=7 GIC_SPI54_IGROUPR_BIT: 0x400000
[net-rx-counters] sample=7 GIC_SPI54_PRIORITY: 0xa0
[net-rx-counters] sample=7 GIC_SPI54_ICFGR_REG: 0x2a800
[net-rx-counters] sample=7 GIC_SPI54_IROUTER: 0x0
[net-rx-counters] sample=7 GIC_SPI54_ITARGETSR_BYTE: 0x0
[net-rx-counters] sample=7 GIC_SPI54_GICD_CTLR: 0x53
[net-rx-counters] sample=7 GIC_SPI55_IRQ: 55
[net-rx-counters] sample=7 GIC_SPI55_VERSION: 3
[net-rx-counters] sample=7 GIC_SPI55_ISENABLER_BIT: 0x800000
[net-rx-counters] sample=7 GIC_SPI55_ISPENDR_BIT: 0x0
[net-rx-counters] sample=7 GIC_SPI55_ISACTIVER_BIT: 0x0
[net-rx-counters] sample=7 GIC_SPI55_IGROUPR_BIT: 0x800000
[net-rx-counters] sample=7 GIC_SPI55_PRIORITY: 0xa0
[net-rx-counters] sample=7 GIC_SPI55_ICFGR_REG: 0x2a800
[net-rx-counters] sample=7 GIC_SPI55_IROUTER: 0x0
[net-rx-counters] sample=7 GIC_SPI55_ITARGETSR_BYTE: 0x0
[net-rx-counters] sample=7 GIC_SPI55_GICD_CTLR: 0x53
[net-rx-counters] sample=7 MANUAL_GICV2M_TEST_DONE: 1
[net-rx-counters] sample=7 MANUAL_GICV2M_TEST_IRQ: 55
[net-rx-counters] sample=7 MANUAL_GICV2M_TEST_DOORBELL: 0x2250040
[net-rx-counters] sample=7 MANUAL_GICV2M_TEST_BEFORE_PEND: 0x0
[net-rx-counters] sample=7 MANUAL_GICV2M_TEST_AFTER_WRITE_PEND: 0x800000
[net-rx-counters] sample=7 MANUAL_GICV2M_TEST_AFTER_WAIT_PEND: 0x0
[net-rx-counters] sample=7 MANUAL_GICV2M_TEST_ACK_BEFORE: 0
[net-rx-counters] sample=7 MANUAL_GICV2M_TEST_ACK_AFTER: 1
[net-rx-counters] sample=7 MANUAL_GICV2M_TEST_MSI_BEFORE: 0
[net-rx-counters] sample=7 MANUAL_GICV2M_TEST_MSI_AFTER: 1
[net-rx-counters] sample=7 NET_PCI_DEVICE_STATUS: 0xf
[net-rx-counters] sample=7 NET_PCI_ISR_STATUS: 0x0
[net-rx-counters] sample=7 NET_PCI_DEVICE_FEATURES: 0x6187bfa3
[net-rx-counters] sample=7 NET_PCI_GUEST_FEATURES: 0x10020
[net-rx-counters] sample=7 NET_PCI_RX_QUEUE_PFN: 0x4123b
[net-rx-counters] sample=7 NET_PCI_TX_QUEUE_PFN: 0x4123e
[net-rx-counters] sample=7 NET_PCI_RX_QUEUE_SIZE: 256
[net-rx-counters] sample=7 NET_PCI_TX_QUEUE_SIZE: 256
[net-rx-counters] sample=7 NET_PCI_RX_QUEUE_ALIGN: 4096
[net-rx-counters] sample=7 NET_PCI_RX_QUEUE_VECTOR: 0x0
[net-rx-counters] sample=7 NET_PCI_TX_QUEUE_VECTOR: 0xffff
[net-rx-counters] sample=7 NET_PCI_RX_AVAIL_FLAGS: 0x0
[net-rx-counters] sample=7 NET_PCI_RX_AVAIL_IDX: 40
[net-rx-counters] sample=7 NET_PCI_RX_USED_FLAGS: 0x1
[net-rx-counters] sample=7 NET_PCI_RX_USED_IDX: 10
[net-rx-counters] sample=7 NET_PCI_RX_LAST_USED_IDX: 10
[net-rx-counters] sample=7 NET_PCI_RX_POSTED_GAP: 30
[net-rx-counters] sample=7 NET_PCI_RX_DESC0: addr=0x4126aa00 len=1524 flags=0x2
[net-rx-counters] sample=7 NET_PCI_RX_DESC1: addr=0x4126b000 len=1524 flags=0x2
[net-rx-counters] sample=7 NET_PCI_RX_DESC2: addr=0x4126b600 len=1524 flags=0x2
[net-rx-counters] sample=7 NET_PCI_RX_DESC3: addr=0x4126bc00 len=1524 flags=0x2
[net-rx-counters] sample=7 NET_PCI_RX_RING_HEADS: 0,1,2,3
[net-rx-counters] sample=7 NET_RX_PROCESSING_HELD: 0
[net-rx-counters] sample=7 NET_RX_PENDING_WHILE_PROCESSING: 0
[net-rx-counters] sample=7 NET_PCI_RX_REARM_SAMPLE_SEQ: 17
[net-rx-counters] sample=7 NET_PCI_RX_REARM_SAMPLE0: used_idx=10 last_used_idx=10 avail_flags=0x0 raced=0
[net-rx-counters] sample=7 NET_PCI_RX_REARM_SAMPLE1: used_idx=7 last_used_idx=7 avail_flags=0x0 raced=0
[net-rx-counters] sample=7 NET_PCI_RX_REARM_SAMPLE2: used_idx=8 last_used_idx=8 avail_flags=0x0 raced=0
[net-rx-counters] sample=7 NET_PCI_RX_REARM_SAMPLE3: used_idx=9 last_used_idx=9 avail_flags=0x0 raced=0
[net-rx-counters] sample=7 NET_PCI_RX_SOFTIRQ_ENTRY_SAMPLE: used_idx=10 last_used_idx=9 avail_flags=0x1 raced=0
[net-rx-counters] sample=7 NET_PCI_RX_SOFTIRQ_EXIT_SAMPLE: used_idx=10 last_used_idx=10 avail_flags=0x0 raced=0
[net-rx-counters] sample=7 end
[bwm-fps] frames_since_last=245 elapsed_ms=1001 instantaneous_fps=244
[heartbeat] tid=12 uptime_ms=81466 kbd_nonzero=0
[bwm-fps] frames_since_last=244 elapsed_ms=1000 instantaneous_fps=244
[heartbeat] tid=12 uptime_ms=82467 kbd_nonzero=0
[bwm-fps] frames_since_last=225 elapsed_ms=1000 instantaneous_fps=225
[heartbeat] tid=12 uptime_ms=83467 kbd_nonzero=0
[bwm-fps] frames_since_last=218 elapsed_ms=1001 instantaneous_fps=217
[heartbeat] tid=12 uptime_ms=84467 kbd_nonzero=0
[bwm-fps] frames_since_last=228 elapsed_ms=1002 instantaneous_fps=227
[heartbeat] tid=12 uptime_ms=85468 kbd_nonzero=0
[bwm-fps] frames_since_last=230 elapsed_ms=1002 instantaneous_fps=229
[heartbeat] tid=12 uptime_ms=86469 kbd_nonzero=0
[bwm-fps] frames_since_last=239 elapsed_ms=1000 instantaneous_fps=239
[heartbeat] tid=12 uptime_ms=87471 kbd_nonzero=0
[bwm-fps] frames_since_last=247 elapsed_ms=1003 instantaneous_fps=246
[heartbeat] tid=12 uptime_ms=88472 kbd_nonzero=0
[bwm-fps] frames_since_last=229 elapsed_ms=1001 instantaneous_fps=228
[heartbeat] tid=12 uptime_ms=89472 kbd_nonzero=0
[bwm-fps] frames_since_last=244 elapsed_ms=1002 instantaneous_fps=243
[heartbeat] tid=12 uptime_ms=90475 kbd_nonzero=0
[PT_ROOT_CUSTODY:no_proof=11:no_arch=0:terminated=0:undecided=0:mid_retire=0:retired=3]
[TOMBSTONE_CENSUS:resident=0:removed=13:reap_second=13:retire_second=0:abandoned_unqueued=0]
[TTBR0_ASID_CENSUS:untagged=0:tagged=304190:kernel=151700:cleared=385634]
[net-rx-counters] sample=8 begin
[net-rx-counters] sample=8 NET_RX_MSI_TOTAL: 12 (cpu0=12)
[net-rx-counters] sample=8 NET_RX_RING_DRAIN_TOTAL: 13 (cpu0=13)
[net-rx-counters] sample=8 NET_RX_FRAME_TOTAL: 13 (cpu0=13)
[net-rx-counters] sample=8 NET_RX_ARP_TOTAL: 2 (cpu0=2)
[net-rx-counters] sample=8 NET_RX_ETHERTYPE_OTHER_TOTAL: 1 (cpu0=1)
[net-rx-counters] sample=8 NET_RX_SOFTIRQ_ENTRY_TOTAL: 19 (cpu0=12, cpu1=2, cpu2=1, cpu3=4)
[net-rx-counters] sample=8 NET_RX_SOFTIRQ_EXIT_TOTAL: 19 (cpu0=12, cpu1=2, cpu2=1, cpu3=4)
[net-rx-counters] sample=8 NET_RX_REENTRANT_SKIP_TOTAL: 0
[net-rx-counters] sample=8 NET_RX_GUARD_RELEASE_TOTAL: 20 (cpu0=13, cpu1=2, cpu2=1, cpu3=4)
[net-rx-counters] sample=8 NET_RX_REARM_CHECK_TOTAL: 20 (cpu0=13, cpu1=2, cpu2=1, cpu3=4)
[net-rx-counters] sample=8 NET_RX_REARM_RACE_TOTAL: 0
[net-rx-counters] sample=8 NET_RX_REARM_ARMED_TOTAL: 20 (cpu0=13, cpu1=2, cpu2=1, cpu3=4)
[net-rx-counters] sample=8 NET_PCI_IRQ_RAISED_NETRX: 12 (cpu0=12)
[net-rx-counters] sample=8 GIC_SPI55_ACK_TOTAL: 12 (cpu0=12)
[net-rx-counters] sample=8 GICV2M_BASE_PHYS: 0x2250000
[net-rx-counters] sample=8 GICV2M_DOORBELL_PHYS: 0x2250040
[net-rx-counters] sample=8 GICV2M_MSI_TYPER: 0x80350040
[net-rx-counters] sample=8 GICV2M_SPI_BASE: 53
[net-rx-counters] sample=8 GICV2M_SPI_COUNT: 64
[net-rx-counters] sample=8 GICV2M_NEXT_INDEX: 4
[net-rx-counters] sample=8 GIC_SPI54_IRQ: 54
[net-rx-counters] sample=8 GIC_SPI54_VERSION: 3
[net-rx-counters] sample=8 GIC_SPI54_ISENABLER_BIT: 0x400000
[net-rx-counters] sample=8 GIC_SPI54_ISPENDR_BIT: 0x0
[net-rx-counters] sample=8 GIC_SPI54_ISACTIVER_BIT: 0x0
[net-rx-counters] sample=8 GIC_SPI54_IGROUPR_BIT: 0x400000
[net-rx-counters] sample=8 GIC_SPI54_PRIORITY: 0xa0
[net-rx-counters] sample=8 GIC_SPI54_ICFGR_REG: 0x2a800
[net-rx-counters] sample=8 GIC_SPI54_IROUTER: 0x0
[net-rx-counters] sample=8 GIC_SPI54_ITARGETSR_BYTE: 0x0
[net-rx-counters] sample=8 GIC_SPI54_GICD_CTLR: 0x53
[net-rx-counters] sample=8 GIC_SPI55_IRQ: 55
[net-rx-counters] sample=8 GIC_SPI55_VERSION: 3
[net-rx-counters] sample=8 GIC_SPI55_ISENABLER_BIT: 0x800000
[net-rx-counters] sample=8 GIC_SPI55_ISPENDR_BIT: 0x0
[net-rx-counters] sample=8 GIC_SPI55_ISACTIVER_BIT: 0x0
[net-rx-counters] sample=8 GIC_SPI55_IGROUPR_BIT: 0x800000
[net-rx-counters] sample=8 GIC_SPI55_PRIORITY: 0xa0
[net-rx-counters] sample=8 GIC_SPI55_ICFGR_REG: 0x2a800
[net-rx-counters] sample=8 GIC_SPI55_IROUTER: 0x0
[net-rx-counters] sample=8 GIC_SPI55_ITARGETSR_BYTE: 0x0
[net-rx-counters] sample=8 GIC_SPI55_GICD_CTLR: 0x53
[net-rx-counters] sample=8 MANUAL_GICV2M_TEST_DONE: 1
[net-rx-counters] sample=8 MANUAL_GICV2M_TEST_IRQ: 55
[net-rx-counters] sample=8 MANUAL_GICV2M_TEST_DOORBELL: 0x2250040
[net-rx-counters] sample=8 MANUAL_GICV2M_TEST_BEFORE_PEND: 0x0
[net-rx-counters] sample=8 MANUAL_GICV2M_TEST_AFTER_WRITE_PEND: 0x800000
[net-rx-counters] sample=8 MANUAL_GICV2M_TEST_AFTER_WAIT_PEND: 0x0
[net-rx-counters] sample=8 MANUAL_GICV2M_TEST_ACK_BEFORE: 0
[net-rx-counters] sample=8 MANUAL_GICV2M_TEST_ACK_AFTER: 1
[net-rx-counters] sample=8 MANUAL_GICV2M_TEST_MSI_BEFORE: 0
[net-rx-counters] sample=8 MANUAL_GICV2M_TEST_MSI_AFTER: 1
[net-rx-counters] sample=8 NET_PCI_DEVICE_STATUS: 0xf
[net-rx-counters] sample=8 NET_PCI_ISR_STATUS: 0x0
[net-rx-counters] sample=8 NET_PCI_DEVICE_FEATURES: 0x6187bfa3
[net-rx-counters] sample=8 NET_PCI_GUEST_FEATURES: 0x10020
[net-rx-counters] sample=8 NET_PCI_RX_QUEUE_PFN: 0x4123b
[net-rx-counters] sample=8 NET_PCI_TX_QUEUE_PFN: 0x4123e
[net-rx-counters] sample=8 NET_PCI_RX_QUEUE_SIZE: 256
[net-rx-counters] sample=8 NET_PCI_TX_QUEUE_SIZE: 256
[net-rx-counters] sample=8 NET_PCI_RX_QUEUE_ALIGN: 4096
[net-rx-counters] sample=8 NET_PCI_RX_QUEUE_VECTOR: 0x0
[net-rx-counters] sample=8 NET_PCI_TX_QUEUE_VECTOR: 0xffff
[net-rx-counters] sample=8 NET_PCI_RX_AVAIL_FLAGS: 0x0
[net-rx-counters] sample=8 NET_PCI_RX_AVAIL_IDX: 52
[net-rx-counters] sample=8 NET_PCI_RX_USED_FLAGS: 0x1
[net-rx-counters] sample=8 NET_PCI_RX_USED_IDX: 13
[net-rx-counters] sample=8 NET_PCI_RX_LAST_USED_IDX: 13
[net-rx-counters] sample=8 NET_PCI_RX_POSTED_GAP: 39
[net-rx-counters] sample=8 NET_PCI_RX_DESC0: addr=0x4126aa00 len=1524 flags=0x2
[net-rx-counters] sample=8 NET_PCI_RX_DESC1: addr=0x4126b000 len=1524 flags=0x2
[net-rx-counters] sample=8 NET_PCI_RX_DESC2: addr=0x4126b600 len=1524 flags=0x2
[net-rx-counters] sample=8 NET_PCI_RX_DESC3: addr=0x4126bc00 len=1524 flags=0x2
[net-rx-counters] sample=8 NET_PCI_RX_RING_HEADS: 0,1,2,3
[net-rx-counters] sample=8 NET_RX_PROCESSING_HELD: 0
[net-rx-counters] sample=8 NET_RX_PENDING_WHILE_PROCESSING: 0
[net-rx-counters] sample=8 NET_PCI_RX_REARM_SAMPLE_SEQ: 20
[net-rx-counters] sample=8 NET_PCI_RX_REARM_SAMPLE0: used_idx=10 last_used_idx=10 avail_flags=0x0 raced=0
[net-rx-counters] sample=8 NET_PCI_RX_REARM_SAMPLE1: used_idx=11 last_used_idx=11 avail_flags=0x0 raced=0
[net-rx-counters] sample=8 NET_PCI_RX_REARM_SAMPLE2: used_idx=12 last_used_idx=12 avail_flags=0x0 raced=0
[net-rx-counters] sample=8 NET_PCI_RX_REARM_SAMPLE3: used_idx=13 last_used_idx=13 avail_flags=0x0 raced=0
[net-rx-counters] sample=8 NET_PCI_RX_SOFTIRQ_ENTRY_SAMPLE: used_idx=13 last_used_idx=12 avail_flags=0x1 raced=0
[net-rx-counters] sample=8 NET_PCI_RX_SOFTIRQ_EXIT_SAMPLE: used_idx=13 last_used_idx=13 avail_flags=0x0 raced=0
[net-rx-counters] sample=8 end
[bwm-fps] frames_since_last=238 elapsed_ms=1002 instantaneous_fps=237
[heartbeat] tid=12 uptime_ms=91508 kbd_nonzero=0
[bwm-fps] frames_since_last=236 elapsed_ms=1002 instantaneous_fps=235
[heartbeat] tid=12 uptime_ms=92508 kbd_nonzero=0
[bwm-fps] frames_since_last=233 elapsed_ms=1002 instantaneous_fps=232
[heartbeat] tid=12 uptime_ms=93509 kbd_nonzero=0
[bwm-fps] frames_since_last=242 elapsed_ms=1000 instantaneous_fps=242
[heartbeat] tid=12 uptime_ms=94509 kbd_nonzero=0
[bwm-fps] frames_since_last=246 elapsed_ms=1002 instantaneous_fps=245
[heartbeat] tid=12 uptime_ms=95510 kbd_nonzero=0
[bwm-fps] frames_since_last=232 elapsed_ms=1003 instantaneous_fps=231
[heartbeat] tid=12 uptime_ms=96511 kbd_nonzero=0
[bwm-fps] frames_since_last=213 elapsed_ms=1000 instantaneous_fps=213
[heartbeat] tid=12 uptime_ms=97512 kbd_nonzero=0
[bwm-fps] frames_since_last=194 elapsed_ms=1001 instantaneous_fps=193
[heartbeat] tid=12 uptime_ms=98513 kbd_nonzero=0
[bwm-fps] frames_since_last=198 elapsed_ms=1001 instantaneous_fps=197
[heartbeat] tid=12 uptime_ms=99514 kbd_nonzero=0
[bwm-fps] frames_since_last=202 elapsed_ms=1001 instantaneous_fps=201
[heartbeat] tid=12 uptime_ms=100516 kbd_nonzero=0
[PT_ROOT_CUSTODY:no_proof=11:no_arch=0:terminated=0:undecided=0:mid_retire=0:retired=3]
[TOMBSTONE_CENSUS:resident=0:removed=13:reap_second=13:retire_second=0:abandoned_unqueued=0]
[TTBR0_ASID_CENSUS:untagged=0:tagged=337656:kernel=168202:cleared=427672]
[net-rx-counters] sample=9 begin
[net-rx-counters] sample=9 NET_RX_MSI_TOTAL: 13 (cpu0=13)
[net-rx-counters] sample=9 NET_RX_RING_DRAIN_TOTAL: 14 (cpu0=14)
[net-rx-counters] sample=9 NET_RX_FRAME_TOTAL: 14 (cpu0=14)
[net-rx-counters] sample=9 NET_RX_ARP_TOTAL: 2 (cpu0=2)
[net-rx-counters] sample=9 NET_RX_ETHERTYPE_OTHER_TOTAL: 1 (cpu0=1)
[net-rx-counters] sample=9 NET_RX_SOFTIRQ_ENTRY_TOTAL: 20 (cpu0=13, cpu1=2, cpu2=1, cpu3=4)
[net-rx-counters] sample=9 NET_RX_SOFTIRQ_EXIT_TOTAL: 20 (cpu0=13, cpu1=2, cpu2=1, cpu3=4)
[net-rx-counters] sample=9 NET_RX_REENTRANT_SKIP_TOTAL: 0
[net-rx-counters] sample=9 NET_RX_GUARD_RELEASE_TOTAL: 21 (cpu0=14, cpu1=2, cpu2=1, cpu3=4)
[net-rx-counters] sample=9 NET_RX_REARM_CHECK_TOTAL: 21 (cpu0=14, cpu1=2, cpu2=1, cpu3=4)
[net-rx-counters] sample=9 NET_RX_REARM_RACE_TOTAL: 0
[net-rx-counters] sample=9 NET_RX_REARM_ARMED_TOTAL: 21 (cpu0=14, cpu1=2, cpu2=1, cpu3=4)
[net-rx-counters] sample=9 NET_PCI_IRQ_RAISED_NETRX: 13 (cpu0=13)
[net-rx-counters] sample=9 GIC_SPI55_ACK_TOTAL: 13 (cpu0=13)
[net-rx-counters] sample=9 GICV2M_BASE_PHYS: 0x2250000
[net-rx-counters] sample=9 GICV2M_DOORBELL_PHYS: 0x2250040
[net-rx-counters] sample=9 GICV2M_MSI_TYPER: 0x80350040
[net-rx-counters] sample=9 GICV2M_SPI_BASE: 53
[net-rx-counters] sample=9 GICV2M_SPI_COUNT: 64
[net-rx-counters] sample=9 GICV2M_NEXT_INDEX: 4
[net-rx-counters] sample=9 GIC_SPI54_IRQ: 54
[net-rx-counters] sample=9 GIC_SPI54_VERSION: 3
[net-rx-counters] sample=9 GIC_SPI54_ISENABLER_BIT: 0x400000
[net-rx-counters] sample=9 GIC_SPI54_ISPENDR_BIT: 0x0
[net-rx-counters] sample=9 GIC_SPI54_ISACTIVER_BIT: 0x0
[net-rx-counters] sample=9 GIC_SPI54_IGROUPR_BIT: 0x400000
[net-rx-counters] sample=9 GIC_SPI54_PRIORITY: 0xa0
[net-rx-counters] sample=9 GIC_SPI54_ICFGR_REG: 0x2a800
[net-rx-counters] sample=9 GIC_SPI54_IROUTER: 0x0
[net-rx-counters] sample=9 GIC_SPI54_ITARGETSR_BYTE: 0x0
[net-rx-counters] sample=9 GIC_SPI54_GICD_CTLR: 0x53
[net-rx-counters] sample=9 GIC_SPI55_IRQ: 55
[net-rx-counters] sample=9 GIC_SPI55_VERSION: 3
[net-rx-counters] sample=9 GIC_SPI55_ISENABLER_BIT: 0x800000
[net-rx-counters] sample=9 GIC_SPI55_ISPENDR_BIT: 0x0
[net-rx-counters] sample=9 GIC_SPI55_ISACTIVER_BIT: 0x0
[net-rx-counters] sample=9 GIC_SPI55_IGROUPR_BIT: 0x800000
[net-rx-counters] sample=9 GIC_SPI55_PRIORITY: 0xa0
[net-rx-counters] sample=9 GIC_SPI55_ICFGR_REG: 0x2a800
[net-rx-counters] sample=9 GIC_SPI55_IROUTER: 0x0
[net-rx-counters] sample=9 GIC_SPI55_ITARGETSR_BYTE: 0x0
[net-rx-counters] sample=9 GIC_SPI55_GICD_CTLR: 0x53
[net-rx-counters] sample=9 MANUAL_GICV2M_TEST_DONE: 1
[net-rx-counters] sample=9 MANUAL_GICV2M_TEST_IRQ: 55
[net-rx-counters] sample=9 MANUAL_GICV2M_TEST_DOORBELL: 0x2250040
[net-rx-counters] sample=9 MANUAL_GICV2M_TEST_BEFORE_PEND: 0x0
[net-rx-counters] sample=9 MANUAL_GICV2M_TEST_AFTER_WRITE_PEND: 0x800000
[net-rx-counters] sample=9 MANUAL_GICV2M_TEST_AFTER_WAIT_PEND: 0x0
[net-rx-counters] sample=9 MANUAL_GICV2M_TEST_ACK_BEFORE: 0
[net-rx-counters] sample=9 MANUAL_GICV2M_TEST_ACK_AFTER: 1
[net-rx-counters] sample=9 MANUAL_GICV2M_TEST_MSI_BEFORE: 0
[net-rx-counters] sample=9 MANUAL_GICV2M_TEST_MSI_AFTER: 1
[net-rx-counters] sample=9 NET_PCI_DEVICE_STATUS: 0xf
[net-rx-counters] sample=9 NET_PCI_ISR_STATUS: 0x0
[net-rx-counters] sample=9 NET_PCI_DEVICE_FEATURES: 0x6187bfa3
[net-rx-counters] sample=9 NET_PCI_GUEST_FEATURES: 0x10020
[net-rx-counters] sample=9 NET_PCI_RX_QUEUE_PFN: 0x4123b
[net-rx-counters] sample=9 NET_PCI_TX_QUEUE_PFN: 0x4123e
[net-rx-counters] sample=9 NET_PCI_RX_QUEUE_SIZE: 256
[net-rx-counters] sample=9 NET_PCI_TX_QUEUE_SIZE: 256
[net-rx-counters] sample=9 NET_PCI_RX_QUEUE_ALIGN: 4096
[net-rx-counters] sample=9 NET_PCI_RX_QUEUE_VECTOR: 0x0
[net-rx-counters] sample=9 NET_PCI_TX_QUEUE_VECTOR: 0xffff
[net-rx-counters] sample=9 NET_PCI_RX_AVAIL_FLAGS: 0x0
[net-rx-counters] sample=9 NET_PCI_RX_AVAIL_IDX: 56
[net-rx-counters] sample=9 NET_PCI_RX_USED_FLAGS: 0x1
[net-rx-counters] sample=9 NET_PCI_RX_USED_IDX: 14
[net-rx-counters] sample=9 NET_PCI_RX_LAST_USED_IDX: 14
[net-rx-counters] sample=9 NET_PCI_RX_POSTED_GAP: 42
[net-rx-counters] sample=9 NET_PCI_RX_DESC0: addr=0x4126aa00 len=1524 flags=0x2
[net-rx-counters] sample=9 NET_PCI_RX_DESC1: addr=0x4126b000 len=1524 flags=0x2
[net-rx-counters] sample=9 NET_PCI_RX_DESC2: addr=0x4126b600 len=1524 flags=0x2
[net-rx-counters] sample=9 NET_PCI_RX_DESC3: addr=0x4126bc00 len=1524 flags=0x2
[net-rx-counters] sample=9 NET_PCI_RX_RING_HEADS: 0,1,2,3
[net-rx-counters] sample=9 NET_RX_PROCESSING_HELD: 0
[net-rx-counters] sample=9 NET_RX_PENDING_WHILE_PROCESSING: 0
[net-rx-counters] sample=9 NET_PCI_RX_REARM_SAMPLE_SEQ: 21
[net-rx-counters] sample=9 NET_PCI_RX_REARM_SAMPLE0: used_idx=14 last_used_idx=14 avail_flags=0x0 raced=0
[net-rx-counters] sample=9 NET_PCI_RX_REARM_SAMPLE1: used_idx=11 last_used_idx=11 avail_flags=0x0 raced=0
[net-rx-counters] sample=9 NET_PCI_RX_REARM_SAMPLE2: used_idx=12 last_used_idx=12 avail_flags=0x0 raced=0
[net-rx-counters] sample=9 NET_PCI_RX_REARM_SAMPLE3: used_idx=13 last_used_idx=13 avail_flags=0x0 raced=0
[net-rx-counters] sample=9 NET_PCI_RX_SOFTIRQ_ENTRY_SAMPLE: used_idx=14 last_used_idx=13 avail_flags=0x1 raced=0
[net-rx-counters] sample=9 NET_PCI_RX_SOFTIRQ_EXIT_SAMPLE: used_idx=14 last_used_idx=14 avail_flags=0x0 raced=0
[net-rx-counters] sample=9 end
[bwm-fps] frames_since_last=206 elapsed_ms=1003 instantaneous_fps=205
[heartbeat] tid=12 uptime_ms=101549 kbd_nonzero=0
[bwm-fps] frames_since_last=207 elapsed_ms=1001 instantaneous_fps=206
[heartbeat] tid=12 uptime_ms=102549 kbd_nonzero=0
[bwm-fps] frames_since_last=225 elapsed_ms=1001 instantaneous_fps=224
[heartbeat] tid=12 uptime_ms=103549 kbd_nonzero=0
[bwm-fps] frames_since_last=249 elapsed_ms=1007 instantaneous_fps=247
[heartbeat] tid=12 uptime_ms=104551 kbd_nonzero=0
[bwm-fps] frames_since_last=234 elapsed_ms=1000 instantaneous_fps=234
[heartbeat] tid=12 uptime_ms=105551 kbd_nonzero=0
[bwm-fps] frames_since_last=247 elapsed_ms=1001 instantaneous_fps=246
[heartbeat] tid=12 uptime_ms=106560 kbd_nonzero=0
[bwm-fps] frames_since_last=232 elapsed_ms=1003 instantaneous_fps=231
[heartbeat] tid=12 uptime_ms=107560 kbd_nonzero=0
[bwm-fps] frames_since_last=245 elapsed_ms=1002 instantaneous_fps=244
[heartbeat] tid=12 uptime_ms=108561 kbd_nonzero=0
[bwm-fps] frames_since_last=241 elapsed_ms=1001 instantaneous_fps=240
[heartbeat] tid=12 uptime_ms=109562 kbd_nonzero=0
[bwm-fps] frames_since_last=238 elapsed_ms=1000 instantaneous_fps=238
[heartbeat] tid=12 uptime_ms=110563 kbd_nonzero=0
[PT_ROOT_CUSTODY:no_proof=11:no_arch=0:terminated=0:undecided=0:mid_retire=0:retired=3]
[TOMBSTONE_CENSUS:resident=0:removed=13:reap_second=13:retire_second=0:abandoned_unqueued=0]
[TTBR0_ASID_CENSUS:untagged=0:tagged=371906:kernel=185078:cleared=470802]
[net-rx-counters] sample=10 begin
[net-rx-counters] sample=10 NET_RX_MSI_TOTAL: 13 (cpu0=13)
[net-rx-counters] sample=10 NET_RX_RING_DRAIN_TOTAL: 14 (cpu0=14)
[net-rx-counters] sample=10 NET_RX_FRAME_TOTAL: 14 (cpu0=14)
[net-rx-counters] sample=10 NET_RX_ARP_TOTAL: 2 (cpu0=2)
[net-rx-counters] sample=10 NET_RX_ETHERTYPE_OTHER_TOTAL: 1 (cpu0=1)
[net-rx-counters] sample=10 NET_RX_SOFTIRQ_ENTRY_TOTAL: 20 (cpu0=13, cpu1=2, cpu2=1, cpu3=4)
[net-rx-counters] sample=10 NET_RX_SOFTIRQ_EXIT_TOTAL: 20 (cpu0=13, cpu1=2, cpu2=1, cpu3=4)
[net-rx-counters] sample=10 NET_RX_REENTRANT_SKIP_TOTAL: 0
[net-rx-counters] sample=10 NET_RX_GUARD_RELEASE_TOTAL: 21 (cpu0=14, cpu1=2, cpu2=1, cpu3=4)
[net-rx-counters] sample=10 NET_RX_REARM_CHECK_TOTAL: 21 (cpu0=14, cpu1=2, cpu2=1, cpu3=4)
[net-rx-counters] sample=10 NET_RX_REARM_RACE_TOTAL: 0
[net-rx-counters] sample=10 NET_RX_REARM_ARMED_TOTAL: 21 (cpu0=14, cpu1=2, cpu2=1, cpu3=4)
[net-rx-counters] sample=10 NET_PCI_IRQ_RAISED_NETRX: 13 (cpu0=13)
[net-rx-counters] sample=10 GIC_SPI55_ACK_TOTAL: 13 (cpu0=13)
[net-rx-counters] sample=10 GICV2M_BASE_PHYS: 0x2250000
[net-rx-counters] sample=10 GICV2M_DOORBELL_PHYS: 0x2250040
[net-rx-counters] sample=10 GICV2M_MSI_TYPER: 0x80350040
[net-rx-counters] sample=10 GICV2M_SPI_BASE: 53
[net-rx-counters] sample=10 GICV2M_SPI_COUNT: 64
[net-rx-counters] sample=10 GICV2M_NEXT_INDEX: 4
[net-rx-counters] sample=10 GIC_SPI54_IRQ: 54
[net-rx-counters] sample=10 GIC_SPI54_VERSION: 3
[net-rx-counters] sample=10 GIC_SPI54_ISENABLER_BIT: 0x400000
[net-rx-counters] sample=10 GIC_SPI54_ISPENDR_BIT: 0x0
[net-rx-counters] sample=10 GIC_SPI54_ISACTIVER_BIT: 0x0
[net-rx-counters] sample=10 GIC_SPI54_IGROUPR_BIT: 0x400000
[net-rx-counters] sample=10 GIC_SPI54_PRIORITY: 0xa0
[net-rx-counters] sample=10 GIC_SPI54_ICFGR_REG: 0x2a800
[net-rx-counters] sample=10 GIC_SPI54_IROUTER: 0x0
[net-rx-counters] sample=10 GIC_SPI54_ITARGETSR_BYTE: 0x0
[net-rx-counters] sample=10 GIC_SPI54_GICD_CTLR: 0x53
[net-rx-counters] sample=10 GIC_SPI55_IRQ: 55
[net-rx-counters] sample=10 GIC_SPI55_VERSION: 3
[net-rx-counters] sample=10 GIC_SPI55_ISENABLER_BIT: 0x800000
[net-rx-counters] sample=10 GIC_SPI55_ISPENDR_BIT: 0x0
[net-rx-counters] sample=10 GIC_SPI55_ISACTIVER_BIT: 0x0
[net-rx-counters] sample=10 GIC_SPI55_IGROUPR_BIT: 0x800000
[net-rx-counters] sample=10 GIC_SPI55_PRIORITY: 0xa0
[net-rx-counters] sample=10 GIC_SPI55_ICFGR_REG: 0x2a800
[net-rx-counters] sample=10 GIC_SPI55_IROUTER: 0x0
[net-rx-counters] sample=10 GIC_SPI55_ITARGETSR_BYTE: 0x0
[net-rx-counters] sample=10 GIC_SPI55_GICD_CTLR: 0x53
[net-rx-counters] sample=10 MANUAL_GICV2M_TEST_DONE: 1
[net-rx-counters] sample=10 MANUAL_GICV2M_TEST_IRQ: 55
[net-rx-counters] sample=10 MANUAL_GICV2M_TEST_DOORBELL: 0x2250040
[net-rx-counters] sample=10 MANUAL_GICV2M_TEST_BEFORE_PEND: 0x0
[net-rx-counters] sample=10 MANUAL_GICV2M_TEST_AFTER_WRITE_PEND: 0x800000
[net-rx-counters] sample=10 MANUAL_GICV2M_TEST_AFTER_WAIT_PEND: 0x0
[net-rx-counters] sample=10 MANUAL_GICV2M_TEST_ACK_BEFORE: 0
[net-rx-counters] sample=10 MANUAL_GICV2M_TEST_ACK_AFTER: 1
[net-rx-counters] sample=10 MANUAL_GICV2M_TEST_MSI_BEFORE: 0
[net-rx-counters] sample=10 MANUAL_GICV2M_TEST_MSI_AFTER: 1
[net-rx-counters] sample=10 NET_PCI_DEVICE_STATUS: 0xf
[net-rx-counters] sample=10 NET_PCI_ISR_STATUS: 0x0
[net-rx-counters] sample=10 NET_PCI_DEVICE_FEATURES: 0x6187bfa3
[net-rx-counters] sample=10 NET_PCI_GUEST_FEATURES: 0x10020
[net-rx-counters] sample=10 NET_PCI_RX_QUEUE_PFN: 0x4123b
[net-rx-counters] sample=10 NET_PCI_TX_QUEUE_PFN: 0x4123e
[net-rx-counters] sample=10 NET_PCI_RX_QUEUE_SIZE: 256
[net-rx-counters] sample=10 NET_PCI_TX_QUEUE_SIZE: 256
[net-rx-counters] sample=10 NET_PCI_RX_QUEUE_ALIGN: 4096
[net-rx-counters] sample=10 NET_PCI_RX_QUEUE_VECTOR: 0x0
[net-rx-counters] sample=10 NET_PCI_TX_QUEUE_VECTOR: 0xffff
[net-rx-counters] sample=10 NET_PCI_RX_AVAIL_FLAGS: 0x0
[net-rx-counters] sample=10 NET_PCI_RX_AVAIL_IDX: 56
[net-rx-counters] sample=10 NET_PCI_RX_USED_FLAGS: 0x1
[net-rx-counters] sample=10 NET_PCI_RX_USED_IDX: 14
[net-rx-counters] sample=10 NET_PCI_RX_LAST_USED_IDX: 14
[net-rx-counters] sample=10 NET_PCI_RX_POSTED_GAP: 42
[net-rx-counters] sample=10 NET_PCI_RX_DESC0: addr=0x4126aa00 len=1524 flags=0x2
[net-rx-counters] sample=10 NET_PCI_RX_DESC1: addr=0x4126b000 len=1524 flags=0x2
[net-rx-counters] sample=10 NET_PCI_RX_DESC2: addr=0x4126b600 len=1524 flags=0x2
[net-rx-counters] sample=10 NET_PCI_RX_DESC3: addr=0x4126bc00 len=1524 flags=0x2
[net-rx-counters] sample=10 NET_PCI_RX_RING_HEADS: 0,1,2,3
[net-rx-counters] sample=10 NET_RX_PROCESSING_HELD: 0
[net-rx-counters] sample=10 NET_RX_PENDING_WHILE_PROCESSING: 0
[net-rx-counters] sample=10 NET_PCI_RX_REARM_SAMPLE_SEQ: 21
[net-rx-counters] sample=10 NET_PCI_RX_REARM_SAMPLE0: used_idx=14 last_used_idx=14 avail_flags=0x0 raced=0
[net-rx-counters] sample=10 NET_PCI_RX_REARM_SAMPLE1: used_idx=11 last_used_idx=11 avail_flags=0x0 raced=0
[net-rx-counters] sample=10 NET_PCI_RX_REARM_SAMPLE2: used_idx=12 last_used_idx=12 avail_flags=0x0 raced=0
[net-rx-counters] sample=10 NET_PCI_RX_REARM_SAMPLE3: used_idx=13 last_used_idx=13 avail_flags=0x0 raced=0
[net-rx-counters] sample=10 NET_PCI_RX_SOFTIRQ_ENTRY_SAMPLE: used_idx=14 last_used_idx=13 avail_flags=0x1 raced=0
[net-rx-counters] sample=10 NET_PCI_RX_SOFTIRQ_EXIT_SAMPLE: used_idx=14 last_used_idx=14 avail_flags=0x0 raced=0
[net-rx-counters] sample=10 end
[bwm-fps] frames_since_last=222 elapsed_ms=1001 instantaneous_fps=221
[heartbeat] tid=12 uptime_ms=111585 kbd_nonzero=0
[bwm-fps] frames_since_last=228 elapsed_ms=1000 instantaneous_fps=228
[heartbeat] tid=12 uptime_ms=112588 kbd_nonzero=0
[bwm-fps] frames_since_last=261 elapsed_ms=1001 instantaneous_fps=260
[heartbeat] tid=12 uptime_ms=113589 kbd_nonzero=0
[bwm-fps] frames_since_last=234 elapsed_ms=1003 instantaneous_fps=233
[heartbeat] tid=12 uptime_ms=114589 kbd_nonzero=0
[bwm-fps] frames_since_last=232 elapsed_ms=1001 instantaneous_fps=231
[heartbeat] tid=12 uptime_ms=115591 kbd_nonzero=0
[bwm-fps] frames_since_last=241 elapsed_ms=1000 instantaneous_fps=241
[heartbeat] tid=12 uptime_ms=116592 kbd_nonzero=0
[bwm-fps] frames_since_last=247 elapsed_ms=1000 instantaneous_fps=247
[heartbeat] tid=12 uptime_ms=117592 kbd_nonzero=0
[bwm-fps] frames_since_last=239 elapsed_ms=1000 instantaneous_fps=239
[heartbeat] tid=12 uptime_ms=118594 kbd_nonzero=0
[bwm-fps] frames_since_last=235 elapsed_ms=1003 instantaneous_fps=234
[heartbeat] tid=12 uptime_ms=119596 kbd_nonzero=0
[bwm-fps] frames_since_last=241 elapsed_ms=1002 instantaneous_fps=240
[heartbeat] tid=12 uptime_ms=120596 kbd_nonzero=0
[bwm-fps] frames_since_last=251 elapsed_ms=1001 instantaneous_fps=250
[heartbeat] tid=12 uptime_ms=121597 kbd_nonzero=0
[bwm-fps] frames_since_last=239 elapsed_ms=1001 instantaneous_fps=238
[heartbeat] tid=12 uptime_ms=122597 kbd_nonzero=0
[bwm-fps] frames_since_last=249 elapsed_ms=1002 instantaneous_fps=248
[heartbeat] tid=12 uptime_ms=123597 kbd_nonzero=0
[bwm-fps] frames_since_last=231 elapsed_ms=1001 instantaneous_fps=230
[heartbeat] tid=12 uptime_ms=124598 kbd_nonzero=0
[bwm-fps] frames_since_last=205 elapsed_ms=1003 instantaneous_fps=204
[heartbeat] tid=12 uptime_ms=125598 kbd_nonzero=0
[bwm-fps] frames_since_last=192 elapsed_ms=1000 instantaneous_fps=192
[heartbeat] tid=12 uptime_ms=126599 kbd_nonzero=0
[bwm-fps] frames_since_last=205 elapsed_ms=1000 instantaneous_fps=205
[heartbeat] tid=12 uptime_ms=127600 kbd_nonzero=0
[bwm-fps] frames_since_last=197 elapsed_ms=1003 instantaneous_fps=196
[heartbeat] tid=12 uptime_ms=128600 kbd_nonzero=0
[bwm-fps] frames_since_last=198 elapsed_ms=1004 instantaneous_fps=197
[heartbeat] tid=12 uptime_ms=129602 kbd_nonzero=0
[bwm-fps] frames_since_last=223 elapsed_ms=1003 instantaneous_fps=222
[heartbeat] tid=12 uptime_ms=130603 kbd_nonzero=0
[bwm-fps] frames_since_last=250 elapsed_ms=1004 instantaneous_fps=249
[heartbeat] tid=12 uptime_ms=131603 kbd_nonzero=0
[bwm-fps] frames_since_last=232 elapsed_ms=1002 instantaneous_fps=231
[heartbeat] tid=12 uptime_ms=132604 kbd_nonzero=0
[bwm-fps] frames_since_last=246 elapsed_ms=1004 instantaneous_fps=245
[heartbeat] tid=12 uptime_ms=133605 kbd_nonzero=0
[bwm-fps] frames_since_last=251 elapsed_ms=1002 instantaneous_fps=250
[heartbeat] tid=12 uptime_ms=134605 kbd_nonzero=0
[bwm-fps] frames_since_last=240 elapsed_ms=1002 instantaneous_fps=239
[heartbeat] tid=12 uptime_ms=135607 kbd_nonzero=0
[bwm-fps] frames_since_last=239 elapsed_ms=1001 instantaneous_fps=238
[heartbeat] tid=12 uptime_ms=136610 kbd_nonzero=0
[bwm-fps] frames_since_last=232 elapsed_ms=1000 instantaneous_fps=232
[heartbeat] tid=12 uptime_ms=137611 kbd_nonzero=0
[bwm-fps] frames_since_last=237 elapsed_ms=1005 instantaneous_fps=235
[heartbeat] tid=12 uptime_ms=138613 kbd_nonzero=0
[bwm-fps] frames_since_last=209 elapsed_ms=1002 instantaneous_fps=208
[heartbeat] tid=12 uptime_ms=139613 kbd_nonzero=0
[bwm-fps] frames_since_last=241 elapsed_ms=1001 instantaneous_fps=240
[heartbeat] tid=12 uptime_ms=140613 kbd_nonzero=0
[bwm-fps] frames_since_last=236 elapsed_ms=1002 instantaneous_fps=235
[heartbeat] tid=12 uptime_ms=141614 kbd_nonzero=0
[bwm-fps] frames_since_last=246 elapsed_ms=1004 instantaneous_fps=245
[heartbeat] tid=12 uptime_ms=142615 kbd_nonzero=0
