revision=4ae11b95a2b8f11b981738c8607e68fd9b3d916f
revision=4ae11b95a2b8f11b981738c8607e68fd9b3d916f
[Host storage heading redacted under R244.]
[Host storage details redacted under R244; gate output below retained.]
userspace exit=0
command=bash docker/qemu/run-x86-boot-tests.sh
[GATE_SUITE:stem=aarch64_testing_profile_structure:attempt=1:timeout_s=300:wall_s=1:exit=0]
[GATE_SUITE:stem=block_request_lifetime_structure:attempt=1:timeout_s=300:wall_s=1:exit=0]
[GATE_SUITE:stem=blocking_fd_eagain_structure:attempt=1:timeout_s=300:wall_s=1:exit=0]
[GATE_SUITE:stem=capture_bxcap_schema_structure:attempt=1:timeout_s=300:wall_s=1:exit=0]
[GATE_SUITE:stem=capture_path_lock_free_structure:attempt=1:timeout_s=300:wall_s=2:exit=0]
[GATE_SUITE:stem=context_restore_structure:attempt=1:timeout_s=300:wall_s=229:exit=0]
[GATE_SUITE:stem=coreproof_component_h_structure:attempt=1:timeout_s=300:wall_s=1:exit=0]
[GATE_SUITE:stem=coreproof_coverage_structure:attempt=1:timeout_s=300:wall_s=1:exit=0]
[GATE_SUITE:stem=coreproof_mutation_register_structure:attempt=1:timeout_s=300:wall_s=1:exit=0]
[GATE_SUITE:stem=coreproof_sites_structure:attempt=1:timeout_s=300:wall_s=1:exit=0]
[GATE_SUITE:stem=critical_path_logging_census_structure:attempt=1:timeout_s=300:wall_s=3:exit=0]
[GATE_SUITE:stem=ctx_diag_ring_sample_structure:attempt=1:timeout_s=300:wall_s=1:exit=0]
[GATE_SUITE:stem=degenerate_transfer_fd_validation_structure:attempt=1:timeout_s=300:wall_s=1:exit=0]
[GATE_SUITE:stem=dispatch_fact_census_structure:attempt=1:timeout_s=300:wall_s=1:exit=0]
[GATE_SUITE:stem=dispatch_path_lock_free_structure:attempt=1:timeout_s=300:wall_s=0:exit=0]
[GATE_SUITE:stem=dispatch_strand_census_structure:attempt=1:timeout_s=300:wall_s=1:exit=0]
[GATE_SUITE:stem=dma_and_log_sink_structure:attempt=1:timeout_s=300:wall_s=0:exit=0]
[GATE_SUITE:stem=entry_point_df_structure:attempt=1:timeout_s=300:wall_s=2:exit=0]
[GATE_SUITE:stem=exec_lock_order_structure:attempt=1:timeout_s=300:wall_s=6:exit=0]
[GATE_SUITE:stem=exit_tally_structure:attempt=1:timeout_s=300:wall_s=2:exit=0]
[GATE_SUITE:stem=ext2_disk_size_structure:attempt=1:timeout_s=300:wall_s=1:exit=0]
[GATE_SUITE:stem=ext2_lock_structure:attempt=1:timeout_s=300:wall_s=1:exit=0]
[GATE_SUITE:stem=fcntl_pm_contention_gate_structure:attempt=1:timeout_s=300:wall_s=1:exit=0]
[GATE_SUITE:stem=fork_lock_order_structure:attempt=1:timeout_s=300:wall_s=1:exit=0]
[GATE_SUITE:stem=gate_boot_facts_pipefail_structure:attempt=1:timeout_s=300:wall_s=1:exit=0]
[GATE_SUITE:stem=gate_boot_facts_structure:attempt=1:timeout_s=300:wall_s=0:exit=0]
[GATE_SUITE:stem=gate_capture_drain_structure:attempt=1:timeout_s=300:wall_s=2:exit=0]
[GATE_SUITE:stem=gate_qmp_backstop_structure:attempt=1:timeout_s=300:wall_s=8:exit=0]
[GATE_SUITE:stem=gate_structure_preflight_wiring_structure:attempt=1:timeout_s=300:wall_s=1:exit=0]
[GATE_SUITE:stem=green_program_envelope_structure:attempt=1:timeout_s=300:wall_s=2:exit=0]
[GATE_SUITE:stem=launcher_smoke_xhci_evidence_structure:attempt=1:timeout_s=300:wall_s=1:exit=0]
[GATE_SUITE:stem=lockup_capture_guard_structure:attempt=1:timeout_s=300:wall_s=6:exit=0]
[GATE_SUITE:stem=loopback_pump_structure:attempt=1:timeout_s=300:wall_s=13:exit=0]
[GATE_SUITE:stem=masked_binary_load_structure:attempt=1:timeout_s=300:wall_s=2:exit=0]
[GATE_SUITE:stem=mmap_floor_structure:attempt=1:timeout_s=300:wall_s=1:exit=0]
[GATE_SUITE:stem=net_lock_structure:attempt=1:timeout_s=300:wall_s=14:exit=0]
[GATE_SUITE:stem=parallels_capture_structure:attempt=1:timeout_s=300:wall_s=12:exit=0]
[GATE_SUITE:stem=parallels_kill_by_name_structure:attempt=1:timeout_s=300:wall_s=2:exit=0]
[GATE_SUITE:stem=pipe_fifo_blocking_structure:attempt=1:timeout_s=300:wall_s=6:exit=0]
[GATE_SUITE:stem=poll_tcp_gate_wiring_structure:attempt=1:timeout_s=300:wall_s=0:exit=0]
[GATE_SUITE:stem=preempt_bracket_structure:attempt=1:timeout_s=300:wall_s=2:exit=0]
[GATE_SUITE:stem=qemu_host_lock_structure:attempt=1:timeout_s=300:wall_s=2:exit=0]
[GATE_SUITE:stem=qemu_kill_by_name_structure:attempt=1:timeout_s=300:wall_s=2:exit=0]
[GATE_SUITE:stem=ring_span_report_site_structure:attempt=1:timeout_s=300:wall_s=2:exit=0]
[GATE_SUITE:stem=ring_span_unfiltered_report_site_structure:attempt=1:timeout_s=300:wall_s=2:exit=0]
[GATE_SUITE:stem=run_inspector_import_structure:attempt=1:timeout_s=300:wall_s=1:exit=0]
[GATE_SUITE:stem=serial_line_atomicity_structure:attempt=1:timeout_s=300:wall_s=4:exit=0]
[GATE_SUITE:stem=signal_eintr_predicate_structure:attempt=1:timeout_s=300:wall_s=1:exit=0]
[GATE_SUITE:stem=strand_handoff_structure:attempt=1:timeout_s=300:wall_s=6:exit=0]
[GATE_SUITE:stem=structure_preflight_parallel_structure:attempt=1:timeout_s=300:wall_s=11:exit=0]
[GATE_SUITE:stem=syscall_return_register_structure:attempt=1:timeout_s=300:wall_s=3:exit=0]
[GATE_SUITE:stem=teardown_rustfmt_structure:attempt=1:timeout_s=300:wall_s=2:exit=0]
[GATE_SUITE:stem=teardown_structure:attempt=1:timeout_s=300:wall_s=94:exit=0]
[GATE_SUITE:stem=terminal_edge_capture_structure:attempt=1:timeout_s=300:wall_s=3:exit=0]
[GATE_SUITE:stem=timer_wake_dispatch_structure:attempt=1:timeout_s=300:wall_s=2:exit=0]
[GATE_SUITE:stem=trace_ring_depth_structure:attempt=1:timeout_s=300:wall_s=0:exit=0]
[GATE_SUITE:stem=tracing_provider_gate_structure:attempt=1:timeout_s=300:wall_s=1:exit=0]
[GATE_SUITE:stem=ttbr0_shadow_reconciliation_structure:attempt=1:timeout_s=300:wall_s=88:exit=0]
[GATE_SUITE:stem=tty_irq_fg_structure:attempt=1:timeout_s=300:wall_s=5:exit=0]
[GATE_SUITE:stem=tty_irq_pm_structure:attempt=1:timeout_s=300:wall_s=5:exit=0]
[GATE_SUITE:stem=tty_oracle_structure:attempt=1:timeout_s=300:wall_s=1:exit=0]
[GATE_SUITE:stem=udp_ports_lock_irq_structure:attempt=1:timeout_s=300:wall_s=1:exit=0]
[GATE_SUITE:stem=udp_socket_lock_irq_structure:attempt=1:timeout_s=300:wall_s=1:exit=0]
[GATE_SUITE:stem=x86_boot_tests_profile_structure:attempt=1:timeout_s=300:wall_s=3:exit=0]
[GATE_SUITE:stem=x86_smp_enum_structure:attempt=1:timeout_s=300:wall_s=3:exit=0]
[GATE_SUITE:stem=xhci_wait_irq_order_structure:attempt=1:timeout_s=300:wall_s=3:exit=0]
[GATE_PREFLIGHT:structure_suites=66/66:critical_path_lines=260:pinned=120]
  RING3_SMOKE fork census: PRODUCTION_REAPED_ROWS=5
    Updating git repository `https://github.com/rust-osdev/bootloader.git`
    Updating crates.io index
     Locking 154 packages to latest compatible versions
      Adding aarch64-cpu v9.4.0 (available: v11.2.0)
      Adding acpi v5.2.0 (available: v6.1.1)
      Adding az v1.2.1 (available: v1.3.0)
      Adding pic8259 v0.10.4 (available: v0.11.0)
      Adding spin v0.9.9 (available: v0.12.3)
      Adding tock-registers v0.8.1 (available: v0.10.1)
      Adding uart_16550 v0.3.2 (available: v0.8.0)
      Adding uefi v0.33.0 (available: v0.37.0)
      Adding x86_64 v0.15.4 (available: v0.15.5)
   Compiling proc-macro2 v1.0.107
   Compiling unicode-ident v1.0.24
   Compiling quote v1.0.47
   Compiling serde v1.0.229
   Compiling serde_core v1.0.229
   Compiling rustversion v1.0.23
   Compiling x86 v0.52.0
   Compiling bit_field v0.10.3
   Compiling bootloader_api v0.11.13 (https://github.com/rust-osdev/bootloader.git?rev=707db11201b19541b7cfef84037866ee03aa0927#707db112)
   Compiling const_fn v0.4.12
   Compiling libc v0.2.189
   Compiling scopeguard v1.2.0
   Compiling cfg-if v1.0.4
   Compiling find-msvc-tools v0.1.12
   Compiling bitflags v2.13.1
   Compiling shlex v2.0.1
   Compiling autocfg v1.5.1
   Compiling lock_api v0.4.14
   Compiling az v1.2.1
   Compiling cc v1.4.5
   Compiling getrandom v0.4.3
   Compiling bitflags v1.3.2
   Compiling volatile v0.4.6
   Compiling raw-cpuid v10.7.0
   Compiling num-traits v0.2.19
   Compiling syn v3.0.5
   Compiling crossbeam-utils v0.8.23
   Compiling conquer-util v0.3.0
   Compiling rand_core v0.6.4
   Compiling ring v0.17.14
   Compiling spinning_top v0.2.5
   Compiling typenum v1.20.1
   Compiling byteorder v1.5.0
   Compiling zeroize v1.9.0
   Compiling rustix v1.1.4
   Compiling zmij v1.0.23
   Compiling zero v0.1.3
   Compiling xmas-elf v0.8.0
   Compiling rustls-pki-types v1.15.1
   Compiling embedded-graphics-core v0.4.1
   Compiling hybrid-array v0.4.14
   Compiling float-cmp v0.9.0
   Compiling serde_derive v1.0.229
   Compiling uart_16550 v0.3.2
   Compiling getrandom v0.2.17
   Compiling rand v0.8.8
   Compiling rand_hc v0.3.2
   Compiling conquer-once v0.3.2
   Compiling x86_64 v0.15.4
   Compiling x86_64 v0.14.13
   Compiling llvm-tools v0.1.1
   Compiling futures-core v0.3.34
   Compiling httparse v1.10.1
   Compiling serde_json v1.0.151
   Compiling log v0.4.34
   Compiling micromath v2.1.0
   Compiling crc-catalog v2.5.0
   Compiling noto-sans-mono-bitmap v0.2.0
   Compiling usize_conversions v0.2.0
   Compiling futures-task v0.3.34
   Compiling pin-project-lite v0.2.17
   Compiling kernel v0.1.0 (/root/breenix-t963/kernel)
   Compiling linux-raw-sys v0.12.1
   Compiling slab v0.4.12
   Compiling untrusted v0.9.0
   Compiling anyhow v1.0.104
   Compiling futures-util v0.3.34
   Compiling embedded-graphics v0.8.2
   Compiling pic8259 v0.10.4
   Compiling crc v3.4.0
   Compiling bootloader v0.11.13 (https://github.com/rust-osdev/bootloader.git?rev=707db11201b19541b7cfef84037866ee03aa0927#707db112)
   Compiling crossbeam-queue v0.3.14
   Compiling linked_list_allocator v0.10.6
   Compiling uuid v1.26.0
   Compiling conquer-once v0.4.0
   Compiling spin v0.9.9
   Compiling memchr v2.8.3
   Compiling bootloader-boot-config v0.11.13 (https://github.com/rust-osdev/bootloader.git?rev=707db11201b19541b7cfef84037866ee03aa0927#707db112)
   Compiling bootloader-x86_64-common v0.11.13 (https://github.com/rust-osdev/bootloader.git?rev=707db11201b19541b7cfef84037866ee03aa0927#707db112)
   Compiling once_cell v1.21.4
   Compiling itoa v1.0.18
   Compiling rustls v0.23.44
   Compiling noto-sans-mono-bitmap v0.3.2
   Compiling bytes v1.12.1
   Compiling fastrand v2.5.0
   Compiling fatfs v0.3.6
   Compiling tempfile v3.27.0
   Compiling http v1.5.0
   Compiling gpt v3.1.0
   Compiling block-buffer v0.12.1
   Compiling crypto-common v0.2.2
   Compiling base64 v0.23.1
   Compiling const-oid v0.10.2
   Compiling subtle v2.6.1
   Compiling digest v0.11.3
   Compiling ureq-proto v0.6.2
   Compiling xattr v1.6.1
   Compiling webpki-roots v1.0.9
   Compiling filetime v0.2.29
   Compiling percent-encoding v2.3.2
   Compiling cpufeatures v0.3.1
   Compiling utf8-zero v0.8.1
   Compiling sha2 v0.11.0
   Compiling lzma-rs v0.3.0
   Compiling tar v0.4.46
   Compiling breenix v0.1.0 (/root/breenix-t963)
   Compiling base16ct v1.0.0
   Compiling rustls-webpki v0.103.15
   Compiling ureq v3.4.1
   Compiling ovmf-prebuilt v0.2.9
    Finished `release` profile [optimized] target(s) in 1m 06s
Guard: x86 kernel-thread dispatch allocation check (#791)
  ELF:      /root/breenix-t963/target/x86_64-unknown-none/release/deps/artifact/kernel-0c2106fd652894df/bin/kernel-0c2106fd652894df
  sha256:   a85ebe7903e6fb6e5c5193d13c80dc0f6f324bcada7439d81c46d01ad721415e
  objdump:  /root/.rustup/toolchains/nightly-2025-06-24-x86_64-unknown-linux-gnu/lib/rustlib/x86_64-unknown-linux-gnu/bin/llvm-objdump
  readelf:  readelf
  function: setup_kernel_thread_return (its own body and its closures)
  symbols in scope: 3
  call targets resolved: 14
[0;32mPASS:[0m 0 allocating call targets in 3 in-scope symbol(s), 14 edge(s) checked.
   Compiling kernel v0.1.0 (/root/breenix-t963/kernel)
   Compiling breenix v0.1.0 (/root/breenix-t963)
    Finished `release` profile [optimized] target(s) in 22.44s
     Running `target/release/qemu-uefi`
[qemu-uefi] Using UEFI image: /root/breenix-t963/target/release/build/breenix-d924c107d332c75a/out/breenix-uefi.img (8454144 bytes)
   Compiling proc-macro2 v1.0.107
   Compiling quote v1.0.47
   Compiling unicode-ident v1.0.24
   Compiling version_check v0.9.5
   Compiling syn v1.0.109
   Compiling serde_core v1.0.229
   Compiling unicode-width v0.1.14
   Compiling unicode-segmentation v1.13.3
   Compiling zmij v1.0.23
   Compiling proc-macro-error-attr v1.0.4
   Compiling proc-macro-error v1.0.4
   Compiling textwrap v0.11.0
   Compiling anyhow v1.0.104
   Compiling serde v1.0.229
   Compiling serde_json v1.0.151
   Compiling bitflags v1.3.2
   Compiling heck v0.3.3
   Compiling clap v2.34.0
   Compiling lazy_static v1.5.0
   Compiling itoa v1.0.18
   Compiling memchr v2.8.3
   Compiling glob v0.3.4
   Compiling syn v3.0.5
   Compiling serde_derive v1.0.229
   Compiling structopt-derive v0.4.18
   Compiling structopt v0.3.26
   Compiling xtask v0.1.0 (/root/breenix-t963/xtask)
    Finished `dev` profile [unoptimized + debuginfo] target(s) in 18.50s
     Running `target/debug/xtask create-test-disk`
Creating test disk image...
  Including std test: hello_std_real (227240 bytes)
  Found 152 test binaries
  Added: access_test (178040 bytes, sectors 128-475)
  Added: alarm_test (182856 bytes, sectors 476-833)
  Added: argv_test (184440 bytes, sectors 834-1194)
  Added: bcheck (299240 bytes, sectors 1195-1779)
  Added: bfontpicker (346248 bytes, sectors 1780-2456)
  Added: biconkit (248144 bytes, sectors 2457-2941)
  Added: blauncher (325360 bytes, sectors 2942-3577)
  Added: bless (185728 bytes, sectors 3578-3940)
  Added: block_eintr_oracle (190104 bytes, sectors 3941-4312)
  Added: blocking_recv_test (184112 bytes, sectors 4313-4672)
  Added: blog (331088 bytes, sectors 4673-5319)
  Added: blogd (182056 bytes, sectors 5320-5675)
  Added: bounce (275128 bytes, sectors 5676-6213)
  Added: brk_test (182576 bytes, sectors 6214-6570)
  Added: bsh (579336 bytes, sectors 6571-7702)
  Added: bssh (322608 bytes, sectors 7703-8333)
  Added: bsshd (314384 bytes, sectors 8334-8948)
  Added: bterm (338608 bytes, sectors 8949-9610)
  Added: btop (184272 bytes, sectors 9611-9970)
  Added: btrace (199024 bytes, sectors 9971-10359)
  Added: burl (483464 bytes, sectors 10360-11304)
  Added: bwm (331384 bytes, sectors 11305-11952)
  Added: cat_test (183328 bytes, sectors 11953-12311)
  Added: clock_gettime_test (184648 bytes, sectors 12312-12672)
  Added: cloexec_test (192688 bytes, sectors 12673-13049)
  Added: clonevm_exec_test (184744 bytes, sectors 13050-13410)
  Added: concurrent_recv_stress (189040 bytes, sectors 13411-13780)
  Added: confetti (189336 bytes, sectors 13781-14150)
  Added: counter (177728 bytes, sectors 14151-14498)
  Added: cow_cleanup_test (182632 bytes, sectors 14499-14855)
  Added: cow_oom_test (182600 bytes, sectors 14856-15212)
  Added: cow_readonly_test (187136 bytes, sectors 15213-15578)
  Added: cow_signal_test (188408 bytes, sectors 15579-15946)
  Added: cow_sole_owner_test (187096 bytes, sectors 15947-16312)
  Added: cow_stress_test (187192 bytes, sectors 16313-16678)
  Added: cp_mv_argv_test (182896 bytes, sectors 16679-17036)
  Added: ctrl_c_test (188080 bytes, sectors 17037-17404)
  Added: cwd_test (182712 bytes, sectors 17405-17761)
  Added: demo (189800 bytes, sectors 17762-18132)
  Added: devfs_test (182536 bytes, sectors 18133-18489)
  Added: df_preempt_oracle (187728 bytes, sectors 18490-18856)
  Added: dns_test (195336 bytes, sectors 18857-19238)
  Added: dup_test (189248 bytes, sectors 19239-19608)
  Added: echo_argv_test (182560 bytes, sectors 19609-19965)
  Added: epoll_test (182928 bytes, sectors 19966-20323)
  Added: exec_argv_test (178296 bytes, sectors 20324-20672)
  Added: exec_from_ext2_test (188168 bytes, sectors 20673-21040)
  Added: exec_smoke (178152 bytes, sectors 21041-21388)
  Added: exec_smoke_target (185144 bytes, sectors 21389-21750)
  Added: exec_stack_argv_test (183528 bytes, sectors 21751-22109)
  Added: false_test (182656 bytes, sectors 22110-22466)
  Added: fart (191800 bytes, sectors 22467-22841)
  Added: fbinfo_test (187664 bytes, sectors 22842-23208)
  Added: fcntl_test (188840 bytes, sectors 23209-23577)
  Added: fifo_test (198544 bytes, sectors 23578-23965)
  Added: file_read_test (182496 bytes, sectors 23966-24322)
  Added: fork_memory_test (188760 bytes, sectors 24323-24691)
  Added: fork_pending_signal_test (187832 bytes, sectors 24692-25058)
  Added: fork_smoke (187704 bytes, sectors 25059-25425)
  Added: fork_state_test (189272 bytes, sectors 25426-25795)
  Added: fork_test (188184 bytes, sectors 25796-26163)
  Added: fs_block_alloc_test (188712 bytes, sectors 26164-26532)
  Added: fs_directory_test (183248 bytes, sectors 26533-26890)
  Added: fs_large_file_test (182704 bytes, sectors 26891-27247)
  Added: fs_link_test (182896 bytes, sectors 27248-27605)
  Added: fs_rename_test (182800 bytes, sectors 27606-27963)
  Added: fs_write_test (182984 bytes, sectors 27964-28321)
  Added: futex_handoff_oracle (178920 bytes, sectors 28322-28671)
  Added: getdents_test (184080 bytes, sectors 28672-29031)
  Added: guskit (391480 bytes, sectors 29032-29796)
  Added: head_test (183152 bytes, sectors 29797-30154)
  Added: heartbeat (189200 bytes, sectors 30155-30524)
  Added: hello_std_real (227240 bytes, sectors 30525-30968)
  Added: hello_time (177720 bytes, sectors 30969-31316)
  Added: hello_world (227240 bytes, sectors 31317-31760)
  Added: http_fetch_test (464528 bytes, sectors 31761-32668)
  Added: http_test (468680 bytes, sectors 32669-33584)
  Added: init (187584 bytes, sectors 33585-33951)
  Added: init_shell (262616 bytes, sectors 33952-34464)
  Added: itimer_test (183296 bytes, sectors 34465-34822)
  Added: job_control_test (187744 bytes, sectors 34823-35189)
  Added: job_table_test (192328 bytes, sectors 35190-35565)
  Added: kill_process_group_test (188576 bytes, sectors 35566-35934)
  Added: loopback_wake_test (190536 bytes, sectors 35935-36307)
  Added: ls_test (183384 bytes, sectors 36308-36666)
  Added: lseek_test (182608 bytes, sectors 36667-37023)
  Added: mkdir_argv_test (182768 bytes, sectors 37024-37380)
  Added: net_test (191680 bytes, sectors 37381-37755)
  Added: nonblock_eagain_test (179704 bytes, sectors 37756-38106)
  Added: nonblock_test (188840 bytes, sectors 38107-38475)
  Added: particles (194032 bytes, sectors 38476-38854)
  Added: pause_test (188456 bytes, sectors 38855-39223)
  Added: pipe2_test (189016 bytes, sectors 39224-39593)
  Added: pipe_concurrent_test (188816 bytes, sectors 39594-39962)
  Added: pipe_fifo_blocking_oracle (211560 bytes, sectors 39963-40376)
  Added: pipe_fifo_blocking_supervisor (178136 bytes, sectors 40377-40724)
  Added: pipe_fork_test (188920 bytes, sectors 40725-41093)
  Added: pipe_refcount_test (200040 bytes, sectors 41094-41484)
  Added: pipe_test (188336 bytes, sectors 41485-41852)
  Added: pipeline_test (191680 bytes, sectors 41853-42227)
  Added: poll_tcp_oracle (207264 bytes, sectors 42228-42632)
  Added: poll_test (189120 bytes, sectors 42633-43002)
  Added: pty_test (183104 bytes, sectors 43003-43360)
  Added: rectangles (197184 bytes, sectors 43361-43746)
  Added: register_init_test (177192 bytes, sectors 43747-44093)
  Added: resolution (187024 bytes, sectors 44094-44459)
  Added: rm_argv_test (182576 bytes, sectors 44460-44816)
  Added: select_test (189008 bytes, sectors 44817-45186)
  Added: session_test (188064 bytes, sectors 45187-45554)
  Added: shell_pipe_test (183224 bytes, sectors 45555-45912)
  Added: sigaltstack_test (189096 bytes, sectors 45913-46282)
  Added: sigchld_job_test (187616 bytes, sectors 46283-46649)
  Added: sigchld_test (182528 bytes, sectors 46650-47006)
  Added: sigkill_teardown_test (206816 bytes, sectors 47007-47410)
  Added: signal_exec_check (177976 bytes, sectors 47411-47758)
  Added: signal_exec_test (188816 bytes, sectors 47759-48127)
  Added: signal_fork_test (188256 bytes, sectors 48128-48495)
  Added: signal_handler_test (187992 bytes, sectors 48496-48863)
  Added: signal_regs_test (188304 bytes, sectors 48864-49231)
  Added: signal_return_test (188408 bytes, sectors 49232-49599)
  Added: signal_test (187960 bytes, sectors 49600-49967)
  Added: sigsuspend_test (188960 bytes, sectors 49968-50337)
  Added: simple_exit (170656 bytes, sectors 50338-50671)
  Added: simple_exit0 (170656 bytes, sectors 50672-51005)
  Added: sleep_debug_test (188688 bytes, sectors 51006-51374)
  Added: spawn_smoke_target (170672 bytes, sectors 51375-51708)
  Added: spinner (177728 bytes, sectors 51709-52056)
  Added: stdin_test (182376 bytes, sectors 52057-52413)
  Added: syscall_diagnostic_test (170928 bytes, sectors 52414-52747)
  Added: syscall_enosys (177624 bytes, sectors 52748-53094)
  Added: tail_test (183152 bytes, sectors 53095-53452)
  Added: tcp_blocking_test (203528 bytes, sectors 53453-53850)
  Added: tcp_client_test (187712 bytes, sectors 53851-54217)
  Added: tcp_cloexec_exec_test (189544 bytes, sectors 54218-54588)
  Added: tcp_dup_listener_test (188928 bytes, sectors 54589-54957)
  Added: tcp_socket_test (202384 bytes, sectors 54958-55353)
  Added: telnetd (184168 bytes, sectors 55354-55713)
  Added: test_mmap (182320 bytes, sectors 55714-56070)
  Added: timer_test (182240 bytes, sectors 56071-56426)
  Added: tones (184312 bytes, sectors 56427-56786)
  Added: true_test (182648 bytes, sectors 56787-57143)
  Added: tty_oracle (218504 bytes, sectors 57144-57570)
  Added: tty_test (188184 bytes, sectors 57571-57938)
  Added: udp_socket_test (193488 bytes, sectors 57939-58316)
  Added: unix_named_socket_test (195432 bytes, sectors 58317-58698)
  Added: unix_socket_test (205408 bytes, sectors 58699-59100)
  Added: wait_stress (195664 bytes, sectors 59101-59483)
  Added: waitpid_test (188240 bytes, sectors 59484-59851)
  Added: wc_test (183720 bytes, sectors 59852-60210)
  Added: which_test (183048 bytes, sectors 60211-60568)
  Added: wnohang_timing_test (182632 bytes, sectors 60569-60925)
  Added: xhci_counters (183208 bytes, sectors 60926-61283)

Test disk created: target/test_binaries.img
  Binaries: 152
  Data size: 31276160 bytes (29.83 MB)
  Disk size: 61284 sectors (29.92 MB)
Creating ext2 disk image...
  Arch: x86_64
  Output: /root/breenix-t963/target/ext2.img
  Size: 256MB
  Payload: 46MB (userspace binaries + fonts)
  Minimum image size for this payload: 70MB (incl. ext2 overhead + headroom)
  busybox.elf not found, attempting to build...
Error: x86_64-linux-musl-gcc not found in PATH

Install with:
  brew tap filosottile/musl-cross
  brew install musl-cross
  WARNING: BusyBox build failed (see build-busybox.sh for prerequisites)
  WARNING: busybox.elf not found, skipping coreutils
Installing other binaries...
  Installed 47 binaries in /bin
  Installed 3 binaries in /sbin
  Installed 0 C binaries in /usr/local/cbin
  Installed 101 test binaries in /usr/local/test/bin
  Installed 29 fonts in /usr/share/fonts
  Created /etc/fonts.conf
  Created /etc/hotkeys.conf
  Created /etc/init.js

ext2 filesystem contents:
total 11088
drwxr-xr-x  2 root root   4096 Sep  8 03:16 .
drwxr-xr-x 12 root root   4096 Sep  8 03:16 ..
-rwxr-xr-x  1 root root 299240 Sep  8 03:16 bcheck
-rwxr-xr-x  1 root root 346248 Sep  8 03:16 bfontpicker
-rwxr-xr-x  1 root root 248144 Sep  8 03:16 biconkit
-rwxr-xr-x  1 root root 325360 Sep  8 03:16 blauncher
-rwxr-xr-x  1 root root 185728 Sep  8 03:16 bless
-rwxr-xr-x  1 root root 190104 Sep  8 03:16 block_eintr_oracle
-rwxr-xr-x  1 root root 331088 Sep  8 03:16 blog
-rwxr-xr-x  1 root root 275128 Sep  8 03:16 bounce
-rwxr-xr-x  1 root root 579336 Sep  8 03:16 bsh
-rwxr-xr-x  1 root root 322608 Sep  8 03:16 bssh
-rwxr-xr-x  1 root root 314384 Sep  8 03:16 bsshd
-rwxr-xr-x  1 root root 338608 Sep  8 03:16 bterm
-rwxr-xr-x  1 root root 184272 Sep  8 03:16 btop
-rwxr-xr-x  1 root root 199024 Sep  8 03:16 btrace
-rwxr-xr-x  1 root root 483464 Sep  8 03:16 burl
-rwxr-xr-x  1 root root 331384 Sep  8 03:16 bwm
-rwxr-xr-x  1 root root 189040 Sep  8 03:16 concurrent_recv_stress
-rwxr-xr-x  1 root root 189336 Sep  8 03:16 confetti
-rwxr-xr-x  1 root root 177728 Sep  8 03:16 counter
-rwxr-xr-x  1 root root 189800 Sep  8 03:16 demo
-rwxr-xr-x  1 root root 187728 Sep  8 03:16 df_preempt_oracle
-rwxr-xr-x  1 root root 178152 Sep  8 03:16 exec_smoke
-rwxr-xr-x  1 root root 185144 Sep  8 03:16 exec_smoke_target
-rwxr-xr-x  1 root root 191800 Sep  8 03:16 fart
-rwxr-xr-x  1 root root 187704 Sep  8 03:16 fork_smoke
-rwxr-xr-x  1 root root 178920 Sep  8 03:16 futex_handoff_oracle
-rwxr-xr-x  1 root root 391480 Sep  8 03:16 guskit
-rwxr-xr-x  1 root root 189200 Sep  8 03:16 heartbeat
-rwxr-xr-x  1 root root 177720 Sep  8 03:16 hello_time
-rwxr-xr-x  1 root root 227240 Sep  8 03:16 hello_world
-rwxr-xr-x  1 root root 262616 Sep  8 03:16 init_shell
-rwxr-xr-x  1 root root 194032 Sep  8 03:16 particles
-rwxr-xr-x  1 root root 211560 Sep  8 03:16 pipe_fifo_blocking_oracle
-rwxr-xr-x  1 root root 178136 Sep  8 03:16 pipe_fifo_blocking_supervisor
-rwxr-xr-x  1 root root 207264 Sep  8 03:16 poll_tcp_oracle
-rwxr-xr-x  1 root root 197184 Sep  8 03:16 rectangles
-rwxr-xr-x  1 root root 187024 Sep  8 03:16 resolution
-rwxr-xr-x  1 root root 177976 Sep  8 03:16 signal_exec_check
-rwxr-xr-x  1 root root 170656 Sep  8 03:16 simple_exit
-rwxr-xr-x  1 root root 170656 Sep  8 03:16 simple_exit0
-rwxr-xr-x  1 root root 170672 Sep  8 03:16 spawn_smoke_target
-rwxr-xr-x  1 root root 177728 Sep  8 03:16 spinner
-rwxr-xr-x  1 root root 177624 Sep  8 03:16 syscall_enosys
-rwxr-xr-x  1 root root 184312 Sep  8 03:16 tones
-rwxr-xr-x  1 root root 218504 Sep  8 03:16 tty_oracle
-rwxr-xr-x  1 root root 195664 Sep  8 03:16 wait_stress
-rwxr-xr-x  1 root root 183208 Sep  8 03:16 xhci_counters
  Test binaries in /usr/local/test/bin:
total 19568
drwxr-xr-x 2 root root   4096 Sep  8 03:16 .
drwxr-xr-x 3 root root   4096 Sep  8 03:16 ..
-rwxr-xr-x 1 root root 178040 Sep  8 03:16 access_test
-rwxr-xr-x 1 root root 182856 Sep  8 03:16 alarm_test
-rwxr-xr-x 1 root root 184440 Sep  8 03:16 argv_test
-rwxr-xr-x 1 root root 184112 Sep  8 03:16 blocking_recv_test
-rwxr-xr-x 1 root root 182576 Sep  8 03:16 brk_test
-rwxr-xr-x 1 root root 183328 Sep  8 03:16 cat_test
-rwxr-xr-x 1 root root 184648 Sep  8 03:16 clock_gettime_test
-rwxr-xr-x 1 root root 192688 Sep  8 03:16 cloexec_test
-rwxr-xr-x 1 root root 184744 Sep  8 03:16 clonevm_exec_test
-rwxr-xr-x 1 root root 182632 Sep  8 03:16 cow_cleanup_test
-rwxr-xr-x 1 root root 182600 Sep  8 03:16 cow_oom_test
-rwxr-xr-x 1 root root 187136 Sep  8 03:16 cow_readonly_test
-rwxr-xr-x 1 root root 188408 Sep  8 03:16 cow_signal_test
-rwxr-xr-x 1 root root 187096 Sep  8 03:16 cow_sole_owner_test
-rwxr-xr-x 1 root root 187192 Sep  8 03:16 cow_stress_test
-rwxr-xr-x 1 root root 182896 Sep  8 03:16 cp_mv_argv_test
-rwxr-xr-x 1 root root 188080 Sep  8 03:16 ctrl_c_test
-rwxr-xr-x 1 root root 182712 Sep  8 03:16 cwd_test
-rwxr-xr-x 1 root root 182536 Sep  8 03:16 devfs_test
-rwxr-xr-x 1 root root 195336 Sep  8 03:16 dns_test
-rwxr-xr-x 1 root root 189248 Sep  8 03:16 dup_test
-rwxr-xr-x 1 root root 182560 Sep  8 03:16 echo_argv_test
-rwxr-xr-x 1 root root 182928 Sep  8 03:16 epoll_test
-rwxr-xr-x 1 root root 178296 Sep  8 03:16 exec_argv_test
-rwxr-xr-x 1 root root 188168 Sep  8 03:16 exec_from_ext2_test
-rwxr-xr-x 1 root root 183528 Sep  8 03:16 exec_stack_argv_test
-rwxr-xr-x 1 root root 182656 Sep  8 03:16 false_test
-rwxr-xr-x 1 root root 187664 Sep  8 03:16 fbinfo_test
-rwxr-xr-x 1 root root 188840 Sep  8 03:16 fcntl_test
-rwxr-xr-x 1 root root 198544 Sep  8 03:16 fifo_test
-rwxr-xr-x 1 root root 182496 Sep  8 03:16 file_read_test
-rwxr-xr-x 1 root root 188760 Sep  8 03:16 fork_memory_test
-rwxr-xr-x 1 root root 187832 Sep  8 03:16 fork_pending_signal_test
-rwxr-xr-x 1 root root 189272 Sep  8 03:16 fork_state_test
-rwxr-xr-x 1 root root 188184 Sep  8 03:16 fork_test
-rwxr-xr-x 1 root root 188712 Sep  8 03:16 fs_block_alloc_test
-rwxr-xr-x 1 root root 183248 Sep  8 03:16 fs_directory_test
-rwxr-xr-x 1 root root 182704 Sep  8 03:16 fs_large_file_test
-rwxr-xr-x 1 root root 182896 Sep  8 03:16 fs_link_test
-rwxr-xr-x 1 root root 182800 Sep  8 03:16 fs_rename_test
-rwxr-xr-x 1 root root 182984 Sep  8 03:16 fs_write_test
-rwxr-xr-x 1 root root 184080 Sep  8 03:16 getdents_test
-rwxr-xr-x 1 root root 183152 Sep  8 03:16 head_test
-rwxr-xr-x 1 root root 464528 Sep  8 03:16 http_fetch_test
-rwxr-xr-x 1 root root 468680 Sep  8 03:16 http_test
-rwxr-xr-x 1 root root 183296 Sep  8 03:16 itimer_test
-rwxr-xr-x 1 root root 187744 Sep  8 03:16 job_control_test
-rwxr-xr-x 1 root root 192328 Sep  8 03:16 job_table_test
-rwxr-xr-x 1 root root 188576 Sep  8 03:16 kill_process_group_test
-rwxr-xr-x 1 root root 190536 Sep  8 03:16 loopback_wake_test
-rwxr-xr-x 1 root root 183384 Sep  8 03:16 ls_test
-rwxr-xr-x 1 root root 182608 Sep  8 03:16 lseek_test
-rwxr-xr-x 1 root root 182768 Sep  8 03:16 mkdir_argv_test
-rwxr-xr-x 1 root root 191680 Sep  8 03:16 net_test
-rwxr-xr-x 1 root root 179704 Sep  8 03:16 nonblock_eagain_test
-rwxr-xr-x 1 root root 188840 Sep  8 03:16 nonblock_test
-rwxr-xr-x 1 root root 188456 Sep  8 03:16 pause_test
-rwxr-xr-x 1 root root 189016 Sep  8 03:16 pipe2_test
-rwxr-xr-x 1 root root 188816 Sep  8 03:16 pipe_concurrent_test
-rwxr-xr-x 1 root root 188920 Sep  8 03:16 pipe_fork_test
-rwxr-xr-x 1 root root 200040 Sep  8 03:16 pipe_refcount_test
-rwxr-xr-x 1 root root 188336 Sep  8 03:16 pipe_test
-rwxr-xr-x 1 root root 191680 Sep  8 03:16 pipeline_test
-rwxr-xr-x 1 root root 189120 Sep  8 03:16 poll_test
-rwxr-xr-x 1 root root 183104 Sep  8 03:16 pty_test
-rwxr-xr-x 1 root root 177192 Sep  8 03:16 register_init_test
-rwxr-xr-x 1 root root 182576 Sep  8 03:16 rm_argv_test
-rwxr-xr-x 1 root root 189008 Sep  8 03:16 select_test
-rwxr-xr-x 1 root root 188064 Sep  8 03:16 session_test
-rwxr-xr-x 1 root root 183224 Sep  8 03:16 shell_pipe_test
-rwxr-xr-x 1 root root 189096 Sep  8 03:16 sigaltstack_test
-rwxr-xr-x 1 root root 187616 Sep  8 03:16 sigchld_job_test
-rwxr-xr-x 1 root root 182528 Sep  8 03:16 sigchld_test
-rwxr-xr-x 1 root root 206816 Sep  8 03:16 sigkill_teardown_test
-rwxr-xr-x 1 root root 188816 Sep  8 03:16 signal_exec_test
-rwxr-xr-x 1 root root 188256 Sep  8 03:16 signal_fork_test
-rwxr-xr-x 1 root root 187992 Sep  8 03:16 signal_handler_test
-rwxr-xr-x 1 root root 188304 Sep  8 03:16 signal_regs_test
-rwxr-xr-x 1 root root 188408 Sep  8 03:16 signal_return_test
-rwxr-xr-x 1 root root 187960 Sep  8 03:16 signal_test
-rwxr-xr-x 1 root root 188960 Sep  8 03:16 sigsuspend_test
-rwxr-xr-x 1 root root 188688 Sep  8 03:16 sleep_debug_test
-rwxr-xr-x 1 root root 182376 Sep  8 03:16 stdin_test
-rwxr-xr-x 1 root root 170928 Sep  8 03:16 syscall_diagnostic_test
-rwxr-xr-x 1 root root 183152 Sep  8 03:16 tail_test
-rwxr-xr-x 1 root root 203528 Sep  8 03:16 tcp_blocking_test
-rwxr-xr-x 1 root root 187712 Sep  8 03:16 tcp_client_test
-rwxr-xr-x 1 root root 189544 Sep  8 03:16 tcp_cloexec_exec_test
-rwxr-xr-x 1 root root 188928 Sep  8 03:16 tcp_dup_listener_test
-rwxr-xr-x 1 root root 202384 Sep  8 03:16 tcp_socket_test
-rwxr-xr-x 1 root root 182320 Sep  8 03:16 test_mmap
-rwxr-xr-x 1 root root 182240 Sep  8 03:16 timer_test
-rwxr-xr-x 1 root root 182648 Sep  8 03:16 true_test
-rwxr-xr-x 1 root root 188184 Sep  8 03:16 tty_test
-rwxr-xr-x 1 root root 193488 Sep  8 03:16 udp_socket_test
-rwxr-xr-x 1 root root 195432 Sep  8 03:16 unix_named_socket_test
-rwxr-xr-x 1 root root 205408 Sep  8 03:16 unix_socket_test
-rwxr-xr-x 1 root root 188240 Sep  8 03:16 waitpid_test
-rwxr-xr-x 1 root root 183720 Sep  8 03:16 wc_test
-rwxr-xr-x 1 root root 183048 Sep  8 03:16 which_test
-rwxr-xr-x 1 root root 182632 Sep  8 03:16 wnohang_timing_test
-rw-r--r-- 1 root root 111 Sep  8 03:16 /root/breenix-t963-tmp/tmp.1a2fq5lWbK/lines.txt
-rw-r--r-- 1 root root 876576 Sep  8 03:16 /root/breenix-t963-tmp/tmp.1a2fq5lWbK/usr/share/fonts/Inter-Regular.ttf
-rw-r--r-- 1 root root 744936 Sep  8 03:16 /root/breenix-t963-tmp/tmp.1a2fq5lWbK/usr/share/fonts/Montserrat-Regular.ttf
-rw-r--r-- 1 root root 135580 Sep  8 03:16 /root/breenix-t963-tmp/tmp.1a2fq5lWbK/usr/share/fonts/IBMPlexMono-Regular.ttf
-rw-r--r-- 1 root root 282844 Sep  8 03:16 /root/breenix-t963-tmp/tmp.1a2fq5lWbK/usr/share/fonts/Merriweather-Regular.ttf
-rw-r--r-- 1 root root 359048 Sep  8 03:16 /root/breenix-t963-tmp/tmp.1a2fq5lWbK/usr/share/fonts/PTSerif-Regular.ttf
-rw-r--r-- 1 root root 656568 Sep  8 03:16 /root/breenix-t963-tmp/tmp.1a2fq5lWbK/usr/share/fonts/Lato-Regular.ttf
-rw-r--r-- 1 root root 532636 Sep  8 03:16 /root/breenix-t963-tmp/tmp.1a2fq5lWbK/usr/share/fonts/OpenSans-Regular.ttf
-rw-r--r-- 1 root root 300724 Sep  8 03:16 /root/breenix-t963-tmp/tmp.1a2fq5lWbK/usr/share/fonts/PlayfairDisplay-Regular.ttf
-rw-r--r-- 1 root root 212340 Sep  8 03:16 /root/breenix-t963-tmp/tmp.1a2fq5lWbK/usr/share/fonts/SourceCodePro-Regular.ttf
-rw-r--r-- 1 root root 276932 Sep  8 03:16 /root/breenix-t963-tmp/tmp.1a2fq5lWbK/usr/share/fonts/Nunito-Regular.ttf
-rw-r--r-- 1 root root 757076 Sep  8 03:16 /root/breenix-t963-tmp/tmp.1a2fq5lWbK/usr/share/fonts/DejaVuSans.ttf
-rw-r--r-- 1 root root 260364 Sep  8 03:16 /root/breenix-t963-tmp/tmp.1a2fq5lWbK/usr/share/fonts/FiraCode-Regular.ttf
-rw-r--r-- 1 root root 309408 Sep  8 03:16 /root/breenix-t963-tmp/tmp.1a2fq5lWbK/usr/share/fonts/Hack-Regular.ttf
-rw-r--r-- 1 root root 2049096 Sep  8 03:16 /root/breenix-t963-tmp/tmp.1a2fq5lWbK/usr/share/fonts/NotoSans-Regular.ttf
-rw-r--r-- 1 root root 312352 Sep  8 03:16 /root/breenix-t963-tmp/tmp.1a2fq5lWbK/usr/share/fonts/Raleway-Regular.ttf
-rw-r--r-- 1 root root 488584 Sep  8 03:16 /root/breenix-t963-tmp/tmp.1a2fq5lWbK/usr/share/fonts/Roboto-Regular.ttf
-rw-r--r-- 1 root root 646340 Sep  8 03:16 /root/breenix-t963-tmp/tmp.1a2fq5lWbK/usr/share/fonts/SourceSans3-Regular.ttf
-rw-r--r-- 1 root root 351884 Sep  8 03:16 /root/breenix-t963-tmp/tmp.1a2fq5lWbK/usr/share/fonts/Ubuntu-Regular.ttf
-rw-r--r-- 1 root root 1708408 Sep  8 03:16 /root/breenix-t963-tmp/tmp.1a2fq5lWbK/usr/share/fonts/NotoSansMono-Regular.ttf
-rw-r--r-- 1 root root 1887192 Sep  8 03:16 /root/breenix-t963-tmp/tmp.1a2fq5lWbK/usr/share/fonts/NotoSerif-Regular.ttf
-rw-r--r-- 1 root root 183700 Sep  8 03:16 /root/breenix-t963-tmp/tmp.1a2fq5lWbK/usr/share/fonts/RobotoMono-Regular.ttf
-rw-r--r-- 1 root root 212196 Sep  8 03:16 /root/breenix-t963-tmp/tmp.1a2fq5lWbK/usr/share/fonts/Lora-Regular.ttf
-rw-r--r-- 1 root root 1209508 Sep  8 03:16 /root/breenix-t963-tmp/tmp.1a2fq5lWbK/usr/share/fonts/SourceSerif4-Regular.ttf
-rw-r--r-- 1 root root 273900 Sep  8 03:16 /root/breenix-t963-tmp/tmp.1a2fq5lWbK/usr/share/fonts/JetBrainsMono-Regular.ttf
-rw-r--r-- 1 root root 108684 Sep  8 03:16 /root/breenix-t963-tmp/tmp.1a2fq5lWbK/usr/share/fonts/Inconsolata-Regular.ttf
-rw-r--r-- 1 root root 205748 Sep  8 03:16 /root/breenix-t963-tmp/tmp.1a2fq5lWbK/usr/share/fonts/UbuntuMono-Regular.ttf
-rw-r--r-- 1 root root 340712 Sep  8 03:16 /root/breenix-t963-tmp/tmp.1a2fq5lWbK/usr/share/fonts/DejaVuSansMono.ttf
-rw-r--r-- 1 root root 160316 Sep  8 03:16 /root/breenix-t963-tmp/tmp.1a2fq5lWbK/usr/share/fonts/Poppins-Regular.ttf
-rw-r--r-- 1 root root 598060 Sep  8 03:16 /root/breenix-t963-tmp/tmp.1a2fq5lWbK/usr/share/fonts/CascadiaCode-Regular.ttf
-rw-r--r-- 1 root root 20 Sep  8 03:16 /root/breenix-t963-tmp/tmp.1a2fq5lWbK/test/nested.txt
-rw-r--r-- 1 root root 19 Sep  8 03:16 /root/breenix-t963-tmp/tmp.1a2fq5lWbK/trunctest.txt
-rw-r--r-- 1 root root 0 Sep  8 03:16 /root/breenix-t963-tmp/tmp.1a2fq5lWbK/empty.txt
-rwxr-xr-x 1 root root 184168 Sep  8 03:16 /root/breenix-t963-tmp/tmp.1a2fq5lWbK/sbin/telnetd
-rwxr-xr-x 1 root root 182056 Sep  8 03:16 /root/breenix-t963-tmp/tmp.1a2fq5lWbK/sbin/blogd
-rwxr-xr-x 1 root root 187584 Sep  8 03:16 /root/breenix-t963-tmp/tmp.1a2fq5lWbK/sbin/init
-rw-r--r-- 1 root root 20 Sep  8 03:16 /root/breenix-t963-tmp/tmp.1a2fq5lWbK/deep/path/to/file/data.txt
-rw-r--r-- 1 root root 83 Sep  8 03:16 /root/breenix-t963-tmp/tmp.1a2fq5lWbK/etc/passwd
-rw-r--r-- 1 root root 679 Sep  8 03:16 /root/breenix-t963-tmp/tmp.1a2fq5lWbK/etc/init.js
-rw-r--r-- 1 root root 367 Sep  8 03:16 /root/breenix-t963-tmp/tmp.1a2fq5lWbK/etc/bshrc
-rw-r--r-- 1 root root 445 Sep  8 03:16 /root/breenix-t963-tmp/tmp.1a2fq5lWbK/etc/fonts.conf
-rw-r--r-- 1 root root 349 Sep  8 03:16 /root/breenix-t963-tmp/tmp.1a2fq5lWbK/etc/hotkeys.conf
-rw-r--r-- 1 root root 26 Sep  8 03:16 /root/breenix-t963-tmp/tmp.1a2fq5lWbK/etc/group
-rw-r--r-- 1 root root 17 Sep  8 03:16 /root/breenix-t963-tmp/tmp.1a2fq5lWbK/hello.txt
ext2 image created successfully

ext2 disk created and copied to testdata/:
  /root/breenix-t963/target/ext2.img
  /root/breenix-t963/testdata/ext2.img
  Size: 256M

Contents:
  /bin/busybox - BusyBox multi-call binary
  /bin/ls - native Breenix ls
  /bin/{cat,head,tail,...} - BusyBox hardlinks
  /sbin/{true,false} - BusyBox hardlinks
  /bin/* - Other userspace binaries (demos)
  /usr/local/test/bin/* - Test binaries (*_test, test_*)
  /sbin/telnetd - telnet daemon
  /hello.txt - test file (1 line)
  /lines.txt - multi-line test file (15 lines) for head/tail/wc
  /test/nested.txt - nested test file
  /deep/path/to/file/data.txt - deep nested test file
QEMU HOST LOCK: host qemu-system-x86_64 count before acquire: 0
  [GATE_BOOT_FACTS:boot=1:host_ms=1788837377377-1788838391496:qemu_at_start=0:load_at_start=13.12:qemu_at_end=0:load_at_end=0.40:qemu_cpu_s=647.00:guest_uptime_ms=NA:ended_by=poll_exhausted]
  Device census: [ INFO] kernel::drivers::pci: PCI: Enumeration complete. Found 9 devices (3 VirtIO block, 1 network)
  PCI function facts (PCI_FN_TOTAL 9):
    PCI_FN 00:00.0 8086:1237 class=06/00 bar0=0x0/0x0 irq=0xff
    PCI_FN 00:01.0 8086:7000 class=06/01 bar0=0x0/0x0 irq=0xff
    PCI_FN 00:01.1 8086:7010 class=01/01 bar0=0x0/0x0 irq=0xff
    PCI_FN 00:01.3 8086:7113 class=06/80 bar0=0x0/0x0 irq=0x0a
    PCI_FN 00:02.0 1234:1111 class=03/00 bar0=0x80000000/0x1000000 irq=0xff
    PCI_FN 00:03.0 8086:100e class=02/00 bar0=0x81080000/0x20000 irq=0x0b
    PCI_FN 00:04.0 1af4:1001 class=01/00 bar0=0xc100/0x80 irq=0x0b
    PCI_FN 00:05.0 1af4:1001 class=01/00 bar0=0xc080/0x80 irq=0x0a
    PCI_FN 00:06.0 1af4:1001 class=01/00 bar0=0xc000/0x80 irq=0x0a
x86 frame-custody gate run 1: FAIL (set -e abort at docker/qemu/run-x86-boot-tests.sh:1070, exit 1)
  failing command: test "$passed" = true
[CAPTURE_DRAIN:capture=absent:seq=-:edge=-:cpu=-:records=-:drain_ms=300]
[CAPTURE_DRAIN_EVENTS:last_events=none]
--- serial tail (last 200 lines per file, /root/breenix-t963-tmp/breenix_x86_boot_tests_1) ---
==> /root/breenix-t963-tmp/breenix_x86_boot_tests_1/serial_kernel.txt <==
[DISPATCH_STRAND_CENSUS:seq=642:tick=106977:ms=804738:saved=11:stranded=0:tids=-:tid_overflow=0:ledger_overflow=0:save_no_thread=1:save_no_proc=1:save_no_pm=1:sig_pending_blocked=1:sig_ctx_blocked=1:sig_delivered_blocked=1:idle_no_stack=1:kthread_no_info=1:user_no_kstack=1:sig_deliverable_user=4]
[DISPATCH_STRAND_CENSUS:seq=643:tick=107178:ms=805742:saved=11:stranded=0:tids=-:tid_overflow=0:ledger_overflow=0:save_no_thread=1:save_no_proc=1:save_no_pm=1:sig_pending_blocked=1:sig_ctx_blocked=1:sig_delivered_blocked=1:idle_no_stack=1:kthread_no_info=1:user_no_kstack=1:sig_deliverable_user=4]
Next thread from queue: 1, cpu: 0
Idle thread 1 is alone, continuing (no switch needed)
[DISPATCH_STRAND_CENSUS:seq=644:tick=107379:ms=806746:saved=11:stranded=0:tids=-:tid_overflow=0:ledger_overflow=0:save_no_thread=1:save_no_proc=1:save_no_pm=1:sig_pending_blocked=1:sig_ctx_blocked=1:sig_delivered_blocked=1:idle_no_stack=1:kthread_no_info=1:user_no_kstack=1:sig_deliverable_user=4]
[DISPATCH_STRAND_CENSUS:seq=645:tick=107580:ms=807751:saved=11:stranded=0:tids=-:tid_overflow=0:ledger_overflow=0:save_no_thread=1:save_no_proc=1:save_no_pm=1:sig_pending_blocked=1:sig_ctx_blocked=1:sig_delivered_blocked=1:idle_no_stack=1:kthread_no_info=1:user_no_kstack=1:sig_deliverable_user=4]
[DISPATCH_STRAND_CENSUS:seq=646:tick=107780:ms=808754:saved=11:stranded=0:tids=-:tid_overflow=0:ledger_overflow=0:save_no_thread=1:save_no_proc=1:save_no_pm=1:sig_pending_blocked=1:sig_ctx_blocked=1:sig_delivered_blocked=1:idle_no_stack=1:kthread_no_info=1:user_no_kstack=1:sig_deliverable_user=4]
[DISPATCH_STRAND_CENSUS:seq=647:tick=107981:ms=809758:saved=11:stranded=0:tids=-:tid_overflow=0:ledger_overflow=0:save_no_thread=1:save_no_proc=1:save_no_pm=1:sig_pending_blocked=1:sig_ctx_blocked=1:sig_delivered_blocked=1:idle_no_stack=1:kthread_no_info=1:user_no_kstack=1:sig_deliverable_user=4]
[DISPATCH_STRAND_CENSUS:seq=648:tick=108182:ms=810762:saved=11:stranded=0:tids=-:tid_overflow=0:ledger_overflow=0:save_no_thread=1:save_no_proc=1:save_no_pm=1:sig_pending_blocked=1:sig_ctx_blocked=1:sig_delivered_blocked=1:idle_no_stack=1:kthread_no_info=1:user_no_kstack=1:sig_deliverable_user=4]
[DISPATCH_STRAND_CENSUS:seq=649:tick=108383:ms=811766:saved=11:stranded=0:tids=-:tid_overflow=0:ledger_overflow=0:save_no_thread=1:save_no_proc=1:save_no_pm=1:sig_pending_blocked=1:sig_ctx_blocked=1:sig_delivered_blocked=1:idle_no_stack=1:kthread_no_info=1:user_no_kstack=1:sig_deliverable_user=4]
[DISPATCH_STRAND_CENSUS:seq=650:tick=108584:ms=812770:saved=11:stranded=0:tids=-:tid_overflow=0:ledger_overflow=0:save_no_thread=1:save_no_proc=1:save_no_pm=1:sig_pending_blocked=1:sig_ctx_blocked=1:sig_delivered_blocked=1:idle_no_stack=1:kthread_no_info=1:user_no_kstack=1:sig_deliverable_user=4]
[DISPATCH_STRAND_CENSUS:seq=651:tick=108785:ms=813774:saved=11:stranded=0:tids=-:tid_overflow=0:ledger_overflow=0:save_no_thread=1:save_no_proc=1:save_no_pm=1:sig_pending_blocked=1:sig_ctx_blocked=1:sig_delivered_blocked=1:idle_no_stack=1:kthread_no_info=1:user_no_kstack=1:sig_deliverable_user=4]
[DISPATCH_STRAND_CENSUS:seq=652:tick=108986:ms=814778:saved=11:stranded=0:tids=-:tid_overflow=0:ledger_overflow=0:save_no_thread=1:save_no_proc=1:save_no_pm=1:sig_pending_blocked=1:sig_ctx_blocked=1:sig_delivered_blocked=1:idle_no_stack=1:kthread_no_info=1:user_no_kstack=1:sig_deliverable_user=4]
[DISPATCH_STRAND_CENSUS:seq=653:tick=109187:ms=815782:saved=11:stranded=0:tids=-:tid_overflow=0:ledger_overflow=0:save_no_thread=1:save_no_proc=1:save_no_pm=1:sig_pending_blocked=1:sig_ctx_blocked=1:sig_delivered_blocked=1:idle_no_stack=1:kthread_no_info=1:user_no_kstack=1:sig_deliverable_user=4]
[DISPATCH_STRAND_CENSUS:seq=654:tick=109385:ms=816786:saved=11:stranded=0:tids=-:tid_overflow=0:ledger_overflow=0:save_no_thread=1:save_no_proc=1:save_no_pm=1:sig_pending_blocked=1:sig_ctx_blocked=1:sig_delivered_blocked=1:idle_no_stack=1:kthread_no_info=1:user_no_kstack=1:sig_deliverable_user=4]
[DISPATCH_STRAND_CENSUS:seq=655:tick=109586:ms=817790:saved=11:stranded=0:tids=-:tid_overflow=0:ledger_overflow=0:save_no_thread=1:save_no_proc=1:save_no_pm=1:sig_pending_blocked=1:sig_ctx_blocked=1:sig_delivered_blocked=1:idle_no_stack=1:kthread_no_info=1:user_no_kstack=1:sig_deliverable_user=4]
[DISPATCH_STRAND_CENSUS:seq=656:tick=109787:ms=818795:saved=11:stranded=0:tids=-:tid_overflow=0:ledger_overflow=0:save_no_thread=1:save_no_proc=1:save_no_pm=1:sig_pending_blocked=1:sig_ctx_blocked=1:sig_delivered_blocked=1:idle_no_stack=1:kthread_no_info=1:user_no_kstack=1:sig_deliverable_user=4]
[DISPATCH_STRAND_CENSUS:seq=657:tick=109988:ms=819799:saved=11:stranded=0:tids=-:tid_overflow=0:ledger_overflow=0:save_no_thread=1:save_no_proc=1:save_no_pm=1:sig_pending_blocked=1:sig_ctx_blocked=1:sig_delivered_blocked=1:idle_no_stack=1:kthread_no_info=1:user_no_kstack=1:sig_deliverable_user=4]
[DISPATCH_STRAND_CENSUS:seq=658:tick=110189:ms=820802:saved=11:stranded=0:tids=-:tid_overflow=0:ledger_overflow=0:save_no_thread=1:save_no_proc=1:save_no_pm=1:sig_pending_blocked=1:sig_ctx_blocked=1:sig_delivered_blocked=1:idle_no_stack=1:kthread_no_info=1:user_no_kstack=1:sig_deliverable_user=4]
[DISPATCH_STRAND_CENSUS:seq=659:tick=110389:ms=821807:saved=11:stranded=0:tids=-:tid_overflow=0:ledger_overflow=0:save_no_thread=1:save_no_proc=1:save_no_pm=1:sig_pending_blocked=1:sig_ctx_blocked=1:sig_delivered_blocked=1:idle_no_stack=1:kthread_no_info=1:user_no_kstack=1:sig_deliverable_user=4]
[DISPATCH_STRAND_CENSUS:seq=660:tick=110590:ms=822811:saved=11:stranded=0:tids=-:tid_overflow=0:ledger_overflow=0:save_no_thread=1:save_no_proc=1:save_no_pm=1:sig_pending_blocked=1:sig_ctx_blocked=1:sig_delivered_blocked=1:idle_no_stack=1:kthread_no_info=1:user_no_kstack=1:sig_deliverable_user=4]
[DISPATCH_STRAND_CENSUS:seq=661:tick=110791:ms=823815:saved=11:stranded=0:tids=-:tid_overflow=0:ledger_overflow=0:save_no_thread=1:save_no_proc=1:save_no_pm=1:sig_pending_blocked=1:sig_ctx_blocked=1:sig_delivered_blocked=1:idle_no_stack=1:kthread_no_info=1:user_no_kstack=1:sig_deliverable_user=4]
[DISPATCH_STRAND_CENSUS:seq=662:tick=110992:ms=824819:saved=11:stranded=0:tids=-:tid_overflow=0:ledger_overflow=0:save_no_thread=1:save_no_proc=1:save_no_pm=1:sig_pending_blocked=1:sig_ctx_blocked=1:sig_delivered_blocked=1:idle_no_stack=1:kthread_no_info=1:user_no_kstack=1:sig_deliverable_user=4]
[DISPATCH_STRAND_CENSUS:seq=663:tick=111193:ms=825823:saved=11:stranded=0:tids=-:tid_overflow=0:ledger_overflow=0:save_no_thread=1:save_no_proc=1:save_no_pm=1:sig_pending_blocked=1:sig_ctx_blocked=1:sig_delivered_blocked=1:idle_no_stack=1:kthread_no_info=1:user_no_kstack=1:sig_deliverable_user=4]
[DISPATCH_STRAND_CENSUS:seq=664:tick=111394:ms=826827:saved=11:stranded=0:tids=-:tid_overflow=0:ledger_overflow=0:save_no_thread=1:save_no_proc=1:save_no_pm=1:sig_pending_blocked=1:sig_ctx_blocked=1:sig_delivered_blocked=1:idle_no_stack=1:kthread_no_info=1:user_no_kstack=1:sig_deliverable_user=4]
[DISPATCH_STRAND_CENSUS:seq=665:tick=111594:ms=827827:saved=11:stranded=0:tids=-:tid_overflow=0:ledger_overflow=0:save_no_thread=1:save_no_proc=1:save_no_pm=1:sig_pending_blocked=1:sig_ctx_blocked=1:sig_delivered_blocked=1:idle_no_stack=1:kthread_no_info=1:user_no_kstack=1:sig_deliverable_user=4]
[DISPATCH_STRAND_CENSUS:seq=666:tick=111795:ms=828830:saved=11:stranded=0:tids=-:tid_overflow=0:ledger_overflow=0:save_no_thread=1:save_no_proc=1:save_no_pm=1:sig_pending_blocked=1:sig_ctx_blocked=1:sig_delivered_blocked=1:idle_no_stack=1:kthread_no_info=1:user_no_kstack=1:sig_deliverable_user=4]
[DISPATCH_STRAND_CENSUS:seq=667:tick=111996:ms=829836:saved=11:stranded=0:tids=-:tid_overflow=0:ledger_overflow=0:save_no_thread=1:save_no_proc=1:save_no_pm=1:sig_pending_blocked=1:sig_ctx_blocked=1:sig_delivered_blocked=1:idle_no_stack=1:kthread_no_info=1:user_no_kstack=1:sig_deliverable_user=4]
Next thread from queue: 1, cpu: 0
Idle thread 1 is alone, continuing (no switch needed)
[DISPATCH_STRAND_CENSUS:seq=668:tick=112197:ms=830839:saved=11:stranded=0:tids=-:tid_overflow=0:ledger_overflow=0:save_no_thread=1:save_no_proc=1:save_no_pm=1:sig_pending_blocked=1:sig_ctx_blocked=1:sig_delivered_blocked=1:idle_no_stack=1:kthread_no_info=1:user_no_kstack=1:sig_deliverable_user=4]
[DISPATCH_STRAND_CENSUS:seq=669:tick=112398:ms=831843:saved=11:stranded=0:tids=-:tid_overflow=0:ledger_overflow=0:save_no_thread=1:save_no_proc=1:save_no_pm=1:sig_pending_blocked=1:sig_ctx_blocked=1:sig_delivered_blocked=1:idle_no_stack=1:kthread_no_info=1:user_no_kstack=1:sig_deliverable_user=4]
[DISPATCH_STRAND_CENSUS:seq=670:tick=112597:ms=832846:saved=11:stranded=0:tids=-:tid_overflow=0:ledger_overflow=0:save_no_thread=1:save_no_proc=1:save_no_pm=1:sig_pending_blocked=1:sig_ctx_blocked=1:sig_delivered_blocked=1:idle_no_stack=1:kthread_no_info=1:user_no_kstack=1:sig_deliverable_user=4]
[DISPATCH_STRAND_CENSUS:seq=671:tick=112798:ms=833850:saved=11:stranded=0:tids=-:tid_overflow=0:ledger_overflow=0:save_no_thread=1:save_no_proc=1:save_no_pm=1:sig_pending_blocked=1:sig_ctx_blocked=1:sig_delivered_blocked=1:idle_no_stack=1:kthread_no_info=1:user_no_kstack=1:sig_deliverable_user=4]
[DISPATCH_STRAND_CENSUS:seq=672:tick=112999:ms=834854:saved=11:stranded=0:tids=-:tid_overflow=0:ledger_overflow=0:save_no_thread=1:save_no_proc=1:save_no_pm=1:sig_pending_blocked=1:sig_ctx_blocked=1:sig_delivered_blocked=1:idle_no_stack=1:kthread_no_info=1:user_no_kstack=1:sig_deliverable_user=4]
[DISPATCH_STRAND_CENSUS:seq=673:tick=113200:ms=835858:saved=11:stranded=0:tids=-:tid_overflow=0:ledger_overflow=0:save_no_thread=1:save_no_proc=1:save_no_pm=1:sig_pending_blocked=1:sig_ctx_blocked=1:sig_delivered_blocked=1:idle_no_stack=1:kthread_no_info=1:user_no_kstack=1:sig_deliverable_user=4]
[DISPATCH_STRAND_CENSUS:seq=674:tick=113401:ms=836863:saved=11:stranded=0:tids=-:tid_overflow=0:ledger_overflow=0:save_no_thread=1:save_no_proc=1:save_no_pm=1:sig_pending_blocked=1:sig_ctx_blocked=1:sig_delivered_blocked=1:idle_no_stack=1:kthread_no_info=1:user_no_kstack=1:sig_deliverable_user=4]
[DISPATCH_STRAND_CENSUS:seq=675:tick=113594:ms=837867:saved=11:stranded=0:tids=-:tid_overflow=0:ledger_overflow=0:save_no_thread=1:save_no_proc=1:save_no_pm=1:sig_pending_blocked=1:sig_ctx_blocked=1:sig_delivered_blocked=1:idle_no_stack=1:kthread_no_info=1:user_no_kstack=1:sig_deliverable_user=4]
[DISPATCH_STRAND_CENSUS:seq=676:tick=113795:ms=838871:saved=11:stranded=0:tids=-:tid_overflow=0:ledger_overflow=0:save_no_thread=1:save_no_proc=1:save_no_pm=1:sig_pending_blocked=1:sig_ctx_blocked=1:sig_delivered_blocked=1:idle_no_stack=1:kthread_no_info=1:user_no_kstack=1:sig_deliverable_user=4]
[DISPATCH_STRAND_CENSUS:seq=677:tick=113996:ms=839875:saved=11:stranded=0:tids=-:tid_overflow=0:ledger_overflow=0:save_no_thread=1:save_no_proc=1:save_no_pm=1:sig_pending_blocked=1:sig_ctx_blocked=1:sig_delivered_blocked=1:idle_no_stack=1:kthread_no_info=1:user_no_kstack=1:sig_deliverable_user=4]
[DISPATCH_STRAND_CENSUS:seq=678:tick=114197:ms=840878:saved=11:stranded=0:tids=-:tid_overflow=0:ledger_overflow=0:save_no_thread=1:save_no_proc=1:save_no_pm=1:sig_pending_blocked=1:sig_ctx_blocked=1:sig_delivered_blocked=1:idle_no_stack=1:kthread_no_info=1:user_no_kstack=1:sig_deliverable_user=4]
[DISPATCH_STRAND_CENSUS:seq=679:tick=114398:ms=841883:saved=11:stranded=0:tids=-:tid_overflow=0:ledger_overflow=0:save_no_thread=1:save_no_proc=1:save_no_pm=1:sig_pending_blocked=1:sig_ctx_blocked=1:sig_delivered_blocked=1:idle_no_stack=1:kthread_no_info=1:user_no_kstack=1:sig_deliverable_user=4]
[DISPATCH_STRAND_CENSUS:seq=680:tick=114596:ms=842886:saved=11:stranded=0:tids=-:tid_overflow=0:ledger_overflow=0:save_no_thread=1:save_no_proc=1:save_no_pm=1:sig_pending_blocked=1:sig_ctx_blocked=1:sig_delivered_blocked=1:idle_no_stack=1:kthread_no_info=1:user_no_kstack=1:sig_deliverable_user=4]
[DISPATCH_STRAND_CENSUS:seq=681:tick=114797:ms=843891:saved=11:stranded=0:tids=-:tid_overflow=0:ledger_overflow=0:save_no_thread=1:save_no_proc=1:save_no_pm=1:sig_pending_blocked=1:sig_ctx_blocked=1:sig_delivered_blocked=1:idle_no_stack=1:kthread_no_info=1:user_no_kstack=1:sig_deliverable_user=4]
[DISPATCH_STRAND_CENSUS:seq=682:tick=114998:ms=844894:saved=11:stranded=0:tids=-:tid_overflow=0:ledger_overflow=0:save_no_thread=1:save_no_proc=1:save_no_pm=1:sig_pending_blocked=1:sig_ctx_blocked=1:sig_delivered_blocked=1:idle_no_stack=1:kthread_no_info=1:user_no_kstack=1:sig_deliverable_user=4]
[DISPATCH_STRAND_CENSUS:seq=683:tick=115198:ms=845899:saved=11:stranded=0:tids=-:tid_overflow=0:ledger_overflow=0:save_no_thread=1:save_no_proc=1:save_no_pm=1:sig_pending_blocked=1:sig_ctx_blocked=1:sig_delivered_blocked=1:idle_no_stack=1:kthread_no_info=1:user_no_kstack=1:sig_deliverable_user=4]
[DISPATCH_STRAND_CENSUS:seq=684:tick=115399:ms=846902:saved=11:stranded=0:tids=-:tid_overflow=0:ledger_overflow=0:save_no_thread=1:save_no_proc=1:save_no_pm=1:sig_pending_blocked=1:sig_ctx_blocked=1:sig_delivered_blocked=1:idle_no_stack=1:kthread_no_info=1:user_no_kstack=1:sig_deliverable_user=4]
[DISPATCH_STRAND_CENSUS:seq=685:tick=115600:ms=847907:saved=11:stranded=0:tids=-:tid_overflow=0:ledger_overflow=0:save_no_thread=1:save_no_proc=1:save_no_pm=1:sig_pending_blocked=1:sig_ctx_blocked=1:sig_delivered_blocked=1:idle_no_stack=1:kthread_no_info=1:user_no_kstack=1:sig_deliverable_user=4]
[DISPATCH_STRAND_CENSUS:seq=686:tick=115801:ms=848911:saved=11:stranded=0:tids=-:tid_overflow=0:ledger_overflow=0:save_no_thread=1:save_no_proc=1:save_no_pm=1:sig_pending_blocked=1:sig_ctx_blocked=1:sig_delivered_blocked=1:idle_no_stack=1:kthread_no_info=1:user_no_kstack=1:sig_deliverable_user=4]
[DISPATCH_STRAND_CENSUS:seq=687:tick=116002:ms=849915:saved=11:stranded=0:tids=-:tid_overflow=0:ledger_overflow=0:save_no_thread=1:save_no_proc=1:save_no_pm=1:sig_pending_blocked=1:sig_ctx_blocked=1:sig_delivered_blocked=1:idle_no_stack=1:kthread_no_info=1:user_no_kstack=1:sig_deliverable_user=4]
[DISPATCH_STRAND_CENSUS:seq=688:tick=116203:ms=850919:saved=11:stranded=0:tids=-:tid_overflow=0:ledger_overflow=0:save_no_thread=1:save_no_proc=1:save_no_pm=1:sig_pending_blocked=1:sig_ctx_blocked=1:sig_delivered_blocked=1:idle_no_stack=1:kthread_no_info=1:user_no_kstack=1:sig_deliverable_user=4]
[DISPATCH_STRAND_CENSUS:seq=689:tick=116404:ms=851923:saved=11:stranded=0:tids=-:tid_overflow=0:ledger_overflow=0:save_no_thread=1:save_no_proc=1:save_no_pm=1:sig_pending_blocked=1:sig_ctx_blocked=1:sig_delivered_blocked=1:idle_no_stack=1:kthread_no_info=1:user_no_kstack=1:sig_deliverable_user=4]
[DISPATCH_STRAND_CENSUS:seq=690:tick=116605:ms=852927:saved=11:stranded=0:tids=-:tid_overflow=0:ledger_overflow=0:save_no_thread=1:save_no_proc=1:save_no_pm=1:sig_pending_blocked=1:sig_ctx_blocked=1:sig_delivered_blocked=1:idle_no_stack=1:kthread_no_info=1:user_no_kstack=1:sig_deliverable_user=4]
[DISPATCH_STRAND_CENSUS:seq=691:tick=116806:ms=853931:saved=11:stranded=0:tids=-:tid_overflow=0:ledger_overflow=0:save_no_thread=1:save_no_proc=1:save_no_pm=1:sig_pending_blocked=1:sig_ctx_blocked=1:sig_delivered_blocked=1:idle_no_stack=1:kthread_no_info=1:user_no_kstack=1:sig_deliverable_user=4]
Next thread from queue: 1, cpu: 0
Idle thread 1 is alone, continuing (no switch needed)
[DISPATCH_STRAND_CENSUS:seq=692:tick=117007:ms=854935:saved=11:stranded=0:tids=-:tid_overflow=0:ledger_overflow=0:save_no_thread=1:save_no_proc=1:save_no_pm=1:sig_pending_blocked=1:sig_ctx_blocked=1:sig_delivered_blocked=1:idle_no_stack=1:kthread_no_info=1:user_no_kstack=1:sig_deliverable_user=4]
[DISPATCH_STRAND_CENSUS:seq=693:tick=117208:ms=855939:saved=11:stranded=0:tids=-:tid_overflow=0:ledger_overflow=0:save_no_thread=1:save_no_proc=1:save_no_pm=1:sig_pending_blocked=1:sig_ctx_blocked=1:sig_delivered_blocked=1:idle_no_stack=1:kthread_no_info=1:user_no_kstack=1:sig_deliverable_user=4]
[DISPATCH_STRAND_CENSUS:seq=694:tick=117409:ms=856943:saved=11:stranded=0:tids=-:tid_overflow=0:ledger_overflow=0:save_no_thread=1:save_no_proc=1:save_no_pm=1:sig_pending_blocked=1:sig_ctx_blocked=1:sig_delivered_blocked=1:idle_no_stack=1:kthread_no_info=1:user_no_kstack=1:sig_deliverable_user=4]
[DISPATCH_STRAND_CENSUS:seq=695:tick=117610:ms=857947:saved=11:stranded=0:tids=-:tid_overflow=0:ledger_overflow=0:save_no_thread=1:save_no_proc=1:save_no_pm=1:sig_pending_blocked=1:sig_ctx_blocked=1:sig_delivered_blocked=1:idle_no_stack=1:kthread_no_info=1:user_no_kstack=1:sig_deliverable_user=4]
[DISPATCH_STRAND_CENSUS:seq=696:tick=117806:ms=858951:saved=11:stranded=0:tids=-:tid_overflow=0:ledger_overflow=0:save_no_thread=1:save_no_proc=1:save_no_pm=1:sig_pending_blocked=1:sig_ctx_blocked=1:sig_delivered_blocked=1:idle_no_stack=1:kthread_no_info=1:user_no_kstack=1:sig_deliverable_user=4]
[DISPATCH_STRAND_CENSUS:seq=697:tick=118007:ms=859955:saved=11:stranded=0:tids=-:tid_overflow=0:ledger_overflow=0:save_no_thread=1:save_no_proc=1:save_no_pm=1:sig_pending_blocked=1:sig_ctx_blocked=1:sig_delivered_blocked=1:idle_no_stack=1:kthread_no_info=1:user_no_kstack=1:sig_deliverable_user=4]
[DISPATCH_STRAND_CENSUS:seq=698:tick=118208:ms=860959:saved=11:stranded=0:tids=-:tid_overflow=0:ledger_overflow=0:save_no_thread=1:save_no_proc=1:save_no_pm=1:sig_pending_blocked=1:sig_ctx_blocked=1:sig_delivered_blocked=1:idle_no_stack=1:kthread_no_info=1:user_no_kstack=1:sig_deliverable_user=4]
[DISPATCH_STRAND_CENSUS:seq=699:tick=118409:ms=861962:saved=11:stranded=0:tids=-:tid_overflow=0:ledger_overflow=0:save_no_thread=1:save_no_proc=1:save_no_pm=1:sig_pending_blocked=1:sig_ctx_blocked=1:sig_delivered_blocked=1:idle_no_stack=1:kthread_no_info=1:user_no_kstack=1:sig_deliverable_user=4]
[DISPATCH_STRAND_CENSUS:seq=700:tick=118610:ms=862967:saved=11:stranded=0:tids=-:tid_overflow=0:ledger_overflow=0:save_no_thread=1:save_no_proc=1:save_no_pm=1:sig_pending_blocked=1:sig_ctx_blocked=1:sig_delivered_blocked=1:idle_no_stack=1:kthread_no_info=1:user_no_kstack=1:sig_deliverable_user=4]
[DISPATCH_STRAND_CENSUS:seq=701:tick=118807:ms=863974:saved=11:stranded=0:tids=-:tid_overflow=0:ledger_overflow=0:save_no_thread=1:save_no_proc=1:save_no_pm=1:sig_pending_blocked=1:sig_ctx_blocked=1:sig_delivered_blocked=1:idle_no_stack=1:kthread_no_info=1:user_no_kstack=1:sig_deliverable_user=4]
[DISPATCH_STRAND_CENSUS:seq=702:tick=119008:ms=864975:saved=11:stranded=0:tids=-:tid_overflow=0:ledger_overflow=0:save_no_thread=1:save_no_proc=1:save_no_pm=1:sig_pending_blocked=1:sig_ctx_blocked=1:sig_delivered_blocked=1:idle_no_stack=1:kthread_no_info=1:user_no_kstack=1:sig_deliverable_user=4]
[DISPATCH_STRAND_CENSUS:seq=703:tick=119209:ms=865980:saved=11:stranded=0:tids=-:tid_overflow=0:ledger_overflow=0:save_no_thread=1:save_no_proc=1:save_no_pm=1:sig_pending_blocked=1:sig_ctx_blocked=1:sig_delivered_blocked=1:idle_no_stack=1:kthread_no_info=1:user_no_kstack=1:sig_deliverable_user=4]
[DISPATCH_STRAND_CENSUS:seq=704:tick=119410:ms=866983:saved=11:stranded=0:tids=-:tid_overflow=0:ledger_overflow=0:save_no_thread=1:save_no_proc=1:save_no_pm=1:sig_pending_blocked=1:sig_ctx_blocked=1:sig_delivered_blocked=1:idle_no_stack=1:kthread_no_info=1:user_no_kstack=1:sig_deliverable_user=4]
[DISPATCH_STRAND_CENSUS:seq=705:tick=119611:ms=867988:saved=11:stranded=0:tids=-:tid_overflow=0:ledger_overflow=0:save_no_thread=1:save_no_proc=1:save_no_pm=1:sig_pending_blocked=1:sig_ctx_blocked=1:sig_delivered_blocked=1:idle_no_stack=1:kthread_no_info=1:user_no_kstack=1:sig_deliverable_user=4]
[DISPATCH_STRAND_CENSUS:seq=706:tick=119812:ms=868992:saved=11:stranded=0:tids=-:tid_overflow=0:ledger_overflow=0:save_no_thread=1:save_no_proc=1:save_no_pm=1:sig_pending_blocked=1:sig_ctx_blocked=1:sig_delivered_blocked=1:idle_no_stack=1:kthread_no_info=1:user_no_kstack=1:sig_deliverable_user=4]
[DISPATCH_STRAND_CENSUS:seq=707:tick=120013:ms=869996:saved=11:stranded=0:tids=-:tid_overflow=0:ledger_overflow=0:save_no_thread=1:save_no_proc=1:save_no_pm=1:sig_pending_blocked=1:sig_ctx_blocked=1:sig_delivered_blocked=1:idle_no_stack=1:kthread_no_info=1:user_no_kstack=1:sig_deliverable_user=4]
[DISPATCH_STRAND_CENSUS:seq=708:tick=120214:ms=871000:saved=11:stranded=0:tids=-:tid_overflow=0:ledger_overflow=0:save_no_thread=1:save_no_proc=1:save_no_pm=1:sig_pending_blocked=1:sig_ctx_blocked=1:sig_delivered_blocked=1:idle_no_stack=1:kthread_no_info=1:user_no_kstack=1:sig_deliverable_user=4]
[DISPATCH_STRAND_CENSUS:seq=709:tick=120415:ms=872004:saved=11:stranded=0:tids=-:tid_overflow=0:ledger_overflow=0:save_no_thread=1:save_no_proc=1:save_no_pm=1:sig_pending_blocked=1:sig_ctx_blocked=1:sig_delivered_blocked=1:idle_no_stack=1:kthread_no_info=1:user_no_kstack=1:sig_deliverable_user=4]
[DISPATCH_STRAND_CENSUS:seq=710:tick=120616:ms=873008:saved=11:stranded=0:tids=-:tid_overflow=0:ledger_overflow=0:save_no_thread=1:save_no_proc=1:save_no_pm=1:sig_pending_blocked=1:sig_ctx_blocked=1:sig_delivered_blocked=1:idle_no_stack=1:kthread_no_info=1:user_no_kstack=1:sig_deliverable_user=4]
[DISPATCH_STRAND_CENSUS:seq=711:tick=120817:ms=874012:saved=11:stranded=0:tids=-:tid_overflow=0:ledger_overflow=0:save_no_thread=1:save_no_proc=1:save_no_pm=1:sig_pending_blocked=1:sig_ctx_blocked=1:sig_delivered_blocked=1:idle_no_stack=1:kthread_no_info=1:user_no_kstack=1:sig_deliverable_user=4]
[DISPATCH_STRAND_CENSUS:seq=712:tick=121018:ms=875016:saved=11:stranded=0:tids=-:tid_overflow=0:ledger_overflow=0:save_no_thread=1:save_no_proc=1:save_no_pm=1:sig_pending_blocked=1:sig_ctx_blocked=1:sig_delivered_blocked=1:idle_no_stack=1:kthread_no_info=1:user_no_kstack=1:sig_deliverable_user=4]
[DISPATCH_STRAND_CENSUS:seq=713:tick=121218:ms=876020:saved=11:stranded=0:tids=-:tid_overflow=0:ledger_overflow=0:save_no_thread=1:save_no_proc=1:save_no_pm=1:sig_pending_blocked=1:sig_ctx_blocked=1:sig_delivered_blocked=1:idle_no_stack=1:kthread_no_info=1:user_no_kstack=1:sig_deliverable_user=4]
[DISPATCH_STRAND_CENSUS:seq=714:tick=121419:ms=877024:saved=11:stranded=0:tids=-:tid_overflow=0:ledger_overflow=0:save_no_thread=1:save_no_proc=1:save_no_pm=1:sig_pending_blocked=1:sig_ctx_blocked=1:sig_delivered_blocked=1:idle_no_stack=1:kthread_no_info=1:user_no_kstack=1:sig_deliverable_user=4]
[DISPATCH_STRAND_CENSUS:seq=715:tick=121620:ms=878027:saved=11:stranded=0:tids=-:tid_overflow=0:ledger_overflow=0:save_no_thread=1:save_no_proc=1:save_no_pm=1:sig_pending_blocked=1:sig_ctx_blocked=1:sig_delivered_blocked=1:idle_no_stack=1:kthread_no_info=1:user_no_kstack=1:sig_deliverable_user=4]
Next thread from queue: 1, cpu: 0
Idle thread 1 is alone, continuing (no switch needed)
[DISPATCH_STRAND_CENSUS:seq=716:tick=121817:ms=879032:saved=11:stranded=0:tids=-:tid_overflow=0:ledger_overflow=0:save_no_thread=1:save_no_proc=1:save_no_pm=1:sig_pending_blocked=1:sig_ctx_blocked=1:sig_delivered_blocked=1:idle_no_stack=1:kthread_no_info=1:user_no_kstack=1:sig_deliverable_user=4]
[DISPATCH_STRAND_CENSUS:seq=717:tick=122018:ms=880036:saved=11:stranded=0:tids=-:tid_overflow=0:ledger_overflow=0:save_no_thread=1:save_no_proc=1:save_no_pm=1:sig_pending_blocked=1:sig_ctx_blocked=1:sig_delivered_blocked=1:idle_no_stack=1:kthread_no_info=1:user_no_kstack=1:sig_deliverable_user=4]
[DISPATCH_STRAND_CENSUS:seq=718:tick=122219:ms=881040:saved=11:stranded=0:tids=-:tid_overflow=0:ledger_overflow=0:save_no_thread=1:save_no_proc=1:save_no_pm=1:sig_pending_blocked=1:sig_ctx_blocked=1:sig_delivered_blocked=1:idle_no_stack=1:kthread_no_info=1:user_no_kstack=1:sig_deliverable_user=4]
[DISPATCH_STRAND_CENSUS:seq=719:tick=122420:ms=882044:saved=11:stranded=0:tids=-:tid_overflow=0:ledger_overflow=0:save_no_thread=1:save_no_proc=1:save_no_pm=1:sig_pending_blocked=1:sig_ctx_blocked=1:sig_delivered_blocked=1:idle_no_stack=1:kthread_no_info=1:user_no_kstack=1:sig_deliverable_user=4]
[DISPATCH_STRAND_CENSUS:seq=720:tick=122621:ms=883048:saved=11:stranded=0:tids=-:tid_overflow=0:ledger_overflow=0:save_no_thread=1:save_no_proc=1:save_no_pm=1:sig_pending_blocked=1:sig_ctx_blocked=1:sig_delivered_blocked=1:idle_no_stack=1:kthread_no_info=1:user_no_kstack=1:sig_deliverable_user=4]
[DISPATCH_STRAND_CENSUS:seq=721:tick=122822:ms=884052:saved=11:stranded=0:tids=-:tid_overflow=0:ledger_overflow=0:save_no_thread=1:save_no_proc=1:save_no_pm=1:sig_pending_blocked=1:sig_ctx_blocked=1:sig_delivered_blocked=1:idle_no_stack=1:kthread_no_info=1:user_no_kstack=1:sig_deliverable_user=4]
[DISPATCH_STRAND_CENSUS:seq=722:tick=123023:ms=885056:saved=11:stranded=0:tids=-:tid_overflow=0:ledger_overflow=0:save_no_thread=1:save_no_proc=1:save_no_pm=1:sig_pending_blocked=1:sig_ctx_blocked=1:sig_delivered_blocked=1:idle_no_stack=1:kthread_no_info=1:user_no_kstack=1:sig_deliverable_user=4]
[DISPATCH_STRAND_CENSUS:seq=723:tick=123224:ms=886060:saved=11:stranded=0:tids=-:tid_overflow=0:ledger_overflow=0:save_no_thread=1:save_no_proc=1:save_no_pm=1:sig_pending_blocked=1:sig_ctx_blocked=1:sig_delivered_blocked=1:idle_no_stack=1:kthread_no_info=1:user_no_kstack=1:sig_deliverable_user=4]
[DISPATCH_STRAND_CENSUS:seq=724:tick=123425:ms=887064:saved=11:stranded=0:tids=-:tid_overflow=0:ledger_overflow=0:save_no_thread=1:save_no_proc=1:save_no_pm=1:sig_pending_blocked=1:sig_ctx_blocked=1:sig_delivered_blocked=1:idle_no_stack=1:kthread_no_info=1:user_no_kstack=1:sig_deliverable_user=4]
[DISPATCH_STRAND_CENSUS:seq=725:tick=123626:ms=888069:saved=11:stranded=0:tids=-:tid_overflow=0:ledger_overflow=0:save_no_thread=1:save_no_proc=1:save_no_pm=1:sig_pending_blocked=1:sig_ctx_blocked=1:sig_delivered_blocked=1:idle_no_stack=1:kthread_no_info=1:user_no_kstack=1:sig_deliverable_user=4]
[DISPATCH_STRAND_CENSUS:seq=726:tick=123827:ms=889073:saved=11:stranded=0:tids=-:tid_overflow=0:ledger_overflow=0:save_no_thread=1:save_no_proc=1:save_no_pm=1:sig_pending_blocked=1:sig_ctx_blocked=1:sig_delivered_blocked=1:idle_no_stack=1:kthread_no_info=1:user_no_kstack=1:sig_deliverable_user=4]
[DISPATCH_STRAND_CENSUS:seq=727:tick=124028:ms=890077:saved=11:stranded=0:tids=-:tid_overflow=0:ledger_overflow=0:save_no_thread=1:save_no_proc=1:save_no_pm=1:sig_pending_blocked=1:sig_ctx_blocked=1:sig_delivered_blocked=1:idle_no_stack=1:kthread_no_info=1:user_no_kstack=1:sig_deliverable_user=4]
[DISPATCH_STRAND_CENSUS:seq=728:tick=124229:ms=891081:saved=11:stranded=0:tids=-:tid_overflow=0:ledger_overflow=0:save_no_thread=1:save_no_proc=1:save_no_pm=1:sig_pending_blocked=1:sig_ctx_blocked=1:sig_delivered_blocked=1:idle_no_stack=1:kthread_no_info=1:user_no_kstack=1:sig_deliverable_user=4]
[DISPATCH_STRAND_CENSUS:seq=729:tick=124430:ms=892085:saved=11:stranded=0:tids=-:tid_overflow=0:ledger_overflow=0:save_no_thread=1:save_no_proc=1:save_no_pm=1:sig_pending_blocked=1:sig_ctx_blocked=1:sig_delivered_blocked=1:idle_no_stack=1:kthread_no_info=1:user_no_kstack=1:sig_deliverable_user=4]
[DISPATCH_STRAND_CENSUS:seq=730:tick=124631:ms=893089:saved=11:stranded=0:tids=-:tid_overflow=0:ledger_overflow=0:save_no_thread=1:save_no_proc=1:save_no_pm=1:sig_pending_blocked=1:sig_ctx_blocked=1:sig_delivered_blocked=1:idle_no_stack=1:kthread_no_info=1:user_no_kstack=1:sig_deliverable_user=4]
[DISPATCH_STRAND_CENSUS:seq=731:tick=124828:ms=894093:saved=11:stranded=0:tids=-:tid_overflow=0:ledger_overflow=0:save_no_thread=1:save_no_proc=1:save_no_pm=1:sig_pending_blocked=1:sig_ctx_blocked=1:sig_delivered_blocked=1:idle_no_stack=1:kthread_no_info=1:user_no_kstack=1:sig_deliverable_user=4]
[DISPATCH_STRAND_CENSUS:seq=732:tick=125029:ms=895097:saved=11:stranded=0:tids=-:tid_overflow=0:ledger_overflow=0:save_no_thread=1:save_no_proc=1:save_no_pm=1:sig_pending_blocked=1:sig_ctx_blocked=1:sig_delivered_blocked=1:idle_no_stack=1:kthread_no_info=1:user_no_kstack=1:sig_deliverable_user=4]
[DISPATCH_STRAND_CENSUS:seq=733:tick=125230:ms=896101:saved=11:stranded=0:tids=-:tid_overflow=0:ledger_overflow=0:save_no_thread=1:save_no_proc=1:save_no_pm=1:sig_pending_blocked=1:sig_ctx_blocked=1:sig_delivered_blocked=1:idle_no_stack=1:kthread_no_info=1:user_no_kstack=1:sig_deliverable_user=4]
[DISPATCH_STRAND_CENSUS:seq=734:tick=125431:ms=897104:saved=11:stranded=0:tids=-:tid_overflow=0:ledger_overflow=0:save_no_thread=1:save_no_proc=1:save_no_pm=1:sig_pending_blocked=1:sig_ctx_blocked=1:sig_delivered_blocked=1:idle_no_stack=1:kthread_no_info=1:user_no_kstack=1:sig_deliverable_user=4]
[DISPATCH_STRAND_CENSUS:seq=735:tick=125632:ms=898109:saved=11:stranded=0:tids=-:tid_overflow=0:ledger_overflow=0:save_no_thread=1:save_no_proc=1:save_no_pm=1:sig_pending_blocked=1:sig_ctx_blocked=1:sig_delivered_blocked=1:idle_no_stack=1:kthread_no_info=1:user_no_kstack=1:sig_deliverable_user=4]
[DISPATCH_STRAND_CENSUS:seq=736:tick=125833:ms=899113:saved=11:stranded=0:tids=-:tid_overflow=0:ledger_overflow=0:save_no_thread=1:save_no_proc=1:save_no_pm=1:sig_pending_blocked=1:sig_ctx_blocked=1:sig_delivered_blocked=1:idle_no_stack=1:kthread_no_info=1:user_no_kstack=1:sig_deliverable_user=4]
[DISPATCH_STRAND_CENSUS:seq=737:tick=126034:ms=900117:saved=11:stranded=0:tids=-:tid_overflow=0:ledger_overflow=0:save_no_thread=1:save_no_proc=1:save_no_pm=1:sig_pending_blocked=1:sig_ctx_blocked=1:sig_delivered_blocked=1:idle_no_stack=1:kthread_no_info=1:user_no_kstack=1:sig_deliverable_user=4]
[DISPATCH_STRAND_CENSUS:seq=738:tick=126235:ms=901121:saved=11:stranded=0:tids=-:tid_overflow=0:ledger_overflow=0:save_no_thread=1:save_no_proc=1:save_no_pm=1:sig_pending_blocked=1:sig_ctx_blocked=1:sig_delivered_blocked=1:idle_no_stack=1:kthread_no_info=1:user_no_kstack=1:sig_deliverable_user=4]
[DISPATCH_STRAND_CENSUS:seq=739:tick=126436:ms=902125:saved=11:stranded=0:tids=-:tid_overflow=0:ledger_overflow=0:save_no_thread=1:save_no_proc=1:save_no_pm=1:sig_pending_blocked=1:sig_ctx_blocked=1:sig_delivered_blocked=1:idle_no_stack=1:kthread_no_info=1:user_no_kstack=1:sig_deliverable_user=4]
Next thread from queue: 1, cpu: 0
Idle thread 1 is alone, continuing (no switch needed)
[DISPATCH_STRAND_CENSUS:seq=740:tick=126637:ms=903129:saved=11:stranded=0:tids=-:tid_overflow=0:ledger_overflow=0:save_no_thread=1:save_no_proc=1:save_no_pm=1:sig_pending_blocked=1:sig_ctx_blocked=1:sig_delivered_blocked=1:idle_no_stack=1:kthread_no_info=1:user_no_kstack=1:sig_deliverable_user=4]
[DISPATCH_STRAND_CENSUS:seq=741:tick=126834:ms=904133:saved=11:stranded=0:tids=-:tid_overflow=0:ledger_overflow=0:save_no_thread=1:save_no_proc=1:save_no_pm=1:sig_pending_blocked=1:sig_ctx_blocked=1:sig_delivered_blocked=1:idle_no_stack=1:kthread_no_info=1:user_no_kstack=1:sig_deliverable_user=4]
[DISPATCH_STRAND_CENSUS:seq=742:tick=127035:ms=905137:saved=11:stranded=0:tids=-:tid_overflow=0:ledger_overflow=0:save_no_thread=1:save_no_proc=1:save_no_pm=1:sig_pending_blocked=1:sig_ctx_blocked=1:sig_delivered_blocked=1:idle_no_stack=1:kthread_no_info=1:user_no_kstack=1:sig_deliverable_user=4]
[DISPATCH_STRAND_CENSUS:seq=743:tick=127236:ms=906141:saved=11:stranded=0:tids=-:tid_overflow=0:ledger_overflow=0:save_no_thread=1:save_no_proc=1:save_no_pm=1:sig_pending_blocked=1:sig_ctx_blocked=1:sig_delivered_blocked=1:idle_no_stack=1:kthread_no_info=1:user_no_kstack=1:sig_deliverable_user=4]
[DISPATCH_STRAND_CENSUS:seq=744:tick=127437:ms=907146:saved=11:stranded=0:tids=-:tid_overflow=0:ledger_overflow=0:save_no_thread=1:save_no_proc=1:save_no_pm=1:sig_pending_blocked=1:sig_ctx_blocked=1:sig_delivered_blocked=1:idle_no_stack=1:kthread_no_info=1:user_no_kstack=1:sig_deliverable_user=4]
[DISPATCH_STRAND_CENSUS:seq=745:tick=127638:ms=908149:saved=11:stranded=0:tids=-:tid_overflow=0:ledger_overflow=0:save_no_thread=1:save_no_proc=1:save_no_pm=1:sig_pending_blocked=1:sig_ctx_blocked=1:sig_delivered_blocked=1:idle_no_stack=1:kthread_no_info=1:user_no_kstack=1:sig_deliverable_user=4]
[DISPATCH_STRAND_CENSUS:seq=746:tick=127839:ms=909153:saved=11:stranded=0:tids=-:tid_overflow=0:ledger_overflow=0:save_no_thread=1:save_no_proc=1:save_no_pm=1:sig_pending_blocked=1:sig_ctx_blocked=1:sig_delivered_blocked=1:idle_no_stack=1:kthread_no_info=1:user_no_kstack=1:sig_deliverable_user=4]
[DISPATCH_STRAND_CENSUS:seq=747:tick=128040:ms=910158:saved=11:stranded=0:tids=-:tid_overflow=0:ledger_overflow=0:save_no_thread=1:save_no_proc=1:save_no_pm=1:sig_pending_blocked=1:sig_ctx_blocked=1:sig_delivered_blocked=1:idle_no_stack=1:kthread_no_info=1:user_no_kstack=1:sig_deliverable_user=4]
[DISPATCH_STRAND_CENSUS:seq=748:tick=128241:ms=911161:saved=11:stranded=0:tids=-:tid_overflow=0:ledger_overflow=0:save_no_thread=1:save_no_proc=1:save_no_pm=1:sig_pending_blocked=1:sig_ctx_blocked=1:sig_delivered_blocked=1:idle_no_stack=1:kthread_no_info=1:user_no_kstack=1:sig_deliverable_user=4]
[DISPATCH_STRAND_CENSUS:seq=749:tick=128442:ms=912166:saved=11:stranded=0:tids=-:tid_overflow=0:ledger_overflow=0:save_no_thread=1:save_no_proc=1:save_no_pm=1:sig_pending_blocked=1:sig_ctx_blocked=1:sig_delivered_blocked=1:idle_no_stack=1:kthread_no_info=1:user_no_kstack=1:sig_deliverable_user=4]
[DISPATCH_STRAND_CENSUS:seq=750:tick=128643:ms=913170:saved=11:stranded=0:tids=-:tid_overflow=0:ledger_overflow=0:save_no_thread=1:save_no_proc=1:save_no_pm=1:sig_pending_blocked=1:sig_ctx_blocked=1:sig_delivered_blocked=1:idle_no_stack=1:kthread_no_info=1:user_no_kstack=1:sig_deliverable_user=4]
[DISPATCH_STRAND_CENSUS:seq=751:tick=128844:ms=914174:saved=11:stranded=0:tids=-:tid_overflow=0:ledger_overflow=0:save_no_thread=1:save_no_proc=1:save_no_pm=1:sig_pending_blocked=1:sig_ctx_blocked=1:sig_delivered_blocked=1:idle_no_stack=1:kthread_no_info=1:user_no_kstack=1:sig_deliverable_user=4]
[DISPATCH_STRAND_CENSUS:seq=752:tick=129045:ms=915177:saved=11:stranded=0:tids=-:tid_overflow=0:ledger_overflow=0:save_no_thread=1:save_no_proc=1:save_no_pm=1:sig_pending_blocked=1:sig_ctx_blocked=1:sig_delivered_blocked=1:idle_no_stack=1:kthread_no_info=1:user_no_kstack=1:sig_deliverable_user=4]
[DISPATCH_STRAND_CENSUS:seq=753:tick=129246:ms=916182:saved=11:stranded=0:tids=-:tid_overflow=0:ledger_overflow=0:save_no_thread=1:save_no_proc=1:save_no_pm=1:sig_pending_blocked=1:sig_ctx_blocked=1:sig_delivered_blocked=1:idle_no_stack=1:kthread_no_info=1:user_no_kstack=1:sig_deliverable_user=4]
[DISPATCH_STRAND_CENSUS:seq=754:tick=129447:ms=917186:saved=11:stranded=0:tids=-:tid_overflow=0:ledger_overflow=0:save_no_thread=1:save_no_proc=1:save_no_pm=1:sig_pending_blocked=1:sig_ctx_blocked=1:sig_delivered_blocked=1:idle_no_stack=1:kthread_no_info=1:user_no_kstack=1:sig_deliverable_user=4]
[DISPATCH_STRAND_CENSUS:seq=755:tick=129648:ms=918190:saved=11:stranded=0:tids=-:tid_overflow=0:ledger_overflow=0:save_no_thread=1:save_no_proc=1:save_no_pm=1:sig_pending_blocked=1:sig_ctx_blocked=1:sig_delivered_blocked=1:idle_no_stack=1:kthread_no_info=1:user_no_kstack=1:sig_deliverable_user=4]
[DISPATCH_STRAND_CENSUS:seq=756:tick=129849:ms=919194:saved=11:stranded=0:tids=-:tid_overflow=0:ledger_overflow=0:save_no_thread=1:save_no_proc=1:save_no_pm=1:sig_pending_blocked=1:sig_ctx_blocked=1:sig_delivered_blocked=1:idle_no_stack=1:kthread_no_info=1:user_no_kstack=1:sig_deliverable_user=4]
[DISPATCH_STRAND_CENSUS:seq=757:tick=130050:ms=920198:saved=11:stranded=0:tids=-:tid_overflow=0:ledger_overflow=0:save_no_thread=1:save_no_proc=1:save_no_pm=1:sig_pending_blocked=1:sig_ctx_blocked=1:sig_delivered_blocked=1:idle_no_stack=1:kthread_no_info=1:user_no_kstack=1:sig_deliverable_user=4]
[DISPATCH_STRAND_CENSUS:seq=758:tick=130251:ms=921202:saved=11:stranded=0:tids=-:tid_overflow=0:ledger_overflow=0:save_no_thread=1:save_no_proc=1:save_no_pm=1:sig_pending_blocked=1:sig_ctx_blocked=1:sig_delivered_blocked=1:idle_no_stack=1:kthread_no_info=1:user_no_kstack=1:sig_deliverable_user=4]
[DISPATCH_STRAND_CENSUS:seq=759:tick=130452:ms=922206:saved=11:stranded=0:tids=-:tid_overflow=0:ledger_overflow=0:save_no_thread=1:save_no_proc=1:save_no_pm=1:sig_pending_blocked=1:sig_ctx_blocked=1:sig_delivered_blocked=1:idle_no_stack=1:kthread_no_info=1:user_no_kstack=1:sig_deliverable_user=4]
[DISPATCH_STRAND_CENSUS:seq=760:tick=130653:ms=923210:saved=11:stranded=0:tids=-:tid_overflow=0:ledger_overflow=0:save_no_thread=1:save_no_proc=1:save_no_pm=1:sig_pending_blocked=1:sig_ctx_blocked=1:sig_delivered_blocked=1:idle_no_stack=1:kthread_no_info=1:user_no_kstack=1:sig_deliverable_user=4]
[DISPATCH_STRAND_CENSUS:seq=761:tick=130854:ms=924214:saved=11:stranded=0:tids=-:tid_overflow=0:ledger_overflow=0:save_no_thread=1:save_no_proc=1:save_no_pm=1:sig_pending_blocked=1:sig_ctx_blocked=1:sig_delivered_blocked=1:idle_no_stack=1:kthread_no_info=1:user_no_kstack=1:sig_deliverable_user=4]
[DISPATCH_STRAND_CENSUS:seq=762:tick=131055:ms=925218:saved=11:stranded=0:tids=-:tid_overflow=0:ledger_overflow=0:save_no_thread=1:save_no_proc=1:save_no_pm=1:sig_pending_blocked=1:sig_ctx_blocked=1:sig_delivered_blocked=1:idle_no_stack=1:kthread_no_info=1:user_no_kstack=1:sig_deliverable_user=4]
[DISPATCH_STRAND_CENSUS:seq=763:tick=131256:ms=926222:saved=11:stranded=0:tids=-:tid_overflow=0:ledger_overflow=0:save_no_thread=1:save_no_proc=1:save_no_pm=1:sig_pending_blocked=1:sig_ctx_blocked=1:sig_delivered_blocked=1:idle_no_stack=1:kthread_no_info=1:user_no_kstack=1:sig_deliverable_user=4]
Next thread from queue: 1, cpu: 0
Idle thread 1 is alone, continuing (no switch needed)
[DISPATCH_STRAND_CENSUS:seq=764:tick=131457:ms=927226:saved=11:stranded=0:tids=-:tid_overflow=0:ledger_overflow=0:save_no_thread=1:save_no_proc=1:save_no_pm=1:sig_pending_blocked=1:sig_ctx_blocked=1:sig_delivered_blocked=1:idle_no_stack=1:kthread_no_info=1:user_no_kstack=1:sig_deliverable_user=4]
[DISPATCH_STRAND_CENSUS:seq=765:tick=131658:ms=928230:saved=11:stranded=0:tids=-:tid_overflow=0:ledger_overflow=0:save_no_thread=1:save_no_proc=1:save_no_pm=1:sig_pending_blocked=1:sig_ctx_blocked=1:sig_delivered_blocked=1:idle_no_stack=1:kthread_no_info=1:user_no_kstack=1:sig_deliverable_user=4]
[DISPATCH_STRAND_CENSUS:seq=766:tick=131859:ms=929234:saved=11:stranded=0:tids=-:tid_overflow=0:ledger_overflow=0:save_no_thread=1:save_no_proc=1:save_no_pm=1:sig_pending_blocked=1:sig_ctx_blocked=1:sig_delivered_blocked=1:idle_no_stack=1:kthread_no_info=1:user_no_kstack=1:sig_deliverable_user=4]
[DISPATCH_STRAND_CENSUS:seq=767:tick=132060:ms=930238:saved=11:stranded=0:tids=-:tid_overflow=0:ledger_overflow=0:save_no_thread=1:save_no_proc=1:save_no_pm=1:sig_pending_blocked=1:sig_ctx_blocked=1:sig_delivered_blocked=1:idle_no_stack=1:kthread_no_info=1:user_no_kstack=1:sig_deliverable_user=4]
[DISPATCH_STRAND_CENSUS:seq=768:tick=132261:ms=931242:saved=11:stranded=0:tids=-:tid_overflow=0:ledger_overflow=0:save_no_thread=1:save_no_proc=1:save_no_pm=1:sig_pending_blocked=1:sig_ctx_blocked=1:sig_delivered_blocked=1:idle_no_stack=1:kthread_no_info=1:user_no_kstack=1:sig_deliverable_user=4]
[DISPATCH_STRAND_CENSUS:seq=769:tick=132462:ms=932246:saved=11:stranded=0:tids=-:tid_overflow=0:ledger_overflow=0:save_no_thread=1:save_no_proc=1:save_no_pm=1:sig_pending_blocked=1:sig_ctx_blocked=1:sig_delivered_blocked=1:idle_no_stack=1:kthread_no_info=1:user_no_kstack=1:sig_deliverable_user=4]
[DISPATCH_STRAND_CENSUS:seq=770:tick=132663:ms=933250:saved=11:stranded=0:tids=-:tid_overflow=0:ledger_overflow=0:save_no_thread=1:save_no_proc=1:save_no_pm=1:sig_pending_blocked=1:sig_ctx_blocked=1:sig_delivered_blocked=1:idle_no_stack=1:kthread_no_info=1:user_no_kstack=1:sig_deliverable_user=4]
[DISPATCH_STRAND_CENSUS:seq=771:tick=132864:ms=934255:saved=11:stranded=0:tids=-:tid_overflow=0:ledger_overflow=0:save_no_thread=1:save_no_proc=1:save_no_pm=1:sig_pending_blocked=1:sig_ctx_blocked=1:sig_delivered_blocked=1:idle_no_stack=1:kthread_no_info=1:user_no_kstack=1:sig_deliverable_user=4]
[DISPATCH_STRAND_CENSUS:seq=772:tick=133065:ms=935258:saved=11:stranded=0:tids=-:tid_overflow=0:ledger_overflow=0:save_no_thread=1:save_no_proc=1:save_no_pm=1:sig_pending_blocked=1:sig_ctx_blocked=1:sig_delivered_blocked=1:idle_no_stack=1:kthread_no_info=1:user_no_kstack=1:sig_deliverable_user=4]
[DISPATCH_STRAND_CENSUS:seq=773:tick=133266:ms=936263:saved=11:stranded=0:tids=-:tid_overflow=0:ledger_overflow=0:save_no_thread=1:save_no_proc=1:save_no_pm=1:sig_pending_blocked=1:sig_ctx_blocked=1:sig_delivered_blocked=1:idle_no_stack=1:kthread_no_info=1:user_no_kstack=1:sig_deliverable_user=4]
[DISPATCH_STRAND_CENSUS:seq=774:tick=133467:ms=937267:saved=11:stranded=0:tids=-:tid_overflow=0:ledger_overflow=0:save_no_thread=1:save_no_proc=1:save_no_pm=1:sig_pending_blocked=1:sig_ctx_blocked=1:sig_delivered_blocked=1:idle_no_stack=1:kthread_no_info=1:user_no_kstack=1:sig_deliverable_user=4]
[DISPATCH_STRAND_CENSUS:seq=775:tick=133668:ms=938271:saved=11:stranded=0:tids=-:tid_overflow=0:ledger_overflow=0:save_no_thread=1:save_no_proc=1:save_no_pm=1:sig_pending_blocked=1:sig_ctx_blocked=1:sig_delivered_blocked=1:idle_no_stack=1:kthread_no_info=1:user_no_kstack=1:sig_deliverable_user=4]
[DISPATCH_STRAND_CENSUS:seq=776:tick=133859:ms=939275:saved=11:stranded=0:tids=-:tid_overflow=0:ledger_overflow=0:save_no_thread=1:save_no_proc=1:save_no_pm=1:sig_pending_blocked=1:sig_ctx_blocked=1:sig_delivered_blocked=1:idle_no_stack=1:kthread_no_info=1:user_no_kstack=1:sig_deliverable_user=4]
[DISPATCH_STRAND_CENSUS:seq=777:tick=134060:ms=940279:saved=11:stranded=0:tids=-:tid_overflow=0:ledger_overflow=0:save_no_thread=1:save_no_proc=1:save_no_pm=1:sig_pending_blocked=1:sig_ctx_blocked=1:sig_delivered_blocked=1:idle_no_stack=1:kthread_no_info=1:user_no_kstack=1:sig_deliverable_user=4]
[DISPATCH_STRAND_CENSUS:seq=778:tick=134261:ms=941283:saved=11:stranded=0:tids=-:tid_overflow=0:ledger_overflow=0:save_no_thread=1:save_no_proc=1:save_no_pm=1:sig_pending_blocked=1:sig_ctx_blocked=1:sig_delivered_blocked=1:idle_no_stack=1:kthread_no_info=1:user_no_kstack=1:sig_deliverable_user=4]
[DISPATCH_STRAND_CENSUS:seq=779:tick=134462:ms=942287:saved=11:stranded=0:tids=-:tid_overflow=0:ledger_overflow=0:save_no_thread=1:save_no_proc=1:save_no_pm=1:sig_pending_blocked=1:sig_ctx_blocked=1:sig_delivered_blocked=1:idle_no_stack=1:kthread_no_info=1:user_no_kstack=1:sig_deliverable_user=4]
[DISPATCH_STRAND_CENSUS:seq=780:tick=134663:ms=943291:saved=11:stranded=0:tids=-:tid_overflow=0:ledger_overflow=0:save_no_thread=1:save_no_proc=1:save_no_pm=1:sig_pending_blocked=1:sig_ctx_blocked=1:sig_delivered_blocked=1:idle_no_stack=1:kthread_no_info=1:user_no_kstack=1:sig_deliverable_user=4]
[DISPATCH_STRAND_CENSUS:seq=781:tick=134864:ms=944295:saved=11:stranded=0:tids=-:tid_overflow=0:ledger_overflow=0:save_no_thread=1:save_no_proc=1:save_no_pm=1:sig_pending_blocked=1:sig_ctx_blocked=1:sig_delivered_blocked=1:idle_no_stack=1:kthread_no_info=1:user_no_kstack=1:sig_deliverable_user=4]
[DISPATCH_STRAND_CENSUS:seq=782:tick=135065:ms=945299:saved=11:stranded=0:tids=-:tid_overflow=0:ledger_overflow=0:save_no_thread=1:save_no_proc=1:save_no_pm=1:sig_pending_blocked=1:sig_ctx_blocked=1:sig_delivered_blocked=1:idle_no_stack=1:kthread_no_info=1:user_no_kstack=1:sig_deliverable_user=4]
[DISPATCH_STRAND_CENSUS:seq=783:tick=135266:ms=946303:saved=11:stranded=0:tids=-:tid_overflow=0:ledger_overflow=0:save_no_thread=1:save_no_proc=1:save_no_pm=1:sig_pending_blocked=1:sig_ctx_blocked=1:sig_delivered_blocked=1:idle_no_stack=1:kthread_no_info=1:user_no_kstack=1:sig_deliverable_user=4]
[DISPATCH_STRAND_CENSUS:seq=784:tick=135467:ms=947307:saved=11:stranded=0:tids=-:tid_overflow=0:ledger_overflow=0:save_no_thread=1:save_no_proc=1:save_no_pm=1:sig_pending_blocked=1:sig_ctx_blocked=1:sig_delivered_blocked=1:idle_no_stack=1:kthread_no_info=1:user_no_kstack=1:sig_deliverable_user=4]
[DISPATCH_STRAND_CENSUS:seq=785:tick=135668:ms=948311:saved=11:stranded=0:tids=-:tid_overflow=0:ledger_overflow=0:save_no_thread=1:save_no_proc=1:save_no_pm=1:sig_pending_blocked=1:sig_ctx_blocked=1:sig_delivered_blocked=1:idle_no_stack=1:kthread_no_info=1:user_no_kstack=1:sig_deliverable_user=4]
[DISPATCH_STRAND_CENSUS:seq=786:tick=135869:ms=949315:saved=11:stranded=0:tids=-:tid_overflow=0:ledger_overflow=0:save_no_thread=1:save_no_proc=1:save_no_pm=1:sig_pending_blocked=1:sig_ctx_blocked=1:sig_delivered_blocked=1:idle_no_stack=1:kthread_no_info=1:user_no_kstack=1:sig_deliverable_user=4]
Next thread from queue: 1, cpu: 0
Idle thread 1 is alone, continuing (no switch needed)
[DISPATCH_STRAND_CENSUS:seq=787:tick=136070:ms=950318:saved=11:stranded=0:tids=-:tid_overflow=0:ledger_overflow=0:save_no_thread=1:save_no_proc=1:save_no_pm=1:sig_pending_blocked=1:sig_ctx_blocked=1:sig_delivered_blocked=1:idle_no_stack=1:kthread_no_info=1:user_no_kstack=1:sig_deliverable_user=4]
[DISPATCH_STRAND_CENSUS:seq=788:tick=136271:ms=951323:saved=11:stranded=0:tids=-:tid_overflow=0:ledger_overflow=0:save_no_thread=1:save_no_proc=1:save_no_pm=1:sig_pending_blocked=1:sig_ctx_blocked=1:sig_delivered_blocked=1:idle_no_stack=1:kthread_no_info=1:user_no_kstack=1:sig_deliverable_user=4]
[DISPATCH_STRAND_CENSUS:seq=789:tick=136472:ms=952327:saved=11:stranded=0:tids=-:tid_overflow=0:ledger_overflow=0:save_no_thread=1:save_no_proc=1:save_no_pm=1:sig_pending_blocked=1:sig_ctx_blocked=1:sig_delivered_blocked=1:idle_no_stack=1:kthread_no_info=1:user_no_kstack=1:sig_deliverable_user=4]
[DISPATCH_STRAND_CENSUS:seq=790:tick=136673:ms=953331:saved=11:stranded=0:tids=-:tid_overflow=0:ledger_overflow=0:save_no_thread=1:save_no_proc=1:save_no_pm=1:sig_pending_blocked=1:sig_ctx_blocked=1:sig_delivered_blocked=1:idle_no_stack=1:kthread_no_info=1:user_no_kstack=1:sig_deliverable_user=4]
[DISPATCH_STRAND_CENSUS:seq=791:tick=136874:ms=954335:saved=11:stranded=0:tids=-:tid_overflow=0:ledger_overflow=0:save_no_thread=1:save_no_proc=1:save_no_pm=1:sig_pending_blocked=1:sig_ctx_blocked=1:sig_delivered_blocked=1:idle_no_stack=1:kthread_no_info=1:user_no_kstack=1:sig_deliverable_user=4]
[DISPATCH_STRAND_CENSUS:seq=792:tick=137075:ms=955339:saved=11:stranded=0:tids=-:tid_overflow=0:ledger_overflow=0:save_no_thread=1:save_no_proc=1:save_no_pm=1:sig_pending_blocked=1:sig_ctx_blocked=1:sig_delivered_blocked=1:idle_no_stack=1:kthread_no_info=1:user_no_kstack=1:sig_deliverable_user=4]
[DISPATCH_STRAND_CENSUS:seq=793:tick=137276:ms=956343:saved=11:stranded=0:tids=-:tid_overflow=0:ledger_overflow=0:save_no_thread=1:save_no_proc=1:save_no_pm=1:sig_pending_blocked=1:sig_ctx_blocked=1:sig_delivered_blocked=1:idle_no_stack=1:kthread_no_info=1:user_no_kstack=1:sig_deliverable_user=4]
[DISPATCH_STRAND_CENSUS:seq=794:tick=137477:ms=957346:saved=11:stranded=0:tids=-:tid_overflow=0:ledger_overflow=0:save_no_thread=1:save_no_proc=1:save_no_pm=1:sig_pending_blocked=1:sig_ctx_blocked=1:sig_delivered_blocked=1:idle_no_stack=1:kthread_no_info=1:user_no_kstack=1:sig_deliverable_user=4]
[DISPATCH_STRAND_CENSUS:seq=795:tick=137678:ms=958350:saved=11:stranded=0:tids=-:tid_overflow=0:ledger_overflow=0:save_no_thread=1:save_no_proc=1:save_no_pm=1:sig_pending_blocked=1:sig_ctx_blocked=1:sig_delivered_blocked=1:idle_no_stack=1:kthread_no_info=1:user_no_kstack=1:sig_deliverable_user=4]
[DISPATCH_STRAND_CENSUS:seq=796:tick=137879:ms=959356:saved=11:stranded=0:tids=-:tid_overflow=0:ledger_overflow=0:save_no_thread=1:save_no_proc=1:save_no_pm=1:sig_pending_blocked=1:sig_ctx_blocked=1:sig_delivered_blocked=1:idle_no_stack=1:kthread_no_info=1:user_no_kstack=1:sig_deliverable_user=4]
[DISPATCH_STRAND_CENSUS:seq=797:tick=138080:ms=960362:saved=11:stranded=0:tids=-:tid_overflow=0:ledger_overflow=0:save_no_thread=1:save_no_proc=1:save_no_pm=1:sig_pending_blocked=1:sig_ctx_blocked=1:sig_delivered_blocked=1:idle_no_stack=1:kthread_no_info=1:user_no_kstack=1:sig_deliverable_user=4]
[DISPATCH_STRAND_CENSUS:seq=798:tick=138281:ms=961364:saved=11:stranded=0:tids=-:tid_overflow=0:ledger_overflow=0:save_no_thread=1:save_no_proc=1:save_no_pm=1:sig_pending_blocked=1:sig_ctx_blocked=1:sig_delivered_blocked=1:idle_no_stack=1:kthread_no_info=1:user_no_kstack=1:sig_deliverable_user=4]
[DISPATCH_STRAND_CENSUS:seq=799:tick=138482:ms=962367:saved=11:stranded=0:tids=-:tid_overflow=0:ledger_overflow=0:save_no_thread=1:save_no_proc=1:save_no_pm=1:sig_pending_blocked=1:sig_ctx_blocked=1:sig_delivered_blocked=1:idle_no_stack=1:kthread_no_info=1:user_no_kstack=1:sig_deliverable_user=4]
[DISPATCH_STRAND_CENSUS:seq=800:tick=138683:ms=963371:saved=11:stranded=0:tids=-:tid_overflow=0:ledger_overflow=0:save_no_thread=1:save_no_proc=1:save_no_pm=1:sig_pending_blocked=1:sig_ctx_blocked=1:sig_delivered_blocked=1:idle_no_stack=1:kthread_no_info=1:user_no_kstack=1:sig_deliverable_user=4]
[DISPATCH_STRAND_CENSUS:seq=801:tick=138884:ms=964376:saved=11:stranded=0:tids=-:tid_overflow=0:ledger_overflow=0:save_no_thread=1:save_no_proc=1:save_no_pm=1:sig_pending_blocked=1:sig_ctx_blocked=1:sig_delivered_blocked=1:idle_no_stack=1:kthread_no_info=1:user_no_kstack=1:sig_deliverable_user=4]
[DISPATCH_STRAND_CENSUS:seq=802:tick=139085:ms=965379:saved=11:stranded=0:tids=-:tid_overflow=0:ledger_overflow=0:save_no_thread=1:save_no_proc=1:save_no_pm=1:sig_pending_blocked=1:sig_ctx_blocked=1:sig_delivered_blocked=1:idle_no_stack=1:kthread_no_info=1:user_no_kstack=1:sig_deliverable_user=4]
[DISPATCH_STRAND_CENSUS:seq=803:tick=139286:ms=966383:saved=11:stranded=0:tids=-:tid_overflow=0:ledger_overflow=0:save_no_thread=1:save_no_proc=1:save_no_pm=1:sig_pending_blocked=1:sig_ctx_blocked=1:sig_delivered_blocked=1:idle_no_stack=1:kthread_no_info=1:user_no_kstack=1:sig_deliverable_user=4]
[DISPATCH_STRAND_CENSUS:seq=804:tick=139487:ms=967388:saved=11:stranded=0:tids=-:tid_overflow=0:ledger_overflow=0:save_no_thread=1:save_no_proc=1:save_no_pm=1:sig_pending_blocked=1:sig_ctx_blocked=1:sig_delivered_blocked=1:idle_no_stack=1:kthread_no_info=1:user_no_kstack=1:sig_deliverable_user=4]
[DISPATCH_STRAND_CENSUS:seq=805:tick=139688:ms=968392:saved=11:stranded=0:tids=-:tid_overflow=0:ledger_overflow=0:save_no_thread=1:save_no_proc=1:save_no_pm=1:sig_pending_blocked=1:sig_ctx_blocked=1:sig_delivered_blocked=1:idle_no_stack=1:kthread_no_info=1:user_no_kstack=1:sig_deliverable_user=4]
[DISPATCH_STRAND_CENSUS:seq=806:tick=139889:ms=969396:saved=11:stranded=0:tids=-:tid_overflow=0:ledger_overflow=0:save_no_thread=1:save_no_proc=1:save_no_pm=1:sig_pending_blocked=1:sig_ctx_blocked=1:sig_delivered_blocked=1:idle_no_stack=1:kthread_no_info=1:user_no_kstack=1:sig_deliverable_user=4]
[DISPATCH_STRAND_CENSUS:seq=807:tick=140090:ms=970400:saved=11:stranded=0:tids=-:tid_overflow=0:ledger_overflow=0:save_no_thread=1:save_no_proc=1:save_no_pm=1:sig_pending_blocked=1:sig_ctx_blocked=1:sig_delivered_blocked=1:idle_no_stack=1:kthread_no_info=1:user_no_kstack=1:sig_deliverable_user=4]
[DISPATCH_STRAND_CENSUS:seq=808:tick=140291:ms=971404:saved=11:stranded=0:tids=-:tid_overflow=0:ledger_overflow=0:save_no_thread=1:save_no_proc=1:save_no_pm=1:sig_pending_blocked=1:sig_ctx_blocked=1:sig_delivered_blocked=1:idle_no_stack=1:kthread_no_info=1:user_no_kstack=1:sig_deliverable_user=4]
[DISPATCH_STRAND_CENSUS:seq=809:tick=140492:ms=972408:saved=11:stranded=0:tids=-:tid_overflow=0:ledger_overflow=0:save_no_thread=1:save_no_proc=1:save_no_pm=1:sig_pending_blocked=1:sig_ctx_blocked=1:sig_delivered_blocked=1:idle_no_stack=1:kthread_no_info=1:user_no_kstack=1:sig_deliverable_user=4]
[DISPATCH_STRAND_CENSUS:seq=810:tick=140693:ms=973411:saved=11:stranded=0:tids=-:tid_overflow=0:ledger_overflow=0:save_no_thread=1:save_no_proc=1:save_no_pm=1:sig_pending_blocked=1:sig_ctx_blocked=1:sig_delivered_blocked=1:idle_no_stack=1:kthread_no_info=1:user_no_kstack=1:sig_deliverable_user=4]
Next thread from queue: 1, cpu: 0
Idle thread 1 is alone, continuing (no switch needed)
[DISPATCH_STRAND_CENSUS:seq=811:tick=140894:ms=974415:saved=11:stranded=0:tids=-:tid_overflow=0:ledger_overflow=0:save_no_thread=1:save_no_proc=1:save_no_pm=1:sig_pending_blocked=1:sig_ctx_blocked=1:sig_delivered_blocked=1:idle_no_stack=1:kthread_no_info=1:user_no_kstack=1:sig_deliverable_user=4]
[DISPATCH_STRAND_CENSUS:seq=812:tick=141095:ms=975419:saved=11:stranded=0:tids=-:tid_overflow=0:ledger_overflow=0:save_no_thread=1:save_no_proc=1:save_no_pm=1:sig_pending_blocked=1:sig_ctx_blocked=1:sig_delivered_blocked=1:idle_no_stack=1:kthread_no_info=1:user_no_kstack=1:sig_deliverable_user=4]
[DISPATCH_STRAND_CENSUS:seq=813:tick=141296:ms=976424:saved=11:stranded=0:tids=-:tid_overflow=0:ledger_overflow=0:save_no_thread=1:save_no_proc=1:save_no_pm=1:sig_pending_blocked=1:sig_ctx_blocked=1:sig_delivered_blocked=1:idle_no_stack=1:kthread_no_info=1:user_no_kstack=1:sig_deliverable_user=4]
[DISPATCH_STRAND_CENSUS:seq=814:tick=141497:ms=977428:saved=11:stranded=0:tids=-:tid_overflow=0:ledger_overflow=0:save_no_thread=1:save_no_proc=1:save_no_pm=1:sig_pending_blocked=1:sig_ctx_blocked=1:sig_delivered_blocked=1:idle_no_stack=1:kthread_no_info=1:user_no_kstack=1:sig_deliverable_user=4]
[DISPATCH_STRAND_CENSUS:seq=815:tick=141698:ms=978432:saved=11:stranded=0:tids=-:tid_overflow=0:ledger_overflow=0:save_no_thread=1:save_no_proc=1:save_no_pm=1:sig_pending_blocked=1:sig_ctx_blocked=1:sig_delivered_blocked=1:idle_no_stack=1:kthread_no_info=1:user_no_kstack=1:sig_deliverable_user=4]
[DISPATCH_STRAND_CENSUS:seq=816:tick=141899:ms=979436:saved=11:stranded=0:tids=-:tid_overflow=0:ledger_overflow=0:save_no_thread=1:save_no_proc=1:save_no_pm=1:sig_pending_blocked=1:sig_ctx_blocked=1:sig_delivered_blocked=1:idle_no_stack=1:kthread_no_info=1:user_no_kstack=1:sig_deliverable_user=4]
[DISPATCH_STRAND_CENSUS:seq=817:tick=142101:ms=980443:saved=11:stranded=0:tids=-:tid_overflow=0:ledger_overflow=0:save_no_thread=1:save_no_proc=1:save_no_pm=1:sig_pending_blocked=1:sig_ctx_blocked=1:sig_delivered_blocked=1:idle_no_stack=1:kthread_no_info=1:user_no_kstack=1:sig_deliverable_user=4]
[DISPATCH_STRAND_CENSUS:seq=818:tick=142301:ms=981444:saved=11:stranded=0:tids=-:tid_overflow=0:ledger_overflow=0:save_no_thread=1:save_no_proc=1:save_no_pm=1:sig_pending_blocked=1:sig_ctx_blocked=1:sig_delivered_blocked=1:idle_no_stack=1:kthread_no_info=1:user_no_kstack=1:sig_deliverable_user=4]
[DISPATCH_STRAND_CENSUS:seq=819:tick=142502:ms=982449:saved=11:stranded=0:tids=-:tid_overflow=0:ledger_overflow=0:save_no_thread=1:save_no_proc=1:save_no_pm=1:sig_pending_blocked=1:sig_ctx_blocked=1:sig_delivered_blocked=1:idle_no_stack=1:kthread_no_info=1:user_no_kstack=1:sig_deliverable_user=4]
[DISPATCH_STRAND_CENSUS:seq=820:tick=142703:ms=983453:saved=11:stranded=0:tids=-:tid_overflow=0:ledger_overflow=0:save_no_thread=1:save_no_proc=1:save_no_pm=1:sig_pending_blocked=1:sig_ctx_blocked=1:sig_delivered_blocked=1:idle_no_stack=1:kthread_no_info=1:user_no_kstack=1:sig_deliverable_user=4]
[DISPATCH_STRAND_CENSUS:seq=821:tick=142904:ms=984457:saved=11:stranded=0:tids=-:tid_overflow=0:ledger_overflow=0:save_no_thread=1:save_no_proc=1:save_no_pm=1:sig_pending_blocked=1:sig_ctx_blocked=1:sig_delivered_blocked=1:idle_no_stack=1:kthread_no_info=1:user_no_kstack=1:sig_deliverable_user=4]
[DISPATCH_STRAND_CENSUS:seq=822:tick=143105:ms=985461:saved=11:stranded=0:tids=-:tid_overflow=0:ledger_overflow=0:save_no_thread=1:save_no_proc=1:save_no_pm=1:sig_pending_blocked=1:sig_ctx_blocked=1:sig_delivered_blocked=1:idle_no_stack=1:kthread_no_info=1:user_no_kstack=1:sig_deliverable_user=4]
[DISPATCH_STRAND_CENSUS:seq=823:tick=143306:ms=986465:saved=11:stranded=0:tids=-:tid_overflow=0:ledger_overflow=0:save_no_thread=1:save_no_proc=1:save_no_pm=1:sig_pending_blocked=1:sig_ctx_blocked=1:sig_delivered_blocked=1:idle_no_stack=1:kthread_no_info=1:user_no_kstack=1:sig_deliverable_user=4]
[DISPATCH_STRAND_CENSUS:seq=824:tick=143507:ms=987470:saved=11:stranded=0:tids=-:tid_overflow=0:ledger_overflow=0:save_no_thread=1:save_no_proc=1:save_no_pm=1:sig_pending_blocked=1:sig_ctx_blocked=1:sig_delivered_blocked=1:idle_no_stack=1:kthread_no_info=1:user_no_kstack=1:sig_deliverable_user=4]
[DISPATCH_STRAND_CENSUS:seq=825:tick=143708:ms=988472:saved=11:stranded=0:tids=-:tid_overflow=0:ledger_overflow=0:save_no_thread=1:save_no_proc=1:save_no_pm=1:sig_pending_blocked=1:sig_ctx_blocked=1:sig_delivered_blocked=1:idle_no_stack=1:kthread_no_info=1:user_no_kstack=1:sig_deliverable_user=4]

==> /root/breenix-t963-tmp/breenix_x86_boot_tests_1/serial_user.txt <==
<S>[SW]<T><U><R>  PASS: accepted a connection through the dup'd fd after the original closed

Step 5: close the last fd; the listener must now actually retire...
  PASS: port 9110 was free after the last fd closed (listener genuinely retired)

=== All TCP dup'd-listener tests passed! ===
claim-lint:ok: #963 captured guest output only; not a new landing verdict.
TCP_DUP_LISTENER_TEST_PASSED
<S>[SW]<T><U><R>[COW FAULT #1] addr=0x7fffff0bee78 cr3=0x5940000
[COW FAULT #2] addr=0x40018058 cr3=0x5940000
[COW FAULT #3] addr=0x7ffffdffe010 cr3=0x5940000

[COW FAULT #4] addr=0x7ffffdfff010 cr3=0x5940000
claim-lint:ok: #963 captured guest output only; not a new landing verdict.
Step 4: parent waiting for child (pid=121)...
[SW]<T><B>[SW]<T><U><R><S>[SW]<T><U><R>HTTP Test: Starting
HTTP_TEST: testing port out of range...
[DIAG:PAGEFAULT] ==============================
[DIAG:PAGEFAULT] Fault addr: 0x7fffff0cee28
[DIAG:PAGEFAULT] Error code: 0x6
[DIAG:PAGEFAULT] RIP: 0x400070b8
[DIAG:PAGEFAULT] CS: 0x33
[DIAG:PAGEFAULT] RFLAGS: 0x246
[DIAG:PAGEFAULT] RSP: 0x7fffff0cedf0
[DIAG:PAGEFAULT] SS: 0x2b
[DIAG:PAGEFAULT] CR3: 0x5aa7000
[DIAG:PAGEFAULT] ==============================
PF0?PF_ENTRY!
PF @ 0x7fffff0cee28 Error: 0x6 (P=0, W=1, U=1, I=0)
F[DIAG:PAGEFAULT] ==============================
[DIAG:PAGEFAULT] Fault addr: 0x7fffff0cdfc8
[DIAG:PAGEFAULT] Error code: 0x6
[DIAG:PAGEFAULT] RIP: 0x40002ee4
[DIAG:PAGEFAULT] CS: 0x33
[DIAG:PAGEFAULT] RFLAGS: 0x202
[DIAG:PAGEFAULT] RSP: 0x7fffff0cdfd0
[DIAG:PAGEFAULT] SS: 0x2b
[DIAG:PAGEFAULT] CR3: 0x5aa7000
[DIAG:PAGEFAULT] ==============================
PF0?PF_ENTRY!
PF @ 0x7fffff0cdfc8 Error: 0x6 (P=0, W=1, U=1, I=0)
FHTTP_TEST: port_out_of_range OK
HTTP_TEST: testing non-numeric port...
HTTP_TEST: port_non_numeric OK
HTTP_TEST: testing empty host...
HTTP_TEST: empty_host OK
HTTP_TEST: testing URL too long...
HTTP_TEST: url_too_long OK
HTTP_TEST: testing HTTPS URL parsing...
<S>[SW]<T><U><R>[TEST:userspace:loopback_recv_wake:START]
<S>[SW]<K>UDP: Delivered packet to socket on port 49153
[SW]<T><U><R>[COW FAULT #5] addr=0x7fffff0f1e88 cr3=0x5722000
[SW]<T><U><R><S>[SW]<T><U><R>CLONEVM_EXEC_TEST: child live
CLONEVM_EXEC_TEST: SKIP live-sibling probe (no x86 guard, see #468)
<S>[SW]<T><U><R>[SW]<T><U><R>[DF_PREEMPT] window 1 end elapsed_ms=35 rflags_before_cld=0x646 rflags_after_cld=0x246
[DF_PREEMPT] window 2 begin iterations=80000000
<S>[SW]<T><B>[FUTEX_HANDOFF_ORACLE:x86:driven=2:stage1_ret=EAGAIN:stage1_wake=0:stage1_parked=0:stage2_ret=0:stage2_wake=1:stage2_parked=0:stage3_ret=ETIMEDOUT:stage3_elapsed_ok=1:stage3_elapsed_ms=61:arm_delay_us=128:rescues=0:queue_residual=0:balance=0]
[FUTEX_HANDOFF_ORACLE_DRIVER:s1=-11:s2=0:s3=-110]
<S>[SW]<K>[SW]<T><U><R>UDP: Sent packet 2, bytes=4
UDP: Delivered packet to socket on port 54326
UDP: Sent packet 3, bytes=4
<S>[SW]<T><U><R><S>[SW]<T><B>[SW]<T><U><R>DNS Test: Starting
DNS_TEST: resolving www.google.com...
<S>[SW]<T><U><R><S>[SW]<T><U><R>[COW FAULT #6] addr=0x7fffff0f1e88 cr3=0x5b94000
<S>[SW]<K>[SW]<T><U><R>[COW FAULT #7] addr=0x7fffff0f1e88 cr3=0x593f000
<S>[SW]<T><U><R><S>[SW]<T><U><R>CLONEVM_EXEC_TEST: child exited
[SW]<T><U><R><S>[SW]<K>[SW]<T><U><R>UDP: Received packet 1, bytes=4
UDP: Received packet 2, bytes=4
UDP: Received packet 3, bytes=4
UDP_MULTIPACKET_TEST: 3 packets OK
UDP Socket Test: All tests passed!
<S>[SW]<T><U><R>TCP_SHUTDOWN_WRITE_TEST: EPIPE OK
TCP_SHUT_RD_TEST: starting
<S>[SW]<T><B>[SW]<T><U><R><S>[SW]<T><U><R>[dns] 'example.com' via 8.8.8.8: Timeout (3129ms)
UDP: Delivered packet to socket on port 49154
<S>[SW]<T><U><R>[COW FAULT #8] addr=0x7fffff0f1e88 cr3=0x5b94000
<S>[SW]<K>[SW]<T><U><R>[COW FAULT #9] addr=0x7fffff0f1e88 cr3=0x5da7000
[SW]<T><B>[SW]<T><U><R><S>[SW]<T><U><R><S>[SW]<K>[SW]<T><U><R>TCP_SHUT_RD_TEST: EOF OK
TCP_SHUT_WR_TEST: starting
<S>[SW]<T><B>[SW]<T><B>[SW]<T><U><R>DNS_TEST: google_resolve SKIP (network unavailable)
DNS_TEST: resolving example.com...
<S>[SW]<T><U><R>[dns] 'example.com' via 10.211.55.1<S>[SW]<T><U><R>[COW FAULT #10] addr=0x7fffff0f1e88 cr3=0x5b94000
<S>[SW]<T><U><R>[COW FAULT #11] addr=0x7fffff0f1e88 cr3=0x5f04000
[SW]<T><B>[COW FAULT #12] addr=0x40017058 cr3=0x5722000
[COW FAULT #13] addr=0x7ffffdffe010 cr3=0x5722000
[COW FAULT #14] addr=0x7ffffdfff010 cr3=0x5722000
LOOPBACK_WAKE_TEST: data latency_ms=964 bytes=16
LOOPBACK_WAKE_TEST: reader_stamps pid=123 w0=527807 acc=527787 pre=527787 data=528771 w0_to_pre=0 pre_to_data=984 lat=964
[SW]<K>[SW]<T><U><R>[COW FAULT #15] addr=0x40017058 cr3=0x593f000
[COW FAULT #16] addr=0x7ffffdffe010 cr3=0x593f000
[COW FAULT #17] addr=0x7ffffdfff010 cr3=0x593f000
LOOPBACK_WAKE_TEST: peer_stamps pid=124 conn=527807 w0=527807 w1=528805 write_ms=998
[SW]<T><U><R><S>[SW]<K>[SW]<T><U><R><S>[SW]<T><B>[SW]<T><B>[SW]<T><U><R><S>[SW]<T><U><R>: Timeout (1676ms)
<S>[SW]<T><U><R>[COW FAULT #18] addr=0x7fffff0f1e88 cr3=0x5b94000
[SW]<T><B>UDP: Delivered packet to socket on port 49156
<S>[SW]<T><U><R><S>[SW]<K>[SW]<T><U><R>TCP_SHUT_WR_TEST: SHUT_WR write rejected OK
TCP_SHUT_WR_TEST: server saw FIN OK
TCP_BIDIR_TEST: starting
<S>[SW]<T><B>[SW]<T><B>[SW]<T><U><R><S>[SW]<T><U><R><S>[SW]<T><B><S>[SW]<T><U><R><S>[SW]<T><U><R>[DF_PREEMPT] window 2 end elapsed_ms=4647 rflags_before_cld=0x646 rflags_after_cld=0x246
[DF_PREEMPT] window 3 begin iterations=80000000
<S>[SW]<K>[SW]<T><U><R><S>[SW]<T><B>[SW]<T><B>[SW]<T><U><R><S>[SW]<T><U><R><S>[SW]<T><B>[SW]<T><B>LOOPBACK_WAKE_TEST: eof wait_ms=498 bytes=0
LOOPBACK_WAKE_TEST: reader_eof_stamps ready=528778 eof=529276 eof_wait=498
<S>[SW]<T><U><R><S>[SW]<T><U><R><S>[SW]<K>[SW]<T><U><R>TCP_BIDIR_TEST: server->client OK
TCP_LARGE_TEST: starting
<S>[SW]<T><B>[SW]<T><B>[SW]<T><U><R>DNS_TEST: resolved ip=104.20.23.154
DNS_TEST: example_resolve OK
DNS_TEST: testing NXDOMAIN...
<S>[SW]<T><U><R><S>[SW]<T><B>[SW]<T><U><R>p00r0 <S>[SW]<T><U><R><S>[SW]<K>[SW]<T><U><R><S>[SW]<T><B>[SW]<T><B>[SW]<T><U><R><S>[SW]<T><U><R>UDP: Delivered packet to socket on port 49158
<S>[SW]<T><U><R><S>[SW]<T><U><R><S>[SW]<K>[SW]<T><U><R>TCP_LARGE_TEST: 256 bytes verified OK
TCP_BACKLOG_TEST: starting
<S>[SW]<K>[SW]<T><B>[SW]<T><B>[SW]<T><U><R><S>[SW]<T><U><R>[dns] 'example.com' via 172.16.45.2: Timeout (942ms)
UDP: Delivered packet to socket on port 49159
[dns] resolved 'example.com' via 10.0.2.3 -> 104.20.23.154 (12ms, total 8410ms)
[http] DNS resolved 104.20.23.154 (8417ms)
[SW]<T><U><R><S>[SW]<T><U><R><S>[SW]<K>[SW]<T><U><R><S>[SW]<T><B>[SW]<T><B>[SW]<T><U><R>DNS_TEST: nxdomain OK (error=ServerError(3))
DNS_TEST: testing empty hostname...
DNS_TEST: empty_hostname OK
DNS_TEST: testing long hostname...
DNS_TEST: long_hostname OK
DNS_TEST: testing txid variation...
<S>[SW]<T><B>[http] TCP connected (112ms)
[SW]<T><U><R>p00r0 <S>[SW]<T><B><S>[SW]<T><U><R><S>[SW]<K>[SW]<T><U><R><S>[SW]<T><B>[SW]<T><B>[SW]<T><U><R><S>[SW]<T><U><R>UDP: Delivered packet to socket on port 49160
<S>[SW]<T><U><R><S>[SW]<T><U><R>[DF_PREEMPT] window 3 end elapsed_ms=1206 rflags_before_cld=0x646 rflags_after_cld=0x246
<S>[SW]<K>[SW]<T><U><R>TCP_BACKLOG_TEST: overflow rejected OK
TCP_CONNREFUSED_TEST: starting
<S>[SW]<T><B>[SW]<T><B>[SW]<T><U><R><S>[SW]<T><U><R><S>[SW]<T><U><R><S>[SW]<T><U><R>[DF_PREEMPT] window 4 begin iterations=80000000
<S>[SW]<K>[SW]<T><U><R>TCP_CONNREFUSED_TEST: ECONNREFUSED OK
TCP_MSS_TEST: starting
<S>[SW]<T><B>[SW]<T><B>[SW]<T><U><R><S>[SW]<T><U><R><S>[SW]<T><U><R><S>[SW]<T><U><R><S>[SW]<K>[SW]<T><U><R><S>[SW]<T><B>[SW]<K>[SW]<T><B>[SW]<T><U><R>UDP: Delivered packet to socket on port 49161
<S>[SW]<T><U><R><S>[SW]<T><U><R>[DIAG:PAGEFAULT] ==============================
[DIAG:PAGEFAULT] Fault addr: 0x7fffff0ccf28
[DIAG:PAGEFAULT] Error code: 0x6
[DIAG:PAGEFAULT] RIP: 0x4000acef
[DIAG:PAGEFAULT] CS: 0x33
[DIAG:PAGEFAULT] RFLAGS: 0x202
[DIAG:PAGEFAULT] RSP: 0x7fffff0ccf30
[DIAG:PAGEFAULT] SS: 0x2b
[DIAG:PAGEFAULT] CR3: 0x5aa7000
[DIAG:PAGEFAULT] ==============================
PF0?PF_ENTRY!
PF @ 0x7fffff0ccf28 Error: 0x6 (P=0, W=1, U=1, I=0)
F<S>[SW]<T><U><R><S>[SW]<K>[SW]<T><U><R><S>[SW]<T><B>[SW]<T><B>[SW]<T><U><R><S>[SW]<T><U><R><S>[SW]<T><U><R><S>[SW]<T><U><R><S>[SW]<K>[SW]<T><U><R>TCP_MSS_TEST: 2000 bytes (>MSS) verified OK
TCP_MULTI_TEST: starting
<S>[SW]<T><B>[SW]<T><B>[SW]<T><U><R>DNS_TEST: txid_varies OK
DNS Test: All tests passed!
<S>[SW]<T><U><R><S>[SW]<T><U><R><S>[SW]<T><U><R><S>[SW]<K>[SW]<T><U><R><S>[SW]<T><B>[SW]<T><B>[SW]<T><U><R><S>[SW]<T><U><R><S>[SW]<T><U><R>[DF_PREEMPT] window 4 end elapsed_ms=887 rflags_before_cld=0x646 rflags_after_cld=0x246
[DF_PREEMPT] windows=4 long_windows=3 iterations=80000000
[DF_PREEMPT] clock_stalled=0 budget_exhausted=0 spin_ceiling_hit=0
[DF_PREEMPT] ticks_spanned=4647 df_after_cld=0 df_roundtrip=ok
<S>[SW]<K>[SW]<T><U><R><S>[SW]<T><B>[SW]<T><B>[SW]<T><U><R><S>[SW]<T><U><R><S>[SW]<K>[SW]<T><U><R><S>[SW]<T><B>[SW]<T><B>[SW]<T><U><R><S>[SW]<T><U><R><S>[SW]<K>[SW]<T><U><R>TCP_MULTI_TEST: 3 messages verified OK
TCP_ADDR_TEST: starting
<S>[SW]<T><B>[SW]<T><B>[SW]<T><U><R><S>[SW]<T><U><R><S>[SW]<K>[SW]<T><U><R>TCP_ADDR_TEST: 10.x.x.x OK
TCP_SIMUL_CLOSE_TEST: starting
<S>[SW]<T><B>[SW]<T><B>[SW]<T><U><R><S>[SW]<T><U><R><S>[SW]<K>[SW]<T><U><R><S>[SW]<K>[SW]<T><B>[SW]<T><B>[SW]<T><U><R><S>[SW]<T><U><R><S>[SW]<K>[SW]<T><U><R>TCP_SIMUL_CLOSE_TEST: simultaneous close OK
TCP_HALFCLOSE_TEST: starting
<S>[SW]<T><B>[SW]<T><B>[EXEC_LOCK_ORDER:FIRST_COMMIT]
<S>[SW]<T><U><R><S>[SW]<T><U><R><S>[SW]<K>[SW]<T><U><R><S>[SW]<T><B>[SW]<T><U><R><S>[SW]<T><U><R>p00r0 <S>[SW]<T><U><R><S>[SW]<K>[SW]<T><U><R><S>[SW]<T><B>[SW]<T><B>  PASS: child exec'd simple_exit0 and exited with code 0

Step 5: close the parent's own listener fd...
<S>[SW]<T><U><R><S>[SW]<T><U><R><S>[SW]<K>[SW]<T><U><R>TCP_HALFCLOSE_TEST: read after SHUT_WR OK
TCP_FIRST_ACCEPT_TEST: starting
<S>[SW]<T><B>[SW]<T><U><R><S>[SW]<T><U><R><S>[SW]<T><U><R><S>[SW]<K>[SW]<T><U><R>TCP_FIRST_ACCEPT_TEST: accept OK
<S>[SW]<T><B>[SW]<T><U><R>  Parent's listener fd closed

Step 6: rebind port 9112 -- must succeed if the listener was genuinely retired...
<S>[SW]<T><U><R>p00r0 <S>[SW]<T><U><R><S>[SW]<K>[SW]<T><U><R><S>[SW]<T><B>[SW]<T><U><R>  PASS: port 9112 was free after the parent's close -- the child's cloexec'd copy was genuinely released across exec()

=== All TCP FD_CLOEXEC exec() tests passed! ===
claim-lint:ok: #963 captured guest output only; not a new landing verdict.
<S>[SW]<T><U><R><S>[SW]<T><U><R><S>[SW]<K>[SW]<T><U><R>TCP Socket Test: PASSED
<S>[SW]<T><B>[SW]<T><U><R>TCP_CLOEXEC_EXEC_TEST_PASSED
<S>[SW]<T><U><R><S>[SW]<T><U><R><S>[SW]<K>[SW]<T><B>[SW]<K>[SW]<T><U><R><S>[SW]<T><U><R><S>[SW]<T><B>[SW]<T><U><R><S>[SW]<T><U><R><S>[SW]<T><B>[SW]<T><U><R><S>[SW]<T><U><R><S>[SW]<T><B>[SW]<T><U><R><S>[SW]<T><U><R><S>[SW]<T><B>[SW]<T><U><R><S>[SW]<T><U><R><S>[SW]<T><B>[SW]<T><U><R><S>[SW]<T><U><R><S>[SW]<T><B>[SW]<T><U><R><S>[SW]<T><U><R><S>[SW]<T><B>[SW]<T><U><R><S>[SW]<T><U><R><S>[SW]<T><B>[SW]<T><U><R><S>[SW]<T><U><R><S>[SW]<T><B>[SW]<T><U><R>p00r1 <S>[SW]<T><U><R><S>[SW]<T><B>[SW]<T><U><R><S>[SW]<T><U><R><S>[SW]<T><B>[SW]<T><U><R><S>[SW]<T><U><R><S>[SW]<T><B>[SW]<T><U><R><S>[SW]<T><U><R><S>[SW]<T><B>[SW]<T><U><R><S>[SW]<T><U><R><S>[SW]<T><B>[SW]<T><U><R><S>[SW]<T><U><R><S>[SW]<T><B>[SW]<T><U><R><S>[SW]<T><U><R><S>[SW]<T><B>[SW]<T><U><R><S>[SW]<T><U><R><S>[SW]<T><B>[SW]<T><U><R><S>[SW]<T><U><R><S>[SW]<T><B>[SW]<T><U><R><S>[SW]<T><U><R><S>[SW]<T><B>[SW]<T><U><R><S>[SW]<T><U><R><S>[SW]<T><B>[SW]<T><U><R><S>[SW]<T><U><R><S>[SW]<T><B>[SW]<T><U><R><S>[SW]<T><U><R><S>[SW]<T><B>[SW]<T><U><R><S>[SW]<T><U><R>p00r0 <S>[SW]<T><B>[SW]<T><U><R><S>[SW]<T><U><R><S>[SW]<T><B>[SW]<T><U><R><S>[SW]<T><U><R><S>[SW]<T><B><S>[SW]<T><U><R><S>[SW]<T><U><R><S>[SW]<T><U><R>CLONEVM_EXEC_TEST: second stage
<S>[SW]<T><U><R><S>[SW]<T><U><R>p00r0 <S>[SW]<K>[SW]<T><U><R><S>[SW]<T><U><R>[SW]<T><U><R><S>[SW]<T><U><R><S>[SW]<T><U><R>[SW]<T><U><R><S>[SW]<T><U><R><S>[SW]<T><B><S>[SW]<T><U><R>p00r0 <S>[SW]<T><U><R><S>[SW]<T><B><S>[SW]<T><U><R>[SW]<T><U><R><S>[SW]<T><B><S>[SW]<T><U><R><S>[SW]<T><U><R><S>[SW]<T><U><R>p00r0 <S>[SW]<T><U><R>CLONEVM_EXEC_TEST: post-exec rendezvous complete
CLONEVM_EXEC_TEST: post-exec futex keys derived
CLONEVM_EXEC_TEST: PASS
<S>[SW]<T><U><R><S>[SW]<T><U><R><S>[SW]<T><U><R><S>[SW]<T><U><R>p00r0 <S>[SW]<T><U><R><S>[SW]<T><U><R><S>[SW]<T><U><R><S>[SW]<T><U><R><S>[SW]<T><U><R><S>[SW]<T><U><R>p00r0 <S>[SW]<K>[SW]<T><U><R><S>[SW]<T><U><R><S>[SW]<T><U><R><S>[SW]<T><U><R>p00r0 <S>[SW]<T><U><R><S>[SW]<T><U><R><S>[SW]<T><U><R><S>[SW]<T><U><R><S>[SW]<T><U><R>p00r0 <S>[SW]<T><U><R><S>[SW]<T><U><R><S>[SW]<T><U><R><S>[SW]<T><U><R><S>[SW]<T><U><R>p00r0 <S>[SW]<T><U><R><S>[SW]<T><U><R><S>[SW]<T><U><R><S>[SW]<T><U><R><S>[SW]<T><U><R>p00r0 <S>[SW]<T><U><R><S>[SW]<K>[SW]<T><U><R><S>[SW]<T><U><R><S>[SW]<T><U><R><S>[SW]<T><U><R>p00r0 <S>[SW]<T><U><R><S>[SW]<T><U><R><S>[SW]<T><U><R><S>[SW]<T><U><R><S>[SW]<T><U><R>p00r0 <S>[SW]<T><U><R><S>[SW]<T><U><R><S>[SW]<T><U><R><S>[SW]<T><U><R><S>[SW]<T><U><R>p00r0 <S>[SW]<T><U><R><S>[SW]<T><U><R><S>[SW]<T><U><R><S>[SW]<T><U><R>p00r0 <S>[SW]<T><U><R><S>[SW]<T><U><R><S>[SW]<K>[SW]<T><U><R><S>[SW]<T><U><R><S>[SW]<T><U><R>p00r0 <S>[SW]<T><U><R><S>[SW]<T><U><R><S>[SW]<T><U><R><S>[SW]<T><U><R><S>[SW]<T><U><R>p00r0 <S>[SW]<T><U><R><S>[SW]<T><U><R><S>[SW]<T><U><R><S>[SW]<T><U><R>p00r0 <S>[SW]<T><U><R><S>[SW]<T><U><R><S>[SW]<T><U><R><S>[SW]<T><U><R><S>[SW]<T><U><R>p00r0 <S>[SW]<T><U><R><S>[SW]<T><U><R><S>[SW]<T><U><R><S>[SW]<K>[SW]<T><U><R><S>[SW]<T><U><R>p00r0 <S>[SW]<T><U><R><S>[SW]<T><U><R><S>[SW]<T><U><R><S>[SW]<T><U><R><S>[SW]<T><U><R>p00r0 <S>[SW]<T><U><R><S>[SW]<T><U><R><S>[SW]<T><U><R><S>[SW]<T><U><R><S>[SW]<T><U><R>p00r0 <S>[SW]<T><U><R><S>[SW]<T><U><R><S>[SW]<T><U><R><S>[SW]<T><U><R>p00r0 <S>[SW]<T><U><R><S>[SW]<T><U><R><S>[SW]<T><U><R><S>[SW]<T><U><R>[COW FAULT #19] addr=0x40017058 cr3=0x5da7000
LOOPBACK_WAKE_TEST: load_stamps max_gap_ms=316 samples=19024 spin_ms=10001
<S>[SW]<T><U><R><S>[SW]<K>[SW]<T><B>[SW]<T><U><R>p00r0 <S>[SW]<I>[SW]<K>[SW]<T><U><R><S>[SW]<I>p01r1 [SW]<K>[SW]<T><U><R><S>[SW]<I>[SW]<K>[SW]<T><U><R><S>[SW]<I>[SW]<T><U><R>p00r0 <S>[SW]<I>[SW]<T><U><R><S>[SW]<I>[SW]<T><U><R><S>[SW]<I>[SW]<T><U><R><S>[SW]<I>[SW]<T><U><R><S>[SW]<I>[SW]<T><U><R><S>[SW]<I>[SW]<T><U><R><S>[SW]<I>[SW]<T><U><R><S>[SW]<I>[SW]<T><U><R><S>[SW]<I>[SW]<T><U><R><S>[SW]<I>[SW]<T><U><R><S>[SW]<I>[SW]<T><U><R><S>[SW]<I>[SW]<T><U><R><S>[SW]<I>[SW]<T><U><R><S>[SW]<I>[SW]<T><U><R><S>[SW]<I>[SW]<T><U><R><S>[SW]<I>[SW]<T><U><R><S>[SW]<I>[SW]<T><U><R><S>[SW]<K>[SW]<T><U><R>p00r0 <S>[SW]<I>[SW]<T><U><R><S>[SW]<I>[SW]<T><U><R><S>[SW]<I>[SW]<T><U><R><S>[SW]<I>[SW]<T><U><R><S>[SW]<I>[SW]<T><U><R><S>[SW]<I>[SW]<T><U><R><S>[SW]<I>[SW]<T><U><R><S>[SW]<I>[SW]<T><U><R>p00r0 <S>[SW]<I>[SW]<T><U><R><S>[SW]<I>[SW]<T><U><R><S>[SW]<I>[SW]<T><U><R><S>[SW]<I>[SW]<T><U><R><S>[SW]<I>[SW]<T><U><R><S>[SW]<I>[SW]<T><U><R><S>[SW]<I>[SW]<T><U><R><S>[SW]<I>[SW]<T><U><R><S>[SW]<I>[SW]<T><U><R>p00r0 <S>[SW]<I>[SW]<T><U><R><S>[SW]<K>[SW]<T><U><R><S>[SW]<I>[SW]<T><U><R><S>[SW]<I>[SW]<T><U><R><S>[SW]<I>[SW]<T><U><R><S>[SW]<I>[SW]<T><U><R><S>[SW]<I>[SW]<T><U><R><S>[SW]<I>[SW]<T><U><R><S>[SW]<I>[SW]<T><U><R>p00r0 <S>[SW]<I>[SW]<T><U><R><S>[SW]<I>[SW]<T><U><R><S>[SW]<I>[SW]<T><U><R><S>[SW]<I>[SW]<T><U><R><S>[SW]<I>[SW]<T><U><R><S>[SW]<I>[SW]<T><U><R><S>[SW]<I>[SW]<T><U><R><S>[SW]<I>[SW]<T><U><R><S>[SW]<I>[SW]<T><U><R>p00r0 <S>[SW]<I>[SW]<T><U><R><S>[SW]<I>[SW]<T><U><R><S>[SW]<K>[SW]<T><U><R><S>[SW]<I>[SW]<T><U><R><S>[SW]<I>[SW]<T><U><R><S>[SW]<I>[SW]<T><U><R><S>[SW]<I>[SW]<T><U><R><S>[SW]<I>[SW]<T><U><R><S>[SW]<I>[SW]<T><U><R>p00r0 <S>[SW]<I>[SW]<T><U><R><S>[SW]<I>[SW]<T><U><R><S>[SW]<I>[SW]<T><U><R><S>[SW]<I>[SW]<T><U><R><S>[SW]<I>[SW]<T><U><R><S>[SW]<I>[SW]<T><U><R><S>[SW]<I>[SW]<T><U><R><S>[SW]<I>[SW]<T><U><R><S>[SW]<I>[SW]<T><U><R><S>[SW]<I>[SW]<T><U><R><S>[SW]<I>[SW]<T><U><R><S>[SW]<I>[SW]<T><U><R><S>[SW]<K>[SW]<T><U><R><S>[SW]<I>[SW]<T><U><R><S>[SW]<I>[SW]<T><U><R><S>[SW]<I>[SW]<T><U><R><S>[SW]<I>[SW]<T><U><R><S>[SW]<I>[SW]<T><U><R>p00r0 <S>[SW]<I>[SW]<T><U><R><S>[SW]<I>[SW]<T><U><R><S>[SW]<I>[SW]<T><U><R><S>[SW]<I>[SW]<T><U><R><S>[SW]<I>[SW]<T><U><R><S>[SW]<I>[SW]<T><U><R><S>[SW]<T><B>LOOPBACK_WAKE_TEST: watchdog_stamps target=551514 wake=551525 overrun_ms=11
<S>[SW]<T><U><R><S>[SW]<T><B>[TEST:userspace:loopback_recv_wake:PASS]
<S>[SW]<T><U><R>p00r0 <S>[SW]<I>[SW]<K>[SW]<T><U><R><S>[SW]<I>[SW]<T><U><R><S>[SW]<I>[SW]<T><U><R><S>[SW]<I>[SW]<T><U><R><S>[SW]<I>[SW]<T><U><R><S>[SW]<I>[SW]<T><U><R><S>[SW]<I>[SW]<T><U><R>p00r0 <S>[SW]<I>[SW]<T><U><R><S>[SW]<I>[SW]<T><U><R><S>[SW]<I>[SW]<T><U><R><S>[SW]<I>[SW]<T><U><R><S>[SW]<I>[SW]<T><U><R><S>[SW]<I>[SW]<T><U><R><S>[SW]<I>[SW]<T><U><R><S>[SW]<I>[SW]<T><U><R><S>[SW]<I>[SW]<T><U><R>p00r0 <S>[SW]<I>[SW]<T><U><R><S>[SW]<I>[SW]<T><U><R><S>[SW]<I>[SW]<T><U><R><S>[SW]<K>[SW]<T><U><R><S>[SW]<I>[SW]<T><U><R><S>[SW]<I>[SW]<T><U><R><S>[SW]<I>[SW]<T><U><R><S>[SW]<I>[SW]<T><U><R><S>[SW]<I>[SW]<T><U><R><S>[SW]<I>[SW]<T><U><R><S>[SW]<I>[SW]<T><U><R><S>[SW]<I>[SW]<T><U><R><S>[SW]<I>[SW]<T><U><R><S>[SW]<I>[SW]<T><U><R><S>[SW]<I>[SW]<T><U><R><S>[SW]<I>[SW]<T><U><R><S>[SW]<I>[SW]<T><U><R>p00r0 <S>[SW]<I>[SW]<T><U><R><S>[SW]<I>[SW]<T><U><R><S>[SW]<I>[SW]<T><U><R><S>[SW]<I>[SW]<T><U><R><S>[SW]<I>[SW]<T><U><R><S>[SW]<K>[SW]<T><U><R><S>[SW]<I>[SW]<T><U><R><S>[SW]<I>[SW]<T><U><R><S>[SW]<I>[SW]<T><U><R>p00r0 <S>[SW]<I>[SW]<T><U><R><S>[SW]<I>[SW]<T><U><R><S>[SW]<I>[SW]<T><U><R><S>[SW]<I>[SW]<T><U><R><S>[SW]<I>[SW]<T><U><R><S>[SW]<I>[SW]<T><U><R><S>[SW]<I>[SW]<T><U><R><S>[SW]<I>[SW]<T><U><R><S>[SW]<I>[SW]<T><U><R>p00r0 <S>[SW]<I>[SW]<T><U><R><S>[SW]<I>[SW]<T><U><R><S>[SW]<I>[SW]<T><U><R><S>[SW]<I>[SW]<T><U><R><S>[SW]<I>[SW]<T><U><R><S>[SW]<I>[SW]<T><U><R><S>[SW]<K>[SW]<T><U><R><S>[SW]<I>[SW]<T><U><R>p00r0 <S>[SW]<I>[SW]<T><U><R><S>[SW]<I>[SW]<T><U><R><S>[SW]<I>[SW]<T><U><R><S>[SW]<I>[SW]<T><U><R><S>[SW]<I>[SW]<T><U><R><S>[SW]<I>[SW]<T><U><R><S>[SW]<I>[SW]<T><U><R><S>[SW]<I>[SW]<T><U><R><S>[SW]<I>[SW]<T><U><R>p00r0 <S>[SW]<I>[SW]<T><U><R><S>[SW]<I>[SW]<T><U><R><S>[SW]<I>[SW]<T><U><R><S>[SW]<I>[SW]<T><U><R><S>[SW]<I>[SW]<T><U><R><S>[SW]<I>[SW]<T><U><R><S>[SW]<I>[SW]<T><U><R><S>[SW]<I>[SW]<T><U><R><S>[SW]<K>[SW]<T><U><R>p00r0 <S>[SW]<I>[SW]<T><U><R><S>[SW]<I>[SW]<T><U><R><S>[SW]<I>[SW]<T><U><R><S>[SW]<I>[SW]<T><U><R><S>[SW]<I>[SW]<T><U><R><S>[SW]<I>[SW]<T><U><R><S>[SW]<I>[SW]<T><U><R><S>[SW]<I>[SW]<T><U><R><S>[SW]<I>[SW]<T><U><R>p00r0 <S>[SW]<I>[SW]<T><U><R><S>[SW]<I>[SW]<T><U><R><S>[SW]<I>[SW]<T><U><R><S>[SW]<I>[SW]<T><U><R><S>[SW]<I>[SW]<T><U><R><S>[SW]<I>[SW]<T><U><R><S>[SW]<I>[SW]<T><U><R><S>[SW]<I>[SW]<T><U><R><S>[SW]<I>[SW]<T><U><R>p00r0 <S>[SW]<K>[SW]<T><U><R><S>[SW]<I>[SW]<T><U><R><S>[SW]<I>[SW]<T><U><R><S>[SW]<I>[SW]<T><U><R><S>[SW]<I>[SW]<T><U><R><S>[SW]<I>[SW]<T><U><R><S>[SW]<I>[SW]<T><U><R><S>[SW]<I>[SW]<T><U><R><S>[SW]<I>[SW]<T><U><R><S>[SW]<I>[SW]<T><U><R>p00r0 <S>[SW]<I>[SW]<T><U><R><S>[SW]<I>[SW]<T><U><R><S>[SW]<I>[SW]<T><U><R><S>[SW]<I>[SW]<T><U><R><S>[SW]<I>[SW]<T><U><R><S>[SW]<I>[SW]<T><U><R><S>[SW]<I>[SW]<T><U><R><S>[SW]<I>[SW]<T><U><R><S>[SW]<I>[SW]<T><U><R><S>[SW]<K>[SW]<T><U><R><S>[SW]<I>[SW]<T><U><R><S>[SW]<I>[SW]<T><U><R><S>[SW]<I>[SW]<T><U><R><S>[SW]<I>[SW]<T><U><R><S>[SW]<I>[SW]<T><U><R><S>[SW]<I>[SW]<T><U><R><S>[SW]<I>[SW]<T><U><R><S>[SW]<I>[SW]<T><U><R>p00r0 <S>[SW]<I>[SW]<T><U><R><S>[SW]<I>[SW]<T><U><R><S>[SW]<I>[SW]<T><U><R><S>[SW]<I>[SW]<T><U><R><S>[SW]<I>[SW]<T><U><R><S>[SW]<I>[SW]<T><U><R><S>[SW]<I>[SW]<T><U><R><S>[SW]<I>[SW]<T><U><R><S>[SW]<I>[SW]<T><U><R><S>[SW]<I>[SW]<T><U><R>p00r0 <S>[SW]<K>[SW]<T><U><R><S>[SW]<I>[SW]<T><U><R><S>[SW]<I>[SW]<T><U><R><S>[SW]<I>[SW]<T><U><R><S>[SW]<I>[SW]<T><U><R><S>[SW]<I>[SW]<T><U><R><S>[SW]<I>[SW]<T><U><R><S>[SW]<I>[SW]<T><U><R><S>[SW]<I>[SW]<T><U><R>p00r0 <S>[SW]<I>[SW]<T><U><R><S>[SW]<I>[SW]<T><U><R><S>[SW]<I>[SW]<T><U><R><S>[SW]<I>[SW]<T><U><R><S>[SW]<I>[SW]<T><U><R><S>[SW]<I>[SW]<T><U><R><S>[SW]<I>[SW]<T><U><R><S>[SW]<I>[SW]<T><U><R><S>[SW]<I>[SW]<T><U><R>p00r0 <S>[SW]<I>[SW]<T><U><R><S>[SW]<K>[SW]<T><U><R><S>[SW]<I>[SW]<T><U><R><S>[SW]<I>[SW]<T><U><R><S>[SW]<I>[SW]<T><U><R><S>[SW]<I>[SW]<T><U><R><S>[SW]<I>[SW]<T><U><R><S>[SW]<I>[SW]<T><U><R><S>[SW]<I>[SW]<T><U><R>p00r0 <S>[SW]<I>[SW]<T><U><R><S>[SW]<I>[SW]<T><U><R><S>[SW]<I>[SW]<T><U><R><S>[SW]<I>[SW]<T><U><R><S>[SW]<I>[SW]<T><U><R><S>[SW]<I>[SW]<T><U><R><S>[SW]<I>[SW]<T><U><R><S>[SW]<I>[SW]<T><U><R><S>[SW]<I>[SW]<T><U><R>p00r0 <S>[SW]<I>[SW]<T><U><R><S>[SW]<I>[SW]<T><U><R><S>[SW]<K>[SW]<T><U><R><S>[SW]<I>[SW]<T><U><R><S>[SW]<I>[SW]<T><U><R><S>[SW]<I>[SW]<T><U><R><S>[SW]<I>[SW]<T><U><R><S>[SW]<I>[SW]<T><U><R><S>[SW]<I>[SW]<T><U><R>p00r0 <S>[SW]<I>[SW]<T><U><R><S>[SW]<I>[SW]<T><U><R><S>[SW]<I>[SW]<T><U><R><S>[SW]<I>[SW]<T><U><R><S>[SW]<I>[SW]<T><U><R><S>[SW]<I>[SW]<T><U><R><S>[SW]<I>[SW]<T><U><R>HTTP_TEST: https_url OK (TLS attempted, failed as expected without network/certs)
HTTP_TEST: testing error handling (invalid domain)...
<S>[SW]<I>[SW]<T><U><R><S>[SW]<I>UDP: Delivered packet to socket on port 49162
[SW]<T><U><R>[dns] 'this.domain.does.not.exist.invalid<S>[SW]<I>[SW]<T><U><R>' via 8.8.8.8: ServerError(3) (26ms)
<S>[SW]<I>[SW]<T><U><R><S>[SW]<I>[SW]<T><U><R><S>[SW]<I>[SW]<T><U><R><S>[SW]<I>[SW]<T><U><R><S>[SW]<I>[SW]<T><U><R><S>[SW]<I>[SW]<T><U><R><S>[SW]<I>[SW]<T><U><R><S>[SW]<I>[SW]<T><U><R><S>[SW]<I>[SW]<T><U><R><S>[SW]<I>[SW]<T><U><R><S>[SW]<I>[SW]<T><U><R>p00r1 <S>[SW]<I>[SW]<T><U><R><S>[SW]<I>[SW]<T><U><R><S>[SW]<I>[SW]<T><U><R><S>[SW]<I>[SW]<T><U><R><S>[SW]<I>[SW]<T><U><R><S>[SW]<I>[SW]<T><U><R><S>[SW]<I>[SW]<T><U><R><S>[SW]<I>[SW]<K>[SW]<T><U><R><S>[SW]<I>[SW]<T><U><R><S>[SW]<I>[SW]<T><U><R><S>[SW]<I>[SW]<T><U><R><S>[SW]<I>[SW]<T><U><R><S>[SW]<I>[SW]<T><U><R><S>[SW]<I>[SW]<T><U><R><S>[SW]<I>[SW]<T><U><R><S>[SW]<I>[SW]<T><U><R><S>[SW]<I>[SW]<T><U><R><S>[SW]<I>[SW]<T><U><R><S>[SW]<I>[SW]<T><U><R><S>[SW]<I>[SW]<T><U><R><S>[SW]<I>[SW]<T><U><R><S>[SW]<I>[SW]<T><U><R><S>[SW]<I>[SW]<T><U><R><S>[SW]<I>[SW]<T><U><R><S>[SW]<I>[SW]<T><U><R><S>[SW]<I>[SW]<T><U><R><S>[SW]<I>[SW]<T><U><R><S>[SW]<I>[SW]<T><U><R><S>[SW]<I>[SW]<T><U><R><S>[SW]<I>[SW]<T><U><R><S>[SW]<I>[SW]<T><U><R><S>[SW]<I>[SW]<T><U><R><S>[SW]<I>[SW]<T><U><R><S>[SW]<I>[SW]<T><U><R><S>[SW]<I>[SW]<T><U><R><S>[SW]<I>[SW]<T><U><R><S>[SW]<I>[SW]<T><U><R><S>[SW]<I>[SW]<T><U><R><S>[SW]<I>[SW]<T><U><R>[dns] 'this.domain.does.not.exist.invalid' via 10.211.55.1: Timeout (511ms)
<S>[SW]<I>[SW]<T><U><R><S>[SW]<I>[SW]<T><U><R><S>[SW]<I>[SW]<T><U><R><S>[SW]<I>[SW]<T><U><R><S>[SW]<I>[SW]<T><U><R><S>[SW]<I>[SW]<T><U><R><S>[SW]<I>[SW]<T><U><R><S>[SW]<I>[SW]<T><U><R><S>[SW]<I>[SW]<T><U><R><S>[SW]<I>[SW]<T><U><R><S>[SW]<I>[SW]<T><U><R><S>[SW]<I>[SW]<T><U><R><S>[SW]<I>[SW]<T><U><R><S>[SW]<I>[SW]<T><U><R><S>[SW]<I>[SW]<T><U><R><S>[SW]<I>[SW]<T><U><R><S>[SW]<I>[SW]<T><U><R><S>[SW]<I>[SW]<T><U><R><S>[SW]<I>[SW]<T><U><R><S>[SW]<I>[SW]<T><U><R><S>[SW]<I>[SW]<T><U><R><S>[SW]<I>[SW]<T><U><R>p00r1 <S>[SW]<I>[SW]<T><U><R><S>[SW]<I>[SW]<T><U><R><S>[SW]<I>[SW]<T><U><R><S>[SW]<I>[SW]<T><U><R><S>[SW]<I>[SW]<T><U><R><S>[SW]<I>[SW]<T><U><R><S>[SW]<I>[SW]<T><U><R><S>[SW]<I>[SW]<T><U><R><S>[SW]<I>[SW]<T><U><R><S>[SW]<I>[SW]<T><U><R><S>[SW]<I>[SW]<T><U><R><S>[SW]<I>[SW]<T><U><R><S>[SW]<I>[SW]<T><U><R><S>[SW]<I>[SW]<T><U><R><S>[SW]<I>[SW]<T><U><R><S>[SW]<I>[SW]<T><U><R><S>[SW]<I>[SW]<T><U><R><S>[SW]<I>[SW]<T><U><R><S>[SW]<I>[SW]<T><U><R><S>[SW]<I>[SW]<T><U><R><S>[SW]<I>[SW]<T><U><R><S>[SW]<I>[SW]<T><U><R><S>[SW]<I>[SW]<T><U><R><S>[SW]<I>[SW]<T><U><R><S>[SW]<I>[SW]<T><U><R><S>[SW]<I>[SW]<T><U><R><S>[SW]<I>[SW]<T><U><R><S>[SW]<I>[SW]<T><U><R>[dns] 'this.domain.does.not.exist.invalid' via 172.16.45.2: Timeout (509ms)
UDP: Delivered packet to socket on port 49165
[dns] 'this.domain.does.not.exist.invalid' via 10.0.2.3: ServerError(3) (9ms)
[dns] 'this.domain.does.not.exist.invalid' FAILED all servers (total 1078ms)
HTTP_TEST: invalid_domain OK
HTTP_TEST: testing HTTP fetch (example.com)...
<S>[SW]<I>[SW]<T><U><R><S>[SW]<I>UDP: Delivered packet to socket on port 49166
[SW]<T><U><R>[dns] resolved 'example.com' via 8.8.8.8 -> 172.66.147.243 (28ms, total 28ms)
[http] DNS resolved 172.66.147.243 (34ms)
[SW]<I>[SW]<T><B>[http] TCP connected (31ms)
[SW]<I>[SW]<T><B>[http] response received: 868 bytes (recv 64ms, total 138ms)
HTTP_TEST: received 868 bytes, status=200
HTTP_TEST: example_fetch OK (status 200, body contains HTML)
HTTP Test: All tests passed!
[TOMBSTONE_CENSUS:resident=0:removed=7:reap_second=1:retire_second=6:abandoned_unqueued=1]
<S>[SW]<K>[SW]<I>[SW]<K>[SW]<I>[SW]<K>[SW]<I>[SW]<K>[SW]<I>[SW]<K>[SW]<I>[SW]<K>[SW]<I>[SW]<K>[SW]<I>[SW]<K>[SW]<I>[SW]<K>[SW]<I>[SW]<K>[SW]<I>[KSTACK_QUIESCE_LEAK:baseline_outstanding=5:outstanding=18:leaked=0]
[TOMBSTONE_QUIESCE:resident=0:removed=7:reap_second=1:retire_second=6:abandoned_unqueued=1:pending=1:parked=0]
[RECLAIM_DRAIN:nested=1:context_violations=0:selection_capped=3:injected=1:pend_epoch=0:pend_hw=0:pend_shadow=1:pend_selectable=0]
[SW]<K>[SW]<I>[SW]<K>[SW]<I>[SW]<K>[SW]<I>[SW]<K>[SW]<I>[SW]<K>[SW]<I>[SW]<K>[SW]<I>[SW]<K>[SW]<I>[SW]<K>[SW]<I>[SW]<K>[SW]<I>[SW]<K>[SW]<I>[SW]<K>[SW]<I>[SW]<K>[SW]<I>[SW]<K>[SW]<I>[SW]<K>[SW]<I>[SW]<K>[SW]<I>[SW]<K>[SW]<I>[SW]<K>[SW]<I>[SW]<K>[SW]<I>[SW]<K>[SW]<I>[SW]<K>[SW]<I>[SW]<K>[SW]<I>[SW]<K>[SW]<I>[SW]<K>[SW]<I>[SW]<K>[SW]<I>[SW]<K>[SW]<I>[SW]<K>[SW]<I>[SW]<K>[SW]<I>[SW]<K>[SW]<I>[SW]<K>[SW]<I>[SW]<K>[SW]<I>[SW]<K>[SW]<I>[SW]<K>[SW]<I>[SW]<K>[SW]<I>[SW]<K>[SW]<I>[SW]<K>[SW]<I>[SW]<K>[SW]<I>[SW]<K>[SW]<I>[SW]<K>[SW]<I>[SW]<K>[SW]<I>[SW]<K>[SW]<I>[SW]<K>[SW]<I>[SW]<K>[SW]<I>[SW]<K>[SW]<I>[SW]<K>[SW]<I>[SW]<K>[SW]<I>[SW]<K>[SW]<I>[SW]<K>[SW]<I>[SW]<K>[SW]<I>[SW]<K>[SW]<I>[SW]<K>[SW]<I>[SW]<K>[SW]<I>[SW]<K>[SW]<I>[SW]<K>[SW]<I>[SW]<K>[SW]<I>[SW]<K>[SW]<I>[SW]<K>[SW]<I>[SW]<K>[SW]<I>[SW]<K>[SW]<I>[SW]<K>[SW]<I>[SW]<K>[SW]<I>[SW]<K>[SW]<I>[SW]<K>[SW]<I>[SW]<K>[SW]<I>[SW]<K>[SW]<I>[SW]<K>[SW]<I>[SW]<K>[SW]<I>[SW]<K>[SW]<I>[SW]<K>[SW]<I>[SW]<K>[SW]<I>[SW]<K>[SW]<I>[SW]<K>[SW]<I>[SW]<K>[SW]<I>[SW]<K>[SW]<I>[SW]<K>[SW]<I>[SW]<K>[SW]<I>[SW]<K>[SW]<I>[SW]<K>[SW]<I>[SW]<K>[SW]<I>[SW]<K>[SW]<I>[SW]<K>[SW]<I>[SW]<K>[SW]<I>[SW]<K>[SW]<I>[SW]<K>[SW]<I>[SW]<K>[SW]<I>[SW]<K>[SW]<I>[SW]<K>[SW]<I>[SW]<K>[SW]<I>[SW]<K>[SW]<I>[SW]<K>[SW]<I>[SW]<K>[SW]<I>[SW]<K>[SW]<I>[SW]<K>[SW]<I>[SW]<K>[SW]<I>[SW]<K>[SW]<I>[SW]<K>[SW]<I>[SW]<K>[SW]<I>[SW]<K>[SW]<I>[SW]<K>[SW]<I>[SW]<K>[SW]<I>[SW]<K>[SW]<I>[SW]<K>[SW]<I>[SW]<K>[SW]<I>[SW]<K>[SW]<I>[SW]<K>[SW]<I>[SW]<K>[SW]<I>[SW]<K>[SW]<I>[SW]<K>[SW]<I>[SW]<K>[SW]<I>[SW]<K>[SW]<I>[SW]<K>[SW]<I>[SW]<K>[SW]<I>[SW]<K>[SW]<I>[SW]<K>[SW]<I>[SW]<K>[SW]<I>[SW]<K>[SW]<I>[SW]<K>[SW]<I>[SW]<K>[SW]<I>[SW]<K>[SW]<I>[SW]<K>[SW]<I>[SW]<K>[SW]<I>[SW]<K>[SW]<I>[SW]<K>[SW]<I>[SW]<K>[SW]<I>[SW]<K>[SW]<I>[SW]<K>[SW]<I>[SW]<K>[SW]<I>[SW]<K>[SW]<I>[SW]<K>[SW]<I>[SW]<K>[SW]<I>[SW]<K>[SW]<I>[SW]<K>[SW]<I>[SW]<K>[SW]<I>[SW]<K>[SW]<I>[SW]<K>[SW]<I>[SW]<K>[SW]<I>[SW]<K>[SW]<I>[SW]<K>[SW]<I>[SW]<K>[SW]<I>[SW]<K>[SW]<I>[SW]<K>[SW]<I>[SW]<K>[SW]<I>[SW]<K>[SW]<I>[SW]<K>[SW]<I>[SW]<K>[SW]<I>[SW]<K>[SW]<I>[SW]<K>[SW]<I>[SW]<K>[SW]<I>[SW]<K>[SW]<I>[SW]<K>[SW]<I>[SW]<K>[SW]<I>[SW]<K>[SW]<I>[SW]<K>[SW]<I>[SW]<K>[SW]<I>[SW]<K>[SW]<I>[SW]<K>[SW]<I>[SW]<K>[SW]<I>[SW]<K>[SW]<I>[SW]<K>[SW]<I>[SW]<K>[SW]<I>[SW]<K>[SW]<I>[SW]<K>[SW]<I>[SW]<K>[SW]<I>[SW]<K>[SW]<I>[SW]<K>[SW]<I>[SW]<K>[SW]<I>[SW]<K>[SW]<I>[SW]<K>[SW]<I>[SW]<K>[SW]<I>[SW]<K>[SW]<I>[SW]<K>[SW]<I>[SW]<K>[SW]<I>[SW]<K>[SW]<I>[SW]<K>[SW]<I>[SW]<K>[SW]<I>[SW]<K>[SW]<I>[SW]<K>[SW]<I>[SW]<K>[SW]<I>[SW]<K>[SW]<I>[SW]<K>[SW]<I>[SW]<K>[SW]<I>[SW]<K>[SW]<I>[SW]<K>[SW]<I>[SW]<K>[SW]<I>[SW]<K>[SW]<I>[SW]<K>[SW]<I>[SW]<K>[SW]<I>[SW]<K>[SW]<I>[SW]<K>[SW]<I>[SW]<K>[SW]<I>[SW]<K>[SW]<I>[SW]<K>[SW]<I>[SW]<K>[SW]<I>[SW]<K>[SW]<I>[SW]<K>[SW]<I>[SW]<K>[SW]<I>[SW]<K>[SW]<I>[SW]<K>[SW]<I>[SW]<K>[SW]<I>[SW]<K>[SW]<I>[SW]<K>[SW]<I>[SW]<K>[SW]<I>[SW]<K>[SW]<I>[SW]<K>[SW]<I>[SW]<K>[SW]<I>[SW]<K>[SW]<I>[SW]<K>[SW]<I>[SW]<K>[SW]<I>[SW]<K>[SW]<I>[SW]<K>[SW]<I>[SW]<K>[SW]<I>[SW]<K>[SW]<I>[SW]<K>[SW]<I>[SW]<K>[SW]<I>[SW]<K>[SW]<I>[SW]<K>[SW]<I>[SW]<K>[SW]<I>[SW]<K>[SW]<I>[SW]<K>[SW]<I>[SW]<K>[SW]<I>[SW]<K>[SW]<I>[SW]<K>[SW]<I>[SW]<K>[SW]<I>[SW]<K>[SW]<I>[SW]<K>[SW]<I>[SW]<K>[SW]<I>[SW]<K>[SW]<I>[SW]<K>[SW]<I>[SW]<K>[SW]<I>[SW]<K>[SW]<I>[SW]<K>[SW]<I>[SW]<K>[SW]<I>[SW]<K>[SW]<I>[SW]<K>[SW]<I>[SW]<K>[SW]<I>[SW]<K>[SW]<I>[SW]<K>[SW]<I>[SW]<K>[SW]<I>[SW]<K>[SW]<I>[SW]<K>[SW]<I>[SW]<K>[SW]<I>[SW]<K>[SW]<I>[SW]<K>[SW]<I>[SW]<K>[SW]<I>[SW]<K>[SW]<I>[SW]<K>[SW]<I>[SW]<K>[SW]<I>[SW]<K>[SW]<I>[SW]<K>[SW]<I>[SW]<K>[SW]<I>[SW]<K>[SW]<I>[SW]<K>[SW]<I>[SW]<K>[SW]<I>[SW]<K>[SW]<I>[SW]<K>[SW]<I>[SW]<K>[SW]<I>[SW]<K>[SW]<I>[SW]<K>[SW]<I>[SW]<K>[SW]<I>[SW]<K>[SW]<I>[SW]<K>[SW]<I>[SW]<K>[SW]<I>[SW]<K>[SW]<I>[SW]<K>[SW]<I>[SW]<K>[SW]<I>[SW]<K>[SW]<I>[SW]<K>[SW]<I>[SW]<K>[SW]<I>[SW]<K>[SW]<I>[SW]<K>[SW]<I>[SW]<K>[SW]<I>[SW]<K>[SW]<I>[SW]<K>[SW]<I>[SW]<K>[SW]<I>[SW]<K>[SW]<I>[SW]<K>[SW]<I>[SW]<K>[SW]<I>[SW]<K>[SW]<I>[SW]<K>[SW]<I>[SW]<K>[SW]<I>[SW]<K>[SW]<I>[SW]<K>[SW]<I>[SW]<K>[SW]<I>[SW]<K>[SW]<I>[SW]<K>[SW]<I>[SW]<K>[SW]<I>[SW]<K>[SW]<I>[SW]<K>[SW]<I>[SW]<K>[SW]<I>[SW]<K>[SW]<I>[SW]<K>[SW]<I>[SW]<K>[SW]<I>[SW]<K>[SW]<I>[SW]<K>[SW]<I>[SW]<K>[SW]<I>[SW]<K>[SW]<I>[SW]<K>[SW]<I>[SW]<K>[SW]<I>[SW]<K>[SW]<I>[SW]<K>[SW]<I>[SW]<K>[SW]<I>[SW]<K>[SW]<I>[SW]<K>[SW]<I>[SW]<K>[SW]<I>[SW]<K>[SW]<I>[SW]<K>[SW]<I>[SW]<K>[SW]<I>[SW]<K>[SW]<I>[SW]<K>[SW]<I>[SW]<K>[SW]<I>[SW]<K>[SW]<I>[SW]<K>[SW]<I>[SW]<K>[SW]<I>[SW]<K>[SW]<I>[SW]<K>[SW]<I>[SW]<K>[SW]<I>[SW]<K>[SW]<I>[SW]<K>[SW]<I>[SW]<K>[SW]<I>[SW]<K>[SW]<I>[SW]<K>[SW]<I>[SW]<K>[SW]<I>[SW]<K>[SW]<I>[SW]<K>[SW]<I>[SW]<K>[SW]<I>[SW]<K>[SW]<I>[SW]<K>[SW]<I>[SW]<K>[SW]<I>[SW]<K>[SW]<I>[SW]<K>[SW]<I>[SW]<K>[SW]<I>[SW]<K>[SW]<I>[SW]<K>[SW]<I>[SW]<K>[SW]<I>[SW]<K>[SW]<I>[SW]<K>[SW]<I>[SW]<K>[SW]<I>[SW]<K>[SW]<I>[SW]<K>[SW]<I>[SW]<K>[SW]<I>[SW]<K>[SW]<I>[SW]<K>[SW]<I>[SW]<K>[SW]<I>[SW]<K>[SW]<I>[SW]<K>[SW]<I>[SW]<K>[SW]<I>[SW]<K>[SW]<I>[SW]<K>[SW]<I>[SW]<K>[SW]<I>[SW]<K>[SW]<I>[SW]<K>[SW]<I>[SW]<K>[SW]<I>[SW]<K>[SW]<I>[SW]<K>[SW]<I>[SW]<K>[SW]<I>[SW]<K>[SW]<I>[SW]<K>[SW]<I>[SW]<K>[SW]<I>[SW]<K>[SW]<I>[SW]<K>[SW]<I>[SW]<K>[SW]<I>[SW]<K>[SW]<I>[SW]<K>[SW]<I>[SW]<K>[SW]<I>[SW]<K>[SW]<I>[SW]<K>[SW]<I>[SW]<K>[SW]<I>[SW]<K>[SW]<I>[SW]<K>[SW]<I>[SW]<K>[SW]<I>[SW]<K>[SW]<I>[SW]<K>[SW]<I>[SW]<K>[SW]<I>[SW]<K>[SW]<I>[SW]<K>[SW]<I>[SW]<K>[SW]<I>[SW]<K>[SW]<I>[SW]<K>[SW]<I>[SW]<K>[SW]<I>[SW]<K>[SW]<I>[SW]<K>[SW]<I>[SW]<K>[SW]<I>[SW]<K>[SW]<I>[SW]<K>[SW]<I>[SW]<K>[SW]<I>[SW]<K>[SW]<I>[SW]<K>[SW]<I>[SW]<K>[SW]<I>[SW]<K>[SW]<I>[SW]<K>[SW]<I>[SW]<K>[SW]<I>[SW]<K>[SW]<I>[SW]<K>[SW]<I>[SW]<K>[SW]<I>[SW]<K>[SW]<I>[SW]<K>[SW]<I>[SW]<K>[SW]<I>[SW]<K>[SW]<I>[SW]<K>[SW]<I>[SW]<K>[SW]<I>[SW]<K>[SW]<I>[SW]<K>[SW]<I>[SW]<K>[SW]<I>[SW]<K>[SW]<I>[SW]<K>[SW]<I>[SW]<K>[SW]<I>[SW]<K>[SW]<I>[SW]<K>[SW]<I>[SW]<K>[SW]<I>[SW]<K>[SW]<I>[SW]<K>[SW]<I>[SW]<K>[SW]<I>[SW]<K>[SW]<I>  preserved failing serial + capture reading: /root/breenix-t963-tmp/breenix_x86_boot_tests_failures/20260908T033311Z_1706443
gate exit=1

