[ram] 6 regions:
[ram]   0x40000000 - 0xffff0000 (3071 MB)
[ram]   0x100000000 - 0x140000000 (1024 MB)
[ram]   0x140026000 - 0x23be0f000 (4029 MB)
[ram]   0x23c000000 - 0x23c020000 (0 MB)
[ram]   0x23c080000 - 0x23f550000 (52 MB)
[ram]   0x23f930000 - 0x240000000 (6 MB)
[kern] entry_phys=0x40401a48 load=0x40080000-0x50104000
[gop-serial] UART: base=0x2110000 type=0 (PL011)
[gop-serial] Enumerating GOP display modes:
[gop-serial]   Mode 0: 1024x768 format=BGR
[gop-serial] 1 modes total, best=786432 pixels
[gop-serial] Already at best mode: 1024x768
[gop-serial] Selected: 1024x768 stride=1024 base=0x10000000 size=0x300000
ZZ0000000040401a48BDMTIVL!J>12KPHEOS
========================================
  Breenix ARM64 Kernel Starting
  BUILD_ID: 006a9e79572004
========================================

[boot] DIAG_MARKER_XHCI_A
[boot] DIAG_MARKER_XHCI_B
[boot] DIAG_MARKER_XHCI_C
[boot] loader xhci_hcrst_raw=0x0 ecam=0x2300000
[boot] Current exception level: EL1
[boot] MMU already enabled (high-half kernel)
[boot] Initializing memory management (0x44000000-0x50000000)...
[boot] Memory management ready
[boot] Initializing Generic Timer...
[boot] Timer frequency: 24000000 Hz (24 MHz)
[boot] Initializing PL031 RTC...
[boot] Current timestamp: 23957770
[boot] Initializing GIC...
[gic] GICR probe 0x02500000: WAKER=0x00000000 <<< VALID
[gic] GICD_CTLR wrote 0x53, readback=0x53
[gic] GICR_IGROUPR0: wrote 0xFFFFFFFF, readback=0xffffffff
[gic] EOImode=1 (split EOI/DIR) - non-VMware path
[gic] ICC_CTLR_EL1: 0x40400 -> 0x40402 (EOImode=1)
[boot] GIC initialized (version 3)
[boot] Enabling UART interrupts...
[boot] Enabling GIC IRQ 33 (UART0)...
[uart] IMSC: 0x0 -> 0x50 (verify: 0x50)
[uart] FR=0x90 (RXFE=1), RIS=0x20
[gic] IRQ 33 state (GICv3):
  enabled=true, group1=true, pending=false
  priority=0xa0, GICD_CTLR=0x53
  ICC_PMR=0xf0
[boot] UART interrupts enabled
[boot] Enabling interrupts...
[boot] Interrupts enabled: true
[boot] Initializing device drivers...
[drivers] Initializing driver subsystem...
[drivers] PCI ECAM at 0x2300000, enumerating PCI bus...
[drivers] Found 7 PCI devices
[pci] 00:01.0 [8086:293e] class=04/03
[pci]   BAR0: 0x18008000 (16384)
[pci] 00:02.0 [8086:265c] class=0c/03
[pci]   BAR0: 0x18012000 (4096)
[pci]   BAR1: 0x0 (4096)
[pci]   BAR2: 0x0 (4096)
[pci]   BAR3: 0x0 (4096)
[pci]   BAR4: 0x0 (4096)
[pci]   BAR5: 0x0 (4096)
[pci] 00:03.0 [1033:0194] class=0c/03
[pci]   BAR0: 0x18011000 (4096)
[pci]   BAR1: 0x0 (4096)
[pci]   BAR2: 0x0 (4096)
[pci]   BAR3: 0x0 (4096)
[pci]   BAR4: 0x0 (4096)
[pci]   BAR5: 0x0 (4096)
[pci] 00:05.0 [1af4:1000] class=02/00
[pci]   BAR0: 0x18010000 (4096)
[pci]   BAR1: 0x1800f000 (4096)
[pci] 00:09.0 [1ab8:4000] class=ff/00
[pci]   BAR0: 0x1800e000 (4096)
[pci] 00:0a.0 [1af4:1050] class=03/00
[pci]   BAR0: 0x10000000 (134217728)
[pci]   BAR1: 0x1800d000 (4096)
[pci]   BAR4: 0x18004000 (16384)
[pci] 00:0e.0 [1af4:1053] class=07/80
[pci]   BAR1: 0x1800c000 (4096)
[pci]   BAR4: 0x18000000 (16384)
[drivers] Found 2 VirtIO PCI devices
[virtio-gpu-pci] Device features: 0x0000000100000001
[virtio-gpu-pci] VIRGL offered: true
[virtio-gpu-pci] Negotiated: 0x0000000100000001 (VIRGL=true)
[virtio-gpu-pci] VIRGL_ENABLED stored=true, readback=true, addr=0xffff00004127a204
[pci] 00:0a.0: capabilities:
  cap 0x11 (MSI-X) @ 0xb0: dw0=0x0001bc11 dw1=0x00000001
  cap 0x09 (?) @ 0xbc: dw0=0x0410cc09 dw1=0x00000004
  cap 0x09 (?) @ 0xcc: dw0=0x0310dc09 dw1=0x00000004
  cap 0x09 (?) @ 0xdc: dw0=0x0214f009 dw1=0x00000004
  cap 0x09 (?) @ 0xf0: dw0=0x01100009 dw1=0x00000004
[gicv2m] MSI_TYPER raw=0x80350040 -> base_spi=53, num_spi=64
[virtio-gpu-pci] MSI-X cap at 0xb0: 2 vectors
[virtio-gpu-pci] MSI-X diag: cap=0xb0 table_bar=1 table_off=0x0 doorbell=0x2250040 vectors=2
[virtio-gpu-pci] MSI-X entry0: addr_hi=0x0 addr_lo=0x2250040 data=0x35 vector_ctrl=0x0
[virtio-gpu-pci] MSI-X entry1: addr_hi=0x0 addr_lo=0x2250040 data=0x36 vector_ctrl=0x0
[virtio-gpu-pci] MSI-X enabled: config_spi=53 queue_spi=54 doorbell=0x2250040 vectors=2
[virtio-gpu-pci] config_msix_vector: wrote=0x0 readback=0x0
[virtio-gpu-pci] Device has 2 queues
[virtio-gpu-pci] Queue 0 msix_vector: wrote=0x1 readback=0x1
[virtio-gpu-pci] Queue 1 msix_vector: wrote=0x1 readback=0x1
[virtio-gpu-pci] Cursor queue (q1) set up: size=16
[virtio-gpu-pci] Config: num_scanouts=16, num_capsets=1
[virtio-gpu-pci] MSI-X active: config_spi=53 queue_spi=54 queue_vector=1
[virtio-gpu-pci] Capset 0: id=2, max_ver=2, max_size=768
[virtio-gpu-pci] GET_CAPSET(id=2, ver=2): resp=0x1103
[virtio-gpu-pci] Display reports: 1024x768
[virtio-gpu-pci] Resolution: 1280x960 (display=1024x768, GOP=1024x768, min=1280x960)
[virtio-gpu-pci] 2D framebuffer backing: heap ptr=0xffff0000502e2000, phys=0x502e2000, size=4915200
[virgl] attach_backing: phys=0x502e2000, len=4915200, nr_pages=1200
[virgl] attach_backing: sending 3-desc chain: hdr=0x41271000(32B), entries=0x50792000(19200B)
[virgl] attach_backing: OK (1200 pages attached)
[virtio-gpu-pci] 2D resource created and scanout set
[virtio-gpu-pci] Initialized: 1280x960
[drivers] VirtIO GPU (PCI) initialized
[virgl] Initializing VirGL 3D pipeline...
[virgl] 3D framebuffer backing: heap ptr=0xffff000050792000, phys=0x50792000, size=4915200
[virgl] Step 1: context created
[virgl] Step 2: 3D resource created (1280x960, bind=0x0014000a)
[virgl] attach_backing: phys=0x50792000, len=4915200, nr_pages=1200
[virgl] attach_backing: sending 3-desc chain: hdr=0x41271000(32B), entries=0x50c42000(19200B)
[virgl] attach_backing: OK (1200 pages attached)
[virgl] Step 3: backing attached
[virgl] Step 4: resource attached to context
[virgl] Step 5: resource primed
[virgl] SUBMIT_3D OK: id=1 used_len=0 resp_flags=0x1 resp_fence=1
[virgl] Step 6: VirGL CLEAR (cornflower blue)
[virgl] Step 7: SET_SCANOUT + RESOURCE_FLUSH done
[virgl] Step 7: VB resource created (no backing, INLINE_WRITE only)
[virgl-composite] Texture backing: heap ptr=0xffff000050c42000, phys=0x50c42000, 1280x960 (4915200B, 1200 pages)
[virgl] attach_backing: phys=0x50c42000, len=4915200, nr_pages=1200
[virgl] attach_backing: sending 3-desc chain: hdr=0x41271000(32B), entries=0x510f2000(19200B)
[virgl] attach_backing: OK (1200 pages attached)
[virgl-composite] Texture resource initialized (id=5)
[virgl] attach_backing: phys=0x510f2000, len=4915200, nr_pages=1200
[virgl] attach_backing: sending 3-desc chain: hdr=0x41271000(32B), entries=0x515a2000(19200B)
[virgl] attach_backing: OK (1200 pages attached)
[virgl-pool] Pre-allocated slot=0 res_id=10 1280x960
[virgl] attach_backing: phys=0x515a2000, len=4915200, nr_pages=1200
[virgl] attach_backing: sending 3-desc chain: hdr=0x41271000(32B), entries=0x51a52000(19200B)
[virgl] attach_backing: OK (1200 pages attached)
[virgl-pool] Pre-allocated slot=1 res_id=11 1280x960
[virgl] attach_backing: phys=0x51a52000, len=4915200, nr_pages=1200
[virgl] attach_backing: sending 3-desc chain: hdr=0x41271000(32B), entries=0x51f02000(19200B)
[virgl] attach_backing: OK (1200 pages attached)
[virgl-pool] Pre-allocated slot=2 res_id=12 1280x960
[virgl] attach_backing: phys=0x51f02000, len=4915200, nr_pages=1200
[virgl] attach_backing: sending 3-desc chain: hdr=0x41271000(32B), entries=0x523b2000(19200B)
[virgl] attach_backing: OK (1200 pages attached)
[virgl-pool] Pre-allocated slot=3 res_id=13 1280x960
[virgl] attach_backing: phys=0x523b2000, len=4915200, nr_pages=1200
[virgl] attach_backing: sending 3-desc chain: hdr=0x41271000(32B), entries=0x52862000(19200B)
[virgl] attach_backing: OK (1200 pages attached)
[virgl-pool] Pre-allocated slot=4 res_id=14 1280x960
[virgl] attach_backing: phys=0x52862000, len=4915200, nr_pages=1200
[virgl] attach_backing: sending 3-desc chain: hdr=0x41271000(32B), entries=0x52d12000(19200B)
[virgl] attach_backing: OK (1200 pages attached)
[virgl-pool] Pre-allocated slot=5 res_id=15 1280x960
[virgl] attach_backing: phys=0x52d12000, len=4915200, nr_pages=1200
[virgl] attach_backing: sending 3-desc chain: hdr=0x41271000(32B), entries=0x531c2000(19200B)
[virgl] attach_backing: OK (1200 pages attached)
[virgl-pool] Pre-allocated slot=6 res_id=16 1280x960
[virgl] attach_backing: phys=0x531c2000, len=4915200, nr_pages=1200
[virgl] attach_backing: sending 3-desc chain: hdr=0x41271000(32B), entries=0x53672000(19200B)
[virgl] attach_backing: OK (1200 pages attached)
[virgl-pool] Pre-allocated slot=7 res_id=17 1280x960
[virgl] attach_backing: phys=0x53672000, len=8192, nr_pages=2
[virgl] attach_backing: sending 3-desc chain: hdr=0x41271000(32B), entries=0x502e0080(32B)
[virgl] attach_backing: OK (2 pages attached)
[virgl-cursor] Cursor texture initialized (id=6, 16x80, 5 shapes)
[virgl] attach_backing: phys=0x53674000, len=4096, nr_pages=1
[virgl] attach_backing: sending 3-desc chain: hdr=0x41271000(32B), entries=0x502e0080(16B)
[virgl] attach_backing: OK (1 pages attached)
[virgl-dimmer] Dimmer texture initialized (id=7, 4x4)
[virgl] Step 8: Compositor texture initialized
[virgl] Step 9: full pipeline+draw batch (191 DWORDs)
[virgl] SUBMIT_3D OK: id=2 used_len=0 resp_flags=0x1 resp_fence=2
[virgl] Step 10: SET_SCANOUT + RESOURCE_FLUSH
[virgl] VirGL 3D pipeline initialized successfully
[drivers] VirGL 3D acceleration active
[drivers] Compositor backend: VirGL
[virtio-gpu-pci] GPU command waits use scheduler waitqueue
[virtio-net-pci] Searching for VirtIO network device on PCI bus...
[virtio-net-pci] Found at 00:05.0 [1af4:1000]
[virtio-net-pci] BAR0: phys=0x18010000 virt=0xffff000018010000 size=4096
[virtio-net-pci] Device features: 0x6187bfa3
[virtio-net-pci] MAC: 00:1c:42:e0:27:56
[virtio-net-pci] Queue 0 max size: 256
[virtio-net-pci] RX init window stage=after_rx_ring_zero pfn=0x0 vector=0xe042 status=0xb avail_flags=0x0 avail_idx=0 used_flags=0x0 used_idx=0
[virtio-net-pci] Queue 0 PFN=0x4123b (phys=0x4123b000)
[virtio-net-pci] RX init window stage=after_rx_pfn_window pfn=0x4123b vector=0xe042 status=0xb avail_flags=0x0 avail_idx=0 used_flags=0x0 used_idx=0
[virtio-net-pci] RX queue activation stage=after_rx_pfn transport=legacy pfn=0x4123b size=256 vector=0xe042 status=0xb isr=0x0 avail_flags=0x0 avail_idx=0 used_idx=0
[virtio-net-pci] Queue 1 max size: 256
[virtio-net-pci] Queue 1 PFN=0x4123e (phys=0x4123e000)
[pci] 00:05.0: capabilities:
  cap 0x10 (PCIe) @ 0x48: dw0=0x00024010 dw1=0x00000fc0
  cap 0x01 (PM) @ 0x40: dw0=0x0022f401 dw1=0x00000000
  cap 0x11 (MSI-X) @ 0xf4: dw0=0x00020011 dw1=0x00000001
[virtio-net-pci] MSI-X cap at 0xf4: 3 vectors
[virtio-net-pci] MSI-X vector assignments: cfg=0xffff rx=0x0
[virtio-net-pci] RX queue activation stage=after_msix_vector transport=legacy pfn=0x4123b size=256 vector=0x0 status=0xb isr=0x0 avail_flags=0x0 avail_idx=0 used_idx=0
[virtio-net-pci] MSI-X diag: cap=0xf4 table_bar=1 table_off=0x0 doorbell=0x2250040 spi=55 vectors=3 msg_ctrl=0x8002 command=0x407 cfg_vec=0xffff rx_vec=0x0
[virtio-net-pci] MSI-X entry0: addr_hi=0x0 addr_lo=0x2250040 data=0x37 vector_ctrl=0x0
[virtio-net-pci] MSI-X entry1: addr_hi=0x0 addr_lo=0x2250040 data=0x37 vector_ctrl=0x0
[virtio-net-pci] MSI-X entry2: addr_hi=0x0 addr_lo=0x2250040 data=0x37 vector_ctrl=0x0
[virtio-net-pci] MSI-X enabled: SPI 55 doorbell=0x2250040 vectors=3
[virtio-net-pci] RX init window stage=before_driver_ok pfn=0x4123b vector=0x0 status=0xb avail_flags=0x0 avail_idx=0 used_flags=0x0 used_idx=0
[virtio-net-pci] RX init window stage=after_driver_ok pfn=0x4123b vector=0x0 status=0xf avail_flags=0x0 avail_idx=0 used_flags=0x1 used_idx=0
[virtio-net-pci] RX queue activation stage=after_driver_ok transport=legacy pfn=0x4123b size=256 vector=0x0 status=0xf isr=0x0 avail_flags=0x0 avail_idx=0 used_idx=0
[virtio-net-pci] RX init window stage=after_rx_desc0 pfn=0x4123b vector=0x0 status=0xf avail_flags=0x0 avail_idx=0 used_flags=0x1 used_idx=0
[virtio-net-pci] RX init window stage=after_rx_desc1 pfn=0x4123b vector=0x0 status=0xf avail_flags=0x0 avail_idx=0 used_flags=0x1 used_idx=0
[virtio-net-pci] RX init window stage=after_rx_desc2 pfn=0x4123b vector=0x0 status=0xf avail_flags=0x0 avail_idx=0 used_flags=0x1 used_idx=0
[virtio-net-pci] RX init window stage=after_rx_desc3 pfn=0x4123b vector=0x0 status=0xf avail_flags=0x0 avail_idx=0 used_flags=0x1 used_idx=0
[virtio-net-pci] RX init window stage=before_rx_avail_idx pfn=0x4123b vector=0x0 status=0xf avail_flags=0x0 avail_idx=0 used_flags=0x1 used_idx=0
[virtio-net-pci] RX init window stage=after_rx_avail_idx pfn=0x4123b vector=0x0 status=0xf avail_flags=0x0 avail_idx=4 used_flags=0x1 used_idx=0
[virtio-net-pci] RX init window stage=before_rx_notify pfn=0x4123b vector=0x0 status=0xf avail_flags=0x0 avail_idx=4 used_flags=0x1 used_idx=0
[virtio-net-pci] RX init window stage=after_rx_notify_window pfn=0x4123b vector=0x0 status=0xf avail_flags=0x0 avail_idx=4 used_flags=0x1 used_idx=0
[virtio-net-pci] RX init window stage=first_used_not_observed pfn=0x4123b vector=0x0 status=0xf avail_flags=0x0 avail_idx=4 used_flags=0x1 used_idx=0
[virtio-net-pci] RX queue activation stage=after_rx_notify transport=legacy pfn=0x4123b size=256 vector=0x0 status=0xf isr=0x0 avail_flags=0x0 avail_idx=4 used_idx=0
[virtio-net-pci] Network device initialized successfully
[drivers] VirtIO network (PCI) initialized
[drivers] SVGA3 init skipped: SVGA3 device not found
[drivers] Found XHCI at 00:03.0 [1033:0194]
[xhci] DMA addrs: DCBAA=0x40855000 CMD_RING=0x40856000 EVT_RING=0x40866000 ERST=0x41199200
[xhci] Regs: USBCMD=0x5 USBSTS=0x0 CRCR=0x0 DCBAAP=0x40855000
[xhci] IR0: IMAN=0x2 ERDP=0x40866000 ERSTBA=0x41199200
[xhci] Port scan: 14 ports
[xhci]   port 1: PORTSC=0x00021203 CCS=1 PED=1 speed=4
[xhci]   port 2: PORTSC=0x00021203 CCS=1 PED=1 speed=4
[xhci]   port 3: PORTSC=0x00021203 CCS=1 PED=1 speed=4
[xhci]   port 4: PORTSC=0x000002a0 CCS=0 PED=0 speed=0
[xhci]   port 5: PORTSC=0x000002a0 CCS=0 PED=0 speed=0
[xhci]   port 6: PORTSC=0x000002a0 CCS=0 PED=0 speed=0
[xhci]   port 7: PORTSC=0x000002a0 CCS=0 PED=0 speed=0
[xhci]   port 8: PORTSC=0x000002a0 CCS=0 PED=0 speed=0
[xhci]   port 9: PORTSC=0x000002a0 CCS=0 PED=0 speed=0
[xhci]   port 10: PORTSC=0x000002a0 CCS=0 PED=0 speed=0
[xhci]   port 11: PORTSC=0x000002a0 CCS=0 PED=0 speed=0
[xhci]   port 12: PORTSC=0x000002a0 CCS=0 PED=0 speed=0
[xhci]   port 13: PORTSC=0x000002a0 CCS=0 PED=0 speed=0
[xhci]   port 14: PORTSC=0x000002a0 CCS=0 PED=0 speed=0
[xhci] port 1 connected: PORTSC=0x00001203 PED=1 speed=4
[xhci] port 1 EnableSlot -> slot 1
[xhci] port 1 AddressDevice OK (slot 1)
[xhci] slot1: vid=0x203a pid=0xfffc class=0x00/0x00/0x00
[xhci] slot1 iface0: class=0x03 sub=0x00 proto=0x02 numEP=1
[xhci] HID iface: proto=2 subclass=0 -> mouse (hid_idx=1)
[xhci] slot1 iface1: class=0x03 sub=0x00 proto=0x02 numEP=1
[xhci] HID iface: proto=2 subclass=0 -> mouse (hid_idx=3)
[xhci] port 2 connected: PORTSC=0x00001203 PED=1 speed=4
[xhci] port 2 EnableSlot -> slot 2
[xhci] port 2 AddressDevice OK (slot 2)
[xhci] slot2: vid=0x203a pid=0xfffb class=0x00/0x00/0x00
[xhci] slot2 iface0: class=0x03 sub=0x01 proto=0x01 numEP=1
[xhci] HID iface: proto=1 subclass=1 -> keyboard (hid_idx=0)
[xhci] slot2 iface1: class=0x03 sub=0x00 proto=0x00 numEP=1
[xhci] HID iface: proto=0 subclass=0 -> NKRO (hid_idx=2)
[xhci] port 3 connected: PORTSC=0x00001203 PED=1 speed=4
[xhci] port 3 EnableSlot -> slot 3
[xhci] port 3 AddressDevice OK (slot 3)
[xhci] slot3: vid=0x203a pid=0xfff9 class=0xef/0x02/0x01
[xhci] slot3 iface0: class=0x0e sub=0x01 proto=0x00 numEP=0
[xhci] slot3 iface1: class=0x0e sub=0x02 proto=0x00 numEP=1
[xhci] start_hid_polling: kbd=slot2/dci3 nkro=dci5 mouse=slot1/dci3 mouse2=dci5
[xhci] Initialized: 32 slots, MSI irq=56
[drivers] XHCI USB controller initialized
[ahci] Platform AHCI at phys 0x2140000, virt 0xffff000002140000
[ahci] HBA version 1.256, 6 ports, 32 cmd slots, PI=0x0000003f
[ahci] Port 0: Sata, 131072 sectors (64 MB)
[ahci] Port 1: Sata, 524288 sectors (256 MB)
[ahci] IRQ probe: using port 0 dma_index 0
[ahci] IRQ probe: ISPENDR before=[0x00000000, 0x00000000, 0x00000000] after=[0x00000004, 0x00000000, 0x00000000]
[ahci] IRQ probe: PORT_IS=0x00000001 (should have D2H bit set)
[ahci] Platform IRQ probe: discovered SPI 34
[ahci] Platform IRQ enabled: SPI 34 (wired, level-triggered, CPU0)
[drivers] AHCI initialized (platform MMIO): 2 SATA device(s)
[drivers] Driver subsystem initialized (PCI)
[boot] Found 7 devices
[drivers] Running post-init self-tests...
[drivers] VirtIO block self-test skipped: no VirtIO MMIO block device on Parallels; using AHCI
[boot] Initializing network stack...
[net] Initializing network stack...
[net] Using VirtIO net PCI driver (Parallels)
[net] MAC address: 00:1c:42:e0:27:56
NET: IP address: 10.211.55.100
NET: Gateway: 10.211.55.1
Network stack initialized
NET: Sending ARP request for gateway 10.211.55.1
ARP request sent successfully
NET: Gateway ARP not resolved during init; will resolve via IRQ path
NET: Sending ICMP echo request to gateway 10.211.55.1
NET: ARP cache miss for 10.211.55.1, sending ARP request
NET: Failed to send ping: ArpMiss: reply will populate cache via IRQ
NET: Network initialization complete
[virtio-net-pci] manual-gicv2m-test irq=55 doorbell=0x2250040 before_pend=0x0 after_write_pend=0x800000 after_wait_pend=0x0 ack_before=0 ack_after=1 msi_before=0 msi_after=1
[virtio-net-pci] MSI-X SPI 55 enabled (post-init)
[virtio-net-pci] MSI-X GIC enable diag: spi=55 last_irq=0 cpu=0 gicv=0 affinity=0x0 router_rb=0x0 isenabler_rb=0x0 retries=0 outcome=0
[virtio-net-pci] MSI-X GIC state: spi=55 isenabler_bit=0x800000 ispendr_bit=0x0 isactiver_bit=0x0 icfgr_reg=0x2a800 irouter=0x0
NET: synchronously cleared virtio callback suppression
NET: pre-primed NetRx softirq for bootstrap callback re-enable
[boot] Initializing filesystem...
[ext2] No VirtIO block device, trying AHCI...
[ext2] AHCI device 0: 131072 sectors (64 MB)
[ext2] AHCI device 0: not ext2 (magic=0x0064)
[ext2] AHCI device 1: 524288 sectors (256 MB)
[ext2] Found ext2 superblock on AHCI device 1
[boot] ext2 root filesystem mounted
[boot] No home filesystem: No home block device available (expected at device index 3 or 1) (continuing)
[boot] devfs initialized at /dev
[boot] devptsfs initialized at /dev/pts
[boot] CPU detected: ARM Unknown
[boot] procfs initialized at /proc
[boot] TTY subsystem initialized
[boot] Initializing graphics...
[boot] VirGL active — skipping GOP framebuffer init (2D resource already set up in gpu_pci::init)
[boot] FB_INFO_CACHE populated for VirGL display (1280x960)
[boot] USB HID input active via XHCI IRQ
[boot] Initializing per-CPU data...
[boot] Per-CPU data initialized
[boot] Initializing process manager...
[boot] Process manager initialized
[boot] Initializing scheduler...
[boot] Scheduler initialized
[boot] Workqueue subsystem initialized
[boot] Softirq subsystem initialized
[boot] Render thread skipped — VirGL owns the display
[boot] Tracing subsystem initialized and enabled
[boot] Pre-loading /sbin/init from ext2 (before timer)...
[net] ICMP echo reply received from 10.211.55.1 seq=1
[boot] Init binary pre-loaded: 298632 bytes
[xhci] activate_msi_if_ready: source=system-ready spi=56 DIAG_SPI_ENABLE_COUNT=1
[xhci] post-activation: MSI_EVENT_COUNT=55 EVENT_COUNT=0 POLL_COUNT=0 SPI_ACTIVATED=true
[boot] Initializing timer interrupt...
[timer] Timer configured for ~1000 Hz (24000 ticks per interrupt)
[timer] Using virtual timer (PPI 27)
[boot] Timer interrupt initialized
[smp] CPU 0 MPIDR=0x80000000, stack_base=0x43000000
[smp] GICR covers 8 redistributors, probing CPUs 1..8
[smp] Probing secondary CPUs via PSCI...
[s1m@p1A] BCCDEPeUFG 11: PSCI CPU_ON success (raw_status=0)
[gi2@c1A]B CDEEeFOGI2mode=1 (split EOI/DIR) - non-VMware path
[gic] ICC_CTLR_EL1: 0x40400 -> 0x40402 (EOImode=1)
[smp] CPU 2: PSCI CPU_ON success (raw_status=0)
[T1gic3]@1 AEBOCDIEemFGo3de=1 (split EOI/DIR) - non-VMware path
[gic] ICC_CTLR_EL1: 0x40400 -> 0x40402 (EOImode=1)
[gic] EOImode=1 (split EOI/DIR) - non-VMware path
[gic] ICC_CTLR_EL1: 0x40400 -> 0x40402 (EOImode=1)
[smp] CPU 3: PSCI CPU_ON success (raw_status=0)
[s4@m1pA]BC DCEePFGU 44: PSCI CPU_ON success (raw_status=0)
[g5i@1cA]BCD EeEFGO5Imode=1 (split EOI/DIR) - non-VMware path
[gic] ICC_CTLR_EL1: 0x40400 -> 0x40402 (EOImode=1)
[gic] EOImode=1 (split EOI/DIR) - non-VMware path
[gic] ICC_CTLR_EL1: 0x40400 -> 0x40402 (EOImode=1)
[smp] CPU 5: PSCI CPU_ON success (raw_status=0)
T2[s6m@1pA]BC DCEeFGPU6 6: PSCI CPU_ON success (raw_status=0)
[gic]7@ 1EAOBCIDEmeoFGde7=1 (split EOI/DIR) - non-VMware path
[gic] ICC_CTLR_EL1: 0x40400 -> 0x40402 (EOImode=1)
[smp] CPU 7: PSCI CPU_ON success (raw_status=0)
[gic] EOImode=1 (split EOI/DIR) - non-VMware path
[gic] ICC_CTLR_EL1: 0x40400 -> 0x40402 (EOImode=1)
T3[smp] 8 CPUs online
[PT_ROOT_CUSTODY:no_proof=0:no_arch=0:terminated=0:undecided=0:mid_retire=0:retired=0]
[TOMBSTONE_CENSUS:resident=0:removed=0:reap_second=0:retire_second=0:abandoned_unqueued=0]
[TTBR0_ASID_CENSUS:untagged=0:tagged=0:kernel=2:cleared=2]
[PINNED_HOME_CPU_UNAVAILABLE:count=0:publish_discarded=0:hold_pen_migrated=0:delivered=0:migration_refused=0:stack_home_conflict=0]
T4
========================================
  Breenix ARM64 Boot Complete!
========================================

Hello from ARM64!

[boot] Launching init from pre-loaded ELF...
manager.create_process_with_argv [ARM64]: ENTRY - name='init', elf_size=298632, argc=1
manager.create_process_with_argv [ARM64]: Generated PID 1
manager.create_process_with_argv [ARM64]: Creating ProcessPageTable
manager.create_process_with_argv [ARM64]: Loading ELF into page table
manager.create_process_with_argv [ARM64]: ELF loaded, entry=0x4000f5d0
manager.create_process_with_argv [ARM64]: Allocating user stack
manager.create_process_with_argv [ARM64]: User stack will be at 0xfffffeff0000-0xffffff000000
manager.create_process_with_argv [ARM64]: argc/argv set up on stack, SP=0xfffffefffed0
manager.create_process_with_argv [ARM64]: SUCCESS - returning PID 1
[INIT_DESIGNATION:aarch64:designated_pid=1:reserved_collisions=0]
[ahci-poll-attrib] total=75 post_reg=73 pre_sched=73 post_sched=0
[boot] Reset 8 idle thread contexts (CPUs online: 8)
T5T6EL0_SYSCALL: First syscall from userspace (SPSR confirms EL0)
[ OK ] syscall path verified
[init] Breenix init starting (PID 1)
[spawn] path='/bin/heartbeat'
manager.create_process_with_argv [ARM64]: ENTRY - name='heartbeat', elf_size=303584, argc=1
manager.create_process_with_argv [ARM64]: Generated PID 2
manager.create_process_with_argv [ARM64]: Creating ProcessPageTable
manager.create_process_with_argv [ARM64]: Loading ELF into page table
manager.create_process_with_argv [ARM64]: ELF loaded, entry=0x4000f85c
manager.create_process_with_argv [ARM64]: Allocating user stack
manager.create_process_with_argv [ARM64]: User stack will be at 0xfffffeff0000-0xffffff000000
manager.create_process_with_argv [ARM64]: argc/argv set up on stack, SP=0xfffffefffed0
manager.create_process_with_argv [ARM64]: SUCCESS - returning PID 2
[spawn] Created child PID 2 for parent PID 1
T7[spawn] Success: child PID 2 scheduled
T8[init] heartbeat started (PID 2)
[INIT_GROUP_REFUSAL:aarch64:phase=early:probe1=-22:probe2=-22:expected=-22]
[spawn] path='/bin/block_eintr_oracle'
[heartbeat] tid=12 uptime_ms=1171 kbd_nonzero=0
manager.create_process_with_argv [ARM64]: ENTRY - name='block_eintr_oracle', elf_size=304720, argc=1
manager.create_process_with_argv [ARM64]: Generated PID 3
manager.create_process_with_argv [ARM64]: Creating ProcessPageTable
manager.create_process_with_argv [ARM64]: Loading ELF into page table
manager.create_process_with_argv [ARM64]: ELF loaded, entry=0x4000f938
manager.create_process_with_argv [ARM64]: Allocating user stack
manager.create_process_with_argv [ARM64]: User stack will be at 0xfffffeff0000-0xffffff000000
manager.create_process_with_argv [ARM64]: argc/argv set up on stack, SP=0xfffffefffed0
manager.create_process_with_argv [ARM64]: SUCCESS - returning PID 3
[spawn] Created child PID 3 for parent PID 1
T9[F12s34pa5w6n] Success: c7h89iSld PICD 3 scheduled
T0[syscall] exit(0) pid=4 name=block_eintr_oracle_child_4
[TTBR0_ASID_CENSUS:untagged=0:tagged=785:kernel=723:cleared=1454]
F123456789SC[syscall] exit(0) pid=5 name=block_eintr_oracle_child_5
[TTBR0_ASID_CENSUS:untagged=0:tagged=1982:kernel=1872:cleared=3758]
[BLOCK_EINTR_ORACLE:PASS:stages=2:reads=4:short=0:eintr=0:handled=1]
[BLOCK_EINTR_ORACLE:PASS:stages=2:reads=4:short=0:eintr=0:handled=1]
[syscall] exit(0) pid=3 name=block_eintr_oracle
[TTBR0_ASID_CENSUS:untagged=0:tagged=2044:kernel=1930:cleared=3878]
[init] block_eintr_oracle exited pid=3 code=0
[spawn] path='/bin/futex_handoff_oracle'
manager.create_process_with_argv [ARM64]: ENTRY - name='futex_handoff_oracle', elf_size=296048, argc=1
manager.create_process_with_argv [ARM64]: Generated PID 6
manager.create_process_with_argv [ARM64]: Creating ProcessPageTable
manager.create_process_with_argv [ARM64]: Loading ELF into page table
manager.create_process_with_argv [ARM64]: ELF loaded, entry=0x4000ef08
manager.create_process_with_argv [ARM64]: Allocating user stack
manager.create_process_with_argv [ARM64]: User stack will be at 0xfffffeff0000-0xffffff000000
manager.create_process_with_argv [ARM64]: argc/argv set up on stack, SP=0xfffffefffec0
manager.create_process_with_argv [ARM64]: SUCCESS - returning PID 6
[spawn] Created child PID 6 for parent PID 1
[spawn] Success: child PID 6 scheduled
[FUTEX_HANDOFF_ORACLE_DRIVER:seam_absent:probe=-110]
[syscall] exit(0) pid=6 name=futex_handoff_oracle
[TTBR0_ASID_CENSUS:untagged=0:tagged=2124:kernel=2000:cleared=4023]
[init] futex_handoff_oracle exited pid=6 code=0
[spawn] path='/bin/poll_tcp_oracle'
manager.create_process_with_argv [ARM64]: ENTRY - name='poll_tcp_oracle', elf_size=320896, argc=1
manager.create_process_with_argv [ARM64]: Generated PID 7
manager.create_process_with_argv [ARM64]: Creating ProcessPageTable
manager.create_process_with_argv [ARM64]: Loading ELF into page table
manager.create_process_with_argv [ARM64]: ELF loaded, entry=0x40011694
manager.create_process_with_argv [ARM64]: Allocating user stack
manager.create_process_with_argv [ARM64]: User stack will be at 0xfffffeff0000-0xffffff000000
manager.create_process_with_argv [ARM64]: argc/argv set up on stack, SP=0xfffffefffed0
manager.create_process_with_argv [ARM64]: SUCCESS - returning PID 7
[spawn] Created child PID 7 for parent PID 1
[spawn] Success: child PID 7 scheduled
[POLL_TCP_TIMEOUT] fd=4 timeout_ms=120 publish=none_in_window rx_len=0 revents=0x0000
F123456789SC[POLL_TCP_ORACLE:PEER:branch=sent:n=23 want=23 anchor=1663 token_ms=1663 write_ms=1745 delay_ms=80]
[POLL_TCP_ORACLE:PEER:branch=sent:n=23 want=23 anchor=1663 token_ms=1663 write_ms=1745 delay_ms=80]
[syscall] exit(0) pid=8 name=poll_tcp_oracle_child_8
[TTBR0_ASID_CENSUS:untagged=0:tagged=2441:kernel=2231:cleared=4550]
F123456789SC[POLL_TCP_TIMEOUT] fd=4 timeout_ms=150 publish=none_in_window rx_len=0 revents=0x0000
[POLL_TCP_ORACLE:LOSTWAKE_PROBE:probe_ms=1906 rescan_ready=0 rescan_revents=0x0000 nbread_err=EAGAIN]
[POLL_TCP_ORACLE:LOSTWAKE_PROBE:probe_ms=1906 rescan_ready=0 rescan_revents=0x0000 nbread_err=EAGAIN]
[heartbeat] tid=12 uptime_ms=2175 kbd_nonzero=0
[POLL_TCP_ORACLE:PEER:branch=sent:n=23 want=23 anchor=1750 token_ms=1752 write_ms=2250 delay_ms=500]
[POLL_TCP_ORACLE:PEER:branch=sent:n=23 want=23 anchor=1750 token_ms=1752 write_ms=2250 delay_ms=500]
[syscall] exit(0) pid=9 name=poll_tcp_oracle_child_9
[TTBR0_ASID_CENSUS:untagged=0:tagged=2578:kernel=2307:cleared=4755]
[POLL_TCP_ORACLE:LATE_PUBLISH:stage=forced decided=published_after_deadline anchor=1750 entry=1754 deadline=1904 returned=1906 write_ms=2250 late_by_ms=346 delay_ms=500 timeout=150]
[POLL_TCP_ORACLE:LATE_PUBLISH:stage=forced decided=published_after_deadline anchor=1750 entry=1754 deadline=1904 returned=1906 write_ms=2250 late_by_ms=346 delay_ms=500 timeout=150]
[POLL_TCP_ORACLE:PASS:stages=4:idle_ms=123:late_ms=82:park_ms=82:forced_ms=152:forced_late_by_ms=346]
[POLL_TCP_ORACLE:PASS:stages=4:idle_ms=123:late_ms=82:park_ms=82:forced_ms=152:forced_late_by_ms=346]
[syscall] exit(0) pid=7 name=poll_tcp_oracle
[TTBR0_ASID_CENSUS:untagged=0:tagged=2584:kernel=2312:cleared=4767]
[init] poll_tcp_oracle exited pid=7 code=0
[spawn] path='/bin/tty_oracle'
manager.create_process_with_argv [ARM64]: ENTRY - name='tty_oracle', elf_size=338240, argc=1
manager.create_process_with_argv [ARM64]: Generated PID 10
manager.create_process_with_argv [ARM64]: Creating ProcessPageTable
manager.create_process_with_argv [ARM64]: Loading ELF into page table
manager.create_process_with_argv [ARM64]: ELF loaded, entry=0x40012b34
manager.create_process_with_argv [ARM64]: Allocating user stack
manager.create_process_with_argv [ARM64]: User stack will be at 0xfffffeff0000-0xffffff000000
manager.create_process_with_argv [ARM64]: argc/argv set up on stack, SP=0xfffffefffed0
manager.create_process_with_argv [ARM64]: SUCCESS - returning PID 10
[spawn] Created child PID 10 for parent PID 1
[spawn] Success: child PID 10 scheduled
[pty] sys_posix_openpt(flags=0x902)
[pty] Created master fd=3 (pty 0)
[pty] Unlocked PTY 0 (fd 3)
[TTY_ORACLE:openpt:verdict=PASS:slave=/dev/pts/0:locked_open_refused=1]
[TTY_ORACLE:openpt:verdict=PASS:slave=/dev/pts/0:locked_open_refused=1]
[TTY_ORACLE:nonblock_open:verdict=PASS:master_fl=0x800:slave_fl=0x800:both_eagain=1]
[TTY_ORACLE:nonblock_open:verdict=PASS:master_fl=0x800:slave_fl=0x800:both_eagain=1]
[TTY_ORACLE:isatty:verdict=PASS:master=1:slave=1:regular_file=0]
[TTY_ORACLE:isatty:verdict=PASS:master=1:slave=1:regular_file=0]
[TTY_ORACLE:termios_roundtrip:verdict=PASS:default_lflag=0x803b:modified_lflag=0x8023:restored=1]
[TTY_ORACLE:termios_roundtrip:verdict=PASS:default_lflag=0x803b:modified_lflag=0x8023:restored=1]
[TTY_ORACLE:canonical_line:verdict=PASS:withheld_unterminated=1:delivered_on_newline=6]
[TTY_ORACLE:canonical_line:verdict=PASS:withheld_unterminated=1:delivered_on_newline=6]
[TTY_ORACLE:icrnl:verdict=PASS:cr_to_nl=1:cleared_icrnl_holds=1]
[TTY_ORACLE:icrnl:verdict=PASS:cr_to_nl=1:cleared_icrnl_holds=1]
[TTY_ORACLE:raw_passthrough:verdict=PASS:unterminated_delivered=2]
[TTY_ORACLE:raw_passthrough:verdict=PASS:unterminated_delivered=2]
[TTY_ORACLE:echo:verdict=PASS:echo_on_bytes=3:echo_off_bytes=0]
[TTY_ORACLE:echo:verdict=PASS:echo_on_bytes=3:echo_off_bytes=0]
[TTY_ORACLE:onlcr:verdict=PASS:onlcr_expanded=3:opost_off_passthrough=2]
[TTY_ORACLE:onlcr:verdict=PASS:onlcr_expanded=3:opost_off_passthrough=2]
[TTY_ORACLE:winsize:verdict=PASS:default=24x80:set=41x133:crossed_ends=1]
[TTY_ORACLE:winsize:verdict=PASS:default=24x80:set=41x133:crossed_ends=1]
[TTY_ORACLE:foreground_pgrp:verdict=PASS:pgrp=10:crossed_ends=1]
[TTY_ORACLE:foreground_pgrp:verdict=PASS:pgrp=10:crossed_ends=1]
[TTY_ORACLE:hangup:verdict=PASS:eagain_while_open=1:eof_after_close=1]
[TTY_ORACLE:hangup:verdict=PASS:eagain_while_open=1:eof_after_close=1]
[pty] sys_posix_openpt(flags=0x902)
[pty] Created master fd=4 (pty 1)
[pty] Unlocked PTY 1 (fd 4)
[TTY_ORACLE:ctty:verdict=PASS:dev_tty_aliased_slave=1:survived_alias_close=1:eof_after_last_slave_close=1]
[TTY_ORACLE:ctty:verdict=PASS:dev_tty_aliased_slave=1:survived_alias_close=1:eof_after_last_slave_close=1]
[pty] sys_posix_openpt(flags=0x902)
[pty] Created master fd=4 (pty 1)
[pty] Unlocked PTY 1 (fd 4)
F123456789SC[EXEC_LOCK_ORDER:FIRST_COMMIT]
[syscall] exit(0) pid=11 name=/bin/tty_oracle
[TTBR0_ASID_CENSUS:untagged=0:tagged=2937:kernel=2638:cleared=5425]
[TTY_ORACLE:cloexec_exec:verdict=PASS:cloexec_survived_fork=1:eof_after_parent_close=1]
[TTY_ORACLE:cloexec_exec:verdict=PASS:cloexec_survived_fork=1:eof_after_parent_close=1]
[TTY_ORACLE:COMPLETE:pass=14:fail=0]
[TTY_ORACLE:COMPLETE:pass=14:fail=0]
[syscall] exit(0) pid=10 name=tty_oracle
[TTBR0_ASID_CENSUS:untagged=0:tagged=2941:kernel=2639:cleared=5431]
[init] tty_oracle exited pid=10 code=0
[spawn] path='/bin/exec_smoke'
manager.create_process_with_argv [ARM64]: ENTRY - name='exec_smoke', elf_size=290896, argc=1
manager.create_process_with_argv [ARM64]: Generated PID 12
manager.create_process_with_argv [ARM64]: Creating ProcessPageTable
manager.create_process_with_argv [ARM64]: Loading ELF into page table
manager.create_process_with_argv [ARM64]: ELF loaded, entry=0x4000eb40
manager.create_process_with_argv [ARM64]: Allocating user stack
manager.create_process_with_argv [ARM64]: User stack will be at 0xfffffeff0000-0xffffff000000
manager.create_process_with_argv [ARM64]: argc/argv set up on stack, SP=0xfffffefffed0
manager.create_process_with_argv [ARM64]: SUCCESS - returning PID 12
[spawn] Created child PID 12 for parent PID 1
[spawn] Success: child PID 12 scheduled
[EXEC_SMOKE:LAUNCH]
[EXEC_SMOKE:TARGET_ENTER argc=2]
[EXEC_SMOKE:TARGET_OK]
[syscall] exit(0) pid=12 name=/bin/exec_smoke_target
[TTBR0_ASID_CENSUS:untagged=0:tagged=3109:kernel=2782:cleared=5723]
[EXEC_SMOKE:LAUNCHER_EXIT code=0]
[spawn] path='/usr/local/test/bin/clonevm_exec_test'
manager.create_process_with_argv [ARM64]: ENTRY - name='clonevm_exec_test', elf_size=289648, argc=1
manager.create_process_with_argv [ARM64]: Generated PID 13
manager.create_process_with_argv [ARM64]: Creating ProcessPageTable
manager.create_process_with_argv [ARM64]: Loading ELF into page table
manager.create_process_with_argv [ARM64]: ELF loaded, entry=0x4000f63c
manager.create_process_with_argv [ARM64]: Allocating user stack
manager.create_process_with_argv [ARM64]: User stack will be at 0xfffffeff0000-0xffffff000000
manager.create_process_with_argv [ARM64]: argc/argv set up on stack, SP=0xfffffefffec0
manager.create_process_with_argv [ARM64]: SUCCESS - returning PID 13
[spawn] Created child PID 13 for parent PID 1
[spawn] Success: child PID 13 scheduled
CLONEVM_EXEC_TEST: start
CLONEVM_EXEC_TEST: child live
CLONEVM_EXEC_TEST: live sibling refused exec
[syscall] exit(0) pid=14 name=thread-14
CLONEVM_EXEC_TEST: child exited
[TTBR0_ASID_CENSUS:untagged=0:tagged=3316:kernel=2957:cleared=6080]
CLONEVM_EXEC_TEST: second stage
[syscall] exit(0) pid=15 name=thread-15
[TTBR0_ASID_CENSUS:untagged=0:tagged=3490:kernel=3089:cleared=6349]
CLONEVM_EXEC_TEST: post-exec rendezvous complete
CLONEVM_EXEC_TEST: post-exec futex keys derived
CLONEVM_EXEC_TEST: PASS
[syscall] exit(0) pid=13 name=/usr/local/test/bin/clonevm_exec_test
[TTBR0_ASID_CENSUS:untagged=0:tagged=3493:kernel=3090:cleared=6354]
[init] clonevm_exec_test exited pid=13 code=0
[init] wait_stress enabled; starting 60s waitqueue stress
[spawn] path='/bin/wait_stress'
manager.create_process_with_argv [ARM64]: ENTRY - name='wait_stress', elf_size=306280, argc=2
manager.create_process_with_argv [ARM64]: Generated PID 16
manager.create_process_with_argv [ARM64]: Creating ProcessPageTable
manager.create_process_with_argv [ARM64]: Loading ELF into page table
manager.create_process_with_argv [ARM64]: ELF loaded, entry=0x40010000
manager.create_process_with_argv [ARM64]: Allocating user stack
manager.create_process_with_argv [ARM64]: User stack will be at 0xfffffeff0000-0xffffff000000
manager.create_process_with_argv [ARM64]: argc/argv set up on stack, SP=0xfffffefffed0
manager.create_process_with_argv [ARM64]: SUCCESS - returning PID 16
[spawn] Created child PID 16 for parent PID 1
[spawn] Success: child PID 16 scheduled
WAIT_STRESS_START duration=60s sample=100ms
F123456789SCWAIT_STRESS: forked waiter pid=17
F123456789SCWAIT_STRESS: forked waker pid=18
[heartbeat] tid=12 uptime_ms=3176 kbd_nonzero=0
WAIT_STRESS_PROGRESS sample=10 entered=469 returned=468 wakes=417567 waiters=0

[CTX596_ELR_DIVERGENCE] tid=32 cpu=6 prev_elr=0xffff000040411d44 x30=0xffff0000405899ec ctx_elr=0xffff0000405899ec

[INLINE_SAVE_OVERWRITE] tid=32 sp=0xffff000054265830 old_sp=0xffff000054265830 saved_sp=0xffff000054265830 delta=0x0 saved_lr=0xffff000040438ed0 saved_slot20=0xffff000040438ed0 slot20=0xffff000040438ed0 elr=0xffff0000405899ec x30=0xffff0000405899ec

[CTX596_ELR_DIVERGENCE] tid=32 cpu=6 prev_elr=0xffff000040541d8c x30=0xffff0000405899ec ctx_elr=0xffff0000405899ec

[INLINE_SAVE_OVERWRITE] tid=32 sp=0xffff000054265850 old_sp=0xffff000054265830 saved_sp=0xffff000054265830 delta=0x20 saved_lr=0xffff000040438ed0 saved_slot20=0xffff000054265ef8 slot20=0xffff000040438ecc elr=0xffff000040411d44 x30=0xffff000040411d38

[INLINE_SAVE_OVERWRITE] tid=32 sp=0xffff000054265850 old_sp=0xffff000054265830 saved_sp=0xffff000054265830 delta=0x20 saved_lr=0xffff000040438ed0 saved_slot20=0xffff000054265ef8 slot20=0xffff000040438ecc elr=0xffff000040411d44 x30=0xffff000040411d38

[CTX596_ELR_DIVERGENCE] tid=32 cpu=0 prev_elr=0xffff000040411d44 x30=0xffff0000405899ec ctx_elr=0xffff0000405899ec
[heartbeat] tid=12 uptime_ms=4177 kbd_nonzero=0

[CTX596_ELR_DIVERGENCE] tid=32 cpu=4 prev_elr=0xffff000040411d44 x30=0xffff0000405899ec ctx_elr=0xffff0000405899ec

[INLINE_SAVE_OVERWRITE] tid=32 sp=0xffff000054265830 old_sp=0xffff000054265830 saved_sp=0xffff000054265830 delta=0x0 saved_lr=0xffff000040438ed0 saved_slot20=0xffff000040438ed0 slot20=0xffff000040438ed0 elr=0xffff0000405899ec x30=0xffff0000405899ec

[CTX596_ELR_DIVERGENCE] tid=32 cpu=7 prev_elr=0xffff000040411d44 x30=0xffff0000405899ec ctx_elr=0xffff0000405899ec

[INLINE_SAVE_OVERWRITE] tid=32 sp=0xffff000054265830 old_sp=0xffff000054265830 saved_sp=0xffff000054265830 delta=0x0 saved_lr=0xffff000040438ed0 saved_slot20=0xffff000040438ed0 slot20=0xffff000040438ed0 elr=0xffff0000405899ec x30=0xffff0000405899ec

[CTX596_ELR_DIVERGENCE] tid=32 cpu=7 prev_elr=0xffff000040411d44 x30=0xffff0000405899ec ctx_elr=0xffff0000405899ec
WAIT_STRESS_PROGRESS sample=20 entered=1266 returned=1265 wakes=1536664 waiters=0

[CTX596_ELR_DIVERGENCE] tid=32 cpu=2 prev_elr=0xffff000040411d44 x30=0xffff0000405899ec ctx_elr=0xffff0000405899ec

[INLINE_SAVE_OVERWRITE] tid=32 sp=0xffff000054265830 old_sp=0xffff000054265830 saved_sp=0xffff000054265830 delta=0x0 saved_lr=0xffff000040438ed0 saved_slot20=0xffff000040438ed0 slot20=0xffff000040438ed0 elr=0xffff0000405899ec x30=0xffff0000405899ec

[CTX596_ELR_DIVERGENCE] tid=32 cpu=2 prev_elr=0xffff000040541d8c x30=0xffff0000405899ec ctx_elr=0xffff0000405899ec
[heartbeat] tid=12 uptime_ms=5178 kbd_nonzero=0

[INLINE_SAVE_OVERWRITE] tid=32 sp=0xffff000054265830 old_sp=0xffff000054265830 saved_sp=0xffff000054265830 delta=0x0 saved_lr=0xffff000040438ed0 saved_slot20=0xffff000040438ed0 slot20=0xffff000040438ed0 elr=0xffff0000405899ec x30=0xffff0000405899ec

[INLINE_SAVE_OVERWRITE] tid=32 sp=0xffff000054265850 old_sp=0xffff000054265830 saved_sp=0xffff000054265830 delta=0x20 saved_lr=0xffff000040438ed0 saved_slot20=0xffff000054265ef8 slot20=0xffff000040438ecc elr=0xffff000040411d44 x30=0xffff000040411d38

[INLINE_SAVE_OVERWRITE] tid=32 sp=0xffff000054265830 old_sp=0xffff000054265830 saved_sp=0xffff000054265830 delta=0x0 saved_lr=0xffff000040438ed0 saved_slot20=0xffff000040438ed0 slot20=0xffff000040438ed0 elr=0xffff0000405899ec x30=0xffff0000405899ec

[INLINE_SAVE_OVERWRITE] tid=32 sp=0xffff000054265850 old_sp=0xffff000054265830 saved_sp=0xffff000054265830 delta=0x20 saved_lr=0xffff000040438ed0 saved_slot20=0xffff000054265ef8 slot20=0xffff000040438ecc elr=0xffff000040411d44 x30=0xffff000040411d38
WAIT_STRESS_PROGRESS sample=30 entered=2143 returned=2143 wakes=2653821 waiters=0

[INLINE_SAVE_OVERWRITE] tid=32 sp=0xffff000054265830 old_sp=0xffff000054265830 saved_sp=0xffff000054265830 delta=0x0 saved_lr=0xffff000040438ed0 saved_slot20=0xffff000040438ed0 slot20=0xffff000040438ed0 elr=0xffff0000405899ec x30=0xffff0000405899ec

[INLINE_SAVE_OVERWRITE] tid=32 sp=0xffff000054265850 old_sp=0xffff000054265830 saved_sp=0xffff000054265830 delta=0x20 saved_lr=0xffff000040438ed0 saved_slot20=0xffff000054265ef8 slot20=0xffff000040438ecc elr=0xffff000040411d44 x30=0xffff000040411d38

[INLINE_SAVE_OVERWRITE] tid=32 sp=0xffff000054265830 old_sp=0xffff000054265830 saved_sp=0xffff000054265830 delta=0x0 saved_lr=0xffff000040438ed0 saved_slot20=0xffff000040438ed0 slot20=0xffff000040438ed0 elr=0xffff0000405899ec x30=0xffff0000405899ec

[INLINE_SAVE_OVERWRITE] tid=32 sp=0xffff000054265830 old_sp=0xffff000054265830 saved_sp=0xffff000054265830 delta=0x0 saved_lr=0xffff000040438ed0 saved_slot20=0xffff000040438ed0 slot20=0xffff000040438ed0 elr=0xffff0000405899ec x30=0xffff0000405899ec

[INLINE_SAVE_OVERWRITE] tid=32 sp=0xffff000054265830 old_sp=0xffff000054265830 saved_sp=0xffff000054265830 delta=0x0 saved_lr=0xffff000040438ed0 saved_slot20=0xffff000040438ed0 slot20=0xffff000040438ed0 elr=0xffff0000405899ec x30=0xffff0000405899ec

[INLINE_SAVE_OVERWRITE] tid=32 sp=0xffff000054265830 old_sp=0xffff000054265830 saved_sp=0xffff000054265830 delta=0x0 saved_lr=0xffff000040438ed0 saved_slot20=0xffff000040438ed0 slot20=0xffff000040438ed0 elr=0xffff0000405899ec x30=0xffff0000405899ec
[heartbeat] tid=12 uptime_ms=6180 kbd_nonzero=0

[INLINE_SAVE_OVERWRITE] tid=32 sp=0xffff000054265830 old_sp=0xffff000054265830 saved_sp=0xffff000054265830 delta=0x0 saved_lr=0xffff000040438ed0 saved_slot20=0xffff000040438ed0 slot20=0xffff000040438ed0 elr=0xffff0000405899ec x30=0xffff0000405899ec

[INLINE_SAVE_OVERWRITE] tid=32 sp=0xffff000054265830 old_sp=0xffff000054265830 saved_sp=0xffff000054265830 delta=0x0 saved_lr=0xffff000040438ed0 saved_slot20=0xffff000040438ed0 slot20=0xffff000040438ed0 elr=0xffff0000405899ec x30=0xffff0000405899ec

[INLINE_SAVE_OVERWRITE] tid=32 sp=0xffff000054265850 old_sp=0xffff000054265830 saved_sp=0xffff000054265830 delta=0x20 saved_lr=0xffff000040438ed0 saved_slot20=0xffff000054265ef8 slot20=0xffff000040438ecc elr=0xffff000040411d44 x30=0xffff000040411d38
WAIT_STRESS_PROGRESS sample=40 entered=4041 returned=4040 wakes=3769254 waiters=0

[INLINE_SAVE_OVERWRITE] tid=32 sp=0xffff000054265830 old_sp=0xffff000054265830 saved_sp=0xffff000054265830 delta=0x0 saved_lr=0xffff000040438ed0 saved_slot20=0xffff000040438ed0 slot20=0xffff000040438ed0 elr=0xffff0000405899ec x30=0xffff0000405899ec
[heartbeat] tid=12 uptime_ms=7181 kbd_nonzero=0
WAIT_STRESS_PROGRESS sample=50 entered=22173 returned=22172 wakes=4518260 waiters=0
[heartbeat] tid=12 uptime_ms=8182 kbd_nonzero=0
WAIT_STRESS_PROGRESS sample=60 entered=40777 returned=40776 wakes=5267869 waiters=0
[heartbeat] tid=12 uptime_ms=9183 kbd_nonzero=0
WAIT_STRESS_PROGRESS sample=70 entered=67319 returned=67318 wakes=5814147 waiters=0
[RESUME_PC_CENSUS:cpu=0:source=el1-restore-frame-elr:text=254:kstack=0:uva=0:smallint=0:other=0]
[RESUME_PC_CENSUS:cpu=0:source=el0-restore-frame-elr:text=0:kstack=0:uva=194:smallint=0:other=0]
[RESUME_PC_CENSUS:cpu=0:source=ctx-x30:text=2931:kstack=0:uva=190:smallint=4:other=0]
[RESUME_PC_CENSUS:cpu=0:source=ctx-elr-el1:text=2931:kstack=0:uva=0:smallint=0:other=0]
[RESUME_PC_CENSUS:cpu=0:source=lr-save-el1:text=188:kstack=0:uva=0:smallint=0:other=0]
[RESUME_PC_CENSUS:cpu=0:source=lr-restore-el1:text=254:kstack=0:uva=0:smallint=0:other=0]
[RESUME_PC_CENSUS:cpu=0:source=lr-save-el0:text=0:kstack=0:uva=236:smallint=8:other=0]
[RESUME_PC_CENSUS:cpu=0:source=lr-restore-el0:text=0:kstack=0:uva=190:smallint=4:other=0]
[RESUME_PC_CENSUS:cpu=1:source=el1-restore-frame-elr:text=79:kstack=0:uva=0:smallint=0:other=0]
[RESUME_PC_CENSUS:cpu=1:source=el0-restore-frame-elr:text=0:kstack=0:uva=141:smallint=0:other=0]
[RESUME_PC_CENSUS:cpu=1:source=el0-first-entry-frame-elr:text=0:kstack=0:uva=4:smallint=0:other=0]
[RESUME_PC_CENSUS:cpu=1:source=ctx-x30:text=146:kstack=0:uva=136:smallint=5:other=0]
[RESUME_PC_CENSUS:cpu=1:source=ctx-elr-el1:text=146:kstack=0:uva=0:smallint=0:other=0]
[RESUME_PC_CENSUS:cpu=1:source=lr-save-el1:text=75:kstack=0:uva=0:smallint=0:other=0]
[RESUME_PC_CENSUS:cpu=1:source=lr-restore-el1:text=79:kstack=0:uva=0:smallint=0:other=0]
[RESUME_PC_CENSUS:cpu=1:source=lr-save-el0:text=0:kstack=0:uva=110:smallint=2:other=0]
[RESUME_PC_CENSUS:cpu=1:source=lr-restore-el0:text=0:kstack=0:uva=136:smallint=5:other=0]
[RESUME_PC_CENSUS:cpu=2:source=el1-restore-frame-elr:text=796:kstack=0:uva=0:smallint=0:other=0]
[RESUME_PC_CENSUS:cpu=2:source=el0-restore-frame-elr:text=0:kstack=0:uva=262:smallint=0:other=0]
[RESUME_PC_CENSUS:cpu=2:source=el0-first-entry-frame-elr:text=0:kstack=0:uva=3:smallint=0:other=0]
[RESUME_PC_CENSUS:cpu=2:source=ctx-x30:text=12649:kstack=0:uva=255:smallint=7:other=0]
[RESUME_PC_CENSUS:cpu=2:source=ctx-elr-el1:text=12649:kstack=0:uva=0:smallint=0:other=0]
[RESUME_PC_CENSUS:cpu=2:source=lr-save-el1:text=742:kstack=0:uva=0:smallint=0:other=0]
[RESUME_PC_CENSUS:cpu=2:source=lr-restore-el1:text=796:kstack=0:uva=0:smallint=0:other=0]
[RESUME_PC_CENSUS:cpu=2:source=lr-save-el0:text=0:kstack=0:uva=243:smallint=5:other=0]
[RESUME_PC_CENSUS:cpu=2:source=lr-restore-el0:text=0:kstack=0:uva=255:smallint=7:other=0]
[RESUME_PC_CENSUS:cpu=3:source=el1-restore-frame-elr:text=202:kstack=0:uva=0:smallint=0:other=0]
[RESUME_PC_CENSUS:cpu=3:source=el0-restore-frame-elr:text=0:kstack=0:uva=125:smallint=0:other=0]
[RESUME_PC_CENSUS:cpu=3:source=el0-first-entry-frame-elr:text=0:kstack=0:uva=1:smallint=0:other=0]
[RESUME_PC_CENSUS:cpu=3:source=ctx-x30:text=11168:kstack=0:uva=120:smallint=5:other=0]
[RESUME_PC_CENSUS:cpu=3:source=ctx-elr-el1:text=11168:kstack=0:uva=0:smallint=0:other=0]
[RESUME_PC_CENSUS:cpu=3:source=lr-save-el1:text=134:kstack=0:uva=0:smallint=0:other=0]
[RESUME_PC_CENSUS:cpu=3:source=lr-restore-el1:text=202:kstack=0:uva=0:smallint=0:other=0]
[RESUME_PC_CENSUS:cpu=3:source=lr-save-el0:text=0:kstack=0:uva=97:smallint=4:other=0]
[RESUME_PC_CENSUS:cpu=3:source=lr-restore-el0:text=0:kstack=0:uva=120:smallint=5:other=0]
[RESUME_PC_CENSUS:cpu=4:source=el1-restore-frame-elr:text=485:kstack=0:uva=0:smallint=0:other=0]
[RESUME_PC_CENSUS:cpu=4:source=el0-restore-frame-elr:text=0:kstack=0:uva=141:smallint=0:other=0]
[RESUME_PC_CENSUS:cpu=4:source=ctx-x30:text=15409:kstack=0:uva=138:smallint=3:other=0]
[RESUME_PC_CENSUS:cpu=4:source=ctx-elr-el1:text=15409:kstack=0:uva=0:smallint=0:other=0]
[RESUME_PC_CENSUS:cpu=4:source=lr-save-el1:text=458:kstack=0:uva=0:smallint=0:other=0]
[RESUME_PC_CENSUS:cpu=4:source=lr-restore-el1:text=485:kstack=0:uva=0:smallint=0:other=0]
[RESUME_PC_CENSUS:cpu=4:source=lr-save-el0:text=0:kstack=0:uva=136:smallint=3:other=0]
[RESUME_PC_CENSUS:cpu=4:source=lr-restore-el0:text=0:kstack=0:uva=138:smallint=3:other=0]
[RESUME_PC_CENSUS:cpu=5:source=el1-restore-frame-elr:text=51:kstack=0:uva=0:smallint=0:other=0]
[RESUME_PC_CENSUS:cpu=5:source=el0-restore-frame-elr:text=0:kstack=0:uva=67:smallint=0:other=0]
[RESUME_PC_CENSUS:cpu=5:source=ctx-x30:text=97:kstack=0:uva=67:smallint=0:other=0]
[RESUME_PC_CENSUS:cpu=5:source=ctx-elr-el1:text=97:kstack=0:uva=0:smallint=0:other=0]
[RESUME_PC_CENSUS:cpu=5:source=lr-save-el1:text=53:kstack=0:uva=0:smallint=0:other=0]
[RESUME_PC_CENSUS:cpu=5:source=lr-restore-el1:text=51:kstack=0:uva=0:smallint=0:other=0]
[RESUME_PC_CENSUS:cpu=5:source=lr-save-el0:text=0:kstack=0:uva=66:smallint=0:other=0]
[RESUME_PC_CENSUS:cpu=5:source=lr-restore-el0:text=0:kstack=0:uva=67:smallint=0:other=0]
[RESUME_PC_CENSUS:cpu=6:source=el1-restore-frame-elr:text=666:kstack=0:uva=0:smallint=0:other=0]
[RESUME_PC_CENSUS:cpu=6:source=el0-restore-frame-elr:text=0:kstack=0:uva=159:smallint=0:other=0]
[RESUME_PC_CENSUS:cpu=6:source=ctx-x30:text=17395:kstack=0:uva=157:smallint=2:other=0]
[RESUME_PC_CENSUS:cpu=6:source=ctx-elr-el1:text=17395:kstack=0:uva=0:smallint=0:other=0]
[RESUME_PC_CENSUS:cpu=6:source=lr-save-el1:text=635:kstack=0:uva=0:smallint=0:other=0]
[RESUME_PC_CENSUS:cpu=6:source=lr-restore-el1:text=666:kstack=0:uva=0:smallint=0:other=0]
[RESUME_PC_CENSUS:cpu=6:source=lr-save-el0:text=0:kstack=0:uva=158:smallint=2:other=0]
[RESUME_PC_CENSUS:cpu=6:source=lr-restore-el0:text=0:kstack=0:uva=157:smallint=2:other=0]
[RESUME_PC_CENSUS:cpu=7:source=el1-restore-frame-elr:text=299:kstack=0:uva=0:smallint=0:other=0]
[RESUME_PC_CENSUS:cpu=7:source=el0-restore-frame-elr:text=0:kstack=0:uva=40:smallint=0:other=0]
[RESUME_PC_CENSUS:cpu=7:source=ctx-x30:text=19025:kstack=0:uva=40:smallint=0:other=0]
[RESUME_PC_CENSUS:cpu=7:source=ctx-elr-el1:text=19025:kstack=0:uva=0:smallint=0:other=0]
[RESUME_PC_CENSUS:cpu=7:source=lr-save-el1:text=280:kstack=0:uva=0:smallint=0:other=0]
[RESUME_PC_CENSUS:cpu=7:source=lr-restore-el1:text=299:kstack=0:uva=0:smallint=0:other=0]
[RESUME_PC_CENSUS:cpu=7:source=lr-save-el0:text=0:kstack=0:uva=48:smallint=0:other=0]
[RESUME_PC_CENSUS:cpu=7:source=lr-restore-el0:text=0:kstack=0:uva=40:smallint=0:other=0]
[heartbeat] tid=12 uptime_ms=10184 kbd_nonzero=0
WAIT_STRESS_PROGRESS sample=80 entered=92980 returned=92979 wakes=6384429 waiters=0
[heartbeat] tid=12 uptime_ms=11185 kbd_nonzero=0
WAIT_STRESS_PROGRESS sample=90 entered=111249 returned=111248 wakes=7141612 waiters=0
[heartbeat] tid=12 uptime_ms=12186 kbd_nonzero=0
WAIT_STRESS_PROGRESS sample=100 entered=130530 returned=130529 wakes=7867928 waiters=0
[heartbeat] tid=12 uptime_ms=13187 kbd_nonzero=0
WAIT_STRESS_PROGRESS sample=110 entered=148596 returned=148595 wakes=8635625 waiters=0
[heartbeat] tid=12 uptime_ms=14189 kbd_nonzero=0
WAIT_STRESS_PROGRESS sample=120 entered=167739 returned=167738 wakes=9370500 waiters=0
[heartbeat] tid=12 uptime_ms=15190 kbd_nonzero=0
WAIT_STRESS_PROGRESS sample=130 entered=186780 returned=186779 wakes=10101320 waiters=0
[heartbeat] tid=12 uptime_ms=16190 kbd_nonzero=0
WAIT_STRESS_PROGRESS sample=140 entered=207113 returned=207112 wakes=10791121 waiters=0
[heartbeat] tid=12 uptime_ms=17192 kbd_nonzero=0
WAIT_STRESS_PROGRESS sample=150 entered=226407 returned=226406 wakes=11509320 waiters=0
[heartbeat] tid=12 uptime_ms=18193 kbd_nonzero=0
WAIT_STRESS_PROGRESS sample=160 entered=245766 returned=245765 wakes=12235049 waiters=0
[heartbeat] tid=12 uptime_ms=19195 kbd_nonzero=0
WAIT_STRESS_PROGRESS sample=170 entered=264478 returned=264477 wakes=12972328 waiters=0
[RESUME_PC_CENSUS:cpu=0:source=el1-restore-frame-elr:text=254:kstack=0:uva=0:smallint=0:other=0]
[RESUME_PC_CENSUS:cpu=0:source=el0-restore-frame-elr:text=0:kstack=0:uva=194:smallint=0:other=0]
[RESUME_PC_CENSUS:cpu=0:source=ctx-x30:text=2931:kstack=0:uva=190:smallint=4:other=0]
[RESUME_PC_CENSUS:cpu=0:source=ctx-elr-el1:text=2931:kstack=0:uva=0:smallint=0:other=0]
[RESUME_PC_CENSUS:cpu=0:source=lr-save-el1:text=188:kstack=0:uva=0:smallint=0:other=0]
[RESUME_PC_CENSUS:cpu=0:source=lr-restore-el1:text=254:kstack=0:uva=0:smallint=0:other=0]
[RESUME_PC_CENSUS:cpu=0:source=lr-save-el0:text=0:kstack=0:uva=236:smallint=8:other=0]
[RESUME_PC_CENSUS:cpu=0:source=lr-restore-el0:text=0:kstack=0:uva=190:smallint=4:other=0]
[RESUME_PC_CENSUS:cpu=1:source=el1-restore-frame-elr:text=79:kstack=0:uva=0:smallint=0:other=0]
[RESUME_PC_CENSUS:cpu=1:source=el0-restore-frame-elr:text=0:kstack=0:uva=141:smallint=0:other=0]
[RESUME_PC_CENSUS:cpu=1:source=el0-first-entry-frame-elr:text=0:kstack=0:uva=4:smallint=0:other=0]
[RESUME_PC_CENSUS:cpu=1:source=ctx-x30:text=146:kstack=0:uva=136:smallint=5:other=0]
[RESUME_PC_CENSUS:cpu=1:source=ctx-elr-el1:text=146:kstack=0:uva=0:smallint=0:other=0]
[RESUME_PC_CENSUS:cpu=1:source=lr-save-el1:text=75:kstack=0:uva=0:smallint=0:other=0]
[RESUME_PC_CENSUS:cpu=1:source=lr-restore-el1:text=79:kstack=0:uva=0:smallint=0:other=0]
[RESUME_PC_CENSUS:cpu=1:source=lr-save-el0:text=0:kstack=0:uva=110:smallint=2:other=0]
[RESUME_PC_CENSUS:cpu=1:source=lr-restore-el0:text=0:kstack=0:uva=136:smallint=5:other=0]
[RESUME_PC_CENSUS:cpu=2:source=el1-restore-frame-elr:text=888:kstack=0:uva=0:smallint=0:other=0]
[RESUME_PC_CENSUS:cpu=2:source=el0-restore-frame-elr:text=0:kstack=0:uva=262:smallint=0:other=0]
[RESUME_PC_CENSUS:cpu=2:source=el0-first-entry-frame-elr:text=0:kstack=0:uva=3:smallint=0:other=0]
[RESUME_PC_CENSUS:cpu=2:source=ctx-x30:text=42203:kstack=0:uva=255:smallint=7:other=0]
[RESUME_PC_CENSUS:cpu=2:source=ctx-elr-el1:text=42203:kstack=0:uva=0:smallint=0:other=0]
[RESUME_PC_CENSUS:cpu=2:source=lr-save-el1:text=742:kstack=0:uva=0:smallint=0:other=0]
[RESUME_PC_CENSUS:cpu=2:source=lr-restore-el1:text=888:kstack=0:uva=0:smallint=0:other=0]
[RESUME_PC_CENSUS:cpu=2:source=lr-save-el0:text=0:kstack=0:uva=243:smallint=5:other=0]
[RESUME_PC_CENSUS:cpu=2:source=lr-restore-el0:text=0:kstack=0:uva=255:smallint=7:other=0]
[RESUME_PC_CENSUS:cpu=3:source=el1-restore-frame-elr:text=312:kstack=0:uva=0:smallint=0:other=0]
[RESUME_PC_CENSUS:cpu=3:source=el0-restore-frame-elr:text=0:kstack=0:uva=125:smallint=0:other=0]
[RESUME_PC_CENSUS:cpu=3:source=el0-first-entry-frame-elr:text=0:kstack=0:uva=1:smallint=0:other=0]
[RESUME_PC_CENSUS:cpu=3:source=ctx-x30:text=42854:kstack=0:uva=120:smallint=5:other=0]
[RESUME_PC_CENSUS:cpu=3:source=ctx-elr-el1:text=42856:kstack=0:uva=0:smallint=0:other=0]
[RESUME_PC_CENSUS:cpu=3:source=lr-save-el1:text=134:kstack=0:uva=0:smallint=0:other=0]
[RESUME_PC_CENSUS:cpu=3:source=lr-restore-el1:text=312:kstack=0:uva=0:smallint=0:other=0]
[RESUME_PC_CENSUS:cpu=3:source=lr-save-el0:text=0:kstack=0:uva=97:smallint=4:other=0]
[RESUME_PC_CENSUS:cpu=3:source=lr-restore-el0:text=0:kstack=0:uva=120:smallint=5:other=0]
[RESUME_PC_CENSUS:cpu=4:source=el1-restore-frame-elr:text=612:kstack=0:uva=0:smallint=0:other=0]
[RESUME_PC_CENSUS:cpu=4:source=el0-restore-frame-elr:text=0:kstack=0:uva=141:smallint=0:other=0]
[RESUME_PC_CENSUS:cpu=4:source=ctx-x30:text=53865:kstack=0:uva=138:smallint=3:other=0]
[RESUME_PC_CENSUS:cpu=4:source=ctx-elr-el1:text=53865:kstack=0:uva=0:smallint=0:other=0]
[RESUME_PC_CENSUS:cpu=4:source=lr-save-el1:text=458:kstack=0:uva=0:smallint=0:other=0]
[RESUME_PC_CENSUS:cpu=4:source=lr-restore-el1:text=612:kstack=0:uva=0:smallint=0:other=0]
[RESUME_PC_CENSUS:cpu=4:source=lr-save-el0:text=0:kstack=0:uva=136:smallint=3:other=0]
[RESUME_PC_CENSUS:cpu=4:source=lr-restore-el0:text=0:kstack=0:uva=138:smallint=3:other=0]
[RESUME_PC_CENSUS:cpu=5:source=el1-restore-frame-elr:text=51:kstack=0:uva=0:smallint=0:other=0]
[RESUME_PC_CENSUS:cpu=5:source=el0-restore-frame-elr:text=0:kstack=0:uva=67:smallint=0:other=0]
[RESUME_PC_CENSUS:cpu=5:source=ctx-x30:text=97:kstack=0:uva=67:smallint=0:other=0]
[RESUME_PC_CENSUS:cpu=5:source=ctx-elr-el1:text=97:kstack=0:uva=0:smallint=0:other=0]
[RESUME_PC_CENSUS:cpu=5:source=lr-save-el1:text=53:kstack=0:uva=0:smallint=0:other=0]
[RESUME_PC_CENSUS:cpu=5:source=lr-restore-el1:text=51:kstack=0:uva=0:smallint=0:other=0]
[RESUME_PC_CENSUS:cpu=5:source=lr-save-el0:text=0:kstack=0:uva=66:smallint=0:other=0]
[RESUME_PC_CENSUS:cpu=5:source=lr-restore-el0:text=0:kstack=0:uva=67:smallint=0:other=0]
[RESUME_PC_CENSUS:cpu=6:source=el1-restore-frame-elr:text=796:kstack=0:uva=0:smallint=0:other=0]
[RESUME_PC_CENSUS:cpu=6:source=el0-restore-frame-elr:text=0:kstack=0:uva=159:smallint=0:other=0]
[RESUME_PC_CENSUS:cpu=6:source=ctx-x30:text=59808:kstack=0:uva=157:smallint=2:other=0]
[RESUME_PC_CENSUS:cpu=6:source=ctx-elr-el1:text=59808:kstack=0:uva=0:smallint=0:other=0]
[RESUME_PC_CENSUS:cpu=6:source=lr-save-el1:text=635:kstack=0:uva=0:smallint=0:other=0]
[RESUME_PC_CENSUS:cpu=6:source=lr-restore-el1:text=796:kstack=0:uva=0:smallint=0:other=0]
[RESUME_PC_CENSUS:cpu=6:source=lr-save-el0:text=0:kstack=0:uva=158:smallint=2:other=0]
[RESUME_PC_CENSUS:cpu=6:source=lr-restore-el0:text=0:kstack=0:uva=157:smallint=2:other=0]
[RESUME_PC_CENSUS:cpu=7:source=el1-restore-frame-elr:text=453:kstack=0:uva=0:smallint=0:other=0]
[RESUME_PC_CENSUS:cpu=7:source=el0-restore-frame-elr:text=0:kstack=0:uva=40:smallint=0:other=0]
[RESUME_PC_CENSUS:cpu=7:source=ctx-x30:text=59500:kstack=0:uva=40:smallint=0:other=0]
[RESUME_PC_CENSUS:cpu=7:source=ctx-elr-el1:text=59500:kstack=0:uva=0:smallint=0:other=0]
[RESUME_PC_CENSUS:cpu=7:source=lr-save-el1:text=280:kstack=0:uva=0:smallint=0:other=0]
[RESUME_PC_CENSUS:cpu=7:source=lr-restore-el1:text=453:kstack=0:uva=0:smallint=0:other=0]
[RESUME_PC_CENSUS:cpu=7:source=lr-save-el0:text=0:kstack=0:uva=48:smallint=0:other=0]
[RESUME_PC_CENSUS:cpu=7:source=lr-restore-el0:text=0:kstack=0:uva=40:smallint=0:other=0]
[heartbeat] tid=12 uptime_ms=20196 kbd_nonzero=0
[PT_ROOT_CUSTODY:no_proof=11:no_arch=0:terminated=0:undecided=0:mid_retire=0:retired=3]
[TOMBSTONE_CENSUS:resident=0:removed=9:reap_second=9:retire_second=0:abandoned_unqueued=0]
[TTBR0_ASID_CENSUS:untagged=0:tagged=539396:kernel=265479:cleared=803699]
[net-rx-counters] sample=1 begin
[net-rx-counters] sample=1 NET_RX_MSI_TOTAL: 2 (cpu0=2)
[net-rx-counters] sample=1 NET_RX_RING_DRAIN_TOTAL: 3 (cpu0=3)
[net-rx-counters] sample=1 NET_RX_FRAME_TOTAL: 3 (cpu0=3)
[net-rx-counters] sample=1 NET_RX_ARP_TOTAL: 2 (cpu0=2)
[net-rx-counters] sample=1 NET_RX_ETHERTYPE_OTHER_TOTAL: 0
[net-rx-counters] sample=1 NET_RX_SOFTIRQ_ENTRY_TOTAL: 12 (cpu0=5, cpu1=2, cpu2=2, cpu3=1, cpu5=2)
[net-rx-counters] sample=1 NET_RX_SOFTIRQ_EXIT_TOTAL: 12 (cpu0=5, cpu1=2, cpu2=2, cpu3=1, cpu5=2)
[net-rx-counters] sample=1 NET_RX_REENTRANT_SKIP_TOTAL: 1 (cpu1=1)
[net-rx-counters] sample=1 NET_RX_GUARD_RELEASE_TOTAL: 12 (cpu0=6, cpu1=1, cpu2=2, cpu3=1, cpu5=2)
[net-rx-counters] sample=1 NET_RX_REARM_CHECK_TOTAL: 12 (cpu0=6, cpu1=1, cpu2=2, cpu3=1, cpu5=2)
[net-rx-counters] sample=1 NET_RX_REARM_RACE_TOTAL: 0
[net-rx-counters] sample=1 NET_RX_REARM_ARMED_TOTAL: 12 (cpu0=6, cpu1=1, cpu2=2, cpu3=1, cpu5=2)
[net-rx-counters] sample=1 NET_PCI_IRQ_RAISED_NETRX: 2 (cpu0=2)
[net-rx-counters] sample=1 GIC_SPI55_ACK_TOTAL: 2 (cpu0=2)
[net-rx-counters] sample=1 GICV2M_BASE_PHYS: 0x2250000
[net-rx-counters] sample=1 GICV2M_DOORBELL_PHYS: 0x2250040
[net-rx-counters] sample=1 GICV2M_MSI_TYPER: 0x80350040
[net-rx-counters] sample=1 GICV2M_SPI_BASE: 53
[net-rx-counters] sample=1 GICV2M_SPI_COUNT: 64
[net-rx-counters] sample=1 GICV2M_NEXT_INDEX: 4
[net-rx-counters] sample=1 GIC_SPI54_IRQ: 54
[net-rx-counters] sample=1 GIC_SPI54_VERSION: 3
[net-rx-counters] sample=1 GIC_SPI54_ISENABLER_BIT: 0x400000
[net-rx-counters] sample=1 GIC_SPI54_ISPENDR_BIT: 0x0
[net-rx-counters] sample=1 GIC_SPI54_ISACTIVER_BIT: 0x0
[net-rx-counters] sample=1 GIC_SPI54_IGROUPR_BIT: 0x400000
[net-rx-counters] sample=1 GIC_SPI54_PRIORITY: 0xa0
[net-rx-counters] sample=1 GIC_SPI54_ICFGR_REG: 0x2a800
[net-rx-counters] sample=1 GIC_SPI54_IROUTER: 0x0
[net-rx-counters] sample=1 GIC_SPI54_ITARGETSR_BYTE: 0x0
[net-rx-counters] sample=1 GIC_SPI54_GICD_CTLR: 0x53
[net-rx-counters] sample=1 GIC_SPI55_IRQ: 55
[net-rx-counters] sample=1 GIC_SPI55_VERSION: 3
[net-rx-counters] sample=1 GIC_SPI55_ISENABLER_BIT: 0x800000
[net-rx-counters] sample=1 GIC_SPI55_ISPENDR_BIT: 0x0
[net-rx-counters] sample=1 GIC_SPI55_ISACTIVER_BIT: 0x0
[net-rx-counters] sample=1 GIC_SPI55_IGROUPR_BIT: 0x800000
[net-rx-counters] sample=1 GIC_SPI55_PRIORITY: 0xa0
[net-rx-counters] sample=1 GIC_SPI55_ICFGR_REG: 0x2a800
[net-rx-counters] sample=1 GIC_SPI55_IROUTER: 0x0
[net-rx-counters] sample=1 GIC_SPI55_ITARGETSR_BYTE: 0x0
[net-rx-counters] sample=1 GIC_SPI55_GICD_CTLR: 0x53
[net-rx-counters] sample=1 MANUAL_GICV2M_TEST_DONE: 1
[net-rx-counters] sample=1 MANUAL_GICV2M_TEST_IRQ: 55
[net-rx-counters] sample=1 MANUAL_GICV2M_TEST_DOORBELL: 0x2250040
[net-rx-counters] sample=1 MANUAL_GICV2M_TEST_BEFORE_PEND: 0x0
[net-rx-counters] sample=1 MANUAL_GICV2M_TEST_AFTER_WRITE_PEND: 0x800000
[net-rx-counters] sample=1 MANUAL_GICV2M_TEST_AFTER_WAIT_PEND: 0x0
[net-rx-counters] sample=1 MANUAL_GICV2M_TEST_ACK_BEFORE: 0
[net-rx-counters] sample=1 MANUAL_GICV2M_TEST_ACK_AFTER: 1
[net-rx-counters] sample=1 MANUAL_GICV2M_TEST_MSI_BEFORE: 0
[net-rx-counters] sample=1 MANUAL_GICV2M_TEST_MSI_AFTER: 1
[net-rx-counters] sample=1 NET_PCI_DEVICE_STATUS: 0xf
[net-rx-counters] sample=1 NET_PCI_ISR_STATUS: 0x0
[net-rx-counters] sample=1 NET_PCI_DEVICE_FEATURES: 0x6187bfa3
[net-rx-counters] sample=1 NET_PCI_GUEST_FEATURES: 0x10020
[net-rx-counters] sample=1 NET_PCI_RX_QUEUE_PFN: 0x4123b
[net-rx-counters] sample=1 NET_PCI_TX_QUEUE_PFN: 0x4123e
[net-rx-counters] sample=1 NET_PCI_RX_QUEUE_SIZE: 256
[net-rx-counters] sample=1 NET_PCI_TX_QUEUE_SIZE: 256
[net-rx-counters] sample=1 NET_PCI_RX_QUEUE_ALIGN: 4096
[net-rx-counters] sample=1 NET_PCI_RX_QUEUE_VECTOR: 0x0
[net-rx-counters] sample=1 NET_PCI_TX_QUEUE_VECTOR: 0xffff
[net-rx-counters] sample=1 NET_PCI_RX_AVAIL_FLAGS: 0x0
[net-rx-counters] sample=1 NET_PCI_RX_AVAIL_IDX: 12
[net-rx-counters] sample=1 NET_PCI_RX_USED_FLAGS: 0x1
[net-rx-counters] sample=1 NET_PCI_RX_USED_IDX: 3
[net-rx-counters] sample=1 NET_PCI_RX_LAST_USED_IDX: 3
[net-rx-counters] sample=1 NET_PCI_RX_POSTED_GAP: 9
[net-rx-counters] sample=1 NET_PCI_RX_DESC0: addr=0x4126aa00 len=1524 flags=0x2
[net-rx-counters] sample=1 NET_PCI_RX_DESC1: addr=0x4126b000 len=1524 flags=0x2
[net-rx-counters] sample=1 NET_PCI_RX_DESC2: addr=0x4126b600 len=1524 flags=0x2
[net-rx-counters] sample=1 NET_PCI_RX_DESC3: addr=0x4126bc00 len=1524 flags=0x2
[net-rx-counters] sample=1 NET_PCI_RX_RING_HEADS: 0,1,2,3
[net-rx-counters] sample=1 NET_RX_PROCESSING_HELD: 0
[net-rx-counters] sample=1 NET_RX_PENDING_WHILE_PROCESSING: 0
[net-rx-counters] sample=1 NET_PCI_RX_REARM_SAMPLE_SEQ: 12
[net-rx-counters] sample=1 NET_PCI_RX_REARM_SAMPLE0: used_idx=3 last_used_idx=3 avail_flags=0x0 raced=0
[net-rx-counters] sample=1 NET_PCI_RX_REARM_SAMPLE1: used_idx=3 last_used_idx=3 avail_flags=0x0 raced=0
[net-rx-counters] sample=1 NET_PCI_RX_REARM_SAMPLE2: used_idx=3 last_used_idx=3 avail_flags=0x0 raced=0
[net-rx-counters] sample=1 NET_PCI_RX_REARM_SAMPLE3: used_idx=3 last_used_idx=3 avail_flags=0x0 raced=0
[net-rx-counters] sample=1 NET_PCI_RX_SOFTIRQ_ENTRY_SAMPLE: used_idx=3 last_used_idx=3 avail_flags=0x0 raced=0
[net-rx-counters] sample=1 NET_PCI_RX_SOFTIRQ_EXIT_SAMPLE: used_idx=3 last_used_idx=3 avail_flags=0x0 raced=0
[net-rx-counters] sample=1 end
WAIT_STRESS_PROGRESS sample=180 entered=282769 returned=282768 wakes=13719796 waiters=0
[heartbeat] tid=12 uptime_ms=21218 kbd_nonzero=0
WAIT_STRESS_PROGRESS sample=190 entered=303094 returned=303093 wakes=14420796 waiters=0
[heartbeat] tid=12 uptime_ms=22220 kbd_nonzero=0
WAIT_STRESS_PROGRESS sample=200 entered=321444 returned=321444 wakes=15167514 waiters=0
[heartbeat] tid=12 uptime_ms=23221 kbd_nonzero=0
WAIT_STRESS_PROGRESS sample=210 entered=340008 returned=340007 wakes=15913291 waiters=0
[heartbeat] tid=12 uptime_ms=24223 kbd_nonzero=0
WAIT_STRESS_PROGRESS sample=220 entered=359053 returned=359052 wakes=16644756 waiters=0
[heartbeat] tid=12 uptime_ms=25224 kbd_nonzero=0
WAIT_STRESS_PROGRESS sample=230 entered=379219 returned=379218 wakes=17345062 waiters=0
[heartbeat] tid=12 uptime_ms=26225 kbd_nonzero=0
WAIT_STRESS_PROGRESS sample=240 entered=398308 returned=398307 wakes=18077088 waiters=0
[heartbeat] tid=12 uptime_ms=27226 kbd_nonzero=0
WAIT_STRESS_PROGRESS sample=250 entered=417015 returned=417014 wakes=18817376 waiters=0
[heartbeat] tid=12 uptime_ms=28227 kbd_nonzero=0
WAIT_STRESS_PROGRESS sample=260 entered=436976 returned=436975 wakes=19510336 waiters=0
[heartbeat] tid=12 uptime_ms=29229 kbd_nonzero=0
WAIT_STRESS_PROGRESS sample=270 entered=458464 returned=458463 wakes=20128558 waiters=0
[RESUME_PC_CENSUS:cpu=0:source=el1-restore-frame-elr:text=254:kstack=0:uva=0:smallint=0:other=0]
[RESUME_PC_CENSUS:cpu=0:source=el0-restore-frame-elr:text=0:kstack=0:uva=194:smallint=0:other=0]
[RESUME_PC_CENSUS:cpu=0:source=ctx-x30:text=2931:kstack=0:uva=190:smallint=4:other=0]
[RESUME_PC_CENSUS:cpu=0:source=ctx-elr-el1:text=2931:kstack=0:uva=0:smallint=0:other=0]
[RESUME_PC_CENSUS:cpu=0:source=lr-save-el1:text=188:kstack=0:uva=0:smallint=0:other=0]
[RESUME_PC_CENSUS:cpu=0:source=lr-restore-el1:text=254:kstack=0:uva=0:smallint=0:other=0]
[RESUME_PC_CENSUS:cpu=0:source=lr-save-el0:text=0:kstack=0:uva=236:smallint=8:other=0]
[RESUME_PC_CENSUS:cpu=0:source=lr-restore-el0:text=0:kstack=0:uva=190:smallint=4:other=0]
[RESUME_PC_CENSUS:cpu=1:source=el1-restore-frame-elr:text=79:kstack=0:uva=0:smallint=0:other=0]
[RESUME_PC_CENSUS:cpu=1:source=el0-restore-frame-elr:text=0:kstack=0:uva=141:smallint=0:other=0]
[RESUME_PC_CENSUS:cpu=1:source=el0-first-entry-frame-elr:text=0:kstack=0:uva=4:smallint=0:other=0]
[RESUME_PC_CENSUS:cpu=1:source=ctx-x30:text=146:kstack=0:uva=136:smallint=5:other=0]
[RESUME_PC_CENSUS:cpu=1:source=ctx-elr-el1:text=146:kstack=0:uva=0:smallint=0:other=0]
[RESUME_PC_CENSUS:cpu=1:source=lr-save-el1:text=75:kstack=0:uva=0:smallint=0:other=0]
[RESUME_PC_CENSUS:cpu=1:source=lr-restore-el1:text=79:kstack=0:uva=0:smallint=0:other=0]
[RESUME_PC_CENSUS:cpu=1:source=lr-save-el0:text=0:kstack=0:uva=110:smallint=2:other=0]
[RESUME_PC_CENSUS:cpu=1:source=lr-restore-el0:text=0:kstack=0:uva=136:smallint=5:other=0]
[RESUME_PC_CENSUS:cpu=2:source=el1-restore-frame-elr:text=991:kstack=0:uva=0:smallint=0:other=0]
[RESUME_PC_CENSUS:cpu=2:source=el0-restore-frame-elr:text=0:kstack=0:uva=262:smallint=0:other=0]
[RESUME_PC_CENSUS:cpu=2:source=el0-first-entry-frame-elr:text=0:kstack=0:uva=3:smallint=0:other=0]
[RESUME_PC_CENSUS:cpu=2:source=ctx-x30:text=72079:kstack=0:uva=255:smallint=7:other=0]
[RESUME_PC_CENSUS:cpu=2:source=ctx-elr-el1:text=72079:kstack=0:uva=0:smallint=0:other=0]
[RESUME_PC_CENSUS:cpu=2:source=lr-save-el1:text=742:kstack=0:uva=0:smallint=0:other=0]
[RESUME_PC_CENSUS:cpu=2:source=lr-restore-el1:text=991:kstack=0:uva=0:smallint=0:other=0]
[RESUME_PC_CENSUS:cpu=2:source=lr-save-el0:text=0:kstack=0:uva=243:smallint=5:other=0]
[RESUME_PC_CENSUS:cpu=2:source=lr-restore-el0:text=0:kstack=0:uva=255:smallint=7:other=0]
[RESUME_PC_CENSUS:cpu=3:source=el1-restore-frame-elr:text=449:kstack=0:uva=0:smallint=0:other=0]
[RESUME_PC_CENSUS:cpu=3:source=el0-restore-frame-elr:text=0:kstack=0:uva=125:smallint=0:other=0]
[RESUME_PC_CENSUS:cpu=3:source=el0-first-entry-frame-elr:text=0:kstack=0:uva=1:smallint=0:other=0]
[RESUME_PC_CENSUS:cpu=3:source=ctx-x30:text=74674:kstack=0:uva=120:smallint=5:other=0]
[RESUME_PC_CENSUS:cpu=3:source=ctx-elr-el1:text=74674:kstack=0:uva=0:smallint=0:other=0]
[RESUME_PC_CENSUS:cpu=3:source=lr-save-el1:text=134:kstack=0:uva=0:smallint=0:other=0]
[RESUME_PC_CENSUS:cpu=3:source=lr-restore-el1:text=449:kstack=0:uva=0:smallint=0:other=0]
[RESUME_PC_CENSUS:cpu=3:source=lr-save-el0:text=0:kstack=0:uva=97:smallint=4:other=0]
[RESUME_PC_CENSUS:cpu=3:source=lr-restore-el0:text=0:kstack=0:uva=120:smallint=5:other=0]
[RESUME_PC_CENSUS:cpu=4:source=el1-restore-frame-elr:text=748:kstack=0:uva=0:smallint=0:other=0]
[RESUME_PC_CENSUS:cpu=4:source=el0-restore-frame-elr:text=0:kstack=0:uva=141:smallint=0:other=0]
[RESUME_PC_CENSUS:cpu=4:source=ctx-x30:text=93408:kstack=0:uva=138:smallint=3:other=0]
[RESUME_PC_CENSUS:cpu=4:source=ctx-elr-el1:text=93408:kstack=0:uva=0:smallint=0:other=0]
[RESUME_PC_CENSUS:cpu=4:source=lr-save-el1:text=458:kstack=0:uva=0:smallint=0:other=0]
[RESUME_PC_CENSUS:cpu=4:source=lr-restore-el1:text=748:kstack=0:uva=0:smallint=0:other=0]
[RESUME_PC_CENSUS:cpu=4:source=lr-save-el0:text=0:kstack=0:uva=136:smallint=3:other=0]
[RESUME_PC_CENSUS:cpu=4:source=lr-restore-el0:text=0:kstack=0:uva=138:smallint=3:other=0]
[RESUME_PC_CENSUS:cpu=5:source=el1-restore-frame-elr:text=51:kstack=0:uva=0:smallint=0:other=0]
[RESUME_PC_CENSUS:cpu=5:source=el0-restore-frame-elr:text=0:kstack=0:uva=67:smallint=0:other=0]
[RESUME_PC_CENSUS:cpu=5:source=ctx-x30:text=97:kstack=0:uva=67:smallint=0:other=0]
[RESUME_PC_CENSUS:cpu=5:source=ctx-elr-el1:text=97:kstack=0:uva=0:smallint=0:other=0]
[RESUME_PC_CENSUS:cpu=5:source=lr-save-el1:text=53:kstack=0:uva=0:smallint=0:other=0]
[RESUME_PC_CENSUS:cpu=5:source=lr-restore-el1:text=51:kstack=0:uva=0:smallint=0:other=0]
[RESUME_PC_CENSUS:cpu=5:source=lr-save-el0:text=0:kstack=0:uva=66:smallint=0:other=0]
[RESUME_PC_CENSUS:cpu=5:source=lr-restore-el0:text=0:kstack=0:uva=67:smallint=0:other=0]
[RESUME_PC_CENSUS:cpu=6:source=el1-restore-frame-elr:text=939:kstack=0:uva=0:smallint=0:other=0]
[RESUME_PC_CENSUS:cpu=6:source=el0-restore-frame-elr:text=0:kstack=0:uva=159:smallint=0:other=0]
[RESUME_PC_CENSUS:cpu=6:source=ctx-x30:text=101280:kstack=0:uva=157:smallint=2:other=0]
[RESUME_PC_CENSUS:cpu=6:source=ctx-elr-el1:text=101280:kstack=0:uva=0:smallint=0:other=0]
[RESUME_PC_CENSUS:cpu=6:source=lr-save-el1:text=635:kstack=0:uva=0:smallint=0:other=0]
[RESUME_PC_CENSUS:cpu=6:source=lr-restore-el1:text=939:kstack=0:uva=0:smallint=0:other=0]
[RESUME_PC_CENSUS:cpu=6:source=lr-save-el0:text=0:kstack=0:uva=158:smallint=2:other=0]
[RESUME_PC_CENSUS:cpu=6:source=lr-restore-el0:text=0:kstack=0:uva=157:smallint=2:other=0]
[RESUME_PC_CENSUS:cpu=7:source=el1-restore-frame-elr:text=606:kstack=0:uva=0:smallint=0:other=0]
[RESUME_PC_CENSUS:cpu=7:source=el0-restore-frame-elr:text=0:kstack=0:uva=40:smallint=0:other=0]
[RESUME_PC_CENSUS:cpu=7:source=ctx-x30:text=99708:kstack=0:uva=40:smallint=0:other=0]
[RESUME_PC_CENSUS:cpu=7:source=ctx-elr-el1:text=99708:kstack=0:uva=0:smallint=0:other=0]
[RESUME_PC_CENSUS:cpu=7:source=lr-save-el1:text=280:kstack=0:uva=0:smallint=0:other=0]
[RESUME_PC_CENSUS:cpu=7:source=lr-restore-el1:text=606:kstack=0:uva=0:smallint=0:other=0]
[RESUME_PC_CENSUS:cpu=7:source=lr-save-el0:text=0:kstack=0:uva=48:smallint=0:other=0]
[RESUME_PC_CENSUS:cpu=7:source=lr-restore-el0:text=0:kstack=0:uva=40:smallint=0:other=0]
[heartbeat] tid=12 uptime_ms=30230 kbd_nonzero=0
[PT_ROOT_CUSTODY:no_proof=11:no_arch=0:terminated=0:undecided=0:mid_retire=0:retired=3]
[TOMBSTONE_CENSUS:resident=0:removed=9:reap_second=9:retire_second=0:abandoned_unqueued=0]
[TTBR0_ASID_CENSUS:untagged=0:tagged=916473:kernel=449166:cleared=1364463]
[net-rx-counters] sample=2 begin
[net-rx-counters] sample=2 NET_RX_MSI_TOTAL: 4 (cpu0=4)
[net-rx-counters] sample=2 NET_RX_RING_DRAIN_TOTAL: 5 (cpu0=5)
[net-rx-counters] sample=2 NET_RX_FRAME_TOTAL: 5 (cpu0=5)
[net-rx-counters] sample=2 NET_RX_ARP_TOTAL: 2 (cpu0=2)
[net-rx-counters] sample=2 NET_RX_ETHERTYPE_OTHER_TOTAL: 0
[net-rx-counters] sample=2 NET_RX_SOFTIRQ_ENTRY_TOTAL: 14 (cpu0=7, cpu1=2, cpu2=2, cpu3=1, cpu5=2)
[net-rx-counters] sample=2 NET_RX_SOFTIRQ_EXIT_TOTAL: 14 (cpu0=7, cpu1=2, cpu2=2, cpu3=1, cpu5=2)
[net-rx-counters] sample=2 NET_RX_REENTRANT_SKIP_TOTAL: 1 (cpu1=1)
[net-rx-counters] sample=2 NET_RX_GUARD_RELEASE_TOTAL: 14 (cpu0=8, cpu1=1, cpu2=2, cpu3=1, cpu5=2)
[net-rx-counters] sample=2 NET_RX_REARM_CHECK_TOTAL: 14 (cpu0=8, cpu1=1, cpu2=2, cpu3=1, cpu5=2)
[net-rx-counters] sample=2 NET_RX_REARM_RACE_TOTAL: 0
[net-rx-counters] sample=2 NET_RX_REARM_ARMED_TOTAL: 14 (cpu0=8, cpu1=1, cpu2=2, cpu3=1, cpu5=2)
[net-rx-counters] sample=2 NET_PCI_IRQ_RAISED_NETRX: 4 (cpu0=4)
[net-rx-counters] sample=2 GIC_SPI55_ACK_TOTAL: 4 (cpu0=4)
[net-rx-counters] sample=2 GICV2M_BASE_PHYS: 0x2250000
[net-rx-counters] sample=2 GICV2M_DOORBELL_PHYS: 0x2250040
[net-rx-counters] sample=2 GICV2M_MSI_TYPER: 0x80350040
[net-rx-counters] sample=2 GICV2M_SPI_BASE: 53
[net-rx-counters] sample=2 GICV2M_SPI_COUNT: 64
[net-rx-counters] sample=2 GICV2M_NEXT_INDEX: 4
[net-rx-counters] sample=2 GIC_SPI54_IRQ: 54
[net-rx-counters] sample=2 GIC_SPI54_VERSION: 3
[net-rx-counters] sample=2 GIC_SPI54_ISENABLER_BIT: 0x400000
[net-rx-counters] sample=2 GIC_SPI54_ISPENDR_BIT: 0x0
[net-rx-counters] sample=2 GIC_SPI54_ISACTIVER_BIT: 0x0
[net-rx-counters] sample=2 GIC_SPI54_IGROUPR_BIT: 0x400000
[net-rx-counters] sample=2 GIC_SPI54_PRIORITY: 0xa0
[net-rx-counters] sample=2 GIC_SPI54_ICFGR_REG: 0x2a800
[net-rx-counters] sample=2 GIC_SPI54_IROUTER: 0x0
[net-rx-counters] sample=2 GIC_SPI54_ITARGETSR_BYTE: 0x0
[net-rx-counters] sample=2 GIC_SPI54_GICD_CTLR: 0x53
[net-rx-counters] sample=2 GIC_SPI55_IRQ: 55
[net-rx-counters] sample=2 GIC_SPI55_VERSION: 3
[net-rx-counters] sample=2 GIC_SPI55_ISENABLER_BIT: 0x800000
[net-rx-counters] sample=2 GIC_SPI55_ISPENDR_BIT: 0x0
[net-rx-counters] sample=2 GIC_SPI55_ISACTIVER_BIT: 0x0
[net-rx-counters] sample=2 GIC_SPI55_IGROUPR_BIT: 0x800000
[net-rx-counters] sample=2 GIC_SPI55_PRIORITY: 0xa0
[net-rx-counters] sample=2 GIC_SPI55_ICFGR_REG: 0x2a800
[net-rx-counters] sample=2 GIC_SPI55_IROUTER: 0x0
[net-rx-counters] sample=2 GIC_SPI55_ITARGETSR_BYTE: 0x0
[net-rx-counters] sample=2 GIC_SPI55_GICD_CTLR: 0x53
[net-rx-counters] sample=2 MANUAL_GICV2M_TEST_DONE: 1
[net-rx-counters] sample=2 MANUAL_GICV2M_TEST_IRQ: 55
[net-rx-counters] sample=2 MANUAL_GICV2M_TEST_DOORBELL: 0x2250040
[net-rx-counters] sample=2 MANUAL_GICV2M_TEST_BEFORE_PEND: 0x0
[net-rx-counters] sample=2 MANUAL_GICV2M_TEST_AFTER_WRITE_PEND: 0x800000
[net-rx-counters] sample=2 MANUAL_GICV2M_TEST_AFTER_WAIT_PEND: 0x0
[net-rx-counters] sample=2 MANUAL_GICV2M_TEST_ACK_BEFORE: 0
[net-rx-counters] sample=2 MANUAL_GICV2M_TEST_ACK_AFTER: 1
[net-rx-counters] sample=2 MANUAL_GICV2M_TEST_MSI_BEFORE: 0
[net-rx-counters] sample=2 MANUAL_GICV2M_TEST_MSI_AFTER: 1
[net-rx-counters] sample=2 NET_PCI_DEVICE_STATUS: 0xf
[net-rx-counters] sample=2 NET_PCI_ISR_STATUS: 0x0
[net-rx-counters] sample=2 NET_PCI_DEVICE_FEATURES: 0x6187bfa3
[net-rx-counters] sample=2 NET_PCI_GUEST_FEATURES: 0x10020
[net-rx-counters] sample=2 NET_PCI_RX_QUEUE_PFN: 0x4123b
[net-rx-counters] sample=2 NET_PCI_TX_QUEUE_PFN: 0x4123e
[net-rx-counters] sample=2 NET_PCI_RX_QUEUE_SIZE: 256
[net-rx-counters] sample=2 NET_PCI_TX_QUEUE_SIZE: 256
[net-rx-counters] sample=2 NET_PCI_RX_QUEUE_ALIGN: 4096
[net-rx-counters] sample=2 NET_PCI_RX_QUEUE_VECTOR: 0x0
[net-rx-counters] sample=2 NET_PCI_TX_QUEUE_VECTOR: 0xffff
[net-rx-counters] sample=2 NET_PCI_RX_AVAIL_FLAGS: 0x0
[net-rx-counters] sample=2 NET_PCI_RX_AVAIL_IDX: 20
[net-rx-counters] sample=2 NET_PCI_RX_USED_FLAGS: 0x1
[net-rx-counters] sample=2 NET_PCI_RX_USED_IDX: 5
[net-rx-counters] sample=2 NET_PCI_RX_LAST_USED_IDX: 5
[net-rx-counters] sample=2 NET_PCI_RX_POSTED_GAP: 15
[net-rx-counters] sample=2 NET_PCI_RX_DESC0: addr=0x4126aa00 len=1524 flags=0x2
[net-rx-counters] sample=2 NET_PCI_RX_DESC1: addr=0x4126b000 len=1524 flags=0x2
[net-rx-counters] sample=2 NET_PCI_RX_DESC2: addr=0x4126b600 len=1524 flags=0x2
[net-rx-counters] sample=2 NET_PCI_RX_DESC3: addr=0x4126bc00 len=1524 flags=0x2
[net-rx-counters] sample=2 NET_PCI_RX_RING_HEADS: 0,1,2,3
[net-rx-counters] sample=2 NET_RX_PROCESSING_HELD: 0
[net-rx-counters] sample=2 NET_RX_PENDING_WHILE_PROCESSING: 0
[net-rx-counters] sample=2 NET_PCI_RX_REARM_SAMPLE_SEQ: 14
[net-rx-counters] sample=2 NET_PCI_RX_REARM_SAMPLE0: used_idx=4 last_used_idx=4 avail_flags=0x0 raced=0
[net-rx-counters] sample=2 NET_PCI_RX_REARM_SAMPLE1: used_idx=5 last_used_idx=5 avail_flags=0x0 raced=0
[net-rx-counters] sample=2 NET_PCI_RX_REARM_SAMPLE2: used_idx=3 last_used_idx=3 avail_flags=0x0 raced=0
[net-rx-counters] sample=2 NET_PCI_RX_REARM_SAMPLE3: used_idx=3 last_used_idx=3 avail_flags=0x0 raced=0
[net-rx-counters] sample=2 NET_PCI_RX_SOFTIRQ_ENTRY_SAMPLE: used_idx=5 last_used_idx=4 avail_flags=0x1 raced=0
[net-rx-counters] sample=2 NET_PCI_RX_SOFTIRQ_EXIT_SAMPLE: used_idx=5 last_used_idx=5 avail_flags=0x0 raced=0
[net-rx-counters] sample=2 end
WAIT_STRESS_PROGRESS sample=280 entered=478143 returned=478142 wakes=20805650 waiters=0
[heartbeat] tid=12 uptime_ms=31251 kbd_nonzero=0
WAIT_STRESS_PROGRESS sample=290 entered=500737 returned=500736 wakes=21411778 waiters=0
[heartbeat] tid=12 uptime_ms=32253 kbd_nonzero=0
WAIT_STRESS_PROGRESS sample=300 entered=521868 returned=521867 wakes=22093284 waiters=0
[heartbeat] tid=12 uptime_ms=33255 kbd_nonzero=0
WAIT_STRESS_PROGRESS sample=310 entered=541631 returned=541630 wakes=22810405 waiters=0
[heartbeat] tid=12 uptime_ms=34256 kbd_nonzero=0
WAIT_STRESS_PROGRESS sample=320 entered=562722 returned=562721 wakes=23500606 waiters=0
[heartbeat] tid=12 uptime_ms=35257 kbd_nonzero=0
WAIT_STRESS_PROGRESS sample=330 entered=582918 returned=582918 wakes=24213415 waiters=0
[heartbeat] tid=12 uptime_ms=36258 kbd_nonzero=0
WAIT_STRESS_PROGRESS sample=340 entered=603715 returned=603715 wakes=24911865 waiters=0
[heartbeat] tid=12 uptime_ms=37259 kbd_nonzero=0
WAIT_STRESS_PROGRESS sample=350 entered=624387 returned=624386 wakes=25593426 waiters=0
[heartbeat] tid=12 uptime_ms=38261 kbd_nonzero=0
WAIT_STRESS_PROGRESS sample=360 entered=644030 returned=644029 wakes=26268925 waiters=0
[heartbeat] tid=12 uptime_ms=39262 kbd_nonzero=0
WAIT_STRESS_PROGRESS sample=370 entered=663217 returned=663216 wakes=26993865 waiters=0
[RESUME_PC_CENSUS:cpu=0:source=el1-restore-frame-elr:text=254:kstack=0:uva=0:smallint=0:other=0]
[RESUME_PC_CENSUS:cpu=0:source=el0-restore-frame-elr:text=0:kstack=0:uva=194:smallint=0:other=0]
[RESUME_PC_CENSUS:cpu=0:source=ctx-x30:text=2931:kstack=0:uva=190:smallint=4:other=0]
[RESUME_PC_CENSUS:cpu=0:source=ctx-elr-el1:text=2931:kstack=0:uva=0:smallint=0:other=0]
[RESUME_PC_CENSUS:cpu=0:source=lr-save-el1:text=188:kstack=0:uva=0:smallint=0:other=0]
[RESUME_PC_CENSUS:cpu=0:source=lr-restore-el1:text=254:kstack=0:uva=0:smallint=0:other=0]
[RESUME_PC_CENSUS:cpu=0:source=lr-save-el0:text=0:kstack=0:uva=236:smallint=8:other=0]
[RESUME_PC_CENSUS:cpu=0:source=lr-restore-el0:text=0:kstack=0:uva=190:smallint=4:other=0]
[RESUME_PC_CENSUS:cpu=1:source=el1-restore-frame-elr:text=79:kstack=0:uva=0:smallint=0:other=0]
[RESUME_PC_CENSUS:cpu=1:source=el0-restore-frame-elr:text=0:kstack=0:uva=141:smallint=0:other=0]
[RESUME_PC_CENSUS:cpu=1:source=el0-first-entry-frame-elr:text=0:kstack=0:uva=4:smallint=0:other=0]
[RESUME_PC_CENSUS:cpu=1:source=ctx-x30:text=146:kstack=0:uva=136:smallint=5:other=0]
[RESUME_PC_CENSUS:cpu=1:source=ctx-elr-el1:text=146:kstack=0:uva=0:smallint=0:other=0]
[RESUME_PC_CENSUS:cpu=1:source=lr-save-el1:text=75:kstack=0:uva=0:smallint=0:other=0]
[RESUME_PC_CENSUS:cpu=1:source=lr-restore-el1:text=79:kstack=0:uva=0:smallint=0:other=0]
[RESUME_PC_CENSUS:cpu=1:source=lr-save-el0:text=0:kstack=0:uva=110:smallint=2:other=0]
[RESUME_PC_CENSUS:cpu=1:source=lr-restore-el0:text=0:kstack=0:uva=136:smallint=5:other=0]
[RESUME_PC_CENSUS:cpu=2:source=el1-restore-frame-elr:text=1143:kstack=0:uva=0:smallint=0:other=0]
[RESUME_PC_CENSUS:cpu=2:source=el0-restore-frame-elr:text=0:kstack=0:uva=262:smallint=0:other=0]
[RESUME_PC_CENSUS:cpu=2:source=el0-first-entry-frame-elr:text=0:kstack=0:uva=3:smallint=0:other=0]
[RESUME_PC_CENSUS:cpu=2:source=ctx-x30:text=101069:kstack=0:uva=255:smallint=7:other=0]
[RESUME_PC_CENSUS:cpu=2:source=ctx-elr-el1:text=101069:kstack=0:uva=0:smallint=0:other=0]
[RESUME_PC_CENSUS:cpu=2:source=lr-save-el1:text=742:kstack=0:uva=0:smallint=0:other=0]
[RESUME_PC_CENSUS:cpu=2:source=lr-restore-el1:text=1143:kstack=0:uva=0:smallint=0:other=0]
[RESUME_PC_CENSUS:cpu=2:source=lr-save-el0:text=0:kstack=0:uva=243:smallint=5:other=0]
[RESUME_PC_CENSUS:cpu=2:source=lr-restore-el0:text=0:kstack=0:uva=255:smallint=7:other=0]
[RESUME_PC_CENSUS:cpu=3:source=el1-restore-frame-elr:text=617:kstack=0:uva=0:smallint=0:other=0]
[RESUME_PC_CENSUS:cpu=3:source=el0-restore-frame-elr:text=0:kstack=0:uva=125:smallint=0:other=0]
[RESUME_PC_CENSUS:cpu=3:source=el0-first-entry-frame-elr:text=0:kstack=0:uva=1:smallint=0:other=0]
[RESUME_PC_CENSUS:cpu=3:source=ctx-x30:text=108168:kstack=0:uva=120:smallint=5:other=0]
[RESUME_PC_CENSUS:cpu=3:source=ctx-elr-el1:text=108168:kstack=0:uva=0:smallint=0:other=0]
[RESUME_PC_CENSUS:cpu=3:source=lr-save-el1:text=134:kstack=0:uva=0:smallint=0:other=0]
[RESUME_PC_CENSUS:cpu=3:source=lr-restore-el1:text=617:kstack=0:uva=0:smallint=0:other=0]
[RESUME_PC_CENSUS:cpu=3:source=lr-save-el0:text=0:kstack=0:uva=97:smallint=4:other=0]
[RESUME_PC_CENSUS:cpu=3:source=lr-restore-el0:text=0:kstack=0:uva=120:smallint=5:other=0]
[RESUME_PC_CENSUS:cpu=4:source=el1-restore-frame-elr:text=943:kstack=0:uva=0:smallint=0:other=0]
[RESUME_PC_CENSUS:cpu=4:source=el0-restore-frame-elr:text=0:kstack=0:uva=141:smallint=0:other=0]
[RESUME_PC_CENSUS:cpu=4:source=ctx-x30:text=135637:kstack=0:uva=138:smallint=3:other=0]
[RESUME_PC_CENSUS:cpu=4:source=ctx-elr-el1:text=135637:kstack=0:uva=0:smallint=0:other=0]
[RESUME_PC_CENSUS:cpu=4:source=lr-save-el1:text=458:kstack=0:uva=0:smallint=0:other=0]
[RESUME_PC_CENSUS:cpu=4:source=lr-restore-el1:text=943:kstack=0:uva=0:smallint=0:other=0]
[RESUME_PC_CENSUS:cpu=4:source=lr-save-el0:text=0:kstack=0:uva=136:smallint=3:other=0]
[RESUME_PC_CENSUS:cpu=4:source=lr-restore-el0:text=0:kstack=0:uva=138:smallint=3:other=0]
[RESUME_PC_CENSUS:cpu=5:source=el1-restore-frame-elr:text=51:kstack=0:uva=0:smallint=0:other=0]
[RESUME_PC_CENSUS:cpu=5:source=el0-restore-frame-elr:text=0:kstack=0:uva=67:smallint=0:other=0]
[RESUME_PC_CENSUS:cpu=5:source=ctx-x30:text=97:kstack=0:uva=67:smallint=0:other=0]
[RESUME_PC_CENSUS:cpu=5:source=ctx-elr-el1:text=97:kstack=0:uva=0:smallint=0:other=0]
[RESUME_PC_CENSUS:cpu=5:source=lr-save-el1:text=53:kstack=0:uva=0:smallint=0:other=0]
[RESUME_PC_CENSUS:cpu=5:source=lr-restore-el1:text=51:kstack=0:uva=0:smallint=0:other=0]
[RESUME_PC_CENSUS:cpu=5:source=lr-save-el0:text=0:kstack=0:uva=66:smallint=0:other=0]
[RESUME_PC_CENSUS:cpu=5:source=lr-restore-el0:text=0:kstack=0:uva=67:smallint=0:other=0]
[RESUME_PC_CENSUS:cpu=6:source=el1-restore-frame-elr:text=1173:kstack=0:uva=0:smallint=0:other=0]
[RESUME_PC_CENSUS:cpu=6:source=el0-restore-frame-elr:text=0:kstack=0:uva=159:smallint=0:other=0]
[RESUME_PC_CENSUS:cpu=6:source=ctx-x30:text=146315:kstack=0:uva=157:smallint=2:other=0]
[RESUME_PC_CENSUS:cpu=6:source=ctx-elr-el1:text=146315:kstack=0:uva=0:smallint=0:other=0]
[RESUME_PC_CENSUS:cpu=6:source=lr-save-el1:text=635:kstack=0:uva=0:smallint=0:other=0]
[RESUME_PC_CENSUS:cpu=6:source=lr-restore-el1:text=1173:kstack=0:uva=0:smallint=0:other=0]
[RESUME_PC_CENSUS:cpu=6:source=lr-save-el0:text=0:kstack=0:uva=158:smallint=2:other=0]
[RESUME_PC_CENSUS:cpu=6:source=lr-restore-el0:text=0:kstack=0:uva=157:smallint=2:other=0]
[RESUME_PC_CENSUS:cpu=7:source=el1-restore-frame-elr:text=825:kstack=0:uva=0:smallint=0:other=0]
[RESUME_PC_CENSUS:cpu=7:source=el0-restore-frame-elr:text=0:kstack=0:uva=40:smallint=0:other=0]
[RESUME_PC_CENSUS:cpu=7:source=ctx-x30:text=142639:kstack=0:uva=40:smallint=0:other=0]
[RESUME_PC_CENSUS:cpu=7:source=ctx-elr-el1:text=142639:kstack=0:uva=0:smallint=0:other=0]
[RESUME_PC_CENSUS:cpu=7:source=lr-save-el1:text=280:kstack=0:uva=0:smallint=0:other=0]
[RESUME_PC_CENSUS:cpu=7:source=lr-restore-el1:text=825:kstack=0:uva=0:smallint=0:other=0]
[RESUME_PC_CENSUS:cpu=7:source=lr-save-el0:text=0:kstack=0:uva=48:smallint=0:other=0]
[RESUME_PC_CENSUS:cpu=7:source=lr-restore-el0:text=0:kstack=0:uva=40:smallint=0:other=0]
[heartbeat] tid=12 uptime_ms=40263 kbd_nonzero=0
[PT_ROOT_CUSTODY:no_proof=11:no_arch=0:terminated=0:undecided=0:mid_retire=0:retired=3]
[TOMBSTONE_CENSUS:resident=0:removed=9:reap_second=9:retire_second=0:abandoned_unqueued=0]
[TTBR0_ASID_CENSUS:untagged=0:tagged=1313936:kernel=642625:cleared=1955385]
[net-rx-counters] sample=3 begin
[net-rx-counters] sample=3 NET_RX_MSI_TOTAL: 7 (cpu0=7)
[net-rx-counters] sample=3 NET_RX_RING_DRAIN_TOTAL: 8 (cpu0=8)
[net-rx-counters] sample=3 NET_RX_FRAME_TOTAL: 8 (cpu0=8)
[net-rx-counters] sample=3 NET_RX_ARP_TOTAL: 2 (cpu0=2)
[net-rx-counters] sample=3 NET_RX_ETHERTYPE_OTHER_TOTAL: 0
[net-rx-counters] sample=3 NET_RX_SOFTIRQ_ENTRY_TOTAL: 17 (cpu0=10, cpu1=2, cpu2=2, cpu3=1, cpu5=2)
[net-rx-counters] sample=3 NET_RX_SOFTIRQ_EXIT_TOTAL: 17 (cpu0=10, cpu1=2, cpu2=2, cpu3=1, cpu5=2)
[net-rx-counters] sample=3 NET_RX_REENTRANT_SKIP_TOTAL: 1 (cpu1=1)
[net-rx-counters] sample=3 NET_RX_GUARD_RELEASE_TOTAL: 17 (cpu0=11, cpu1=1, cpu2=2, cpu3=1, cpu5=2)
[net-rx-counters] sample=3 NET_RX_REARM_CHECK_TOTAL: 17 (cpu0=11, cpu1=1, cpu2=2, cpu3=1, cpu5=2)
[net-rx-counters] sample=3 NET_RX_REARM_RACE_TOTAL: 0
[net-rx-counters] sample=3 NET_RX_REARM_ARMED_TOTAL: 17 (cpu0=11, cpu1=1, cpu2=2, cpu3=1, cpu5=2)
[net-rx-counters] sample=3 NET_PCI_IRQ_RAISED_NETRX: 7 (cpu0=7)
[net-rx-counters] sample=3 GIC_SPI55_ACK_TOTAL: 7 (cpu0=7)
[net-rx-counters] sample=3 GICV2M_BASE_PHYS: 0x2250000
[net-rx-counters] sample=3 GICV2M_DOORBELL_PHYS: 0x2250040
[net-rx-counters] sample=3 GICV2M_MSI_TYPER: 0x80350040
[net-rx-counters] sample=3 GICV2M_SPI_BASE: 53
[net-rx-counters] sample=3 GICV2M_SPI_COUNT: 64
[net-rx-counters] sample=3 GICV2M_NEXT_INDEX: 4
[net-rx-counters] sample=3 GIC_SPI54_IRQ: 54
[net-rx-counters] sample=3 GIC_SPI54_VERSION: 3
[net-rx-counters] sample=3 GIC_SPI54_ISENABLER_BIT: 0x400000
[net-rx-counters] sample=3 GIC_SPI54_ISPENDR_BIT: 0x0
[net-rx-counters] sample=3 GIC_SPI54_ISACTIVER_BIT: 0x0
[net-rx-counters] sample=3 GIC_SPI54_IGROUPR_BIT: 0x400000
[net-rx-counters] sample=3 GIC_SPI54_PRIORITY: 0xa0
[net-rx-counters] sample=3 GIC_SPI54_ICFGR_REG: 0x2a800
[net-rx-counters] sample=3 GIC_SPI54_IROUTER: 0x0
[net-rx-counters] sample=3 GIC_SPI54_ITARGETSR_BYTE: 0x0
[net-rx-counters] sample=3 GIC_SPI54_GICD_CTLR: 0x53
[net-rx-counters] sample=3 GIC_SPI55_IRQ: 55
[net-rx-counters] sample=3 GIC_SPI55_VERSION: 3
[net-rx-counters] sample=3 GIC_SPI55_ISENABLER_BIT: 0x800000
[net-rx-counters] sample=3 GIC_SPI55_ISPENDR_BIT: 0x0
[net-rx-counters] sample=3 GIC_SPI55_ISACTIVER_BIT: 0x0
[net-rx-counters] sample=3 GIC_SPI55_IGROUPR_BIT: 0x800000
[net-rx-counters] sample=3 GIC_SPI55_PRIORITY: 0xa0
[net-rx-counters] sample=3 GIC_SPI55_ICFGR_REG: 0x2a800
[net-rx-counters] sample=3 GIC_SPI55_IROUTER: 0x0
[net-rx-counters] sample=3 GIC_SPI55_ITARGETSR_BYTE: 0x0
[net-rx-counters] sample=3 GIC_SPI55_GICD_CTLR: 0x53
[net-rx-counters] sample=3 MANUAL_GICV2M_TEST_DONE: 1
[net-rx-counters] sample=3 MANUAL_GICV2M_TEST_IRQ: 55
[net-rx-counters] sample=3 MANUAL_GICV2M_TEST_DOORBELL: 0x2250040
[net-rx-counters] sample=3 MANUAL_GICV2M_TEST_BEFORE_PEND: 0x0
[net-rx-counters] sample=3 MANUAL_GICV2M_TEST_AFTER_WRITE_PEND: 0x800000
[net-rx-counters] sample=3 MANUAL_GICV2M_TEST_AFTER_WAIT_PEND: 0x0
[net-rx-counters] sample=3 MANUAL_GICV2M_TEST_ACK_BEFORE: 0
[net-rx-counters] sample=3 MANUAL_GICV2M_TEST_ACK_AFTER: 1
[net-rx-counters] sample=3 MANUAL_GICV2M_TEST_MSI_BEFORE: 0
[net-rx-counters] sample=3 MANUAL_GICV2M_TEST_MSI_AFTER: 1
[net-rx-counters] sample=3 NET_PCI_DEVICE_STATUS: 0xf
[net-rx-counters] sample=3 NET_PCI_ISR_STATUS: 0x0
[net-rx-counters] sample=3 NET_PCI_DEVICE_FEATURES: 0x6187bfa3
[net-rx-counters] sample=3 NET_PCI_GUEST_FEATURES: 0x10020
[net-rx-counters] sample=3 NET_PCI_RX_QUEUE_PFN: 0x4123b
[net-rx-counters] sample=3 NET_PCI_TX_QUEUE_PFN: 0x4123e
[net-rx-counters] sample=3 NET_PCI_RX_QUEUE_SIZE: 256
[net-rx-counters] sample=3 NET_PCI_TX_QUEUE_SIZE: 256
[net-rx-counters] sample=3 NET_PCI_RX_QUEUE_ALIGN: 4096
[net-rx-counters] sample=3 NET_PCI_RX_QUEUE_VECTOR: 0x0
[net-rx-counters] sample=3 NET_PCI_TX_QUEUE_VECTOR: 0xffff
[net-rx-counters] sample=3 NET_PCI_RX_AVAIL_FLAGS: 0x0
[net-rx-counters] sample=3 NET_PCI_RX_AVAIL_IDX: 32
[net-rx-counters] sample=3 NET_PCI_RX_USED_FLAGS: 0x1
[net-rx-counters] sample=3 NET_PCI_RX_USED_IDX: 8
[net-rx-counters] sample=3 NET_PCI_RX_LAST_USED_IDX: 8
[net-rx-counters] sample=3 NET_PCI_RX_POSTED_GAP: 24
[net-rx-counters] sample=3 NET_PCI_RX_DESC0: addr=0x4126aa00 len=1524 flags=0x2
[net-rx-counters] sample=3 NET_PCI_RX_DESC1: addr=0x4126b000 len=1524 flags=0x2
[net-rx-counters] sample=3 NET_PCI_RX_DESC2: addr=0x4126b600 len=1524 flags=0x2
[net-rx-counters] sample=3 NET_PCI_RX_DESC3: addr=0x4126bc00 len=1524 flags=0x2
[net-rx-counters] sample=3 NET_PCI_RX_RING_HEADS: 0,1,2,3
[net-rx-counters] sample=3 NET_RX_PROCESSING_HELD: 0
[net-rx-counters] sample=3 NET_RX_PENDING_WHILE_PROCESSING: 0
[net-rx-counters] sample=3 NET_PCI_RX_REARM_SAMPLE_SEQ: 17
[net-rx-counters] sample=3 NET_PCI_RX_REARM_SAMPLE0: used_idx=8 last_used_idx=8 avail_flags=0x0 raced=0
[net-rx-counters] sample=3 NET_PCI_RX_REARM_SAMPLE1: used_idx=5 last_used_idx=5 avail_flags=0x0 raced=0
[net-rx-counters] sample=3 NET_PCI_RX_REARM_SAMPLE2: used_idx=6 last_used_idx=6 avail_flags=0x0 raced=0
[net-rx-counters] sample=3 NET_PCI_RX_REARM_SAMPLE3: used_idx=7 last_used_idx=7 avail_flags=0x0 raced=0
[net-rx-counters] sample=3 NET_PCI_RX_SOFTIRQ_ENTRY_SAMPLE: used_idx=8 last_used_idx=7 avail_flags=0x1 raced=0
[net-rx-counters] sample=3 NET_PCI_RX_SOFTIRQ_EXIT_SAMPLE: used_idx=8 last_used_idx=8 avail_flags=0x0 raced=0
[net-rx-counters] sample=3 end
WAIT_STRESS_PROGRESS sample=380 entered=682467 returned=682466 wakes=27709671 waiters=0
[heartbeat] tid=12 uptime_ms=41286 kbd_nonzero=0
WAIT_STRESS_PROGRESS sample=390 entered=702451 returned=702450 wakes=28417812 waiters=0
[heartbeat] tid=12 uptime_ms=42288 kbd_nonzero=0
WAIT_STRESS_PROGRESS sample=400 entered=722770 returned=722769 wakes=29098301 waiters=0
[heartbeat] tid=12 uptime_ms=43289 kbd_nonzero=0
WAIT_STRESS_PROGRESS sample=410 entered=742219 returned=742218 wakes=29809476 waiters=0
[heartbeat] tid=12 uptime_ms=44289 kbd_nonzero=0
WAIT_STRESS_PROGRESS sample=420 entered=762787 returned=762786 wakes=30491068 waiters=0
[heartbeat] tid=12 uptime_ms=45291 kbd_nonzero=0
WAIT_STRESS_PROGRESS sample=430 entered=783021 returned=783020 wakes=31181017 waiters=0
[heartbeat] tid=12 uptime_ms=46291 kbd_nonzero=0
WAIT_STRESS_PROGRESS sample=440 entered=801926 returned=801925 wakes=31912854 waiters=0
[heartbeat] tid=12 uptime_ms=47292 kbd_nonzero=0
WAIT_STRESS_PROGRESS sample=450 entered=821795 returned=821794 wakes=32620381 waiters=0
[heartbeat] tid=12 uptime_ms=48292 kbd_nonzero=0
WAIT_STRESS_PROGRESS sample=460 entered=841934 returned=841933 wakes=33320381 waiters=0
[heartbeat] tid=12 uptime_ms=49294 kbd_nonzero=0
WAIT_STRESS_PROGRESS sample=470 entered=860208 returned=860207 wakes=34057767 waiters=0
[RESUME_PC_CENSUS:cpu=0:source=el1-restore-frame-elr:text=254:kstack=0:uva=0:smallint=0:other=0]
[RESUME_PC_CENSUS:cpu=0:source=el0-restore-frame-elr:text=0:kstack=0:uva=194:smallint=0:other=0]
[RESUME_PC_CENSUS:cpu=0:source=ctx-x30:text=2931:kstack=0:uva=190:smallint=4:other=0]
[RESUME_PC_CENSUS:cpu=0:source=ctx-elr-el1:text=2931:kstack=0:uva=0:smallint=0:other=0]
[RESUME_PC_CENSUS:cpu=0:source=lr-save-el1:text=188:kstack=0:uva=0:smallint=0:other=0]
[RESUME_PC_CENSUS:cpu=0:source=lr-restore-el1:text=254:kstack=0:uva=0:smallint=0:other=0]
[RESUME_PC_CENSUS:cpu=0:source=lr-save-el0:text=0:kstack=0:uva=236:smallint=8:other=0]
[RESUME_PC_CENSUS:cpu=0:source=lr-restore-el0:text=0:kstack=0:uva=190:smallint=4:other=0]
[RESUME_PC_CENSUS:cpu=1:source=el1-restore-frame-elr:text=79:kstack=0:uva=0:smallint=0:other=0]
[RESUME_PC_CENSUS:cpu=1:source=el0-restore-frame-elr:text=0:kstack=0:uva=141:smallint=0:other=0]
[RESUME_PC_CENSUS:cpu=1:source=el0-first-entry-frame-elr:text=0:kstack=0:uva=4:smallint=0:other=0]
[RESUME_PC_CENSUS:cpu=1:source=ctx-x30:text=146:kstack=0:uva=136:smallint=5:other=0]
[RESUME_PC_CENSUS:cpu=1:source=ctx-elr-el1:text=146:kstack=0:uva=0:smallint=0:other=0]
[RESUME_PC_CENSUS:cpu=1:source=lr-save-el1:text=75:kstack=0:uva=0:smallint=0:other=0]
[RESUME_PC_CENSUS:cpu=1:source=lr-restore-el1:text=79:kstack=0:uva=0:smallint=0:other=0]
[RESUME_PC_CENSUS:cpu=1:source=lr-save-el0:text=0:kstack=0:uva=110:smallint=2:other=0]
[RESUME_PC_CENSUS:cpu=1:source=lr-restore-el0:text=0:kstack=0:uva=136:smallint=5:other=0]
[RESUME_PC_CENSUS:cpu=2:source=el1-restore-frame-elr:text=1295:kstack=0:uva=0:smallint=0:other=0]
[RESUME_PC_CENSUS:cpu=2:source=el0-restore-frame-elr:text=0:kstack=0:uva=262:smallint=0:other=0]
[RESUME_PC_CENSUS:cpu=2:source=el0-first-entry-frame-elr:text=0:kstack=0:uva=3:smallint=0:other=0]
[RESUME_PC_CENSUS:cpu=2:source=ctx-x30:text=135953:kstack=0:uva=255:smallint=7:other=0]
[RESUME_PC_CENSUS:cpu=2:source=ctx-elr-el1:text=135953:kstack=0:uva=0:smallint=0:other=0]
[RESUME_PC_CENSUS:cpu=2:source=lr-save-el1:text=742:kstack=0:uva=0:smallint=0:other=0]
[RESUME_PC_CENSUS:cpu=2:source=lr-restore-el1:text=1295:kstack=0:uva=0:smallint=0:other=0]
[RESUME_PC_CENSUS:cpu=2:source=lr-save-el0:text=0:kstack=0:uva=243:smallint=5:other=0]
[RESUME_PC_CENSUS:cpu=2:source=lr-restore-el0:text=0:kstack=0:uva=255:smallint=7:other=0]
[RESUME_PC_CENSUS:cpu=3:source=el1-restore-frame-elr:text=757:kstack=0:uva=0:smallint=0:other=0]
[RESUME_PC_CENSUS:cpu=3:source=el0-restore-frame-elr:text=0:kstack=0:uva=125:smallint=0:other=0]
[RESUME_PC_CENSUS:cpu=3:source=el0-first-entry-frame-elr:text=0:kstack=0:uva=1:smallint=0:other=0]
[RESUME_PC_CENSUS:cpu=3:source=ctx-x30:text=142050:kstack=0:uva=120:smallint=5:other=0]
[RESUME_PC_CENSUS:cpu=3:source=ctx-elr-el1:text=142050:kstack=0:uva=0:smallint=0:other=0]
[RESUME_PC_CENSUS:cpu=3:source=lr-save-el1:text=134:kstack=0:uva=0:smallint=0:other=0]
[RESUME_PC_CENSUS:cpu=3:source=lr-restore-el1:text=757:kstack=0:uva=0:smallint=0:other=0]
[RESUME_PC_CENSUS:cpu=3:source=lr-save-el0:text=0:kstack=0:uva=97:smallint=4:other=0]
[RESUME_PC_CENSUS:cpu=3:source=lr-restore-el0:text=0:kstack=0:uva=120:smallint=5:other=0]
[RESUME_PC_CENSUS:cpu=4:source=el1-restore-frame-elr:text=1086:kstack=0:uva=0:smallint=0:other=0]
[RESUME_PC_CENSUS:cpu=4:source=el0-restore-frame-elr:text=0:kstack=0:uva=141:smallint=0:other=0]
[RESUME_PC_CENSUS:cpu=4:source=ctx-x30:text=172386:kstack=0:uva=138:smallint=3:other=0]
[RESUME_PC_CENSUS:cpu=4:source=ctx-elr-el1:text=172386:kstack=0:uva=0:smallint=0:other=0]
[RESUME_PC_CENSUS:cpu=4:source=lr-save-el1:text=458:kstack=0:uva=0:smallint=0:other=0]
[RESUME_PC_CENSUS:cpu=4:source=lr-restore-el1:text=1086:kstack=0:uva=0:smallint=0:other=0]
[RESUME_PC_CENSUS:cpu=4:source=lr-save-el0:text=0:kstack=0:uva=136:smallint=3:other=0]
[RESUME_PC_CENSUS:cpu=4:source=lr-restore-el0:text=0:kstack=0:uva=138:smallint=3:other=0]
[RESUME_PC_CENSUS:cpu=5:source=el1-restore-frame-elr:text=51:kstack=0:uva=0:smallint=0:other=0]
[RESUME_PC_CENSUS:cpu=5:source=el0-restore-frame-elr:text=0:kstack=0:uva=67:smallint=0:other=0]
[RESUME_PC_CENSUS:cpu=5:source=ctx-x30:text=97:kstack=0:uva=67:smallint=0:other=0]
[RESUME_PC_CENSUS:cpu=5:source=ctx-elr-el1:text=97:kstack=0:uva=0:smallint=0:other=0]
[RESUME_PC_CENSUS:cpu=5:source=lr-save-el1:text=53:kstack=0:uva=0:smallint=0:other=0]
[RESUME_PC_CENSUS:cpu=5:source=lr-restore-el1:text=51:kstack=0:uva=0:smallint=0:other=0]
[RESUME_PC_CENSUS:cpu=5:source=lr-save-el0:text=0:kstack=0:uva=66:smallint=0:other=0]
[RESUME_PC_CENSUS:cpu=5:source=lr-restore-el0:text=0:kstack=0:uva=67:smallint=0:other=0]
[RESUME_PC_CENSUS:cpu=6:source=el1-restore-frame-elr:text=1349:kstack=0:uva=0:smallint=0:other=0]
[RESUME_PC_CENSUS:cpu=6:source=el0-restore-frame-elr:text=0:kstack=0:uva=159:smallint=0:other=0]
[RESUME_PC_CENSUS:cpu=6:source=ctx-x30:text=186492:kstack=0:uva=157:smallint=2:other=0]
[RESUME_PC_CENSUS:cpu=6:source=ctx-elr-el1:text=186492:kstack=0:uva=0:smallint=0:other=0]
[RESUME_PC_CENSUS:cpu=6:source=lr-save-el1:text=635:kstack=0:uva=0:smallint=0:other=0]
[RESUME_PC_CENSUS:cpu=6:source=lr-restore-el1:text=1349:kstack=0:uva=0:smallint=0:other=0]
[RESUME_PC_CENSUS:cpu=6:source=lr-save-el0:text=0:kstack=0:uva=158:smallint=2:other=0]
[RESUME_PC_CENSUS:cpu=6:source=lr-restore-el0:text=0:kstack=0:uva=157:smallint=2:other=0]
[RESUME_PC_CENSUS:cpu=7:source=el1-restore-frame-elr:text=994:kstack=0:uva=0:smallint=0:other=0]
[RESUME_PC_CENSUS:cpu=7:source=el0-restore-frame-elr:text=0:kstack=0:uva=40:smallint=0:other=0]
[RESUME_PC_CENSUS:cpu=7:source=ctx-x30:text=183683:kstack=0:uva=40:smallint=0:other=0]
[RESUME_PC_CENSUS:cpu=7:source=ctx-elr-el1:text=183683:kstack=0:uva=0:smallint=0:other=0]
[RESUME_PC_CENSUS:cpu=7:source=lr-save-el1:text=280:kstack=0:uva=0:smallint=0:other=0]
[RESUME_PC_CENSUS:cpu=7:source=lr-restore-el1:text=994:kstack=0:uva=0:smallint=0:other=0]
[RESUME_PC_CENSUS:cpu=7:source=lr-save-el0:text=0:kstack=0:uva=48:smallint=0:other=0]
[RESUME_PC_CENSUS:cpu=7:source=lr-restore-el0:text=0:kstack=0:uva=40:smallint=0:other=0]
[heartbeat] tid=12 uptime_ms=50294 kbd_nonzero=0
[PT_ROOT_CUSTODY:no_proof=11:no_arch=0:terminated=0:undecided=0:mid_retire=0:retired=3]
[TOMBSTONE_CENSUS:resident=0:removed=9:reap_second=9:retire_second=0:abandoned_unqueued=0]
[TTBR0_ASID_CENSUS:untagged=0:tagged=1696623:kernel=829465:cleared=2524912]
[net-rx-counters] sample=4 begin
[net-rx-counters] sample=4 NET_RX_MSI_TOTAL: 7 (cpu0=7)
[net-rx-counters] sample=4 NET_RX_RING_DRAIN_TOTAL: 8 (cpu0=8)
[net-rx-counters] sample=4 NET_RX_FRAME_TOTAL: 8 (cpu0=8)
[net-rx-counters] sample=4 NET_RX_ARP_TOTAL: 2 (cpu0=2)
[net-rx-counters] sample=4 NET_RX_ETHERTYPE_OTHER_TOTAL: 0
[net-rx-counters] sample=4 NET_RX_SOFTIRQ_ENTRY_TOTAL: 17 (cpu0=10, cpu1=2, cpu2=2, cpu3=1, cpu5=2)
[net-rx-counters] sample=4 NET_RX_SOFTIRQ_EXIT_TOTAL: 17 (cpu0=10, cpu1=2, cpu2=2, cpu3=1, cpu5=2)
[net-rx-counters] sample=4 NET_RX_REENTRANT_SKIP_TOTAL: 1 (cpu1=1)
[net-rx-counters] sample=4 NET_RX_GUARD_RELEASE_TOTAL: 17 (cpu0=11, cpu1=1, cpu2=2, cpu3=1, cpu5=2)
[net-rx-counters] sample=4 NET_RX_REARM_CHECK_TOTAL: 17 (cpu0=11, cpu1=1, cpu2=2, cpu3=1, cpu5=2)
[net-rx-counters] sample=4 NET_RX_REARM_RACE_TOTAL: 0
[net-rx-counters] sample=4 NET_RX_REARM_ARMED_TOTAL: 17 (cpu0=11, cpu1=1, cpu2=2, cpu3=1, cpu5=2)
[net-rx-counters] sample=4 NET_PCI_IRQ_RAISED_NETRX: 7 (cpu0=7)
[net-rx-counters] sample=4 GIC_SPI55_ACK_TOTAL: 7 (cpu0=7)
[net-rx-counters] sample=4 GICV2M_BASE_PHYS: 0x2250000
[net-rx-counters] sample=4 GICV2M_DOORBELL_PHYS: 0x2250040
[net-rx-counters] sample=4 GICV2M_MSI_TYPER: 0x80350040
[net-rx-counters] sample=4 GICV2M_SPI_BASE: 53
[net-rx-counters] sample=4 GICV2M_SPI_COUNT: 64
[net-rx-counters] sample=4 GICV2M_NEXT_INDEX: 4
[net-rx-counters] sample=4 GIC_SPI54_IRQ: 54
[net-rx-counters] sample=4 GIC_SPI54_VERSION: 3
[net-rx-counters] sample=4 GIC_SPI54_ISENABLER_BIT: 0x400000
[net-rx-counters] sample=4 GIC_SPI54_ISPENDR_BIT: 0x0
[net-rx-counters] sample=4 GIC_SPI54_ISACTIVER_BIT: 0x0
[net-rx-counters] sample=4 GIC_SPI54_IGROUPR_BIT: 0x400000
[net-rx-counters] sample=4 GIC_SPI54_PRIORITY: 0xa0
[net-rx-counters] sample=4 GIC_SPI54_ICFGR_REG: 0x2a800
[net-rx-counters] sample=4 GIC_SPI54_IROUTER: 0x0
[net-rx-counters] sample=4 GIC_SPI54_ITARGETSR_BYTE: 0x0
[net-rx-counters] sample=4 GIC_SPI54_GICD_CTLR: 0x53
[net-rx-counters] sample=4 GIC_SPI55_IRQ: 55
[net-rx-counters] sample=4 GIC_SPI55_VERSION: 3
[net-rx-counters] sample=4 GIC_SPI55_ISENABLER_BIT: 0x800000
[net-rx-counters] sample=4 GIC_SPI55_ISPENDR_BIT: 0x0
[net-rx-counters] sample=4 GIC_SPI55_ISACTIVER_BIT: 0x0
[net-rx-counters] sample=4 GIC_SPI55_IGROUPR_BIT: 0x800000
[net-rx-counters] sample=4 GIC_SPI55_PRIORITY: 0xa0
[net-rx-counters] sample=4 GIC_SPI55_ICFGR_REG: 0x2a800
[net-rx-counters] sample=4 GIC_SPI55_IROUTER: 0x0
[net-rx-counters] sample=4 GIC_SPI55_ITARGETSR_BYTE: 0x0
[net-rx-counters] sample=4 GIC_SPI55_GICD_CTLR: 0x53
[net-rx-counters] sample=4 MANUAL_GICV2M_TEST_DONE: 1
[net-rx-counters] sample=4 MANUAL_GICV2M_TEST_IRQ: 55
[net-rx-counters] sample=4 MANUAL_GICV2M_TEST_DOORBELL: 0x2250040
[net-rx-counters] sample=4 MANUAL_GICV2M_TEST_BEFORE_PEND: 0x0
[net-rx-counters] sample=4 MANUAL_GICV2M_TEST_AFTER_WRITE_PEND: 0x800000
[net-rx-counters] sample=4 MANUAL_GICV2M_TEST_AFTER_WAIT_PEND: 0x0
[net-rx-counters] sample=4 MANUAL_GICV2M_TEST_ACK_BEFORE: 0
[net-rx-counters] sample=4 MANUAL_GICV2M_TEST_ACK_AFTER: 1
[net-rx-counters] sample=4 MANUAL_GICV2M_TEST_MSI_BEFORE: 0
[net-rx-counters] sample=4 MANUAL_GICV2M_TEST_MSI_AFTER: 1
[net-rx-counters] sample=4 NET_PCI_DEVICE_STATUS: 0xf
[net-rx-counters] sample=4 NET_PCI_ISR_STATUS: 0x0
[net-rx-counters] sample=4 NET_PCI_DEVICE_FEATURES: 0x6187bfa3
[net-rx-counters] sample=4 NET_PCI_GUEST_FEATURES: 0x10020
[net-rx-counters] sample=4 NET_PCI_RX_QUEUE_PFN: 0x4123b
[net-rx-counters] sample=4 NET_PCI_TX_QUEUE_PFN: 0x4123e
[net-rx-counters] sample=4 NET_PCI_RX_QUEUE_SIZE: 256
[net-rx-counters] sample=4 NET_PCI_TX_QUEUE_SIZE: 256
[net-rx-counters] sample=4 NET_PCI_RX_QUEUE_ALIGN: 4096
[net-rx-counters] sample=4 NET_PCI_RX_QUEUE_VECTOR: 0x0
[net-rx-counters] sample=4 NET_PCI_TX_QUEUE_VECTOR: 0xffff
[net-rx-counters] sample=4 NET_PCI_RX_AVAIL_FLAGS: 0x0
[net-rx-counters] sample=4 NET_PCI_RX_AVAIL_IDX: 32
[net-rx-counters] sample=4 NET_PCI_RX_USED_FLAGS: 0x1
[net-rx-counters] sample=4 NET_PCI_RX_USED_IDX: 8
[net-rx-counters] sample=4 NET_PCI_RX_LAST_USED_IDX: 8
[net-rx-counters] sample=4 NET_PCI_RX_POSTED_GAP: 24
[net-rx-counters] sample=4 NET_PCI_RX_DESC0: addr=0x4126aa00 len=1524 flags=0x2
[net-rx-counters] sample=4 NET_PCI_RX_DESC1: addr=0x4126b000 len=1524 flags=0x2
[net-rx-counters] sample=4 NET_PCI_RX_DESC2: addr=0x4126b600 len=1524 flags=0x2
[net-rx-counters] sample=4 NET_PCI_RX_DESC3: addr=0x4126bc00 len=1524 flags=0x2
[net-rx-counters] sample=4 NET_PCI_RX_RING_HEADS: 0,1,2,3
[net-rx-counters] sample=4 NET_RX_PROCESSING_HELD: 0
[net-rx-counters] sample=4 NET_RX_PENDING_WHILE_PROCESSING: 0
[net-rx-counters] sample=4 NET_PCI_RX_REARM_SAMPLE_SEQ: 17
[net-rx-counters] sample=4 NET_PCI_RX_REARM_SAMPLE0: used_idx=8 last_used_idx=8 avail_flags=0x0 raced=0
[net-rx-counters] sample=4 NET_PCI_RX_REARM_SAMPLE1: used_idx=5 last_used_idx=5 avail_flags=0x0 raced=0
[net-rx-counters] sample=4 NET_PCI_RX_REARM_SAMPLE2: used_idx=6 last_used_idx=6 avail_flags=0x0 raced=0
[net-rx-counters] sample=4 NET_PCI_RX_REARM_SAMPLE3: used_idx=7 last_used_idx=7 avail_flags=0x0 raced=0
[net-rx-counters] sample=4 NET_PCI_RX_SOFTIRQ_ENTRY_SAMPLE: used_idx=8 last_used_idx=7 avail_flags=0x1 raced=0
[net-rx-counters] sample=4 NET_PCI_RX_SOFTIRQ_EXIT_SAMPLE: used_idx=8 last_used_idx=8 avail_flags=0x0 raced=0
[net-rx-counters] sample=4 end
WAIT_STRESS_PROGRESS sample=480 entered=877721 returned=877720 wakes=34821383 waiters=0
[heartbeat] tid=12 uptime_ms=51316 kbd_nonzero=0
WAIT_STRESS_PROGRESS sample=490 entered=897557 returned=897556 wakes=35533815 waiters=0
[heartbeat] tid=12 uptime_ms=52317 kbd_nonzero=0
WAIT_STRESS_PROGRESS sample=500 entered=916948 returned=916947 wakes=36267014 waiters=0
[heartbeat] tid=12 uptime_ms=53318 kbd_nonzero=0
WAIT_STRESS_PROGRESS sample=510 entered=936430 returned=936429 wakes=36981673 waiters=0
[heartbeat] tid=12 uptime_ms=54319 kbd_nonzero=0
WAIT_STRESS_PROGRESS sample=520 entered=955084 returned=955083 wakes=37733103 waiters=0
[heartbeat] tid=12 uptime_ms=55319 kbd_nonzero=0
WAIT_STRESS_PROGRESS sample=530 entered=974925 returned=974925 wakes=38447723 waiters=0
[heartbeat] tid=12 uptime_ms=56320 kbd_nonzero=0
WAIT_STRESS_PROGRESS sample=540 entered=994284 returned=994283 wakes=39180712 waiters=0
[heartbeat] tid=12 uptime_ms=57321 kbd_nonzero=0
WAIT_STRESS_PROGRESS sample=550 entered=1013186 returned=1013185 wakes=39924873 waiters=0
[heartbeat] tid=12 uptime_ms=58322 kbd_nonzero=0
WAIT_STRESS_PROGRESS sample=560 entered=1041393 returned=1041392 wakes=40418993 waiters=1
[heartbeat] tid=12 uptime_ms=59323 kbd_nonzero=0
[RESUME_PC_CENSUS:cpu=0:source=el1-restore-frame-elr:text=254:kstack=0:uva=0:smallint=0:other=0]
[RESUME_PC_CENSUS:cpu=0:source=el0-restore-frame-elr:text=0:kstack=0:uva=194:smallint=0:other=0]
[RESUME_PC_CENSUS:cpu=0:source=ctx-x30:text=2931:kstack=0:uva=190:smallint=4:other=0]
[RESUME_PC_CENSUS:cpu=0:source=ctx-elr-el1:text=2931:kstack=0:uva=0:smallint=0:other=0]
[RESUME_PC_CENSUS:cpu=0:source=lr-save-el1:text=188:kstack=0:uva=0:smallint=0:other=0]
[RESUME_PC_CENSUS:cpu=0:source=lr-restore-el1:text=254:kstack=0:uva=0:smallint=0:other=0]
[RESUME_PC_CENSUS:cpu=0:source=lr-save-el0:text=0:kstack=0:uva=236:smallint=8:other=0]
[RESUME_PC_CENSUS:cpu=0:source=lr-restore-el0:text=0:kstack=0:uva=190:smallint=4:other=0]
[RESUME_PC_CENSUS:cpu=1:source=el1-restore-frame-elr:text=79:kstack=0:uva=0:smallint=0:other=0]
[RESUME_PC_CENSUS:cpu=1:source=el0-restore-frame-elr:text=0:kstack=0:uva=141:smallint=0:other=0]
[RESUME_PC_CENSUS:cpu=1:source=el0-first-entry-frame-elr:text=0:kstack=0:uva=4:smallint=0:other=0]
[RESUME_PC_CENSUS:cpu=1:source=ctx-x30:text=146:kstack=0:uva=136:smallint=5:other=0]
[RESUME_PC_CENSUS:cpu=1:source=ctx-elr-el1:text=146:kstack=0:uva=0:smallint=0:other=0]
[RESUME_PC_CENSUS:cpu=1:source=lr-save-el1:text=75:kstack=0:uva=0:smallint=0:other=0]
[RESUME_PC_CENSUS:cpu=1:source=lr-restore-el1:text=79:kstack=0:uva=0:smallint=0:other=0]
[RESUME_PC_CENSUS:cpu=1:source=lr-save-el0:text=0:kstack=0:uva=110:smallint=2:other=0]
[RESUME_PC_CENSUS:cpu=1:source=lr-restore-el0:text=0:kstack=0:uva=136:smallint=5:other=0]
[RESUME_PC_CENSUS:cpu=2:source=el1-restore-frame-elr:text=1416:kstack=0:uva=0:smallint=0:other=0]
[RESUME_PC_CENSUS:cpu=2:source=el0-restore-frame-elr:text=0:kstack=0:uva=262:smallint=0:other=0]
[RESUME_PC_CENSUS:cpu=2:source=el0-first-entry-frame-elr:text=0:kstack=0:uva=3:smallint=0:other=0]
[RESUME_PC_CENSUS:cpu=2:source=ctx-x30:text=165729:kstack=0:uva=255:smallint=7:other=0]
[RESUME_PC_CENSUS:cpu=2:source=ctx-elr-el1:text=165729:kstack=0:uva=0:smallint=0:other=0]
[RESUME_PC_CENSUS:cpu=2:source=lr-save-el1:text=742:kstack=0:uva=0:smallint=0:other=0]
[RESUME_PC_CENSUS:cpu=2:source=lr-restore-el1:text=1416:kstack=0:uva=0:smallint=0:other=0]
[RESUME_PC_CENSUS:cpu=2:source=lr-save-el0:text=0:kstack=0:uva=243:smallint=5:other=0]
[RESUME_PC_CENSUS:cpu=2:source=lr-restore-el0:text=0:kstack=0:uva=255:smallint=7:other=0]
[RESUME_PC_CENSUS:cpu=3:source=el1-restore-frame-elr:text=857:kstack=0:uva=0:smallint=0:other=0]
[RESUME_PC_CENSUS:cpu=3:source=el0-restore-frame-elr:text=0:kstack=0:uva=125:smallint=0:other=0]
[RESUME_PC_CENSUS:cpu=3:source=el0-first-entry-frame-elr:text=0:kstack=0:uva=1:smallint=0:other=0]
[RESUME_PC_CENSUS:cpu=3:source=ctx-x30:text=173758:kstack=0:uva=120:smallint=5:other=0]
[RESUME_PC_CENSUS:cpu=3:source=ctx-elr-el1:text=173758:kstack=0:uva=0:smallint=0:other=0]
[RESUME_PC_CENSUS:cpu=3:source=lr-save-el1:text=134:kstack=0:uva=0:smallint=0:other=0]
[RESUME_PC_CENSUS:cpu=3:source=lr-restore-el1:text=857:kstack=0:uva=0:smallint=0:other=0]
[RESUME_PC_CENSUS:cpu=3:source=lr-save-el0:text=0:kstack=0:uva=97:smallint=4:other=0]
[RESUME_PC_CENSUS:cpu=3:source=lr-restore-el0:text=0:kstack=0:uva=120:smallint=5:other=0]
[RESUME_PC_CENSUS:cpu=4:source=el1-restore-frame-elr:text=1218:kstack=0:uva=0:smallint=0:other=0]
[RESUME_PC_CENSUS:cpu=4:source=el0-restore-frame-elr:text=0:kstack=0:uva=141:smallint=0:other=0]
[RESUME_PC_CENSUS:cpu=4:source=ctx-x30:text=213841:kstack=0:uva=138:smallint=3:other=0]
[RESUME_PC_CENSUS:cpu=4:source=ctx-elr-el1:text=213847:kstack=0:uva=0:smallint=0:other=0]
[RESUME_PC_CENSUS:cpu=4:source=lr-save-el1:text=458:kstack=0:uva=0:smallint=0:other=0]
[RESUME_PC_CENSUS:cpu=4:source=lr-restore-el1:text=1218:kstack=0:uva=0:smallint=0:other=0]
[RESUME_PC_CENSUS:cpu=4:source=lr-save-el0:text=0:kstack=0:uva=136:smallint=3:other=0]
[RESUME_PC_CENSUS:cpu=4:source=lr-restore-el0:text=0:kstack=0:uva=138:smallint=3:other=0]
[RESUME_PC_CENSUS:cpu=5:source=el1-restore-frame-elr:text=51:kstack=0:uva=0:smallint=0:other=0]
[RESUME_PC_CENSUS:cpu=5:source=el0-restore-frame-elr:text=0:kstack=0:uva=67:smallint=0:other=0]
[RESUME_PC_CENSUS:cpu=5:source=ctx-x30:text=97:kstack=0:uva=67:smallint=0:other=0]
[RESUME_PC_CENSUS:cpu=5:source=ctx-elr-el1:text=97:kstack=0:uva=0:smallint=0:other=0]
[RESUME_PC_CENSUS:cpu=5:source=lr-save-el1:text=53:kstack=0:uva=0:smallint=0:other=0]
[RESUME_PC_CENSUS:cpu=5:source=lr-restore-el1:text=51:kstack=0:uva=0:smallint=0:other=0]
[RESUME_PC_CENSUS:cpu=5:source=lr-save-el0:text=0:kstack=0:uva=66:smallint=0:other=0]
[RESUME_PC_CENSUS:cpu=5:source=lr-restore-el0:text=0:kstack=0:uva=67:smallint=0:other=0]
[RESUME_PC_CENSUS:cpu=6:source=el1-restore-frame-elr:text=1514:kstack=0:uva=0:smallint=0:other=0]
[RESUME_PC_CENSUS:cpu=6:source=el0-restore-frame-elr:text=0:kstack=0:uva=159:smallint=0:other=0]
[RESUME_PC_CENSUS:cpu=6:source=ctx-x30:text=231226:kstack=0:uva=157:smallint=2:other=0]
[RESUME_PC_CENSUS:cpu=6:source=ctx-elr-el1:text=231226:kstack=0:uva=0:smallint=0:other=0]
[RESUME_PC_CENSUS:cpu=6:source=lr-save-el1:text=635:kstack=0:uva=0:smallint=0:other=0]
[RESUME_PC_CENSUS:cpu=6:source=lr-restore-el1:text=1514:kstack=0:uva=0:smallint=0:other=0]
[RESUME_PC_CENSUS:cpu=6:source=lr-save-el0:text=0:kstack=0:uva=158:smallint=2:other=0]
[RESUME_PC_CENSUS:cpu=6:source=lr-restore-el0:text=0:kstack=0:uva=157:smallint=2:other=0]
[RESUME_PC_CENSUS:cpu=7:source=el1-restore-frame-elr:text=1176:kstack=0:uva=0:smallint=0:other=0]
[RESUME_PC_CENSUS:cpu=7:source=el0-restore-frame-elr:text=0:kstack=0:uva=40:smallint=0:other=0]
[RESUME_PC_CENSUS:cpu=7:source=ctx-x30:text=230814:kstack=0:uva=40:smallint=0:other=0]
[RESUME_PC_CENSUS:cpu=7:source=ctx-elr-el1:text=230814:kstack=0:uva=0:smallint=0:other=0]
[RESUME_PC_CENSUS:cpu=7:source=lr-save-el1:text=280:kstack=0:uva=0:smallint=0:other=0]
[RESUME_PC_CENSUS:cpu=7:source=lr-restore-el1:text=1176:kstack=0:uva=0:smallint=0:other=0]
[RESUME_PC_CENSUS:cpu=7:source=lr-save-el0:text=0:kstack=0:uva=48:smallint=0:other=0]
[RESUME_PC_CENSUS:cpu=7:source=lr-restore-el0:text=0:kstack=0:uva=40:smallint=0:other=0]
WAIT_STRESS_PROGRESS sample=570 entered=1066070 returned=1066069 wakes=41023687 waiters=0
[heartbeat] tid=12 uptime_ms=60324 kbd_nonzero=0
[PT_ROOT_CUSTODY:no_proof=11:no_arch=0:terminated=0:undecided=0:mid_retire=0:retired=3]
[TOMBSTONE_CENSUS:resident=0:removed=9:reap_second=9:retire_second=0:abandoned_unqueued=0]
[TTBR0_ASID_CENSUS:untagged=0:tagged=2098689:kernel=1025406:cleared=3122919]
[net-rx-counters] sample=5 begin
[net-rx-counters] sample=5 NET_RX_MSI_TOTAL: 8 (cpu0=8)
[net-rx-counters] sample=5 NET_RX_RING_DRAIN_TOTAL: 9 (cpu0=9)
[net-rx-counters] sample=5 NET_RX_FRAME_TOTAL: 9 (cpu0=9)
[net-rx-counters] sample=5 NET_RX_ARP_TOTAL: 2 (cpu0=2)
[net-rx-counters] sample=5 NET_RX_ETHERTYPE_OTHER_TOTAL: 0
[net-rx-counters] sample=5 NET_RX_SOFTIRQ_ENTRY_TOTAL: 18 (cpu0=11, cpu1=2, cpu2=2, cpu3=1, cpu5=2)
[net-rx-counters] sample=5 NET_RX_SOFTIRQ_EXIT_TOTAL: 18 (cpu0=11, cpu1=2, cpu2=2, cpu3=1, cpu5=2)
[net-rx-counters] sample=5 NET_RX_REENTRANT_SKIP_TOTAL: 1 (cpu1=1)
[net-rx-counters] sample=5 NET_RX_GUARD_RELEASE_TOTAL: 18 (cpu0=12, cpu1=1, cpu2=2, cpu3=1, cpu5=2)
[net-rx-counters] sample=5 NET_RX_REARM_CHECK_TOTAL: 18 (cpu0=12, cpu1=1, cpu2=2, cpu3=1, cpu5=2)
[net-rx-counters] sample=5 NET_RX_REARM_RACE_TOTAL: 0
[net-rx-counters] sample=5 NET_RX_REARM_ARMED_TOTAL: 18 (cpu0=12, cpu1=1, cpu2=2, cpu3=1, cpu5=2)
[net-rx-counters] sample=5 NET_PCI_IRQ_RAISED_NETRX: 8 (cpu0=8)
[net-rx-counters] sample=5 GIC_SPI55_ACK_TOTAL: 8 (cpu0=8)
[net-rx-counters] sample=5 GICV2M_BASE_PHYS: 0x2250000
[net-rx-counters] sample=5 GICV2M_DOORBELL_PHYS: 0x2250040
[net-rx-counters] sample=5 GICV2M_MSI_TYPER: 0x80350040
[net-rx-counters] sample=5 GICV2M_SPI_BASE: 53
[net-rx-counters] sample=5 GICV2M_SPI_COUNT: 64
[net-rx-counters] sample=5 GICV2M_NEXT_INDEX: 4
[net-rx-counters] sample=5 GIC_SPI54_IRQ: 54
[net-rx-counters] sample=5 GIC_SPI54_VERSION: 3
[net-rx-counters] sample=5 GIC_SPI54_ISENABLER_BIT: 0x400000
[net-rx-counters] sample=5 GIC_SPI54_ISPENDR_BIT: 0x0
[net-rx-counters] sample=5 GIC_SPI54_ISACTIVER_BIT: 0x0
[net-rx-counters] sample=5 GIC_SPI54_IGROUPR_BIT: 0x400000
[net-rx-counters] sample=5 GIC_SPI54_PRIORITY: 0xa0
[net-rx-counters] sample=5 GIC_SPI54_ICFGR_REG: 0x2a800
[net-rx-counters] sample=5 GIC_SPI54_IROUTER: 0x0
[net-rx-counters] sample=5 GIC_SPI54_ITARGETSR_BYTE: 0x0
[net-rx-counters] sample=5 GIC_SPI54_GICD_CTLR: 0x53
[net-rx-counters] sample=5 GIC_SPI55_IRQ: 55
[net-rx-counters] sample=5 GIC_SPI55_VERSION: 3
[net-rx-counters] sample=5 GIC_SPI55_ISENABLER_BIT: 0x800000
[net-rx-counters] sample=5 GIC_SPI55_ISPENDR_BIT: 0x0
[net-rx-counters] sample=5 GIC_SPI55_ISACTIVER_BIT: 0x0
[net-rx-counters] sample=5 GIC_SPI55_IGROUPR_BIT: 0x800000
[net-rx-counters] sample=5 GIC_SPI55_PRIORITY: 0xa0
[net-rx-counters] sample=5 GIC_SPI55_ICFGR_REG: 0x2a800
[net-rx-counters] sample=5 GIC_SPI55_IROUTER: 0x0
[net-rx-counters] sample=5 GIC_SPI55_ITARGETSR_BYTE: 0x0
[net-rx-counters] sample=5 GIC_SPI55_GICD_CTLR: 0x53
[net-rx-counters] sample=5 MANUAL_GICV2M_TEST_DONE: 1
[net-rx-counters] sample=5 MANUAL_GICV2M_TEST_IRQ: 55
[net-rx-counters] sample=5 MANUAL_GICV2M_TEST_DOORBELL: 0x2250040
[net-rx-counters] sample=5 MANUAL_GICV2M_TEST_BEFORE_PEND: 0x0
[net-rx-counters] sample=5 MANUAL_GICV2M_TEST_AFTER_WRITE_PEND: 0x800000
[net-rx-counters] sample=5 MANUAL_GICV2M_TEST_AFTER_WAIT_PEND: 0x0
[net-rx-counters] sample=5 MANUAL_GICV2M_TEST_ACK_BEFORE: 0
[net-rx-counters] sample=5 MANUAL_GICV2M_TEST_ACK_AFTER: 1
[net-rx-counters] sample=5 MANUAL_GICV2M_TEST_MSI_BEFORE: 0
[net-rx-counters] sample=5 MANUAL_GICV2M_TEST_MSI_AFTER: 1
[net-rx-counters] sample=5 NET_PCI_DEVICE_STATUS: 0xf
[net-rx-counters] sample=5 NET_PCI_ISR_STATUS: 0x0
[net-rx-counters] sample=5 NET_PCI_DEVICE_FEATURES: 0x6187bfa3
[net-rx-counters] sample=5 NET_PCI_GUEST_FEATURES: 0x10020
[net-rx-counters] sample=5 NET_PCI_RX_QUEUE_PFN: 0x4123b
[net-rx-counters] sample=5 NET_PCI_TX_QUEUE_PFN: 0x4123e
[net-rx-counters] sample=5 NET_PCI_RX_QUEUE_SIZE: 256
[net-rx-counters] sample=5 NET_PCI_TX_QUEUE_SIZE: 256
[net-rx-counters] sample=5 NET_PCI_RX_QUEUE_ALIGN: 4096
[net-rx-counters] sample=5 NET_PCI_RX_QUEUE_VECTOR: 0x0
[net-rx-counters] sample=5 NET_PCI_TX_QUEUE_VECTOR: 0xffff
[net-rx-counters] sample=5 NET_PCI_RX_AVAIL_FLAGS: 0x0
[net-rx-counters] sample=5 NET_PCI_RX_AVAIL_IDX: 36
[net-rx-counters] sample=5 NET_PCI_RX_USED_FLAGS: 0x1
[net-rx-counters] sample=5 NET_PCI_RX_USED_IDX: 9
[net-rx-counters] sample=5 NET_PCI_RX_LAST_USED_IDX: 9
[net-rx-counters] sample=5 NET_PCI_RX_POSTED_GAP: 27
[net-rx-counters] sample=5 NET_PCI_RX_DESC0: addr=0x4126aa00 len=1524 flags=0x2
[net-rx-counters] sample=5 NET_PCI_RX_DESC1: addr=0x4126b000 len=1524 flags=0x2
[net-rx-counters] sample=5 NET_PCI_RX_DESC2: addr=0x4126b600 len=1524 flags=0x2
[net-rx-counters] sample=5 NET_PCI_RX_DESC3: addr=0x4126bc00 len=1524 flags=0x2
[net-rx-counters] sample=5 NET_PCI_RX_RING_HEADS: 0,1,2,3
[net-rx-counters] sample=5 NET_RX_PROCESSING_HELD: 0
[net-rx-counters] sample=5 NET_RX_PENDING_WHILE_PROCESSING: 0
[net-rx-counters] sample=5 NET_PCI_RX_REARM_SAMPLE_SEQ: 18
[net-rx-counters] sample=5 NET_PCI_RX_REARM_SAMPLE0: used_idx=8 last_used_idx=8 avail_flags=0x0 raced=0
[net-rx-counters] sample=5 NET_PCI_RX_REARM_SAMPLE1: used_idx=9 last_used_idx=9 avail_flags=0x0 raced=0
[net-rx-counters] sample=5 NET_PCI_RX_REARM_SAMPLE2: used_idx=6 last_used_idx=6 avail_flags=0x0 raced=0
[net-rx-counters] sample=5 NET_PCI_RX_REARM_SAMPLE3: used_idx=7 last_used_idx=7 avail_flags=0x0 raced=0
[net-rx-counters] sample=5 NET_PCI_RX_SOFTIRQ_ENTRY_SAMPLE: used_idx=9 last_used_idx=8 avail_flags=0x1 raced=0
[net-rx-counters] sample=5 NET_PCI_RX_SOFTIRQ_EXIT_SAMPLE: used_idx=9 last_used_idx=9 avail_flags=0x0 raced=0
[net-rx-counters] sample=5 end
WAIT_STRESS_PROGRESS sample=580 entered=1085731 returned=1085730 wakes=41744986 waiters=0
[heartbeat] tid=12 uptime_ms=61346 kbd_nonzero=0
WAIT_STRESS_PROGRESS sample=590 entered=1105897 returned=1105896 wakes=42452451 waiters=0
[heartbeat] tid=12 uptime_ms=62347 kbd_nonzero=0
WAIT_STRESS_PROGRESS sample=600 entered=1126341 returned=1126340 wakes=43165657 waiters=0

[TTBR_GONE_K] tid=32 elr=0x0 cpu=6
WAIT_STRESS_PASS entered=1126355 returned=1126354 wakes=43165784 waiters=0
[syscall] exit(0) pid=16 name=wait_stress
[TTBR0_ASID_CENSUS:untagged=0:tagged=2206438:kernel=1078062:cleared=3283326]
[init] wait_stress exited pid=16 code=0
[spawn] path='/bin/bsshd'
manager.create_process_with_argv [ARM64]: ENTRY - name='bsshd', elf_size=455144, argc=1
manager.create_process_with_argv [ARM64]: Generated PID 19
manager.create_process_with_argv [ARM64]: Creating ProcessPageTable
manager.create_process_with_argv [ARM64]: Loading ELF into page table
manager.create_process_with_argv [ARM64]: ELF loaded, entry=0x4001d6c0
manager.create_process_with_argv [ARM64]: Allocating user stack
manager.create_process_with_argv [ARM64]: User stack will be at 0xfffffeff0000-0xffffff000000
manager.create_process_with_argv [ARM64]: argc/argv set up on stack, SP=0xfffffefffed0
manager.create_process_with_argv [ARM64]: SUCCESS - returning PID 19
[spawn] Created child PID 19 for parent PID 1
[spawn] Success: child PID 19 scheduled
bsshd: starting on port 2222
[init] bsshd started (PID 19)
bsshd: listening on 0.0.0.0:2222
[spawn] path='/bin/xhci_counters'
manager.create_process_with_argv [ARM64]: ENTRY - name='xhci_counters', elf_size=292232, argc=1
manager.create_process_with_argv [ARM64]: Generated PID 20
manager.create_process_with_argv [ARM64]: Creating ProcessPageTable
manager.create_process_with_argv [ARM64]: Loading ELF into page table
manager.create_process_with_argv [ARM64]: ELF loaded, entry=0x4000f140
manager.create_process_with_argv [ARM64]: Allocating user stack
manager.create_process_with_argv [ARM64]: User stack will be at 0xfffffeff0000-0xffffff000000
manager.create_process_with_argv [ARM64]: argc/argv set up on stack, SP=0xfffffefffed0
manager.create_process_with_argv [ARM64]: SUCCESS - returning PID 20
[spawn] Created child PID 20 for parent PID 1
[spawn] Success: child PID 20 scheduled
[xhci-counters] XHCI_MSI_EVENT_TOTAL=56
[spawn] path='/bin/bwm'
[xhci-counters] XHCI_IRQ_ENTRY_TOTAL=56
[xhci-counters] XHCI_LOCK_CONTENDED_TOTAL=0
[xhci-counters] KBD_NONZERO_TOTAL=0
[syscall] exit(0) pid=20 name=xhci_counters
[TTBR0_ASID_CENSUS:untagged=0:tagged=2206881:kernel=1078495:cleared=3284198]
[heartbeat] tid=12 uptime_ms=63347 kbd_nonzero=0
manager.create_process_with_argv [ARM64]: ENTRY - name='bwm', elf_size=432104, argc=1
manager.create_process_with_argv [ARM64]: Generated PID 21
manager.create_process_with_argv [ARM64]: Creating ProcessPageTable
manager.create_process_with_argv [ARM64]: Loading ELF into page table
manager.create_process_with_argv [ARM64]: ELF loaded, entry=0x40018be4
manager.create_process_with_argv [ARM64]: Allocating user stack
manager.create_process_with_argv [ARM64]: User stack will be at 0xfffffeff0000-0xffffff000000
manager.create_process_with_argv [ARM64]: argc/argv set up on stack, SP=0xfffffefffee0
manager.create_process_with_argv [ARM64]: SUCCESS - returning PID 21
[spawn] Created child PID 21 for parent PID 1
[spawn] Success: child PID 21 scheduled
[bwm] Breenix Window Manager starting... (v2-chromeless-skip)
[spawn] path='/sbin/telnetd'
[virgl-composite] Frame #0: 1x1 → 1280x960 display (first1k: 1 nonzero, first=0xff000000)
[bwm] GPU compositing mode (VirGL), display: 1280x960
[compositor] Mapped compositor buffer into process: virt=0x7ffffdb4e000, 1280x960, 1200 pages (backend=VirGL)
[bwm] Direct compositor mapping: 1280x960 at 0x7ffffdb4e000
[bwm] using bitmap font fallback for early boot
[bwm] hotkeys: using built-in defaults for early boot
[composite-win] frame=0 bg_dirty=true windows=0 bg=1280x960
[BUILD-CANARY] gpu_pci.rs version=10 dimmer-fix
[composite-submit] frame=0 windows=0 dwords=342 vb_offset=256 draw_idx=8
[virgl] SUBMIT_3D OK: id=3 used_len=0 resp_flags=0x1 resp_fence=3
[composite-win] frame=0 complete
[composite-win] frame=1 bg_dirty=true windows=0 bg=1280x960
[composite-submit] frame=1 windows=0 dwords=342 vb_offset=256 draw_idx=8
[virgl] SUBMIT_3D OK: id=4 used_len=0 resp_flags=0x1 resp_fence=4
[composite-win] frame=1 complete
manager.create_process_with_argv [ARM64]: ENTRY - name='telnetd', elf_size=298200, argc=1
manager.create_process_with_argv [ARM64]: Generated PID 22
manager.create_process_with_argv [ARM64]: Creating ProcessPageTable
manager.create_process_with_argv [ARM64]: Loading ELF into page table
manager.create_process_with_argv [ARM64]: ELF loaded, entry=0x4000f930
manager.create_process_with_argv [ARM64]: Allocating user stack
manager.create_process_with_argv [ARM64]: User stack will be at 0xfffffeff0000-0xffffff000000
manager.create_process_with_argv [ARM64]: argc/argv set up on stack, SP=0xfffffefffed0
manager.create_process_with_argv [ARM64]: SUCCESS - returning PID 22
[spawn] Created child PID 22 for parent PID 1
[spawn] Success: child PID 22 scheduled
TELNETD_STARTING
[init] Boot script completed
TELNETD_LISTENING
[spawn] path='/bin/bounce'
manager.create_process_with_argv [ARM64]: ENTRY - name='bounce', elf_size=388064, argc=1
manager.create_process_with_argv [ARM64]: Generated PID 23
manager.create_process_with_argv [ARM64]: Creating ProcessPageTable
manager.create_process_with_argv [ARM64]: Loading ELF into page table
manager.create_process_with_argv [ARM64]: ELF loaded, entry=0x400188e0
manager.create_process_with_argv [ARM64]: Allocating user stack
manager.create_process_with_argv [ARM64]: User stack will be at 0xfffffeff0000-0xffffff000000
manager.create_process_with_argv [ARM64]: argc/argv set up on stack, SP=0xfffffefffed0
manager.create_process_with_argv [ARM64]: SUCCESS - returning PID 23
[spawn] Created child PID 23 for parent PID 1
[spawn] Success: child PID 23 scheduled
Bounce spheres demo starting (for Gus!) [boot_id=0000000ed269e508]
[init] bounce started (PID 23)
[window] create_window_buffer: 400x300 (480000 bytes, 118 pages)
[INIT_GROUP_REFUSAL:aarch64:phase=quiesce:probe1=-22:probe2=-22:expected=-22]
[window] Created buffer id=1 for pid=23: 400x300 at virt=0x7ffffdf86000 phys=0x442b9000
[init] Process 4 exited (code 0)
[bounce] Window mode: id=1 400x300 [boot_id=0000000ed269e508]
[init] Process 5 exited (code 0)
[bwm] Discovered window 'Bounce' (id=1, 400x300) at (30,38)
[init] Process 14 exited (code 0)
[init] Process 15 exited (code 0)
[init] Process 20 exited (code 0)
[composite-win] frame=2 bg_dirty=true windows=1 bg=1280x960
[GPU-WIN] frame=2 win[0] res=10 content=(32,72)-(400x300) frame=(30,38)-(434,374)
[composite-submit] frame=2 windows=1 dwords=662 vb_offset=896 draw_idx=28
[virgl] SUBMIT_3D OK: id=5 used_len=0 resp_flags=0x1 resp_fence=5
[composite-win] frame=2 complete
[composite-win] frame=3 bg_dirty=false windows=1 bg=1280x960
[composite-win] frame=4 bg_dirty=false windows=1 bg=1280x960
[composite-win] frame=4 complete
[heartbeat] tid=12 uptime_ms=64348 kbd_nonzero=0
[bwm-fps] frames_since_last=203 elapsed_ms=1002 instantaneous_fps=202
[heartbeat] tid=12 uptime_ms=65348 kbd_nonzero=0
[bwm-fps] frames_since_last=266 elapsed_ms=1001 instantaneous_fps=265
[heartbeat] tid=12 uptime_ms=66349 kbd_nonzero=0
[bwm-fps] frames_since_last=271 elapsed_ms=1002 instantaneous_fps=270
[heartbeat] tid=12 uptime_ms=67350 kbd_nonzero=0
[bwm-fps] frames_since_last=268 elapsed_ms=1000 instantaneous_fps=268
[heartbeat] tid=12 uptime_ms=68350 kbd_nonzero=0
[bwm-fps] frames_since_last=267 elapsed_ms=1003 instantaneous_fps=266
[heartbeat] tid=12 uptime_ms=69351 kbd_nonzero=0
[bwm-fps] frames_since_last=259 elapsed_ms=1000 instantaneous_fps=259
[heartbeat] tid=12 uptime_ms=70352 kbd_nonzero=0
[PT_ROOT_CUSTODY:no_proof=13:no_arch=0:terminated=0:undecided=0:mid_retire=0:retired=4]
[TOMBSTONE_CENSUS:resident=1:removed=16:reap_second=15:retire_second=1:abandoned_unqueued=0]
[TTBR0_ASID_CENSUS:untagged=0:tagged=2225197:kernel=1086484:cleared=3306999]
[net-rx-counters] sample=6 begin
[net-rx-counters] sample=6 NET_RX_MSI_TOTAL: 8 (cpu0=8)
[net-rx-counters] sample=6 NET_RX_RING_DRAIN_TOTAL: 9 (cpu0=9)
[net-rx-counters] sample=6 NET_RX_FRAME_TOTAL: 9 (cpu0=9)
[net-rx-counters] sample=6 NET_RX_ARP_TOTAL: 2 (cpu0=2)
[net-rx-counters] sample=6 NET_RX_ETHERTYPE_OTHER_TOTAL: 0
[net-rx-counters] sample=6 NET_RX_SOFTIRQ_ENTRY_TOTAL: 18 (cpu0=11, cpu1=2, cpu2=2, cpu3=1, cpu5=2)
[net-rx-counters] sample=6 NET_RX_SOFTIRQ_EXIT_TOTAL: 18 (cpu0=11, cpu1=2, cpu2=2, cpu3=1, cpu5=2)
[net-rx-counters] sample=6 NET_RX_REENTRANT_SKIP_TOTAL: 1 (cpu1=1)
[net-rx-counters] sample=6 NET_RX_GUARD_RELEASE_TOTAL: 18 (cpu0=12, cpu1=1, cpu2=2, cpu3=1, cpu5=2)
[net-rx-counters] sample=6 NET_RX_REARM_CHECK_TOTAL: 18 (cpu0=12, cpu1=1, cpu2=2, cpu3=1, cpu5=2)
[net-rx-counters] sample=6 NET_RX_REARM_RACE_TOTAL: 0
[net-rx-counters] sample=6 NET_RX_REARM_ARMED_TOTAL: 18 (cpu0=12, cpu1=1, cpu2=2, cpu3=1, cpu5=2)
[net-rx-counters] sample=6 NET_PCI_IRQ_RAISED_NETRX: 8 (cpu0=8)
[net-rx-counters] sample=6 GIC_SPI55_ACK_TOTAL: 8 (cpu0=8)
[net-rx-counters] sample=6 GICV2M_BASE_PHYS: 0x2250000
[net-rx-counters] sample=6 GICV2M_DOORBELL_PHYS: 0x2250040
[net-rx-counters] sample=6 GICV2M_MSI_TYPER: 0x80350040
[net-rx-counters] sample=6 GICV2M_SPI_BASE: 53
[net-rx-counters] sample=6 GICV2M_SPI_COUNT: 64
[net-rx-counters] sample=6 GICV2M_NEXT_INDEX: 4
[net-rx-counters] sample=6 GIC_SPI54_IRQ: 54
[net-rx-counters] sample=6 GIC_SPI54_VERSION: 3
[net-rx-counters] sample=6 GIC_SPI54_ISENABLER_BIT: 0x400000
[net-rx-counters] sample=6 GIC_SPI54_ISPENDR_BIT: 0x0
[net-rx-counters] sample=6 GIC_SPI54_ISACTIVER_BIT: 0x0
[net-rx-counters] sample=6 GIC_SPI54_IGROUPR_BIT: 0x400000
[net-rx-counters] sample=6 GIC_SPI54_PRIORITY: 0xa0
[net-rx-counters] sample=6 GIC_SPI54_ICFGR_REG: 0x2a800
[net-rx-counters] sample=6 GIC_SPI54_IROUTER: 0x0
[net-rx-counters] sample=6 GIC_SPI54_ITARGETSR_BYTE: 0x0
[net-rx-counters] sample=6 GIC_SPI54_GICD_CTLR: 0x53
[net-rx-counters] sample=6 GIC_SPI55_IRQ: 55
[net-rx-counters] sample=6 GIC_SPI55_VERSION: 3
[net-rx-counters] sample=6 GIC_SPI55_ISENABLER_BIT: 0x800000
[net-rx-counters] sample=6 GIC_SPI55_ISPENDR_BIT: 0x0
[net-rx-counters] sample=6 GIC_SPI55_ISACTIVER_BIT: 0x0
[net-rx-counters] sample=6 GIC_SPI55_IGROUPR_BIT: 0x800000
[net-rx-counters] sample=6 GIC_SPI55_PRIORITY: 0xa0
[net-rx-counters] sample=6 GIC_SPI55_ICFGR_REG: 0x2a800
[net-rx-counters] sample=6 GIC_SPI55_IROUTER: 0x0
[net-rx-counters] sample=6 GIC_SPI55_ITARGETSR_BYTE: 0x0
[net-rx-counters] sample=6 GIC_SPI55_GICD_CTLR: 0x53
[net-rx-counters] sample=6 MANUAL_GICV2M_TEST_DONE: 1
[net-rx-counters] sample=6 MANUAL_GICV2M_TEST_IRQ: 55
[net-rx-counters] sample=6 MANUAL_GICV2M_TEST_DOORBELL: 0x2250040
[net-rx-counters] sample=6 MANUAL_GICV2M_TEST_BEFORE_PEND: 0x0
[net-rx-counters] sample=6 MANUAL_GICV2M_TEST_AFTER_WRITE_PEND: 0x800000
[net-rx-counters] sample=6 MANUAL_GICV2M_TEST_AFTER_WAIT_PEND: 0x0
[net-rx-counters] sample=6 MANUAL_GICV2M_TEST_ACK_BEFORE: 0
[net-rx-counters] sample=6 MANUAL_GICV2M_TEST_ACK_AFTER: 1
[net-rx-counters] sample=6 MANUAL_GICV2M_TEST_MSI_BEFORE: 0
[net-rx-counters] sample=6 MANUAL_GICV2M_TEST_MSI_AFTER: 1
[net-rx-counters] sample=6 NET_PCI_DEVICE_STATUS: 0xf
[net-rx-counters] sample=6 NET_PCI_ISR_STATUS: 0x0
[net-rx-counters] sample=6 NET_PCI_DEVICE_FEATURES: 0x6187bfa3
[net-rx-counters] sample=6 NET_PCI_GUEST_FEATURES: 0x10020
[net-rx-counters] sample=6 NET_PCI_RX_QUEUE_PFN: 0x4123b
[net-rx-counters] sample=6 NET_PCI_TX_QUEUE_PFN: 0x4123e
[net-rx-counters] sample=6 NET_PCI_RX_QUEUE_SIZE: 256
[net-rx-counters] sample=6 NET_PCI_TX_QUEUE_SIZE: 256
[net-rx-counters] sample=6 NET_PCI_RX_QUEUE_ALIGN: 4096
[net-rx-counters] sample=6 NET_PCI_RX_QUEUE_VECTOR: 0x0
[net-rx-counters] sample=6 NET_PCI_TX_QUEUE_VECTOR: 0xffff
[net-rx-counters] sample=6 NET_PCI_RX_AVAIL_FLAGS: 0x0
[net-rx-counters] sample=6 NET_PCI_RX_AVAIL_IDX: 36
[net-rx-counters] sample=6 NET_PCI_RX_USED_FLAGS: 0x1
[net-rx-counters] sample=6 NET_PCI_RX_USED_IDX: 9
[net-rx-counters] sample=6 NET_PCI_RX_LAST_USED_IDX: 9
[net-rx-counters] sample=6 NET_PCI_RX_POSTED_GAP: 27
[net-rx-counters] sample=6 NET_PCI_RX_DESC0: addr=0x4126aa00 len=1524 flags=0x2
[net-rx-counters] sample=6 NET_PCI_RX_DESC1: addr=0x4126b000 len=1524 flags=0x2
[net-rx-counters] sample=6 NET_PCI_RX_DESC2: addr=0x4126b600 len=1524 flags=0x2
[net-rx-counters] sample=6 NET_PCI_RX_DESC3: addr=0x4126bc00 len=1524 flags=0x2
[net-rx-counters] sample=6 NET_PCI_RX_RING_HEADS: 0,1,2,3
[net-rx-counters] sample=6 NET_RX_PROCESSING_HELD: 0
[net-rx-counters] sample=6 NET_RX_PENDING_WHILE_PROCESSING: 0
[net-rx-counters] sample=6 NET_PCI_RX_REARM_SAMPLE_SEQ: 18
[net-rx-counters] sample=6 NET_PCI_RX_REARM_SAMPLE0: used_idx=8 last_used_idx=8 avail_flags=0x0 raced=0
[net-rx-counters] sample=6 NET_PCI_RX_REARM_SAMPLE1: used_idx=9 last_used_idx=9 avail_flags=0x0 raced=0
[net-rx-counters] sample=6 NET_PCI_RX_REARM_SAMPLE2: used_idx=6 last_used_idx=6 avail_flags=0x0 raced=0
[net-rx-counters] sample=6 NET_PCI_RX_REARM_SAMPLE3: used_idx=7 last_used_idx=7 avail_flags=0x0 raced=0
[net-rx-counters] sample=6 NET_PCI_RX_SOFTIRQ_ENTRY_SAMPLE: used_idx=9 last_used_idx=8 avail_flags=0x1 raced=0
[net-rx-counters] sample=6 NET_PCI_RX_SOFTIRQ_EXIT_SAMPLE: used_idx=9 last_used_idx=9 avail_flags=0x0 raced=0
[net-rx-counters] sample=6 end
[bwm-fps] frames_since_last=237 elapsed_ms=1001 instantaneous_fps=236
[heartbeat] tid=12 uptime_ms=71371 kbd_nonzero=0
[bwm-fps] frames_since_last=253 elapsed_ms=1004 instantaneous_fps=251
[heartbeat] tid=12 uptime_ms=72372 kbd_nonzero=0
[bwm-fps] frames_since_last=257 elapsed_ms=1001 instantaneous_fps=256
[heartbeat] tid=12 uptime_ms=73372 kbd_nonzero=0
[bwm-fps] frames_since_last=243 elapsed_ms=1000 instantaneous_fps=243
[heartbeat] tid=12 uptime_ms=74373 kbd_nonzero=0
[bwm-fps] frames_since_last=248 elapsed_ms=1003 instantaneous_fps=247
[heartbeat] tid=12 uptime_ms=75373 kbd_nonzero=0
[bwm-fps] frames_since_last=250 elapsed_ms=1002 instantaneous_fps=249
[heartbeat] tid=12 uptime_ms=76374 kbd_nonzero=0
[bwm-fps] frames_since_last=254 elapsed_ms=1003 instantaneous_fps=253
[heartbeat] tid=12 uptime_ms=77375 kbd_nonzero=0
[bwm-fps] frames_since_last=252 elapsed_ms=1001 instantaneous_fps=251
[heartbeat] tid=12 uptime_ms=78376 kbd_nonzero=0
[bwm-fps] frames_since_last=254 elapsed_ms=1001 instantaneous_fps=253
[heartbeat] tid=12 uptime_ms=79376 kbd_nonzero=0
[bwm-fps] frames_since_last=258 elapsed_ms=1001 instantaneous_fps=257
[heartbeat] tid=12 uptime_ms=80376 kbd_nonzero=0
[PT_ROOT_CUSTODY:no_proof=13:no_arch=0:terminated=0:undecided=0:mid_retire=0:retired=4]
[TOMBSTONE_CENSUS:resident=1:removed=16:reap_second=15:retire_second=1:abandoned_unqueued=0]
[TTBR0_ASID_CENSUS:untagged=0:tagged=2251898:kernel=1098292:cleared=3340470]
[net-rx-counters] sample=7 begin
[net-rx-counters] sample=7 NET_RX_MSI_TOTAL: 8 (cpu0=8)
[net-rx-counters] sample=7 NET_RX_RING_DRAIN_TOTAL: 9 (cpu0=9)
[net-rx-counters] sample=7 NET_RX_FRAME_TOTAL: 9 (cpu0=9)
[net-rx-counters] sample=7 NET_RX_ARP_TOTAL: 2 (cpu0=2)
[net-rx-counters] sample=7 NET_RX_ETHERTYPE_OTHER_TOTAL: 0
[net-rx-counters] sample=7 NET_RX_SOFTIRQ_ENTRY_TOTAL: 18 (cpu0=11, cpu1=2, cpu2=2, cpu3=1, cpu5=2)
[net-rx-counters] sample=7 NET_RX_SOFTIRQ_EXIT_TOTAL: 18 (cpu0=11, cpu1=2, cpu2=2, cpu3=1, cpu5=2)
[net-rx-counters] sample=7 NET_RX_REENTRANT_SKIP_TOTAL: 1 (cpu1=1)
[net-rx-counters] sample=7 NET_RX_GUARD_RELEASE_TOTAL: 18 (cpu0=12, cpu1=1, cpu2=2, cpu3=1, cpu5=2)
[net-rx-counters] sample=7 NET_RX_REARM_CHECK_TOTAL: 18 (cpu0=12, cpu1=1, cpu2=2, cpu3=1, cpu5=2)
[net-rx-counters] sample=7 NET_RX_REARM_RACE_TOTAL: 0
[net-rx-counters] sample=7 NET_RX_REARM_ARMED_TOTAL: 18 (cpu0=12, cpu1=1, cpu2=2, cpu3=1, cpu5=2)
[net-rx-counters] sample=7 NET_PCI_IRQ_RAISED_NETRX: 8 (cpu0=8)
[net-rx-counters] sample=7 GIC_SPI55_ACK_TOTAL: 8 (cpu0=8)
[net-rx-counters] sample=7 GICV2M_BASE_PHYS: 0x2250000
[net-rx-counters] sample=7 GICV2M_DOORBELL_PHYS: 0x2250040
[net-rx-counters] sample=7 GICV2M_MSI_TYPER: 0x80350040
[net-rx-counters] sample=7 GICV2M_SPI_BASE: 53
[net-rx-counters] sample=7 GICV2M_SPI_COUNT: 64
[net-rx-counters] sample=7 GICV2M_NEXT_INDEX: 4
[net-rx-counters] sample=7 GIC_SPI54_IRQ: 54
[net-rx-counters] sample=7 GIC_SPI54_VERSION: 3
[net-rx-counters] sample=7 GIC_SPI54_ISENABLER_BIT: 0x400000
[net-rx-counters] sample=7 GIC_SPI54_ISPENDR_BIT: 0x0
[net-rx-counters] sample=7 GIC_SPI54_ISACTIVER_BIT: 0x0
[net-rx-counters] sample=7 GIC_SPI54_IGROUPR_BIT: 0x400000
[net-rx-counters] sample=7 GIC_SPI54_PRIORITY: 0xa0
[net-rx-counters] sample=7 GIC_SPI54_ICFGR_REG: 0x2a800
[net-rx-counters] sample=7 GIC_SPI54_IROUTER: 0x0
[net-rx-counters] sample=7 GIC_SPI54_ITARGETSR_BYTE: 0x0
[net-rx-counters] sample=7 GIC_SPI54_GICD_CTLR: 0x53
[net-rx-counters] sample=7 GIC_SPI55_IRQ: 55
[net-rx-counters] sample=7 GIC_SPI55_VERSION: 3
[net-rx-counters] sample=7 GIC_SPI55_ISENABLER_BIT: 0x800000
[net-rx-counters] sample=7 GIC_SPI55_ISPENDR_BIT: 0x0
[net-rx-counters] sample=7 GIC_SPI55_ISACTIVER_BIT: 0x0
[net-rx-counters] sample=7 GIC_SPI55_IGROUPR_BIT: 0x800000
[net-rx-counters] sample=7 GIC_SPI55_PRIORITY: 0xa0
[net-rx-counters] sample=7 GIC_SPI55_ICFGR_REG: 0x2a800
[net-rx-counters] sample=7 GIC_SPI55_IROUTER: 0x0
[net-rx-counters] sample=7 GIC_SPI55_ITARGETSR_BYTE: 0x0
[net-rx-counters] sample=7 GIC_SPI55_GICD_CTLR: 0x53
[net-rx-counters] sample=7 MANUAL_GICV2M_TEST_DONE: 1
[net-rx-counters] sample=7 MANUAL_GICV2M_TEST_IRQ: 55
[net-rx-counters] sample=7 MANUAL_GICV2M_TEST_DOORBELL: 0x2250040
[net-rx-counters] sample=7 MANUAL_GICV2M_TEST_BEFORE_PEND: 0x0
[net-rx-counters] sample=7 MANUAL_GICV2M_TEST_AFTER_WRITE_PEND: 0x800000
[net-rx-counters] sample=7 MANUAL_GICV2M_TEST_AFTER_WAIT_PEND: 0x0
[net-rx-counters] sample=7 MANUAL_GICV2M_TEST_ACK_BEFORE: 0
[net-rx-counters] sample=7 MANUAL_GICV2M_TEST_ACK_AFTER: 1
[net-rx-counters] sample=7 MANUAL_GICV2M_TEST_MSI_BEFORE: 0
[net-rx-counters] sample=7 MANUAL_GICV2M_TEST_MSI_AFTER: 1
[net-rx-counters] sample=7 NET_PCI_DEVICE_STATUS: 0xf
[net-rx-counters] sample=7 NET_PCI_ISR_STATUS: 0x0
[net-rx-counters] sample=7 NET_PCI_DEVICE_FEATURES: 0x6187bfa3
[net-rx-counters] sample=7 NET_PCI_GUEST_FEATURES: 0x10020
[net-rx-counters] sample=7 NET_PCI_RX_QUEUE_PFN: 0x4123b
[net-rx-counters] sample=7 NET_PCI_TX_QUEUE_PFN: 0x4123e
[net-rx-counters] sample=7 NET_PCI_RX_QUEUE_SIZE: 256
[net-rx-counters] sample=7 NET_PCI_TX_QUEUE_SIZE: 256
[net-rx-counters] sample=7 NET_PCI_RX_QUEUE_ALIGN: 4096
[net-rx-counters] sample=7 NET_PCI_RX_QUEUE_VECTOR: 0x0
[net-rx-counters] sample=7 NET_PCI_TX_QUEUE_VECTOR: 0xffff
[net-rx-counters] sample=7 NET_PCI_RX_AVAIL_FLAGS: 0x0
[net-rx-counters] sample=7 NET_PCI_RX_AVAIL_IDX: 36
[net-rx-counters] sample=7 NET_PCI_RX_USED_FLAGS: 0x1
[net-rx-counters] sample=7 NET_PCI_RX_USED_IDX: 9
[net-rx-counters] sample=7 NET_PCI_RX_LAST_USED_IDX: 9
[net-rx-counters] sample=7 NET_PCI_RX_POSTED_GAP: 27
[net-rx-counters] sample=7 NET_PCI_RX_DESC0: addr=0x4126aa00 len=1524 flags=0x2
[net-rx-counters] sample=7 NET_PCI_RX_DESC1: addr=0x4126b000 len=1524 flags=0x2
[net-rx-counters] sample=7 NET_PCI_RX_DESC2: addr=0x4126b600 len=1524 flags=0x2
[net-rx-counters] sample=7 NET_PCI_RX_DESC3: addr=0x4126bc00 len=1524 flags=0x2
[net-rx-counters] sample=7 NET_PCI_RX_RING_HEADS: 0,1,2,3
[net-rx-counters] sample=7 NET_RX_PROCESSING_HELD: 0
[net-rx-counters] sample=7 NET_RX_PENDING_WHILE_PROCESSING: 0
[net-rx-counters] sample=7 NET_PCI_RX_REARM_SAMPLE_SEQ: 18
[net-rx-counters] sample=7 NET_PCI_RX_REARM_SAMPLE0: used_idx=8 last_used_idx=8 avail_flags=0x0 raced=0
[net-rx-counters] sample=7 NET_PCI_RX_REARM_SAMPLE1: used_idx=9 last_used_idx=9 avail_flags=0x0 raced=0
[net-rx-counters] sample=7 NET_PCI_RX_REARM_SAMPLE2: used_idx=6 last_used_idx=6 avail_flags=0x0 raced=0
[net-rx-counters] sample=7 NET_PCI_RX_REARM_SAMPLE3: used_idx=7 last_used_idx=7 avail_flags=0x0 raced=0
[net-rx-counters] sample=7 NET_PCI_RX_SOFTIRQ_ENTRY_SAMPLE: used_idx=9 last_used_idx=8 avail_flags=0x1 raced=0
[net-rx-counters] sample=7 NET_PCI_RX_SOFTIRQ_EXIT_SAMPLE: used_idx=9 last_used_idx=9 avail_flags=0x0 raced=0
[net-rx-counters] sample=7 end
[bwm-fps] frames_since_last=250 elapsed_ms=1004 instantaneous_fps=249
[heartbeat] tid=12 uptime_ms=81396 kbd_nonzero=0
[bwm-fps] frames_since_last=250 elapsed_ms=1000 instantaneous_fps=250
[heartbeat] tid=12 uptime_ms=82397 kbd_nonzero=0
[bwm-fps] frames_since_last=260 elapsed_ms=1003 instantaneous_fps=259
[heartbeat] tid=12 uptime_ms=83398 kbd_nonzero=0
[bwm-fps] frames_since_last=242 elapsed_ms=1002 instantaneous_fps=241
[heartbeat] tid=12 uptime_ms=84398 kbd_nonzero=0
[bwm-fps] frames_since_last=245 elapsed_ms=1001 instantaneous_fps=244
[heartbeat] tid=12 uptime_ms=85399 kbd_nonzero=0
[bwm-fps] frames_since_last=238 elapsed_ms=1000 instantaneous_fps=238
[heartbeat] tid=12 uptime_ms=86399 kbd_nonzero=0
[bwm-fps] frames_since_last=254 elapsed_ms=1001 instantaneous_fps=253
[heartbeat] tid=12 uptime_ms=87399 kbd_nonzero=0
[bwm-fps] frames_since_last=251 elapsed_ms=1003 instantaneous_fps=250
[heartbeat] tid=12 uptime_ms=88400 kbd_nonzero=0
[bwm-fps] frames_since_last=246 elapsed_ms=1002 instantaneous_fps=245
[heartbeat] tid=12 uptime_ms=89401 kbd_nonzero=0
[bwm-fps] frames_since_last=236 elapsed_ms=1001 instantaneous_fps=235
[heartbeat] tid=12 uptime_ms=90401 kbd_nonzero=0
[PT_ROOT_CUSTODY:no_proof=13:no_arch=0:terminated=0:undecided=0:mid_retire=0:retired=4]
[TOMBSTONE_CENSUS:resident=1:removed=16:reap_second=15:retire_second=1:abandoned_unqueued=0]
[TTBR0_ASID_CENSUS:untagged=0:tagged=2278264:kernel=1110016:cleared=3373592]
[net-rx-counters] sample=8 begin
[net-rx-counters] sample=8 NET_RX_MSI_TOTAL: 9 (cpu0=9)
[net-rx-counters] sample=8 NET_RX_RING_DRAIN_TOTAL: 10 (cpu0=10)
[net-rx-counters] sample=8 NET_RX_FRAME_TOTAL: 10 (cpu0=10)
[net-rx-counters] sample=8 NET_RX_ARP_TOTAL: 2 (cpu0=2)
[net-rx-counters] sample=8 NET_RX_ETHERTYPE_OTHER_TOTAL: 0
[net-rx-counters] sample=8 NET_RX_SOFTIRQ_ENTRY_TOTAL: 19 (cpu0=12, cpu1=2, cpu2=2, cpu3=1, cpu5=2)
[net-rx-counters] sample=8 NET_RX_SOFTIRQ_EXIT_TOTAL: 19 (cpu0=12, cpu1=2, cpu2=2, cpu3=1, cpu5=2)
[net-rx-counters] sample=8 NET_RX_REENTRANT_SKIP_TOTAL: 1 (cpu1=1)
[net-rx-counters] sample=8 NET_RX_GUARD_RELEASE_TOTAL: 19 (cpu0=13, cpu1=1, cpu2=2, cpu3=1, cpu5=2)
[net-rx-counters] sample=8 NET_RX_REARM_CHECK_TOTAL: 19 (cpu0=13, cpu1=1, cpu2=2, cpu3=1, cpu5=2)
[net-rx-counters] sample=8 NET_RX_REARM_RACE_TOTAL: 0
[net-rx-counters] sample=8 NET_RX_REARM_ARMED_TOTAL: 19 (cpu0=13, cpu1=1, cpu2=2, cpu3=1, cpu5=2)
[net-rx-counters] sample=8 NET_PCI_IRQ_RAISED_NETRX: 9 (cpu0=9)
[net-rx-counters] sample=8 GIC_SPI55_ACK_TOTAL: 9 (cpu0=9)
[net-rx-counters] sample=8 GICV2M_BASE_PHYS: 0x2250000
[net-rx-counters] sample=8 GICV2M_DOORBELL_PHYS: 0x2250040
[net-rx-counters] sample=8 GICV2M_MSI_TYPER: 0x80350040
[net-rx-counters] sample=8 GICV2M_SPI_BASE: 53
[net-rx-counters] sample=8 GICV2M_SPI_COUNT: 64
[net-rx-counters] sample=8 GICV2M_NEXT_INDEX: 4
[net-rx-counters] sample=8 GIC_SPI54_IRQ: 54
[net-rx-counters] sample=8 GIC_SPI54_VERSION: 3
[net-rx-counters] sample=8 GIC_SPI54_ISENABLER_BIT: 0x400000
[net-rx-counters] sample=8 GIC_SPI54_ISPENDR_BIT: 0x0
[net-rx-counters] sample=8 GIC_SPI54_ISACTIVER_BIT: 0x0
[net-rx-counters] sample=8 GIC_SPI54_IGROUPR_BIT: 0x400000
[net-rx-counters] sample=8 GIC_SPI54_PRIORITY: 0xa0
[net-rx-counters] sample=8 GIC_SPI54_ICFGR_REG: 0x2a800
[net-rx-counters] sample=8 GIC_SPI54_IROUTER: 0x0
[net-rx-counters] sample=8 GIC_SPI54_ITARGETSR_BYTE: 0x0
[net-rx-counters] sample=8 GIC_SPI54_GICD_CTLR: 0x53
[net-rx-counters] sample=8 GIC_SPI55_IRQ: 55
[net-rx-counters] sample=8 GIC_SPI55_VERSION: 3
[net-rx-counters] sample=8 GIC_SPI55_ISENABLER_BIT: 0x800000
[net-rx-counters] sample=8 GIC_SPI55_ISPENDR_BIT: 0x0
[net-rx-counters] sample=8 GIC_SPI55_ISACTIVER_BIT: 0x0
[net-rx-counters] sample=8 GIC_SPI55_IGROUPR_BIT: 0x800000
[net-rx-counters] sample=8 GIC_SPI55_PRIORITY: 0xa0
[net-rx-counters] sample=8 GIC_SPI55_ICFGR_REG: 0x2a800
[net-rx-counters] sample=8 GIC_SPI55_IROUTER: 0x0
[net-rx-counters] sample=8 GIC_SPI55_ITARGETSR_BYTE: 0x0
[net-rx-counters] sample=8 GIC_SPI55_GICD_CTLR: 0x53
[net-rx-counters] sample=8 MANUAL_GICV2M_TEST_DONE: 1
[net-rx-counters] sample=8 MANUAL_GICV2M_TEST_IRQ: 55
[net-rx-counters] sample=8 MANUAL_GICV2M_TEST_DOORBELL: 0x2250040
[net-rx-counters] sample=8 MANUAL_GICV2M_TEST_BEFORE_PEND: 0x0
[net-rx-counters] sample=8 MANUAL_GICV2M_TEST_AFTER_WRITE_PEND: 0x800000
[net-rx-counters] sample=8 MANUAL_GICV2M_TEST_AFTER_WAIT_PEND: 0x0
[net-rx-counters] sample=8 MANUAL_GICV2M_TEST_ACK_BEFORE: 0
[net-rx-counters] sample=8 MANUAL_GICV2M_TEST_ACK_AFTER: 1
[net-rx-counters] sample=8 MANUAL_GICV2M_TEST_MSI_BEFORE: 0
[net-rx-counters] sample=8 MANUAL_GICV2M_TEST_MSI_AFTER: 1
[net-rx-counters] sample=8 NET_PCI_DEVICE_STATUS: 0xf
[net-rx-counters] sample=8 NET_PCI_ISR_STATUS: 0x0
[net-rx-counters] sample=8 NET_PCI_DEVICE_FEATURES: 0x6187bfa3
[net-rx-counters] sample=8 NET_PCI_GUEST_FEATURES: 0x10020
[net-rx-counters] sample=8 NET_PCI_RX_QUEUE_PFN: 0x4123b
[net-rx-counters] sample=8 NET_PCI_TX_QUEUE_PFN: 0x4123e
[net-rx-counters] sample=8 NET_PCI_RX_QUEUE_SIZE: 256
[net-rx-counters] sample=8 NET_PCI_TX_QUEUE_SIZE: 256
[net-rx-counters] sample=8 NET_PCI_RX_QUEUE_ALIGN: 4096
[net-rx-counters] sample=8 NET_PCI_RX_QUEUE_VECTOR: 0x0
[net-rx-counters] sample=8 NET_PCI_TX_QUEUE_VECTOR: 0xffff
[net-rx-counters] sample=8 NET_PCI_RX_AVAIL_FLAGS: 0x0
[net-rx-counters] sample=8 NET_PCI_RX_AVAIL_IDX: 40
[net-rx-counters] sample=8 NET_PCI_RX_USED_FLAGS: 0x1
[net-rx-counters] sample=8 NET_PCI_RX_USED_IDX: 10
[net-rx-counters] sample=8 NET_PCI_RX_LAST_USED_IDX: 10
[net-rx-counters] sample=8 NET_PCI_RX_POSTED_GAP: 30
[net-rx-counters] sample=8 NET_PCI_RX_DESC0: addr=0x4126aa00 len=1524 flags=0x2
[net-rx-counters] sample=8 NET_PCI_RX_DESC1: addr=0x4126b000 len=1524 flags=0x2
[net-rx-counters] sample=8 NET_PCI_RX_DESC2: addr=0x4126b600 len=1524 flags=0x2
[net-rx-counters] sample=8 NET_PCI_RX_DESC3: addr=0x4126bc00 len=1524 flags=0x2
[net-rx-counters] sample=8 NET_PCI_RX_RING_HEADS: 0,1,2,3
[net-rx-counters] sample=8 NET_RX_PROCESSING_HELD: 0
[net-rx-counters] sample=8 NET_RX_PENDING_WHILE_PROCESSING: 0
[net-rx-counters] sample=8 NET_PCI_RX_REARM_SAMPLE_SEQ: 19
[net-rx-counters] sample=8 NET_PCI_RX_REARM_SAMPLE0: used_idx=8 last_used_idx=8 avail_flags=0x0 raced=0
[net-rx-counters] sample=8 NET_PCI_RX_REARM_SAMPLE1: used_idx=9 last_used_idx=9 avail_flags=0x0 raced=0
[net-rx-counters] sample=8 NET_PCI_RX_REARM_SAMPLE2: used_idx=10 last_used_idx=10 avail_flags=0x0 raced=0
[net-rx-counters] sample=8 NET_PCI_RX_REARM_SAMPLE3: used_idx=7 last_used_idx=7 avail_flags=0x0 raced=0
[net-rx-counters] sample=8 NET_PCI_RX_SOFTIRQ_ENTRY_SAMPLE: used_idx=10 last_used_idx=9 avail_flags=0x1 raced=0
[net-rx-counters] sample=8 NET_PCI_RX_SOFTIRQ_EXIT_SAMPLE: used_idx=10 last_used_idx=10 avail_flags=0x0 raced=0
[net-rx-counters] sample=8 end
[bwm-fps] frames_since_last=260 elapsed_ms=1002 instantaneous_fps=259
[heartbeat] tid=12 uptime_ms=91422 kbd_nonzero=0
[bwm-fps] frames_since_last=240 elapsed_ms=1002 instantaneous_fps=239
[heartbeat] tid=12 uptime_ms=92422 kbd_nonzero=0
[bwm-fps] frames_since_last=252 elapsed_ms=1000 instantaneous_fps=252
[heartbeat] tid=12 uptime_ms=93423 kbd_nonzero=0
[bwm-fps] frames_since_last=257 elapsed_ms=1002 instantaneous_fps=256
[heartbeat] tid=12 uptime_ms=94423 kbd_nonzero=0
[bwm-fps] frames_since_last=264 elapsed_ms=1000 instantaneous_fps=264
[heartbeat] tid=12 uptime_ms=95424 kbd_nonzero=0
[bwm-fps] frames_since_last=245 elapsed_ms=1000 instantaneous_fps=245
[heartbeat] tid=12 uptime_ms=96425 kbd_nonzero=0
[bwm-fps] frames_since_last=254 elapsed_ms=1002 instantaneous_fps=253
[heartbeat] tid=12 uptime_ms=97426 kbd_nonzero=0
[bwm-fps] frames_since_last=248 elapsed_ms=1000 instantaneous_fps=248
[heartbeat] tid=12 uptime_ms=98426 kbd_nonzero=0
[bwm-fps] frames_since_last=243 elapsed_ms=1002 instantaneous_fps=242
[heartbeat] tid=12 uptime_ms=99427 kbd_nonzero=0
[bwm-fps] frames_since_last=257 elapsed_ms=1002 instantaneous_fps=256
[heartbeat] tid=12 uptime_ms=100428 kbd_nonzero=0
[PT_ROOT_CUSTODY:no_proof=13:no_arch=0:terminated=0:undecided=0:mid_retire=0:retired=4]
[TOMBSTONE_CENSUS:resident=1:removed=16:reap_second=15:retire_second=1:abandoned_unqueued=0]
[TTBR0_ASID_CENSUS:untagged=0:tagged=2304908:kernel=1121836:cleared=3407036]
[net-rx-counters] sample=9 begin
[net-rx-counters] sample=9 NET_RX_MSI_TOTAL: 11 (cpu0=11)
[net-rx-counters] sample=9 NET_RX_RING_DRAIN_TOTAL: 12 (cpu0=12)
[net-rx-counters] sample=9 NET_RX_FRAME_TOTAL: 12 (cpu0=12)
[net-rx-counters] sample=9 NET_RX_ARP_TOTAL: 2 (cpu0=2)
[net-rx-counters] sample=9 NET_RX_ETHERTYPE_OTHER_TOTAL: 1 (cpu0=1)
[net-rx-counters] sample=9 NET_RX_SOFTIRQ_ENTRY_TOTAL: 21 (cpu0=14, cpu1=2, cpu2=2, cpu3=1, cpu5=2)
[net-rx-counters] sample=9 NET_RX_SOFTIRQ_EXIT_TOTAL: 21 (cpu0=14, cpu1=2, cpu2=2, cpu3=1, cpu5=2)
[net-rx-counters] sample=9 NET_RX_REENTRANT_SKIP_TOTAL: 1 (cpu1=1)
[net-rx-counters] sample=9 NET_RX_GUARD_RELEASE_TOTAL: 21 (cpu0=15, cpu1=1, cpu2=2, cpu3=1, cpu5=2)
[net-rx-counters] sample=9 NET_RX_REARM_CHECK_TOTAL: 21 (cpu0=15, cpu1=1, cpu2=2, cpu3=1, cpu5=2)
[net-rx-counters] sample=9 NET_RX_REARM_RACE_TOTAL: 0
[net-rx-counters] sample=9 NET_RX_REARM_ARMED_TOTAL: 21 (cpu0=15, cpu1=1, cpu2=2, cpu3=1, cpu5=2)
[net-rx-counters] sample=9 NET_PCI_IRQ_RAISED_NETRX: 11 (cpu0=11)
[net-rx-counters] sample=9 GIC_SPI55_ACK_TOTAL: 11 (cpu0=11)
[net-rx-counters] sample=9 GICV2M_BASE_PHYS: 0x2250000
[net-rx-counters] sample=9 GICV2M_DOORBELL_PHYS: 0x2250040
[net-rx-counters] sample=9 GICV2M_MSI_TYPER: 0x80350040
[net-rx-counters] sample=9 GICV2M_SPI_BASE: 53
[net-rx-counters] sample=9 GICV2M_SPI_COUNT: 64
[net-rx-counters] sample=9 GICV2M_NEXT_INDEX: 4
[net-rx-counters] sample=9 GIC_SPI54_IRQ: 54
[net-rx-counters] sample=9 GIC_SPI54_VERSION: 3
[net-rx-counters] sample=9 GIC_SPI54_ISENABLER_BIT: 0x400000
[net-rx-counters] sample=9 GIC_SPI54_ISPENDR_BIT: 0x0
[net-rx-counters] sample=9 GIC_SPI54_ISACTIVER_BIT: 0x0
[net-rx-counters] sample=9 GIC_SPI54_IGROUPR_BIT: 0x400000
[net-rx-counters] sample=9 GIC_SPI54_PRIORITY: 0xa0
[net-rx-counters] sample=9 GIC_SPI54_ICFGR_REG: 0x2a800
[net-rx-counters] sample=9 GIC_SPI54_IROUTER: 0x0
[net-rx-counters] sample=9 GIC_SPI54_ITARGETSR_BYTE: 0x0
[net-rx-counters] sample=9 GIC_SPI54_GICD_CTLR: 0x53
[net-rx-counters] sample=9 GIC_SPI55_IRQ: 55
[net-rx-counters] sample=9 GIC_SPI55_VERSION: 3
[net-rx-counters] sample=9 GIC_SPI55_ISENABLER_BIT: 0x800000
[net-rx-counters] sample=9 GIC_SPI55_ISPENDR_BIT: 0x0
[net-rx-counters] sample=9 GIC_SPI55_ISACTIVER_BIT: 0x0
[net-rx-counters] sample=9 GIC_SPI55_IGROUPR_BIT: 0x800000
[net-rx-counters] sample=9 GIC_SPI55_PRIORITY: 0xa0
[net-rx-counters] sample=9 GIC_SPI55_ICFGR_REG: 0x2a800
[net-rx-counters] sample=9 GIC_SPI55_IROUTER: 0x0
[net-rx-counters] sample=9 GIC_SPI55_ITARGETSR_BYTE: 0x0
[net-rx-counters] sample=9 GIC_SPI55_GICD_CTLR: 0x53
[net-rx-counters] sample=9 MANUAL_GICV2M_TEST_DONE: 1
[net-rx-counters] sample=9 MANUAL_GICV2M_TEST_IRQ: 55
[net-rx-counters] sample=9 MANUAL_GICV2M_TEST_DOORBELL: 0x2250040
[net-rx-counters] sample=9 MANUAL_GICV2M_TEST_BEFORE_PEND: 0x0
[net-rx-counters] sample=9 MANUAL_GICV2M_TEST_AFTER_WRITE_PEND: 0x800000
[net-rx-counters] sample=9 MANUAL_GICV2M_TEST_AFTER_WAIT_PEND: 0x0
[net-rx-counters] sample=9 MANUAL_GICV2M_TEST_ACK_BEFORE: 0
[net-rx-counters] sample=9 MANUAL_GICV2M_TEST_ACK_AFTER: 1
[net-rx-counters] sample=9 MANUAL_GICV2M_TEST_MSI_BEFORE: 0
[net-rx-counters] sample=9 MANUAL_GICV2M_TEST_MSI_AFTER: 1
[net-rx-counters] sample=9 NET_PCI_DEVICE_STATUS: 0xf
[net-rx-counters] sample=9 NET_PCI_ISR_STATUS: 0x0
[net-rx-counters] sample=9 NET_PCI_DEVICE_FEATURES: 0x6187bfa3
[net-rx-counters] sample=9 NET_PCI_GUEST_FEATURES: 0x10020
[net-rx-counters] sample=9 NET_PCI_RX_QUEUE_PFN: 0x4123b
[net-rx-counters] sample=9 NET_PCI_TX_QUEUE_PFN: 0x4123e
[net-rx-counters] sample=9 NET_PCI_RX_QUEUE_SIZE: 256
[net-rx-counters] sample=9 NET_PCI_TX_QUEUE_SIZE: 256
[net-rx-counters] sample=9 NET_PCI_RX_QUEUE_ALIGN: 4096
[net-rx-counters] sample=9 NET_PCI_RX_QUEUE_VECTOR: 0x0
[net-rx-counters] sample=9 NET_PCI_TX_QUEUE_VECTOR: 0xffff
[net-rx-counters] sample=9 NET_PCI_RX_AVAIL_FLAGS: 0x0
[net-rx-counters] sample=9 NET_PCI_RX_AVAIL_IDX: 48
[net-rx-counters] sample=9 NET_PCI_RX_USED_FLAGS: 0x1
[net-rx-counters] sample=9 NET_PCI_RX_USED_IDX: 12
[net-rx-counters] sample=9 NET_PCI_RX_LAST_USED_IDX: 12
[net-rx-counters] sample=9 NET_PCI_RX_POSTED_GAP: 36
[net-rx-counters] sample=9 NET_PCI_RX_DESC0: addr=0x4126aa00 len=1524 flags=0x2
[net-rx-counters] sample=9 NET_PCI_RX_DESC1: addr=0x4126b000 len=1524 flags=0x2
[net-rx-counters] sample=9 NET_PCI_RX_DESC2: addr=0x4126b600 len=1524 flags=0x2
[net-rx-counters] sample=9 NET_PCI_RX_DESC3: addr=0x4126bc00 len=1524 flags=0x2
[net-rx-counters] sample=9 NET_PCI_RX_RING_HEADS: 0,1,2,3
[net-rx-counters] sample=9 NET_RX_PROCESSING_HELD: 0
[net-rx-counters] sample=9 NET_RX_PENDING_WHILE_PROCESSING: 0
[net-rx-counters] sample=9 NET_PCI_RX_REARM_SAMPLE_SEQ: 21
[net-rx-counters] sample=9 NET_PCI_RX_REARM_SAMPLE0: used_idx=12 last_used_idx=12 avail_flags=0x0 raced=0
[net-rx-counters] sample=9 NET_PCI_RX_REARM_SAMPLE1: used_idx=9 last_used_idx=9 avail_flags=0x0 raced=0
[net-rx-counters] sample=9 NET_PCI_RX_REARM_SAMPLE2: used_idx=10 last_used_idx=10 avail_flags=0x0 raced=0
[net-rx-counters] sample=9 NET_PCI_RX_REARM_SAMPLE3: used_idx=11 last_used_idx=11 avail_flags=0x0 raced=0
[net-rx-counters] sample=9 NET_PCI_RX_SOFTIRQ_ENTRY_SAMPLE: used_idx=12 last_used_idx=11 avail_flags=0x1 raced=0
[net-rx-counters] sample=9 NET_PCI_RX_SOFTIRQ_EXIT_SAMPLE: used_idx=12 last_used_idx=12 avail_flags=0x0 raced=0
[net-rx-counters] sample=9 end
[bwm-fps] frames_since_last=249 elapsed_ms=1003 instantaneous_fps=248
[heartbeat] tid=12 uptime_ms=101449 kbd_nonzero=0
[bwm-fps] frames_since_last=250 elapsed_ms=1000 instantaneous_fps=250
[heartbeat] tid=12 uptime_ms=102449 kbd_nonzero=0
[bwm-fps] frames_since_last=254 elapsed_ms=1001 instantaneous_fps=253
[heartbeat] tid=12 uptime_ms=103450 kbd_nonzero=0
[bwm-fps] frames_since_last=246 elapsed_ms=1001 instantaneous_fps=245
[heartbeat] tid=12 uptime_ms=104450 kbd_nonzero=0
[bwm-fps] frames_since_last=251 elapsed_ms=1001 instantaneous_fps=250
[heartbeat] tid=12 uptime_ms=105450 kbd_nonzero=0
[bwm-fps] frames_since_last=247 elapsed_ms=1001 instantaneous_fps=246
[heartbeat] tid=12 uptime_ms=106451 kbd_nonzero=0
[bwm-fps] frames_since_last=247 elapsed_ms=1002 instantaneous_fps=246
[heartbeat] tid=12 uptime_ms=107451 kbd_nonzero=0
[bwm-fps] frames_since_last=252 elapsed_ms=1002 instantaneous_fps=251
[heartbeat] tid=12 uptime_ms=108451 kbd_nonzero=0
[bwm-fps] frames_since_last=251 elapsed_ms=1000 instantaneous_fps=251
[heartbeat] tid=12 uptime_ms=109452 kbd_nonzero=0
[bwm-fps] frames_since_last=256 elapsed_ms=1000 instantaneous_fps=256
[heartbeat] tid=12 uptime_ms=110452 kbd_nonzero=0
[PT_ROOT_CUSTODY:no_proof=13:no_arch=0:terminated=0:undecided=0:mid_retire=0:retired=4]
[TOMBSTONE_CENSUS:resident=1:removed=16:reap_second=15:retire_second=1:abandoned_unqueued=0]
[TTBR0_ASID_CENSUS:untagged=0:tagged=2331583:kernel=1133632:cleared=3440477]
[net-rx-counters] sample=10 begin
[net-rx-counters] sample=10 NET_RX_MSI_TOTAL: 12 (cpu0=12)
[net-rx-counters] sample=10 NET_RX_RING_DRAIN_TOTAL: 13 (cpu0=13)
[net-rx-counters] sample=10 NET_RX_FRAME_TOTAL: 13 (cpu0=13)
[net-rx-counters] sample=10 NET_RX_ARP_TOTAL: 2 (cpu0=2)
[net-rx-counters] sample=10 NET_RX_ETHERTYPE_OTHER_TOTAL: 1 (cpu0=1)
[net-rx-counters] sample=10 NET_RX_SOFTIRQ_ENTRY_TOTAL: 22 (cpu0=15, cpu1=2, cpu2=2, cpu3=1, cpu5=2)
[net-rx-counters] sample=10 NET_RX_SOFTIRQ_EXIT_TOTAL: 22 (cpu0=15, cpu1=2, cpu2=2, cpu3=1, cpu5=2)
[net-rx-counters] sample=10 NET_RX_REENTRANT_SKIP_TOTAL: 1 (cpu1=1)
[net-rx-counters] sample=10 NET_RX_GUARD_RELEASE_TOTAL: 22 (cpu0=16, cpu1=1, cpu2=2, cpu3=1, cpu5=2)
[net-rx-counters] sample=10 NET_RX_REARM_CHECK_TOTAL: 22 (cpu0=16, cpu1=1, cpu2=2, cpu3=1, cpu5=2)
[net-rx-counters] sample=10 NET_RX_REARM_RACE_TOTAL: 0
[net-rx-counters] sample=10 NET_RX_REARM_ARMED_TOTAL: 22 (cpu0=16, cpu1=1, cpu2=2, cpu3=1, cpu5=2)
[net-rx-counters] sample=10 NET_PCI_IRQ_RAISED_NETRX: 12 (cpu0=12)
[net-rx-counters] sample=10 GIC_SPI55_ACK_TOTAL: 12 (cpu0=12)
[net-rx-counters] sample=10 GICV2M_BASE_PHYS: 0x2250000
[net-rx-counters] sample=10 GICV2M_DOORBELL_PHYS: 0x2250040
[net-rx-counters] sample=10 GICV2M_MSI_TYPER: 0x80350040
[net-rx-counters] sample=10 GICV2M_SPI_BASE: 53
[net-rx-counters] sample=10 GICV2M_SPI_COUNT: 64
[net-rx-counters] sample=10 GICV2M_NEXT_INDEX: 4
[net-rx-counters] sample=10 GIC_SPI54_IRQ: 54
[net-rx-counters] sample=10 GIC_SPI54_VERSION: 3
[net-rx-counters] sample=10 GIC_SPI54_ISENABLER_BIT: 0x400000
[net-rx-counters] sample=10 GIC_SPI54_ISPENDR_BIT: 0x0
[net-rx-counters] sample=10 GIC_SPI54_ISACTIVER_BIT: 0x0
[net-rx-counters] sample=10 GIC_SPI54_IGROUPR_BIT: 0x400000
[net-rx-counters] sample=10 GIC_SPI54_PRIORITY: 0xa0
[net-rx-counters] sample=10 GIC_SPI54_ICFGR_REG: 0x2a800
[net-rx-counters] sample=10 GIC_SPI54_IROUTER: 0x0
[net-rx-counters] sample=10 GIC_SPI54_ITARGETSR_BYTE: 0x0
[net-rx-counters] sample=10 GIC_SPI54_GICD_CTLR: 0x53
[net-rx-counters] sample=10 GIC_SPI55_IRQ: 55
[net-rx-counters] sample=10 GIC_SPI55_VERSION: 3
[net-rx-counters] sample=10 GIC_SPI55_ISENABLER_BIT: 0x800000
[net-rx-counters] sample=10 GIC_SPI55_ISPENDR_BIT: 0x0
[net-rx-counters] sample=10 GIC_SPI55_ISACTIVER_BIT: 0x0
[net-rx-counters] sample=10 GIC_SPI55_IGROUPR_BIT: 0x800000
[net-rx-counters] sample=10 GIC_SPI55_PRIORITY: 0xa0
[net-rx-counters] sample=10 GIC_SPI55_ICFGR_REG: 0x2a800
[net-rx-counters] sample=10 GIC_SPI55_IROUTER: 0x0
[net-rx-counters] sample=10 GIC_SPI55_ITARGETSR_BYTE: 0x0
[net-rx-counters] sample=10 GIC_SPI55_GICD_CTLR: 0x53
[net-rx-counters] sample=10 MANUAL_GICV2M_TEST_DONE: 1
[net-rx-counters] sample=10 MANUAL_GICV2M_TEST_IRQ: 55
[net-rx-counters] sample=10 MANUAL_GICV2M_TEST_DOORBELL: 0x2250040
[net-rx-counters] sample=10 MANUAL_GICV2M_TEST_BEFORE_PEND: 0x0
[net-rx-counters] sample=10 MANUAL_GICV2M_TEST_AFTER_WRITE_PEND: 0x800000
[net-rx-counters] sample=10 MANUAL_GICV2M_TEST_AFTER_WAIT_PEND: 0x0
[net-rx-counters] sample=10 MANUAL_GICV2M_TEST_ACK_BEFORE: 0
[net-rx-counters] sample=10 MANUAL_GICV2M_TEST_ACK_AFTER: 1
[net-rx-counters] sample=10 MANUAL_GICV2M_TEST_MSI_BEFORE: 0
[net-rx-counters] sample=10 MANUAL_GICV2M_TEST_MSI_AFTER: 1
[net-rx-counters] sample=10 NET_PCI_DEVICE_STATUS: 0xf
[net-rx-counters] sample=10 NET_PCI_ISR_STATUS: 0x0
[net-rx-counters] sample=10 NET_PCI_DEVICE_FEATURES: 0x6187bfa3
[net-rx-counters] sample=10 NET_PCI_GUEST_FEATURES: 0x10020
[net-rx-counters] sample=10 NET_PCI_RX_QUEUE_PFN: 0x4123b
[net-rx-counters] sample=10 NET_PCI_TX_QUEUE_PFN: 0x4123e
[net-rx-counters] sample=10 NET_PCI_RX_QUEUE_SIZE: 256
[net-rx-counters] sample=10 NET_PCI_TX_QUEUE_SIZE: 256
[net-rx-counters] sample=10 NET_PCI_RX_QUEUE_ALIGN: 4096
[net-rx-counters] sample=10 NET_PCI_RX_QUEUE_VECTOR: 0x0
[net-rx-counters] sample=10 NET_PCI_TX_QUEUE_VECTOR: 0xffff
[net-rx-counters] sample=10 NET_PCI_RX_AVAIL_FLAGS: 0x0
[net-rx-counters] sample=10 NET_PCI_RX_AVAIL_IDX: 52
[net-rx-counters] sample=10 NET_PCI_RX_USED_FLAGS: 0x1
[net-rx-counters] sample=10 NET_PCI_RX_USED_IDX: 13
[net-rx-counters] sample=10 NET_PCI_RX_LAST_USED_IDX: 13
[net-rx-counters] sample=10 NET_PCI_RX_POSTED_GAP: 39
[net-rx-counters] sample=10 NET_PCI_RX_DESC0: addr=0x4126aa00 len=1524 flags=0x2
[net-rx-counters] sample=10 NET_PCI_RX_DESC1: addr=0x4126b000 len=1524 flags=0x2
[net-rx-counters] sample=10 NET_PCI_RX_DESC2: addr=0x4126b600 len=1524 flags=0x2
[net-rx-counters] sample=10 NET_PCI_RX_DESC3: addr=0x4126bc00 len=1524 flags=0x2
[net-rx-counters] sample=10 NET_PCI_RX_RING_HEADS: 0,1,2,3
[net-rx-counters] sample=10 NET_RX_PROCESSING_HELD: 0
[net-rx-counters] sample=10 NET_RX_PENDING_WHILE_PROCESSING: 0
[net-rx-counters] sample=10 NET_PCI_RX_REARM_SAMPLE_SEQ: 22
[net-rx-counters] sample=10 NET_PCI_RX_REARM_SAMPLE0: used_idx=12 last_used_idx=12 avail_flags=0x0 raced=0
[net-rx-counters] sample=10 NET_PCI_RX_REARM_SAMPLE1: used_idx=13 last_used_idx=13 avail_flags=0x0 raced=0
[net-rx-counters] sample=10 NET_PCI_RX_REARM_SAMPLE2: used_idx=10 last_used_idx=10 avail_flags=0x0 raced=0
[net-rx-counters] sample=10 NET_PCI_RX_REARM_SAMPLE3: used_idx=11 last_used_idx=11 avail_flags=0x0 raced=0
[net-rx-counters] sample=10 NET_PCI_RX_SOFTIRQ_ENTRY_SAMPLE: used_idx=13 last_used_idx=12 avail_flags=0x1 raced=0
[net-rx-counters] sample=10 NET_PCI_RX_SOFTIRQ_EXIT_SAMPLE: used_idx=13 last_used_idx=13 avail_flags=0x0 raced=0
[net-rx-counters] sample=10 end
[bwm-fps] frames_since_last=255 elapsed_ms=1002 instantaneous_fps=254
[heartbeat] tid=12 uptime_ms=111473 kbd_nonzero=0
[bwm-fps] frames_since_last=256 elapsed_ms=1001 instantaneous_fps=255
[heartbeat] tid=12 uptime_ms=112474 kbd_nonzero=0
[bwm-fps] frames_since_last=253 elapsed_ms=1002 instantaneous_fps=252
[heartbeat] tid=12 uptime_ms=113474 kbd_nonzero=0
[bwm-fps] frames_since_last=258 elapsed_ms=1002 instantaneous_fps=257
[heartbeat] tid=12 uptime_ms=114475 kbd_nonzero=0
[bwm-fps] frames_since_last=258 elapsed_ms=1003 instantaneous_fps=257
[heartbeat] tid=12 uptime_ms=115476 kbd_nonzero=0
[bwm-fps] frames_since_last=252 elapsed_ms=1000 instantaneous_fps=252
[heartbeat] tid=12 uptime_ms=116477 kbd_nonzero=0
[bwm-fps] frames_since_last=257 elapsed_ms=1002 instantaneous_fps=256
[heartbeat] tid=12 uptime_ms=117477 kbd_nonzero=0
[bwm-fps] frames_since_last=256 elapsed_ms=1003 instantaneous_fps=255
[heartbeat] tid=12 uptime_ms=118478 kbd_nonzero=0
[bwm-fps] frames_since_last=253 elapsed_ms=1000 instantaneous_fps=253
[heartbeat] tid=12 uptime_ms=119479 kbd_nonzero=0
[bwm-fps] frames_since_last=251 elapsed_ms=1002 instantaneous_fps=250
[heartbeat] tid=12 uptime_ms=120480 kbd_nonzero=0
[bwm-fps] frames_since_last=253 elapsed_ms=1000 instantaneous_fps=253
[heartbeat] tid=12 uptime_ms=121481 kbd_nonzero=0
[bwm-fps] frames_since_last=248 elapsed_ms=1003 instantaneous_fps=247
[heartbeat] tid=12 uptime_ms=122482 kbd_nonzero=0
[bwm-fps] frames_since_last=239 elapsed_ms=1003 instantaneous_fps=238
[heartbeat] tid=12 uptime_ms=123482 kbd_nonzero=0
[bwm-fps] frames_since_last=247 elapsed_ms=1000 instantaneous_fps=247
[heartbeat] tid=12 uptime_ms=124482 kbd_nonzero=0
[bwm-fps] frames_since_last=244 elapsed_ms=1003 instantaneous_fps=243
[heartbeat] tid=12 uptime_ms=125483 kbd_nonzero=0
[bwm-fps] frames_since_last=256 elapsed_ms=1004 instantaneous_fps=254
[heartbeat] tid=12 uptime_ms=126484 kbd_nonzero=0
[bwm-fps] frames_since_last=243 elapsed_ms=1002 instantaneous_fps=242
[heartbeat] tid=12 uptime_ms=127485 kbd_nonzero=0
[bwm-fps] frames_since_last=254 elapsed_ms=1002 instantaneous_fps=253
[heartbeat] tid=12 uptime_ms=128485 kbd_nonzero=0
[bwm-fps] frames_since_last=257 elapsed_ms=1003 instantaneous_fps=256
[heartbeat] tid=12 uptime_ms=129486 kbd_nonzero=0
[bwm-fps] frames_since_last=252 elapsed_ms=1000 instantaneous_fps=252
[heartbeat] tid=12 uptime_ms=130487 kbd_nonzero=0
[bwm-fps] frames_since_last=249 elapsed_ms=1001 instantaneous_fps=248
[heartbeat] tid=12 uptime_ms=131487 kbd_nonzero=0
[bwm-fps] frames_since_last=248 elapsed_ms=1004 instantaneous_fps=247
[heartbeat] tid=12 uptime_ms=132488 kbd_nonzero=0
[bwm-fps] frames_since_last=256 elapsed_ms=1000 instantaneous_fps=256
[heartbeat] tid=12 uptime_ms=133490 kbd_nonzero=0
[bwm-fps] frames_since_last=252 elapsed_ms=1002 instantaneous_fps=251
[heartbeat] tid=12 uptime_ms=134490 kbd_nonzero=0
[bwm-fps] frames_since_last=253 elapsed_ms=1002 instantaneous_fps=252
[heartbeat] tid=12 uptime_ms=135490 kbd_nonzero=0
[bwm-fps] frames_since_last=251 elapsed_ms=1002 instantaneous_fps=250
[heartbeat] tid=12 uptime_ms=136491 kbd_nonzero=0
[bwm-fps] frames_since_last=248 elapsed_ms=1002 instantaneous_fps=247
[heartbeat] tid=12 uptime_ms=137492 kbd_nonzero=0
[bwm-fps] frames_since_last=253 elapsed_ms=1004 instantaneous_fps=251
[heartbeat] tid=12 uptime_ms=138493 kbd_nonzero=0
[bwm-fps] frames_since_last=253 elapsed_ms=1001 instantaneous_fps=252
[heartbeat] tid=12 uptime_ms=139494 kbd_nonzero=0
[bwm-fps] frames_since_last=242 elapsed_ms=1000 instantaneous_fps=242
[heartbeat] tid=12 uptime_ms=140495 kbd_nonzero=0
[bwm-fps] frames_since_last=247 elapsed_ms=1003 instantaneous_fps=246
[heartbeat] tid=12 uptime_ms=141495 kbd_nonzero=0
[bwm-fps] frames_since_last=254 elapsed_ms=1002 instantaneous_fps=253
[heartbeat] tid=12 uptime_ms=142496 kbd_nonzero=0
[bwm-fps] frames_since_last=250 elapsed_ms=1000 instantaneous_fps=250
[heartbeat] tid=12 uptime_ms=143497 kbd_nonzero=0
[bwm-fps] frames_since_last=252 elapsed_ms=1001 instantaneous_fps=251
[heartbeat] tid=12 uptime_ms=144497 kbd_nonzero=0
[bwm-fps] frames_since_last=258 elapsed_ms=1001 instantaneous_fps=257
[heartbeat] tid=12 uptime_ms=145498 kbd_nonzero=0
[bwm-fps] frames_since_last=240 elapsed_ms=1000 instantaneous_fps=240
[heartbeat] tid=12 uptime_ms=146498 kbd_nonzero=0
[bwm-fps] frames_since_last=252 elapsed_ms=1002 instantaneous_fps=251
[heartbeat] tid=12 uptime_ms=147499 kbd_nonzero=0
[bwm-fps] frames_since_last=248 elapsed_ms=1000 instantaneous_fps=248
[heartbeat] tid=12 uptime_ms=148500 kbd_nonzero=0
[bwm-fps] frames_since_last=259 elapsed_ms=1002 instantaneous_fps=258
[heartbeat] tid=12 uptime_ms=149501 kbd_nonzero=0
[bwm-fps] frames_since_last=233 elapsed_ms=1002 instantaneous_fps=232
[heartbeat] tid=12 uptime_ms=150502 kbd_nonzero=0
[bwm-fps] frames_since_last=240 elapsed_ms=1000 instantaneous_fps=240
[heartbeat] tid=12 uptime_ms=151504 kbd_nonzero=0
[bwm-fps] frames_since_last=234 elapsed_ms=1002 instantaneous_fps=233
[heartbeat] tid=12 uptime_ms=152504 kbd_nonzero=0
[bwm-fps] frames_since_last=222 elapsed_ms=1001 instantaneous_fps=221
[heartbeat] tid=12 uptime_ms=153505 kbd_nonzero=0
[bwm-fps] frames_since_last=254 elapsed_ms=1000 instantaneous_fps=254
[heartbeat] tid=12 uptime_ms=154506 kbd_nonzero=0
[bwm-fps] frames_since_last=257 elapsed_ms=1000 instantaneous_fps=257
[heartbeat] tid=12 uptime_ms=155506 kbd_nonzero=0
[bwm-fps] frames_since_last=239 elapsed_ms=1003 instantaneous_fps=238
[heartbeat] tid=12 uptime_ms=156507 kbd_nonzero=0
[bwm-fps] frames_since_last=253 elapsed_ms=1000 instantaneous_fps=253
[heartbeat] tid=12 uptime_ms=157508 kbd_nonzero=0
[bwm-fps] frames_since_last=254 elapsed_ms=1001 instantaneous_fps=253
[heartbeat] tid=12 uptime_ms=158508 kbd_nonzero=0
[bwm-fps] frames_since_last=237 elapsed_ms=1003 instantaneous_fps=236
[heartbeat] tid=12 uptime_ms=159509 kbd_nonzero=0
[bwm-fps] frames_since_last=250 elapsed_ms=1001 instantaneous_fps=249
[heartbeat] tid=12 uptime_ms=160510 kbd_nonzero=0
[bwm-fps] frames_since_last=242 elapsed_ms=1000 instantaneous_fps=242
[heartbeat] tid=12 uptime_ms=161511 kbd_nonzero=0
[bwm-fps] frames_since_last=243 elapsed_ms=1001 instantaneous_fps=242
[heartbeat] tid=12 uptime_ms=162512 kbd_nonzero=0
[bwm-fps] frames_since_last=231 elapsed_ms=1001 instantaneous_fps=230
[heartbeat] tid=12 uptime_ms=163513 kbd_nonzero=0
[bwm-fps] frames_since_last=217 elapsed_ms=1000 instantaneous_fps=217
[heartbeat] tid=12 uptime_ms=164514 kbd_nonzero=0
[bwm-fps] frames_since_last=252 elapsed_ms=1001 instantaneous_fps=251
[heartbeat] tid=12 uptime_ms=165514 kbd_nonzero=0
[bwm-fps] frames_since_last=247 elapsed_ms=1004 instantaneous_fps=246
[heartbeat] tid=12 uptime_ms=166515 kbd_nonzero=0
[bwm-fps] frames_since_last=239 elapsed_ms=1002 instantaneous_fps=238
[heartbeat] tid=12 uptime_ms=167515 kbd_nonzero=0
[bwm-fps] frames_since_last=257 elapsed_ms=1001 instantaneous_fps=256
[heartbeat] tid=12 uptime_ms=168516 kbd_nonzero=0
[bwm-fps] frames_since_last=254 elapsed_ms=1004 instantaneous_fps=252
[heartbeat] tid=12 uptime_ms=169517 kbd_nonzero=0
[bwm-fps] frames_since_last=260 elapsed_ms=1000 instantaneous_fps=260
[heartbeat] tid=12 uptime_ms=170517 kbd_nonzero=0
[bwm-fps] frames_since_last=253 elapsed_ms=1002 instantaneous_fps=252
[heartbeat] tid=12 uptime_ms=171517 kbd_nonzero=0
[bwm-fps] frames_since_last=258 elapsed_ms=1001 instantaneous_fps=257
[heartbeat] tid=12 uptime_ms=172518 kbd_nonzero=0
[bwm-fps] frames_since_last=248 elapsed_ms=1002 instantaneous_fps=247
[heartbeat] tid=12 uptime_ms=173519 kbd_nonzero=0
[bwm-fps] frames_since_last=247 elapsed_ms=1003 instantaneous_fps=246
[heartbeat] tid=12 uptime_ms=174519 kbd_nonzero=0
[bwm-fps] frames_since_last=248 elapsed_ms=1000 instantaneous_fps=248
[heartbeat] tid=12 uptime_ms=175519 kbd_nonzero=0
[bwm-fps] frames_since_last=236 elapsed_ms=1000 instantaneous_fps=236
[heartbeat] tid=12 uptime_ms=176520 kbd_nonzero=0
[bwm-fps] frames_since_last=254 elapsed_ms=1003 instantaneous_fps=253
[heartbeat] tid=12 uptime_ms=177521 kbd_nonzero=0
[bwm-fps] frames_since_last=249 elapsed_ms=1003 instantaneous_fps=248
[heartbeat] tid=12 uptime_ms=178522 kbd_nonzero=0
[bwm-fps] frames_since_last=247 elapsed_ms=1001 instantaneous_fps=246
[heartbeat] tid=12 uptime_ms=179523 kbd_nonzero=0
[bwm-fps] frames_since_last=246 elapsed_ms=1000 instantaneous_fps=246
[heartbeat] tid=12 uptime_ms=180523 kbd_nonzero=0
[bwm-fps] frames_since_last=247 elapsed_ms=1001 instantaneous_fps=246
[heartbeat] tid=12 uptime_ms=181523 kbd_nonzero=0
[bwm-fps] frames_since_last=242 elapsed_ms=1000 instantaneous_fps=242
[heartbeat] tid=12 uptime_ms=182524 kbd_nonzero=0
[bwm-fps] frames_since_last=253 elapsed_ms=1000 instantaneous_fps=253
[heartbeat] tid=12 uptime_ms=183525 kbd_nonzero=0
[bwm-fps] frames_since_last=255 elapsed_ms=1002 instantaneous_fps=254
[heartbeat] tid=12 uptime_ms=184526 kbd_nonzero=0
[bwm-fps] frames_since_last=241 elapsed_ms=1003 instantaneous_fps=240
[heartbeat] tid=12 uptime_ms=185526 kbd_nonzero=0
[bwm-fps] frames_since_last=253 elapsed_ms=1005 instantaneous_fps=251
[heartbeat] tid=12 uptime_ms=186527 kbd_nonzero=0
[bwm-fps] frames_since_last=238 elapsed_ms=1000 instantaneous_fps=238
[heartbeat] tid=12 uptime_ms=187528 kbd_nonzero=0
[bwm-fps] frames_since_last=248 elapsed_ms=1000 instantaneous_fps=248
[heartbeat] tid=12 uptime_ms=188529 kbd_nonzero=0
[bwm-fps] frames_since_last=232 elapsed_ms=1002 instantaneous_fps=231
[heartbeat] tid=12 uptime_ms=189529 kbd_nonzero=0
[bwm-fps] frames_since_last=247 elapsed_ms=1002 instantaneous_fps=246
[heartbeat] tid=12 uptime_ms=190530 kbd_nonzero=0
[bwm-fps] frames_since_last=243 elapsed_ms=1001 instantaneous_fps=242
[heartbeat] tid=12 uptime_ms=191531 kbd_nonzero=0
[bwm-fps] frames_since_last=254 elapsed_ms=1002 instantaneous_fps=253
[heartbeat] tid=12 uptime_ms=192531 kbd_nonzero=0
[bwm-fps] frames_since_last=247 elapsed_ms=1000 instantaneous_fps=247
[heartbeat] tid=12 uptime_ms=193532 kbd_nonzero=0
[bwm-fps] frames_since_last=249 elapsed_ms=1000 instantaneous_fps=249
[heartbeat] tid=12 uptime_ms=194533 kbd_nonzero=0
[bwm-fps] frames_since_last=249 elapsed_ms=1002 instantaneous_fps=248
[heartbeat] tid=12 uptime_ms=195534 kbd_nonzero=0
[bwm-fps] frames_since_last=245 elapsed_ms=1002 instantaneous_fps=244
[heartbeat] tid=12 uptime_ms=196535 kbd_nonzero=0
[bwm-fps] frames_since_last=246 elapsed_ms=1002 instantaneous_fps=245
[heartbeat] tid=12 uptime_ms=197535 kbd_nonzero=0
[bwm-fps] frames_since_last=255 elapsed_ms=1001 instantaneous_fps=254
[heartbeat] tid=12 uptime_ms=198536 kbd_nonzero=0
[bwm-fps] frames_since_last=222 elapsed_ms=1002 instantaneous_fps=221
[heartbeat] tid=12 uptime_ms=199536 kbd_nonzero=0
[bwm-fps] frames_since_last=245 elapsed_ms=1003 instantaneous_fps=244
[heartbeat] tid=12 uptime_ms=200537 kbd_nonzero=0
[bwm-fps] frames_since_last=244 elapsed_ms=1002 instantaneous_fps=243
[heartbeat] tid=12 uptime_ms=201538 kbd_nonzero=0
[bwm-fps] frames_since_last=244 elapsed_ms=1001 instantaneous_fps=243
[heartbeat] tid=12 uptime_ms=202538 kbd_nonzero=0
[bwm-fps] frames_since_last=243 elapsed_ms=1002 instantaneous_fps=242
[heartbeat] tid=12 uptime_ms=203540 kbd_nonzero=0
[bwm-fps] frames_since_last=256 elapsed_ms=1000 instantaneous_fps=256
[heartbeat] tid=12 uptime_ms=204540 kbd_nonzero=0
[bwm-fps] frames_since_last=255 elapsed_ms=1002 instantaneous_fps=254
[heartbeat] tid=12 uptime_ms=205541 kbd_nonzero=0
[bwm-fps] frames_since_last=245 elapsed_ms=1000 instantaneous_fps=245
[heartbeat] tid=12 uptime_ms=206541 kbd_nonzero=0
[bwm-fps] frames_since_last=253 elapsed_ms=1002 instantaneous_fps=252
[heartbeat] tid=12 uptime_ms=207543 kbd_nonzero=0
[bwm-fps] frames_since_last=260 elapsed_ms=1004 instantaneous_fps=258
[heartbeat] tid=12 uptime_ms=208543 kbd_nonzero=0
[bwm-fps] frames_since_last=251 elapsed_ms=1002 instantaneous_fps=250
[heartbeat] tid=12 uptime_ms=209544 kbd_nonzero=0
[bwm-fps] frames_since_last=233 elapsed_ms=1002 instantaneous_fps=232
[heartbeat] tid=12 uptime_ms=210544 kbd_nonzero=0
[bwm-fps] frames_since_last=241 elapsed_ms=1000 instantaneous_fps=241
[heartbeat] tid=12 uptime_ms=211545 kbd_nonzero=0
[bwm-fps] frames_since_last=251 elapsed_ms=1002 instantaneous_fps=250
[heartbeat] tid=12 uptime_ms=212547 kbd_nonzero=0
[bwm-fps] frames_since_last=250 elapsed_ms=1003 instantaneous_fps=249
[heartbeat] tid=12 uptime_ms=213547 kbd_nonzero=0
[bwm-fps] frames_since_last=249 elapsed_ms=1003 instantaneous_fps=248
[heartbeat] tid=12 uptime_ms=214548 kbd_nonzero=0
[bwm-fps] frames_since_last=247 elapsed_ms=1000 instantaneous_fps=247
[heartbeat] tid=12 uptime_ms=215549 kbd_nonzero=0
[bwm-fps] frames_since_last=250 elapsed_ms=1000 instantaneous_fps=250
[heartbeat] tid=12 uptime_ms=216549 kbd_nonzero=0
[bwm-fps] frames_since_last=252 elapsed_ms=1000 instantaneous_fps=252
[heartbeat] tid=12 uptime_ms=217550 kbd_nonzero=0
[bwm-fps] frames_since_last=249 elapsed_ms=1001 instantaneous_fps=248
[heartbeat] tid=12 uptime_ms=218550 kbd_nonzero=0
[bwm-fps] frames_since_last=252 elapsed_ms=1002 instantaneous_fps=251
[heartbeat] tid=12 uptime_ms=219551 kbd_nonzero=0
[bwm-fps] frames_since_last=245 elapsed_ms=1002 instantaneous_fps=244
[heartbeat] tid=12 uptime_ms=220552 kbd_nonzero=0
[bwm-fps] frames_since_last=245 elapsed_ms=1001 instantaneous_fps=244
[heartbeat] tid=12 uptime_ms=221552 kbd_nonzero=0
[bwm-fps] frames_since_last=251 elapsed_ms=1004 instantaneous_fps=250
[heartbeat] tid=12 uptime_ms=222553 kbd_nonzero=0
[bwm-fps] frames_since_last=249 elapsed_ms=1001 instantaneous_fps=248
[heartbeat] tid=12 uptime_ms=223553 kbd_nonzero=0
[bwm-fps] frames_since_last=244 elapsed_ms=1002 instantaneous_fps=243
[heartbeat] tid=12 uptime_ms=224554 kbd_nonzero=0
[bwm-fps] frames_since_last=257 elapsed_ms=1001 instantaneous_fps=256
[heartbeat] tid=12 uptime_ms=225555 kbd_nonzero=0
[bwm-fps] frames_since_last=241 elapsed_ms=1003 instantaneous_fps=240
[heartbeat] tid=12 uptime_ms=226555 kbd_nonzero=0
[bwm-fps] frames_since_last=243 elapsed_ms=1001 instantaneous_fps=242
[heartbeat] tid=12 uptime_ms=227556 kbd_nonzero=0
[bwm-fps] frames_since_last=248 elapsed_ms=1001 instantaneous_fps=247
[heartbeat] tid=12 uptime_ms=228557 kbd_nonzero=0
[bwm-fps] frames_since_last=245 elapsed_ms=1002 instantaneous_fps=244
[heartbeat] tid=12 uptime_ms=229557 kbd_nonzero=0
[bwm-fps] frames_since_last=246 elapsed_ms=1002 instantaneous_fps=245
[heartbeat] tid=12 uptime_ms=230558 kbd_nonzero=0
[bwm-fps] frames_since_last=253 elapsed_ms=1000 instantaneous_fps=253
[heartbeat] tid=12 uptime_ms=231558 kbd_nonzero=0
[bwm-fps] frames_since_last=259 elapsed_ms=1003 instantaneous_fps=258
[heartbeat] tid=12 uptime_ms=232559 kbd_nonzero=0
[bwm-fps] frames_since_last=231 elapsed_ms=1000 instantaneous_fps=231
[heartbeat] tid=12 uptime_ms=233560 kbd_nonzero=0
[bwm-fps] frames_since_last=251 elapsed_ms=1001 instantaneous_fps=250
[heartbeat] tid=12 uptime_ms=234560 kbd_nonzero=0
[bwm-fps] frames_since_last=243 elapsed_ms=1002 instantaneous_fps=242
[heartbeat] tid=12 uptime_ms=235561 kbd_nonzero=0
[bwm-fps] frames_since_last=253 elapsed_ms=1000 instantaneous_fps=253
[heartbeat] tid=12 uptime_ms=236561 kbd_nonzero=0
[bwm-fps] frames_since_last=254 elapsed_ms=1002 instantaneous_fps=253
[heartbeat] tid=12 uptime_ms=237562 kbd_nonzero=0
[bwm-fps] frames_since_last=256 elapsed_ms=1001 instantaneous_fps=255
[heartbeat] tid=12 uptime_ms=238563 kbd_nonzero=0
[bwm-fps] frames_since_last=244 elapsed_ms=1001 instantaneous_fps=243
[heartbeat] tid=12 uptime_ms=239563 kbd_nonzero=0
[bwm-fps] frames_since_last=247 elapsed_ms=1000 instantaneous_fps=247
[heartbeat] tid=12 uptime_ms=240563 kbd_nonzero=0
[bwm-fps] frames_since_last=244 elapsed_ms=1002 instantaneous_fps=243
[heartbeat] tid=12 uptime_ms=241564 kbd_nonzero=0
[bwm-fps] frames_since_last=228 elapsed_ms=1002 instantaneous_fps=227
[heartbeat] tid=12 uptime_ms=242565 kbd_nonzero=0
[bwm-fps] frames_since_last=251 elapsed_ms=1002 instantaneous_fps=250
[heartbeat] tid=12 uptime_ms=243565 kbd_nonzero=0
[bwm-fps] frames_since_last=249 elapsed_ms=1005 instantaneous_fps=247
[heartbeat] tid=12 uptime_ms=244566 kbd_nonzero=0
[bwm-fps] frames_since_last=251 elapsed_ms=1001 instantaneous_fps=250
[heartbeat] tid=12 uptime_ms=245567 kbd_nonzero=0
[bwm-fps] frames_since_last=241 elapsed_ms=1002 instantaneous_fps=240
[heartbeat] tid=12 uptime_ms=246567 kbd_nonzero=0
[bwm-fps] frames_since_last=254 elapsed_ms=1001 instantaneous_fps=253
[heartbeat] tid=12 uptime_ms=247567 kbd_nonzero=0
[bwm-fps] frames_since_last=236 elapsed_ms=1000 instantaneous_fps=236
[heartbeat] tid=12 uptime_ms=248568 kbd_nonzero=0
[bwm-fps] frames_since_last=249 elapsed_ms=1002 instantaneous_fps=248
[heartbeat] tid=12 uptime_ms=249568 kbd_nonzero=0
[bwm-fps] frames_since_last=248 elapsed_ms=1003 instantaneous_fps=247
[heartbeat] tid=12 uptime_ms=250569 kbd_nonzero=0
[bwm-fps] frames_since_last=237 elapsed_ms=1003 instantaneous_fps=236
[heartbeat] tid=12 uptime_ms=251570 kbd_nonzero=0
[bwm-fps] frames_since_last=260 elapsed_ms=1002 instantaneous_fps=259
[heartbeat] tid=12 uptime_ms=252571 kbd_nonzero=0
[bwm-fps] frames_since_last=252 elapsed_ms=1002 instantaneous_fps=251
[heartbeat] tid=12 uptime_ms=253572 kbd_nonzero=0
[bwm-fps] frames_since_last=248 elapsed_ms=1002 instantaneous_fps=247
[heartbeat] tid=12 uptime_ms=254573 kbd_nonzero=0
[bwm-fps] frames_since_last=258 elapsed_ms=1002 instantaneous_fps=257
[heartbeat] tid=12 uptime_ms=255574 kbd_nonzero=0
[bwm-fps] frames_since_last=247 elapsed_ms=1001 instantaneous_fps=246
[heartbeat] tid=12 uptime_ms=256575 kbd_nonzero=0
[bwm-fps] frames_since_last=225 elapsed_ms=1003 instantaneous_fps=224
[heartbeat] tid=12 uptime_ms=257576 kbd_nonzero=0
[bwm-fps] frames_since_last=174 elapsed_ms=1004 instantaneous_fps=173
[heartbeat] tid=12 uptime_ms=258577 kbd_nonzero=0
[bwm-fps] frames_since_last=210 elapsed_ms=1003 instantaneous_fps=209
[heartbeat] tid=12 uptime_ms=259578 kbd_nonzero=0
[bwm-fps] frames_since_last=218 elapsed_ms=1002 instantaneous_fps=217
[heartbeat] tid=12 uptime_ms=260579 kbd_nonzero=0
[bwm-fps] frames_since_last=219 elapsed_ms=1000 instantaneous_fps=219
[heartbeat] tid=12 uptime_ms=261579 kbd_nonzero=0
[bwm-fps] frames_since_last=233 elapsed_ms=1001 instantaneous_fps=232
[heartbeat] tid=12 uptime_ms=262580 kbd_nonzero=0
[bwm-fps] frames_since_last=215 elapsed_ms=1003 instantaneous_fps=214
[heartbeat] tid=12 uptime_ms=263580 kbd_nonzero=0
[bwm-fps] frames_since_last=230 elapsed_ms=1002 instantaneous_fps=229
[heartbeat] tid=12 uptime_ms=264581 kbd_nonzero=0
[bwm-fps] frames_since_last=231 elapsed_ms=1002 instantaneous_fps=230
[heartbeat] tid=12 uptime_ms=265582 kbd_nonzero=0
[bwm-fps] frames_since_last=226 elapsed_ms=1000 instantaneous_fps=226
[heartbeat] tid=12 uptime_ms=266583 kbd_nonzero=0
[bwm-fps] frames_since_last=230 elapsed_ms=1003 instantaneous_fps=229
[heartbeat] tid=12 uptime_ms=267583 kbd_nonzero=0
[bwm-fps] frames_since_last=220 elapsed_ms=1003 instantaneous_fps=219
[heartbeat] tid=12 uptime_ms=268583 kbd_nonzero=0
[bwm-fps] frames_since_last=218 elapsed_ms=1001 instantaneous_fps=217
[heartbeat] tid=12 uptime_ms=269584 kbd_nonzero=0
[bwm-fps] frames_since_last=207 elapsed_ms=1001 instantaneous_fps=206
[heartbeat] tid=12 uptime_ms=270585 kbd_nonzero=0
[bwm-fps] frames_since_last=223 elapsed_ms=1003 instantaneous_fps=222
[heartbeat] tid=12 uptime_ms=271585 kbd_nonzero=0
[bwm-fps] frames_since_last=223 elapsed_ms=1002 instantaneous_fps=222
[heartbeat] tid=12 uptime_ms=272586 kbd_nonzero=0
[bwm-fps] frames_since_last=234 elapsed_ms=1003 instantaneous_fps=233
[heartbeat] tid=12 uptime_ms=273587 kbd_nonzero=0
[bwm-fps] frames_since_last=241 elapsed_ms=1001 instantaneous_fps=240
[heartbeat] tid=12 uptime_ms=274587 kbd_nonzero=0
[bwm-fps] frames_since_last=238 elapsed_ms=1001 instantaneous_fps=237
[heartbeat] tid=12 uptime_ms=275588 kbd_nonzero=0
[bwm-fps] frames_since_last=249 elapsed_ms=1001 instantaneous_fps=248
[heartbeat] tid=12 uptime_ms=276588 kbd_nonzero=0
[bwm-fps] frames_since_last=252 elapsed_ms=1000 instantaneous_fps=252
[heartbeat] tid=12 uptime_ms=277589 kbd_nonzero=0
[bwm-fps] frames_since_last=248 elapsed_ms=1003 instantaneous_fps=247
[heartbeat] tid=12 uptime_ms=278589 kbd_nonzero=0
[bwm-fps] frames_since_last=235 elapsed_ms=1004 instantaneous_fps=234
[heartbeat] tid=12 uptime_ms=279590 kbd_nonzero=0
[bwm-fps] frames_since_last=246 elapsed_ms=1004 instantaneous_fps=245
[heartbeat] tid=12 uptime_ms=280590 kbd_nonzero=0
[bwm-fps] frames_since_last=229 elapsed_ms=1001 instantaneous_fps=228
[heartbeat] tid=12 uptime_ms=281591 kbd_nonzero=0
[bwm-fps] frames_since_last=255 elapsed_ms=1001 instantaneous_fps=254
[heartbeat] tid=12 uptime_ms=282591 kbd_nonzero=0
[bwm-fps] frames_since_last=252 elapsed_ms=1002 instantaneous_fps=251
[heartbeat] tid=12 uptime_ms=283592 kbd_nonzero=0
[bwm-fps] frames_since_last=249 elapsed_ms=1002 instantaneous_fps=248
[heartbeat] tid=12 uptime_ms=284592 kbd_nonzero=0
[bwm-fps] frames_since_last=220 elapsed_ms=1001 instantaneous_fps=219
[heartbeat] tid=12 uptime_ms=285593 kbd_nonzero=0
[bwm-fps] frames_since_last=171 elapsed_ms=1001 instantaneous_fps=170
[heartbeat] tid=12 uptime_ms=286594 kbd_nonzero=0
[bwm-fps] frames_since_last=205 elapsed_ms=1003 instantaneous_fps=204
[heartbeat] tid=12 uptime_ms=287594 kbd_nonzero=0
[bwm-fps] frames_since_last=231 elapsed_ms=1002 instantaneous_fps=230
[heartbeat] tid=12 uptime_ms=288594 kbd_nonzero=0
[bwm-fps] frames_since_last=232 elapsed_ms=1000 instantaneous_fps=232
[heartbeat] tid=12 uptime_ms=289595 kbd_nonzero=0
