[ram] 6 regions:
[ram]   0x40000000 - 0xffff0000 (3071 MB)
[ram]   0x100000000 - 0x140000000 (1024 MB)
[ram]   0x140026000 - 0x23be0f000 (4029 MB)
[ram]   0x23c000000 - 0x23c020000 (0 MB)
[ram]   0x23c080000 - 0x23f550000 (52 MB)
[ram]   0x23f930000 - 0x240000000 (6 MB)
[kern] entry_phys=0x40401a48 load=0x40080000-0x50104000
[gop-serial] UART: base=0x2110000 type=0 (PL011)
[gop-serial] Enumerating GOP display modes:
[gop-serial]   Mode 0: 1024x768 format=BGR
[gop-serial] 1 modes total, best=786432 pixels
[gop-serial] Already at best mode: 1024x768
[gop-serial] Selected: 1024x768 stride=1024 base=0x10000000 size=0x300000
ZZ0000000040401a48BDMTIVL!J>12KPHEOS
========================================
  Breenix ARM64 Kernel Starting
  BUILD_ID: 006a9dfa3f1e94
========================================

[boot] DIAG_MARKER_XHCI_A
[boot] DIAG_MARKER_XHCI_B
[boot] DIAG_MARKER_XHCI_C
[boot] loader xhci_hcrst_raw=0x0 ecam=0x2300000
[boot] Current exception level: EL1
[boot] MMU already enabled (high-half kernel)
[boot] Initializing memory management (0x44000000-0x50000000)...
[boot] Memory management ready
[boot] Initializing Generic Timer...
[boot] Timer frequency: 24000000 Hz (24 MHz)
[boot] Initializing PL031 RTC...
[boot] Current timestamp: 29706305
[boot] Initializing GIC...
[gic] GICR probe 0x02500000: WAKER=0x00000000 <<< VALID
[gic] GICD_CTLR wrote 0x53, readback=0x53
[gic] GICR_IGROUPR0: wrote 0xFFFFFFFF, readback=0xffffffff
[gic] EOImode=1 (split EOI/DIR) - non-VMware path
[gic] ICC_CTLR_EL1: 0x40400 -> 0x40402 (EOImode=1)
[boot] GIC initialized (version 3)
[boot] Enabling UART interrupts...
[boot] Enabling GIC IRQ 33 (UART0)...
[uart] IMSC: 0x0 -> 0x50 (verify: 0x50)
[uart] FR=0x90 (RXFE=1), RIS=0x20
[gic] IRQ 33 state (GICv3):
  enabled=true, group1=true, pending=false
  priority=0xa0, GICD_CTLR=0x53
  ICC_PMR=0xf0
[boot] UART interrupts enabled
[boot] Enabling interrupts...
[boot] Interrupts enabled: true
[boot] Initializing device drivers...
[drivers] Initializing driver subsystem...
[drivers] PCI ECAM at 0x2300000, enumerating PCI bus...
[drivers] Found 7 PCI devices
[pci] 00:01.0 [8086:293e] class=04/03
[pci]   BAR0: 0x18008000 (16384)
[pci] 00:02.0 [8086:265c] class=0c/03
[pci]   BAR0: 0x18012000 (4096)
[pci]   BAR1: 0x0 (4096)
[pci]   BAR2: 0x0 (4096)
[pci]   BAR3: 0x0 (4096)
[pci]   BAR4: 0x0 (4096)
[pci]   BAR5: 0x0 (4096)
[pci] 00:03.0 [1033:0194] class=0c/03
[pci]   BAR0: 0x18011000 (4096)
[pci]   BAR1: 0x0 (4096)
[pci]   BAR2: 0x0 (4096)
[pci]   BAR3: 0x0 (4096)
[pci]   BAR4: 0x0 (4096)
[pci]   BAR5: 0x0 (4096)
[pci] 00:05.0 [1af4:1000] class=02/00
[pci]   BAR0: 0x18010000 (4096)
[pci]   BAR1: 0x1800f000 (4096)
[pci] 00:09.0 [1ab8:4000] class=ff/00
[pci]   BAR0: 0x1800e000 (4096)
[pci] 00:0a.0 [1af4:1050] class=03/00
[pci]   BAR0: 0x10000000 (134217728)
[pci]   BAR1: 0x1800d000 (4096)
[pci]   BAR4: 0x18004000 (16384)
[pci] 00:0e.0 [1af4:1053] class=07/80
[pci]   BAR1: 0x1800c000 (4096)
[pci]   BAR4: 0x18000000 (16384)
[drivers] Found 2 VirtIO PCI devices
[virtio-gpu-pci] Device features: 0x0000000100000001
[virtio-gpu-pci] VIRGL offered: true
[virtio-gpu-pci] Negotiated: 0x0000000100000001 (VIRGL=true)
[virtio-gpu-pci] VIRGL_ENABLED stored=true, readback=true, addr=0xffff0000411b8084
[pci] 00:0a.0: capabilities:
  cap 0x11 (MSI-X) @ 0xb0: dw0=0x0001bc11 dw1=0x00000001
  cap 0x09 (?) @ 0xbc: dw0=0x0410cc09 dw1=0x00000004
  cap 0x09 (?) @ 0xcc: dw0=0x0310dc09 dw1=0x00000004
  cap 0x09 (?) @ 0xdc: dw0=0x0214f009 dw1=0x00000004
  cap 0x09 (?) @ 0xf0: dw0=0x01100009 dw1=0x00000004
[gicv2m] MSI_TYPER raw=0x80350040 -> base_spi=53, num_spi=64
[virtio-gpu-pci] MSI-X cap at 0xb0: 2 vectors
[virtio-gpu-pci] MSI-X diag: cap=0xb0 table_bar=1 table_off=0x0 doorbell=0x2250040 vectors=2
[virtio-gpu-pci] MSI-X entry0: addr_hi=0x0 addr_lo=0x2250040 data=0x35 vector_ctrl=0x0
[virtio-gpu-pci] MSI-X entry1: addr_hi=0x0 addr_lo=0x2250040 data=0x36 vector_ctrl=0x0
[virtio-gpu-pci] MSI-X enabled: config_spi=53 queue_spi=54 doorbell=0x2250040 vectors=2
[virtio-gpu-pci] config_msix_vector: wrote=0x0 readback=0x0
[virtio-gpu-pci] Device has 2 queues
[virtio-gpu-pci] Queue 0 msix_vector: wrote=0x1 readback=0x1
[virtio-gpu-pci] Queue 1 msix_vector: wrote=0x1 readback=0x1
[virtio-gpu-pci] Cursor queue (q1) set up: size=16
[virtio-gpu-pci] Config: num_scanouts=16, num_capsets=1
[virtio-gpu-pci] MSI-X active: config_spi=53 queue_spi=54 queue_vector=1
[virtio-gpu-pci] Capset 0: id=2, max_ver=2, max_size=768
[virtio-gpu-pci] GET_CAPSET(id=2, ver=2): resp=0x1103
[virtio-gpu-pci] Display reports: 1280x960
[virtio-gpu-pci] Resolution: 1280x960 (display=1280x960, GOP=1024x768, min=1280x960)
[virtio-gpu-pci] 2D framebuffer backing: heap ptr=0xffff0000502e2000, phys=0x502e2000, size=4915200
[virgl] attach_backing: phys=0x502e2000, len=4915200, nr_pages=1200
[virgl] attach_backing: sending 3-desc chain: hdr=0x411b8340(32B), entries=0x50792000(19200B)
[virgl] attach_backing: OK (1200 pages attached)
[virtio-gpu-pci] 2D resource created and scanout set
[virtio-gpu-pci] Initialized: 1280x960
[drivers] VirtIO GPU (PCI) initialized
[virgl] Initializing VirGL 3D pipeline...
[virgl] 3D framebuffer backing: heap ptr=0xffff000050792000, phys=0x50792000, size=4915200
[virgl] Step 1: context created
[virgl] Step 2: 3D resource created (1280x960, bind=0x0014000a)
[virgl] attach_backing: phys=0x50792000, len=4915200, nr_pages=1200
[virgl] attach_backing: sending 3-desc chain: hdr=0x411b8340(32B), entries=0x50c42000(19200B)
[virgl] attach_backing: OK (1200 pages attached)
[virgl] Step 3: backing attached
[virgl] Step 4: resource attached to context
[virgl] Step 5: resource primed
[virgl] SUBMIT_3D OK: id=1 used_len=0 resp_flags=0x1 resp_fence=1
[virgl] Step 6: VirGL CLEAR (cornflower blue)
[virgl] Step 7: SET_SCANOUT + RESOURCE_FLUSH done
[virgl] Step 7: VB resource created (no backing, INLINE_WRITE only)
[virgl-composite] Texture backing: heap ptr=0xffff000050c42000, phys=0x50c42000, 1280x960 (4915200B, 1200 pages)
[virgl] attach_backing: phys=0x50c42000, len=4915200, nr_pages=1200
[virgl] attach_backing: sending 3-desc chain: hdr=0x411b8340(32B), entries=0x510f2000(19200B)
[virgl] attach_backing: OK (1200 pages attached)
[virgl-composite] Texture resource initialized (id=5)
[virgl] attach_backing: phys=0x510f2000, len=4915200, nr_pages=1200
[virgl] attach_backing: sending 3-desc chain: hdr=0x411b8340(32B), entries=0x515a2000(19200B)
[virgl] attach_backing: OK (1200 pages attached)
[virgl-pool] Pre-allocated slot=0 res_id=10 1280x960
[virgl] attach_backing: phys=0x515a2000, len=4915200, nr_pages=1200
[virgl] attach_backing: sending 3-desc chain: hdr=0x411b8340(32B), entries=0x51a52000(19200B)
[virgl] attach_backing: OK (1200 pages attached)
[virgl-pool] Pre-allocated slot=1 res_id=11 1280x960
[virgl] attach_backing: phys=0x51a52000, len=4915200, nr_pages=1200
[virgl] attach_backing: sending 3-desc chain: hdr=0x411b8340(32B), entries=0x51f02000(19200B)
[virgl] attach_backing: OK (1200 pages attached)
[virgl-pool] Pre-allocated slot=2 res_id=12 1280x960
[virgl] attach_backing: phys=0x51f02000, len=4915200, nr_pages=1200
[virgl] attach_backing: sending 3-desc chain: hdr=0x411b8340(32B), entries=0x523b2000(19200B)
[virgl] attach_backing: OK (1200 pages attached)
[virgl-pool] Pre-allocated slot=3 res_id=13 1280x960
[virgl] attach_backing: phys=0x523b2000, len=4915200, nr_pages=1200
[virgl] attach_backing: sending 3-desc chain: hdr=0x411b8340(32B), entries=0x52862000(19200B)
[virgl] attach_backing: OK (1200 pages attached)
[virgl-pool] Pre-allocated slot=4 res_id=14 1280x960
[virgl] attach_backing: phys=0x52862000, len=4915200, nr_pages=1200
[virgl] attach_backing: sending 3-desc chain: hdr=0x411b8340(32B), entries=0x52d12000(19200B)
[virgl] attach_backing: OK (1200 pages attached)
[virgl-pool] Pre-allocated slot=5 res_id=15 1280x960
[virgl] attach_backing: phys=0x52d12000, len=4915200, nr_pages=1200
[virgl] attach_backing: sending 3-desc chain: hdr=0x411b8340(32B), entries=0x531c2000(19200B)
[virgl] attach_backing: OK (1200 pages attached)
[virgl-pool] Pre-allocated slot=6 res_id=16 1280x960
[virgl] attach_backing: phys=0x531c2000, len=4915200, nr_pages=1200
[virgl] attach_backing: sending 3-desc chain: hdr=0x411b8340(32B), entries=0x53672000(19200B)
[virgl] attach_backing: OK (1200 pages attached)
[virgl-pool] Pre-allocated slot=7 res_id=17 1280x960
[virgl] attach_backing: phys=0x53672000, len=8192, nr_pages=2
[virgl] attach_backing: sending 3-desc chain: hdr=0x411b8340(32B), entries=0x502e0080(32B)
[virgl] attach_backing: OK (2 pages attached)
[virgl-cursor] Cursor texture initialized (id=6, 16x80, 5 shapes)
[virgl] attach_backing: phys=0x53674000, len=4096, nr_pages=1
[virgl] attach_backing: sending 3-desc chain: hdr=0x411b8340(32B), entries=0x502e0080(16B)
[virgl] attach_backing: OK (1 pages attached)
[virgl-dimmer] Dimmer texture initialized (id=7, 4x4)
[virgl] Step 8: Compositor texture initialized
[virgl] Step 9: full pipeline+draw batch (191 DWORDs)
[virgl] SUBMIT_3D OK: id=2 used_len=0 resp_flags=0x1 resp_fence=2
[virgl] Step 10: SET_SCANOUT + RESOURCE_FLUSH
[virgl] VirGL 3D pipeline initialized successfully
[drivers] VirGL 3D acceleration active
[drivers] Compositor backend: VirGL
[virtio-gpu-pci] GPU command waits use scheduler waitqueue
[virtio-net-pci] Searching for VirtIO network device on PCI bus...
[virtio-net-pci] Found at 00:05.0 [1af4:1000]
[virtio-net-pci] BAR0: phys=0x18010000 virt=0xffff000018010000 size=4096
[virtio-net-pci] Device features: 0x6187bfa3
[virtio-net-pci] MAC: 00:1c:42:a4:58:b7
[virtio-net-pci] Queue 0 max size: 256
[virtio-net-pci] RX init window stage=after_rx_ring_zero pfn=0x0 vector=0xa442 status=0xb avail_flags=0x0 avail_idx=0 used_flags=0x0 used_idx=0
[virtio-net-pci] Queue 0 PFN=0x4118a (phys=0x4118a000)
[virtio-net-pci] RX init window stage=after_rx_pfn_window pfn=0x4118a vector=0xa442 status=0xb avail_flags=0x0 avail_idx=0 used_flags=0x0 used_idx=0
[virtio-net-pci] RX queue activation stage=after_rx_pfn transport=legacy pfn=0x4118a size=256 vector=0xa442 status=0xb isr=0x0 avail_flags=0x0 avail_idx=0 used_idx=0
[virtio-net-pci] Queue 1 max size: 256
[virtio-net-pci] Queue 1 PFN=0x4118d (phys=0x4118d000)
[pci] 00:05.0: capabilities:
  cap 0x10 (PCIe) @ 0x48: dw0=0x00024010 dw1=0x00000fc0
  cap 0x01 (PM) @ 0x40: dw0=0x0022f401 dw1=0x00000000
  cap 0x11 (MSI-X) @ 0xf4: dw0=0x00020011 dw1=0x00000001
[virtio-net-pci] MSI-X cap at 0xf4: 3 vectors
[virtio-net-pci] MSI-X vector assignments: cfg=0xffff rx=0x0
[virtio-net-pci] RX queue activation stage=after_msix_vector transport=legacy pfn=0x4118a size=256 vector=0x0 status=0xb isr=0x0 avail_flags=0x0 avail_idx=0 used_idx=0
[virtio-net-pci] MSI-X diag: cap=0xf4 table_bar=1 table_off=0x0 doorbell=0x2250040 spi=55 vectors=3 msg_ctrl=0x8002 command=0x407 cfg_vec=0xffff rx_vec=0x0
[virtio-net-pci] MSI-X entry0: addr_hi=0x0 addr_lo=0x2250040 data=0x37 vector_ctrl=0x0
[virtio-net-pci] MSI-X entry1: addr_hi=0x0 addr_lo=0x2250040 data=0x37 vector_ctrl=0x0
[virtio-net-pci] MSI-X entry2: addr_hi=0x0 addr_lo=0x2250040 data=0x37 vector_ctrl=0x0
[virtio-net-pci] MSI-X enabled: SPI 55 doorbell=0x2250040 vectors=3
[virtio-net-pci] RX init window stage=before_driver_ok pfn=0x4118a vector=0x0 status=0xb avail_flags=0x0 avail_idx=0 used_flags=0x0 used_idx=0
[virtio-net-pci] RX init window stage=after_driver_ok pfn=0x4118a vector=0x0 status=0xf avail_flags=0x0 avail_idx=0 used_flags=0x1 used_idx=0
[virtio-net-pci] RX queue activation stage=after_driver_ok transport=legacy pfn=0x4118a size=256 vector=0x0 status=0xf isr=0x0 avail_flags=0x0 avail_idx=0 used_idx=0
[virtio-net-pci] RX init window stage=after_rx_desc0 pfn=0x4118a vector=0x0 status=0xf avail_flags=0x0 avail_idx=0 used_flags=0x1 used_idx=0
[virtio-net-pci] RX init window stage=after_rx_desc1 pfn=0x4118a vector=0x0 status=0xf avail_flags=0x0 avail_idx=0 used_flags=0x1 used_idx=0
[virtio-net-pci] RX init window stage=after_rx_desc2 pfn=0x4118a vector=0x0 status=0xf avail_flags=0x0 avail_idx=0 used_flags=0x1 used_idx=0
[virtio-net-pci] RX init window stage=after_rx_desc3 pfn=0x4118a vector=0x0 status=0xf avail_flags=0x0 avail_idx=0 used_flags=0x1 used_idx=0
[virtio-net-pci] RX init window stage=before_rx_avail_idx pfn=0x4118a vector=0x0 status=0xf avail_flags=0x0 avail_idx=0 used_flags=0x1 used_idx=0
[virtio-net-pci] RX init window stage=after_rx_avail_idx pfn=0x4118a vector=0x0 status=0xf avail_flags=0x0 avail_idx=4 used_flags=0x1 used_idx=0
[virtio-net-pci] RX init window stage=before_rx_notify pfn=0x4118a vector=0x0 status=0xf avail_flags=0x0 avail_idx=4 used_flags=0x1 used_idx=0
[virtio-net-pci] RX init window stage=after_rx_notify_window pfn=0x4118a vector=0x0 status=0xf avail_flags=0x0 avail_idx=4 used_flags=0x1 used_idx=0
[virtio-net-pci] RX init window stage=first_used_not_observed pfn=0x4118a vector=0x0 status=0xf avail_flags=0x0 avail_idx=4 used_flags=0x1 used_idx=0
[virtio-net-pci] RX queue activation stage=after_rx_notify transport=legacy pfn=0x4118a size=256 vector=0x0 status=0xf isr=0x0 avail_flags=0x0 avail_idx=4 used_idx=0
[virtio-net-pci] Network device initialized successfully
[drivers] VirtIO network (PCI) initialized
[drivers] SVGA3 init skipped: SVGA3 device not found
[drivers] Found XHCI at 00:03.0 [1033:0194]
[xhci] DMA addrs: DCBAA=0x411cb000 CMD_RING=0x411cc000 EVT_RING=0x411dc000 ERST=0x41241f00
[xhci] Regs: USBCMD=0x5 USBSTS=0x0 CRCR=0x0 DCBAAP=0x411cb000
[xhci] IR0: IMAN=0x2 ERDP=0x411dc000 ERSTBA=0x41241f00
[xhci] Port scan: 14 ports
[xhci]   port 1: PORTSC=0x00021203 CCS=1 PED=1 speed=4
[xhci]   port 2: PORTSC=0x00021203 CCS=1 PED=1 speed=4
[xhci]   port 3: PORTSC=0x00021203 CCS=1 PED=1 speed=4
[xhci]   port 4: PORTSC=0x000002a0 CCS=0 PED=0 speed=0
[xhci]   port 5: PORTSC=0x000002a0 CCS=0 PED=0 speed=0
[xhci]   port 6: PORTSC=0x000002a0 CCS=0 PED=0 speed=0
[xhci]   port 7: PORTSC=0x000002a0 CCS=0 PED=0 speed=0
[xhci]   port 8: PORTSC=0x000002a0 CCS=0 PED=0 speed=0
[xhci]   port 9: PORTSC=0x000002a0 CCS=0 PED=0 speed=0
[xhci]   port 10: PORTSC=0x000002a0 CCS=0 PED=0 speed=0
[xhci]   port 11: PORTSC=0x000002a0 CCS=0 PED=0 speed=0
[xhci]   port 12: PORTSC=0x000002a0 CCS=0 PED=0 speed=0
[xhci]   port 13: PORTSC=0x000002a0 CCS=0 PED=0 speed=0
[xhci]   port 14: PORTSC=0x000002a0 CCS=0 PED=0 speed=0
[xhci] port 1 connected: PORTSC=0x00001203 PED=1 speed=4
[xhci] port 1 EnableSlot -> slot 1
[xhci] port 1 AddressDevice OK (slot 1)
[xhci] slot1: vid=0x203a pid=0xfffc class=0x00/0x00/0x00
[xhci] slot1 iface0: class=0x03 sub=0x00 proto=0x02 numEP=1
[xhci] HID iface: proto=2 subclass=0 -> mouse (hid_idx=1)
[xhci] slot1 iface1: class=0x03 sub=0x00 proto=0x02 numEP=1
[xhci] HID iface: proto=2 subclass=0 -> mouse (hid_idx=3)
[xhci] port 2 connected: PORTSC=0x00001203 PED=1 speed=4
[xhci] port 2 EnableSlot -> slot 2
[xhci] port 2 AddressDevice OK (slot 2)
[xhci] slot2: vid=0x203a pid=0xfffb class=0x00/0x00/0x00
[xhci] slot2 iface0: class=0x03 sub=0x01 proto=0x01 numEP=1
[xhci] HID iface: proto=1 subclass=1 -> keyboard (hid_idx=0)
[xhci] slot2 iface1: class=0x03 sub=0x00 proto=0x00 numEP=1
[xhci] HID iface: proto=0 subclass=0 -> NKRO (hid_idx=2)
[xhci] port 3 connected: PORTSC=0x00001203 PED=1 speed=4
[xhci] port 3 EnableSlot -> slot 3
[xhci] port 3 AddressDevice OK (slot 3)
[xhci] slot3: vid=0x203a pid=0xfff9 class=0xef/0x02/0x01
[xhci] slot3 iface0: class=0x0e sub=0x01 proto=0x00 numEP=0
[xhci] slot3 iface1: class=0x0e sub=0x02 proto=0x00 numEP=1
[xhci] start_hid_polling: kbd=slot2/dci3 nkro=dci5 mouse=slot1/dci3 mouse2=dci5
[xhci] Initialized: 32 slots, MSI irq=56
[drivers] XHCI USB controller initialized
[ahci] Platform AHCI at phys 0x2140000, virt 0xffff000002140000
[ahci] HBA version 1.256, 6 ports, 32 cmd slots, PI=0x0000003f
[ahci] Port 0: Sata, 131072 sectors (64 MB)
[ahci] Port 1: Sata, 524288 sectors (256 MB)
[ahci] IRQ probe: using port 0 dma_index 0
[ahci] IRQ probe: ISPENDR before=[0x00000000, 0x00000000, 0x00000000] after=[0x00000004, 0x00000000, 0x00000000]
[ahci] IRQ probe: PORT_IS=0x00000001 (should have D2H bit set)
[ahci] Platform IRQ probe: discovered SPI 34
[ahci] Platform IRQ enabled: SPI 34 (wired, level-triggered, CPU0)
[drivers] AHCI initialized (platform MMIO): 2 SATA device(s)
[drivers] Driver subsystem initialized (PCI)
[boot] Found 7 devices
[drivers] Running post-init self-tests...
[drivers] VirtIO block self-test skipped: no VirtIO MMIO block device on Parallels; using AHCI
[boot] Initializing network stack...
[net] Initializing network stack...
[net] Using VirtIO net PCI driver (Parallels)
[net] MAC address: 00:1c:42:a4:58:b7
NET: IP address: 10.211.55.100
NET: Gateway: 10.211.55.1
Network stack initialized
NET: Sending ARP request for gateway 10.211.55.1
ARP request sent successfully
NET: Gateway ARP not resolved during init; will resolve via IRQ path
NET: Sending ICMP echo request to gateway 10.211.55.1
NET: ARP cache miss for 10.211.55.1, sending ARP request
NET: Failed to send ping: ArpMiss: reply will populate cache via IRQ
NET: Network initialization complete
[virtio-net-pci] manual-gicv2m-test irq=55 doorbell=0x2250040 before_pend=0x0 after_write_pend=0x800000 after_wait_pend=0x0 ack_before=0 ack_after=1 msi_before=0 msi_after=1
[virtio-net-pci] MSI-X SPI 55 enabled (post-init)
[virtio-net-pci] MSI-X GIC enable diag: spi=55 last_irq=0 cpu=0 gicv=0 affinity=0x0 router_rb=0x0 isenabler_rb=0x0 retries=0 outcome=0
[virtio-net-pci] MSI-X GIC state: spi=55 isenabler_bit=0x800000 ispendr_bit=0x0 isactiver_bit=0x0 icfgr_reg=0x2a800 irouter=0x0
NET: synchronously cleared virtio callback suppression
NET: pre-primed NetRx softirq for bootstrap callback re-enable
[boot] Initializing filesystem...
[ext2] No VirtIO block device, trying AHCI...
[ext2] AHCI device 0: 131072 sectors (64 MB)
[ext2] AHCI device 0: not ext2 (magic=0x0064)
[ext2] AHCI device 1: 524288 sectors (256 MB)
[ext2] Found ext2 superblock on AHCI device 1
[boot] ext2 root filesystem mounted
[boot] No home filesystem: No home block device available (expected at device index 3 or 1) (continuing)
[boot] devfs initialized at /dev
[boot] devptsfs initialized at /dev/pts
[boot] CPU detected: ARM Unknown
[boot] procfs initialized at /proc
[boot] TTY subsystem initialized
[boot] Initializing graphics...
[boot] VirGL active — skipping GOP framebuffer init (2D resource already set up in gpu_pci::init)
[boot] FB_INFO_CACHE populated for VirGL display (1280x960)
[boot] USB HID input active via XHCI IRQ
[boot] Initializing per-CPU data...
[boot] Per-CPU data initialized
[boot] Initializing process manager...
[boot] Process manager initialized
[boot] Initializing scheduler...
[boot] Scheduler initialized
[boot] Workqueue subsystem initialized
[boot] Softirq subsystem initialized
[boot] Render thread skipped — VirGL owns the display
[boot] Tracing subsystem initialized and enabled
[boot] Pre-loading /sbin/init from ext2 (before timer)...
[net] ICMP echo reply received from 10.211.55.1 seq=1
[boot] Init binary pre-loaded: 298632 bytes
[xhci] activate_msi_if_ready: source=system-ready spi=56 DIAG_SPI_ENABLE_COUNT=1
[xhci] post-activation: MSI_EVENT_COUNT=56 EVENT_COUNT=0 POLL_COUNT=0 SPI_ACTIVATED=true
[boot] Initializing timer interrupt...
[timer] Timer configured for ~1000 Hz (24000 ticks per interrupt)
[timer] Using virtual timer (PPI 27)
[boot] Timer interrupt initialized
[smp] CPU 0 MPIDR=0x80000000, stack_base=0x43000000
[smp] GICR covers 8 redistributors, probing CPUs 1..8
[smp] Probing secondary CPUs via PSCI...
[sm1p@]1A BCCDPEUe FG1:1 PSCI CPU_ON success (raw_status=0)
[gi2c@1A]B CDEEeOFGIm2ode=1 (split EOI/DIR) - non-VMware path
[gic] ICC_CTLR_EL1: 0x40400 -> 0x40402 (EOImode=1)
[smp] CPU 2: PSCI CPU_ON success (raw_status=0)
[T1gic] E3O@1ImAoBCDdEeeFG=1 (3split EOI/DIR) - non-VMware path
[gic] ICC_CTLR_EL1: 0x40400 -> 0x40402 (EOImode=1)
[smp] CPU 3: PSCI CPU_ON success (raw_status=0)
[gi4@c1]A EBCODIEmeFoGd4e=1 (split EOI/DIR) - non-VMware path
[gic] ICC_CTLR_EL1: 0x40400 -> 0x40402 (EOImode=1)
[gic] EOImode=1 (split EOI/DIR) - non-VMware path
[gic] ICC_CTLR_EL1: 0x40400 -> 0x40402 (EOImode=1)
[smp] CPU 4: PSCI CPU_ON success (raw_status=0)
T2[s5m@1pA]BCD EeCFPGU5 5: PSCI CPU_ON success (raw_status=0)
[gic6]@ 1EABOCDIEemFGod6e=1 (split EOI/DIR) - non-VMware path
[gic] ICC_CTLR_EL1: 0x40400 -> 0x40402 (EOImode=1)
[smp] CPU 6: PSCI CPU_ON success (raw_status=0)
[gic7@]1 AEBCDOEeIFGmo7de=1 (split EOI/DIR) - non-VMware path
[gic] ICC_CTLR_EL1: 0x40400 -> 0x40402 (EOImode=1)
[gic] EOImode=1 (split EOI/DIR) - non-VMware path
[gic] ICC_CTLR_EL1: 0x40400 -> 0x40402 (EOImode=1)
[smp] CPU 7: PSCI CPU_ON success (raw_status=0)
T3[smp] 8 CPUs online
[PT_ROOT_CUSTODY:no_proof=0:no_arch=0:terminated=0:undecided=0:mid_retire=0:retired=0]
[TOMBSTONE_CENSUS:resident=0:removed=0:reap_second=0:retire_second=0:abandoned_unqueued=0]
[TTBR0_ASID_CENSUS:untagged=0:tagged=0:kernel=2:cleared=2]
[PINNED_HOME_CPU_UNAVAILABLE:count=0:publish_discarded=0:hold_pen_migrated=0:delivered=0:migration_refused=0:stack_home_conflict=0]
T4
========================================
  Breenix ARM64 Boot Complete!
========================================

Hello from ARM64!

[boot] Launching init from pre-loaded ELF...
manager.create_process_with_argv [ARM64]: ENTRY - name='init', elf_size=298632, argc=1
manager.create_process_with_argv [ARM64]: Generated PID 1
manager.create_process_with_argv [ARM64]: Creating ProcessPageTable
manager.create_process_with_argv [ARM64]: Loading ELF into page table
manager.create_process_with_argv [ARM64]: ELF loaded, entry=0x4000f5d0
manager.create_process_with_argv [ARM64]: Allocating user stack
manager.create_process_with_argv [ARM64]: User stack will be at 0xfffffeff0000-0xffffff000000
manager.create_process_with_argv [ARM64]: argc/argv set up on stack, SP=0xfffffefffed0
manager.create_process_with_argv [ARM64]: SUCCESS - returning PID 1
[INIT_DESIGNATION:aarch64:designated_pid=1:reserved_collisions=0]
[ahci-poll-attrib] total=76 post_reg=74 pre_sched=74 post_sched=0
[boot] Reset 8 idle thread contexts (CPUs online: 8)
T5T6EL0_SYSCALL: First syscall from userspace (SPSR confirms EL0)
[ OK ] syscall path verified
[init] Breenix init starting (PID 1)
[spawn] path='/bin/heartbeat'
manager.create_process_with_argv [ARM64]: ENTRY - name='heartbeat', elf_size=303584, argc=1
manager.create_process_with_argv [ARM64]: Generated PID 2
manager.create_process_with_argv [ARM64]: Creating ProcessPageTable
manager.create_process_with_argv [ARM64]: Loading ELF into page table
manager.create_process_with_argv [ARM64]: ELF loaded, entry=0x4000f85c
manager.create_process_with_argv [ARM64]: Allocating user stack
manager.create_process_with_argv [ARM64]: User stack will be at 0xfffffeff0000-0xffffff000000
manager.create_process_with_argv [ARM64]: argc/argv set up on stack, SP=0xfffffefffed0
manager.create_process_with_argv [ARM64]: SUCCESS - returning PID 2
[spawn] Created child PID 2 for parent PID 1
T7[spawn] Success: child PID 2 scheduled
[heartbeat] tid=12 uptime_ms=6209 kbd_nonzero=0
T8[init] heartbeat started (PID 2)
[INIT_GROUP_REFUSAL:aarch64:phase=early:probe1=-22:probe2=-22:expected=-22]
[spawn] path='/bin/block_eintr_oracle'
manager.create_process_with_argv [ARM64]: ENTRY - name='block_eintr_oracle', elf_size=304720, argc=1
manager.create_process_with_argv [ARM64]: Generated PID 3
manager.create_process_with_argv [ARM64]: Creating ProcessPageTable
manager.create_process_with_argv [ARM64]: Loading ELF into page table
manager.create_process_with_argv [ARM64]: ELF loaded, entry=0x4000f938
manager.create_process_with_argv [ARM64]: Allocating user stack
manager.create_process_with_argv [ARM64]: User stack will be at 0xfffffeff0000-0xffffff000000
manager.create_process_with_argv [ARM64]: argc/argv set up on stack, SP=0xfffffefffed0
manager.create_process_with_argv [ARM64]: SUCCESS - returning PID 3
[spawn] Created child PID 3 for parent PID 1
T9[F1234s56pawn] Success: c7hi89lSd PICD 3 scheduled
T0F123456789SC[syscall] exit(0) pid=4 name=block_eintr_oracle_child_4
[TTBR0_ASID_CENSUS:untagged=0:tagged=1098:kernel=1028:cleared=2069]
[BLOCK_EINTR_ORACLE:PASS:stages=2:reads=4:short=0:eintr=0:handled=1]
[BLOCK_EINTR_ORACLE:PASS:stages=2:reads=4:short=0:eintr=0:handled=1]
[syscall] exit(0) pid=3 name=block_eintr_oracle
[TTBR0_ASID_CENSUS:untagged=0:tagged=1990:kernel=1884:cleared=3783]
[init] block_eintr_oracle exited pid=3 code=0
[spawn] path='/bin/futex_handoff_oracle'
manager.create_process_with_argv [ARM64]: ENTRY - name='futex_handoff_oracle', elf_size=296048, argc=1
manager.create_process_with_argv [ARM64]: Generated PID 6
manager.create_process_with_argv [ARM64]: Creating ProcessPageTable
manager.create_process_with_argv [ARM64]: Loading ELF into page table
manager.create_process_with_argv [ARM64]: ELF loaded, entry=0x4000ef08
manager.create_process_with_argv [ARM64]: Allocating user stack
manager.create_process_with_argv [ARM64]: User stack will be at 0xfffffeff0000-0xffffff000000
manager.create_process_with_argv [ARM64]: argc/argv set up on stack, SP=0xfffffefffec0
manager.create_process_with_argv [ARM64]: SUCCESS - returning PID 6
[spawn] Created child PID 6 for parent PID 1
[spawn] Success: child PID 6 scheduled
[syscall] exit(0) pid=5 name=block_eintr_oracle_child_5
[TTBR0_ASID_CENSUS:untagged=0:tagged=2066:kernel=1952:cleared=3924]
[FUTEX_HANDOFF_ORACLE_DRIVER:seam_absent:probe=-110]
[syscall] exit(0) pid=6 name=futex_handoff_oracle
[TTBR0_ASID_CENSUS:untagged=0:tagged=2082:kernel=1962:cleared=3947]
[init] futex_handoff_oracle exited pid=6 code=0
[spawn] path='/bin/poll_tcp_oracle'
manager.create_process_with_argv [ARM64]: ENTRY - name='poll_tcp_oracle', elf_size=320896, argc=1
manager.create_process_with_argv [ARM64]: Generated PID 7
manager.create_process_with_argv [ARM64]: Creating ProcessPageTable
manager.create_process_with_argv [ARM64]: Loading ELF into page table
manager.create_process_with_argv [ARM64]: ELF loaded, entry=0x40011694
manager.create_process_with_argv [ARM64]: Allocating user stack
manager.create_process_with_argv [ARM64]: User stack will be at 0xfffffeff0000-0xffffff000000
manager.create_process_with_argv [ARM64]: argc/argv set up on stack, SP=0xfffffefffed0
manager.create_process_with_argv [ARM64]: SUCCESS - returning PID 7
[spawn] Created child PID 7 for parent PID 1
[spawn] Success: child PID 7 scheduled
[POLL_TCP_TIMEOUT] fd=4 timeout_ms=120 publish=none_in_window rx_len=0 revents=0x0000
F123456789SC[POLL_TCP_ORACLE:PEER:branch=sent:n=23 want=23 anchor=6613 token_ms=6617 write_ms=6694 delay_ms=80]
[POLL_TCP_ORACLE:PEER:branch=sent:n=23 want=23 anchor=6613 token_ms=6617 write_ms=6694 delay_ms=80]
[syscall] exit(0) pid=8 name=poll_tcp_oracle_child_8
[TTBR0_ASID_CENSUS:untagged=0:tagged=2381:kernel=2193:cleared=4459]
F123456789SC[POLL_TCP_TIMEOUT] fd=4 timeout_ms=150 publish=none_in_window rx_len=0 revents=0x0000
[POLL_TCP_ORACLE:LOSTWAKE_PROBE:probe_ms=6857 rescan_ready=0 rescan_revents=0x0000 nbread_err=EAGAIN]
[POLL_TCP_ORACLE:LOSTWAKE_PROBE:probe_ms=6857 rescan_ready=0 rescan_revents=0x0000 nbread_err=EAGAIN]
[POLL_TCP_ORACLE:PEER:branch=sent:n=23 want=23 anchor=6702 token_ms=6703 write_ms=7202 delay_ms=500]
[POLL_TCP_ORACLE:PEER:branch=sent:n=23 want=23 anchor=6702 token_ms=6703 write_ms=7202 delay_ms=500]
[syscall] exit(0) pid=9 name=poll_tcp_oracle_child_9
[TTBR0_ASID_CENSUS:untagged=0:tagged=2518:kernel=2269:cleared=4664]
[POLL_TCP_ORACLE:LATE_PUBLISH:stage=forced decided=published_after_deadline anchor=6702 entry=6703 deadline=6853 returned=6857 write_ms=7202 late_by_ms=349 delay_ms=500 timeout=150]
[POLL_TCP_ORACLE:LATE_PUBLISH:stage=forced decided=published_after_deadline anchor=6702 entry=6703 deadline=6853 returned=6857 write_ms=7202 late_by_ms=349 delay_ms=500 timeout=150]
[heartbeat] tid=12 uptime_ms=7210 kbd_nonzero=0
[POLL_TCP_ORACLE:PASS:stages=4:idle_ms=120:late_ms=79:park_ms=77:forced_ms=154:forced_late_by_ms=349]
[POLL_TCP_ORACLE:PASS:stages=4:idle_ms=120:late_ms=79:park_ms=77:forced_ms=154:forced_late_by_ms=349]
[syscall] exit(0) pid=7 name=poll_tcp_oracle
[TTBR0_ASID_CENSUS:untagged=0:tagged=2533:kernel=2283:cleared=4692]
[init] poll_tcp_oracle exited pid=7 code=0
[spawn] path='/bin/tty_oracle'
manager.create_process_with_argv [ARM64]: ENTRY - name='tty_oracle', elf_size=338232, argc=1
manager.create_process_with_argv [ARM64]: Generated PID 10
manager.create_process_with_argv [ARM64]: Creating ProcessPageTable
manager.create_process_with_argv [ARM64]: Loading ELF into page table
manager.create_process_with_argv [ARM64]: ELF loaded, entry=0x40012b34
manager.create_process_with_argv [ARM64]: Allocating user stack
manager.create_process_with_argv [ARM64]: User stack will be at 0xfffffeff0000-0xffffff000000
manager.create_process_with_argv [ARM64]: argc/argv set up on stack, SP=0xfffffefffed0
manager.create_process_with_argv [ARM64]: SUCCESS - returning PID 10
[spawn] Created child PID 10 for parent PID 1
[spawn] Success: child PID 10 scheduled
[pty] sys_posix_openpt(flags=0x902)
[pty] Created master fd=3 (pty 0)
[pty] Unlocked PTY 0 (fd 3)
[TTY_ORACLE:openpt:verdict=PASS:slave=/dev/pts/0:locked_open_refused=1]
[TTY_ORACLE:openpt:verdict=PASS:slave=/dev/pts/0:locked_open_refused=1]
[TTY_ORACLE:nonblock_open:verdict=PASS:master_fl=0x800:slave_fl=0x800:both_eagain=1]
[TTY_ORACLE:nonblock_open:verdict=PASS:master_fl=0x800:slave_fl=0x800:both_eagain=1]
[TTY_ORACLE:isatty:verdict=PASS:master=1:slave=1:regular_file=0]
[TTY_ORACLE:isatty:verdict=PASS:master=1:slave=1:regular_file=0]
[TTY_ORACLE:termios_roundtrip:verdict=PASS:default_lflag=0x803b:modified_lflag=0x8023:restored=1]
[TTY_ORACLE:termios_roundtrip:verdict=PASS:default_lflag=0x803b:modified_lflag=0x8023:restored=1]
[TTY_ORACLE:canonical_line:verdict=PASS:withheld_unterminated=1:delivered_on_newline=6]
[TTY_ORACLE:canonical_line:verdict=PASS:withheld_unterminated=1:delivered_on_newline=6]
[TTY_ORACLE:icrnl:verdict=PASS:cr_to_nl=1:cleared_icrnl_holds=1]
[TTY_ORACLE:icrnl:verdict=PASS:cr_to_nl=1:cleared_icrnl_holds=1]
[TTY_ORACLE:raw_passthrough:verdict=PASS:unterminated_delivered=2]
[TTY_ORACLE:raw_passthrough:verdict=PASS:unterminated_delivered=2]
[TTY_ORACLE:echo:verdict=PASS:echo_on_bytes=3:echo_off_bytes=0]
[TTY_ORACLE:echo:verdict=PASS:echo_on_bytes=3:echo_off_bytes=0]
[TTY_ORACLE:onlcr:verdict=PASS:onlcr_expanded=3:opost_off_passthrough=2]
[TTY_ORACLE:onlcr:verdict=PASS:onlcr_expanded=3:opost_off_passthrough=2]
[TTY_ORACLE:winsize:verdict=PASS:default=24x80:set=41x133:crossed_ends=1]
[TTY_ORACLE:winsize:verdict=PASS:default=24x80:set=41x133:crossed_ends=1]
[TTY_ORACLE:foreground_pgrp:verdict=PASS:pgrp=10:crossed_ends=1]
[TTY_ORACLE:foreground_pgrp:verdict=PASS:pgrp=10:crossed_ends=1]
[TTY_ORACLE:hangup:verdict=PASS:eagain_while_open=1:eof_after_close=1]
[TTY_ORACLE:hangup:verdict=PASS:eagain_while_open=1:eof_after_close=1]
[pty] sys_posix_openpt(flags=0x902)
[pty] Created master fd=4 (pty 1)
[pty] Unlocked PTY 1 (fd 4)
[TTY_ORACLE:ctty:verdict=PASS:dev_tty_aliased_slave=1:survived_alias_close=1:eof_after_last_slave_close=1]
[TTY_ORACLE:ctty:verdict=PASS:dev_tty_aliased_slave=1:survived_alias_close=1:eof_after_last_slave_close=1]
[pty] sys_posix_openpt(flags=0x902)
[pty] Created master fd=4 (pty 1)
[pty] Unlocked PTY 1 (fd 4)
F123456789SC[EXEC_LOCK_ORDER:FIRST_COMMIT]
[syscall] exit(0) pid=11 name=/bin/tty_oracle
[TTBR0_ASID_CENSUS:untagged=0:tagged=2881:kernel=2609:cleared=5348]
[TTY_ORACLE:cloexec_exec:verdict=PASS:cloexec_survived_fork=1:eof_after_parent_close=1]
[TTY_ORACLE:cloexec_exec:verdict=PASS:cloexec_survived_fork=1:eof_after_parent_close=1]
[TTY_ORACLE:COMPLETE:pass=14:fail=0]
[TTY_ORACLE:COMPLETE:pass=14:fail=0]
[syscall] exit(0) pid=10 name=tty_oracle
[TTBR0_ASID_CENSUS:untagged=0:tagged=2885:kernel=2610:cleared=5354]
[init] tty_oracle exited pid=10 code=0
[spawn] path='/bin/exec_smoke'
manager.create_process_with_argv [ARM64]: ENTRY - name='exec_smoke', elf_size=290896, argc=1
manager.create_process_with_argv [ARM64]: Generated PID 12
manager.create_process_with_argv [ARM64]: Creating ProcessPageTable
manager.create_process_with_argv [ARM64]: Loading ELF into page table
manager.create_process_with_argv [ARM64]: ELF loaded, entry=0x4000eb40
manager.create_process_with_argv [ARM64]: Allocating user stack
manager.create_process_with_argv [ARM64]: User stack will be at 0xfffffeff0000-0xffffff000000
manager.create_process_with_argv [ARM64]: argc/argv set up on stack, SP=0xfffffefffed0
manager.create_process_with_argv [ARM64]: SUCCESS - returning PID 12
[spawn] Created child PID 12 for parent PID 1
[spawn] Success: child PID 12 scheduled
[EXEC_SMOKE:LAUNCH]
[EXEC_SMOKE:TARGET_ENTER argc=2]
[EXEC_SMOKE:TARGET_OK]
[syscall] exit(0) pid=12 name=/bin/exec_smoke_target
[TTBR0_ASID_CENSUS:untagged=0:tagged=3039:kernel=2741:cleared=5622]
[EXEC_SMOKE:LAUNCHER_EXIT code=0]
[spawn] path='/usr/local/test/bin/clonevm_exec_test'
manager.create_process_with_argv [ARM64]: ENTRY - name='clonevm_exec_test', elf_size=289648, argc=1
manager.create_process_with_argv [ARM64]: Generated PID 13
manager.create_process_with_argv [ARM64]: Creating ProcessPageTable
manager.create_process_with_argv [ARM64]: Loading ELF into page table
manager.create_process_with_argv [ARM64]: ELF loaded, entry=0x4000f63c
manager.create_process_with_argv [ARM64]: Allocating user stack
manager.create_process_with_argv [ARM64]: User stack will be at 0xfffffeff0000-0xffffff000000
manager.create_process_with_argv [ARM64]: argc/argv set up on stack, SP=0xfffffefffec0
manager.create_process_with_argv [ARM64]: SUCCESS - returning PID 13
[spawn] Created child PID 13 for parent PID 1
[spawn] Success: child PID 13 scheduled
CLONEVM_EXEC_TEST: start
CLONEVM_EXEC_TEST: child live
CLONEVM_EXEC_TEST: live sibling refused exec
[syscall] exit(0) pid=14 name=thread-14
[TTBR0_ASID_CENSUS:untagged=0:tagged=3242:kernel=2913:cleared=5971]
CLONEVM_EXEC_TEST: child exited
CLONEVM_EXEC_TEST: second stage
[syscall] exit(0) pid=15 name=thread-15
CLONEVM_EXEC_TEST: post-exec rendezvous complete
[TTBR0_ASID_CENSUS:untagged=0:tagged=3433:kernel=3052:cleared=6256]
CLONEVM_EXEC_TEST: post-exec futex keys derived
CLONEVM_EXEC_TEST: PASS
[syscall] exit(0) pid=13 name=/usr/local/test/bin/clonevm_exec_test
[TTBR0_ASID_CENSUS:untagged=0:tagged=3434:kernel=3053:cleared=6260]
[init] clonevm_exec_test exited pid=13 code=0
[init] wait_stress enabled; starting 60s waitqueue stress
[spawn] path='/bin/wait_stress'
manager.create_process_with_argv [ARM64]: ENTRY - name='wait_stress', elf_size=306272, argc=2
manager.create_process_with_argv [ARM64]: Generated PID 16
manager.create_process_with_argv [ARM64]: Creating ProcessPageTable
manager.create_process_with_argv [ARM64]: Loading ELF into page table
manager.create_process_with_argv [ARM64]: ELF loaded, entry=0x40010000
manager.create_process_with_argv [ARM64]: Allocating user stack
manager.create_process_with_argv [ARM64]: User stack will be at 0xfffffeff0000-0xffffff000000
manager.create_process_with_argv [ARM64]: argc/argv set up on stack, SP=0xfffffefffed0
manager.create_process_with_argv [ARM64]: SUCCESS - returning PID 16
[spawn] Created child PID 16 for parent PID 1
[spawn] Success: child PID 16 scheduled
WAIT_STRESS_START duration=60s sample=100ms
F123456789SCWAIT_STRESS: forked waiter pid=17
F123456789SCWAIT_STRESS: forked waker pid=18
[heartbeat] tid=12 uptime_ms=8211 kbd_nonzero=0
WAIT_STRESS_PROGRESS sample=10 entered=2292 returned=2291 wakes=959311 waiters=0

[CTX596_ELR_DIVERGENCE] tid=32 cpu=2 prev_elr=0x400047f0 x30=0xffff0000405621b4 ctx_elr=0xffff0000405621b4
[heartbeat] tid=12 uptime_ms=9212 kbd_nonzero=0

[INLINE_SAVE_OVERWRITE] tid=32 sp=0xffff000054265860 old_sp=0xffff000054265840 saved_sp=0xffff000054265840 delta=0x20 saved_lr=0xffff000040472568 saved_slot20=0xffff000054265ef8 slot20=0xffff000040472564 elr=0xffff0000404113fc x30=0xffff0000404113f0
WAIT_STRESS_PROGRESS sample=20 entered=3504 returned=3504 wakes=1982391 waiters=0
[RESUME_PC_CENSUS:cpu=0:source=el1-restore-frame-elr:text=188:kstack=0:uva=0:smallint=0:other=0]
[RESUME_PC_CENSUS:cpu=0:source=el0-restore-frame-elr:text=0:kstack=0:uva=74:smallint=0:other=0]
[RESUME_PC_CENSUS:cpu=0:source=ctx-x30:text=3227:kstack=0:uva=69:smallint=5:other=0]
[RESUME_PC_CENSUS:cpu=0:source=ctx-elr-el1:text=3227:kstack=0:uva=0:smallint=0:other=0]
[RESUME_PC_CENSUS:cpu=0:source=lr-save-el1:text=201:kstack=0:uva=0:smallint=0:other=0]
[RESUME_PC_CENSUS:cpu=0:source=lr-restore-el1:text=188:kstack=0:uva=0:smallint=0:other=0]
[RESUME_PC_CENSUS:cpu=0:source=lr-save-el0:text=0:kstack=0:uva=126:smallint=9:other=0]
[RESUME_PC_CENSUS:cpu=0:source=lr-restore-el0:text=0:kstack=0:uva=69:smallint=5:other=0]
[RESUME_PC_CENSUS:cpu=1:source=el1-restore-frame-elr:text=243:kstack=0:uva=0:smallint=0:other=0]
[RESUME_PC_CENSUS:cpu=1:source=el0-restore-frame-elr:text=0:kstack=0:uva=89:smallint=0:other=0]
[RESUME_PC_CENSUS:cpu=1:source=el0-first-entry-frame-elr:text=0:kstack=0:uva=5:smallint=0:other=0]
[RESUME_PC_CENSUS:cpu=1:source=ctx-x30:text=1490:kstack=0:uva=85:smallint=4:other=0]
[RESUME_PC_CENSUS:cpu=1:source=ctx-elr-el1:text=1490:kstack=0:uva=0:smallint=0:other=0]
[RESUME_PC_CENSUS:cpu=1:source=lr-save-el1:text=75:kstack=0:uva=0:smallint=0:other=0]
[RESUME_PC_CENSUS:cpu=1:source=lr-restore-el1:text=243:kstack=0:uva=0:smallint=0:other=0]
[RESUME_PC_CENSUS:cpu=1:source=lr-save-el0:text=0:kstack=0:uva=39:smallint=1:other=0]
[RESUME_PC_CENSUS:cpu=1:source=lr-restore-el0:text=0:kstack=0:uva=85:smallint=4:other=0]
[RESUME_PC_CENSUS:cpu=2:source=el1-restore-frame-elr:text=400:kstack=0:uva=0:smallint=0:other=0]
[RESUME_PC_CENSUS:cpu=2:source=el0-restore-frame-elr:text=0:kstack=0:uva=115:smallint=0:other=0]
[RESUME_PC_CENSUS:cpu=2:source=el0-first-entry-frame-elr:text=0:kstack=0:uva=2:smallint=0:other=0]
[RESUME_PC_CENSUS:cpu=2:source=ctx-x30:text=1197:kstack=0:uva=110:smallint=5:other=0]
[RESUME_PC_CENSUS:cpu=2:source=ctx-elr-el1:text=1197:kstack=0:uva=0:smallint=0:other=0]
[RESUME_PC_CENSUS:cpu=2:source=lr-save-el1:text=410:kstack=0:uva=0:smallint=0:other=0]
[RESUME_PC_CENSUS:cpu=2:source=lr-restore-el1:text=401:kstack=0:uva=0:smallint=0:other=0]
[RESUME_PC_CENSUS:cpu=2:source=lr-save-el0:text=0:kstack=0:uva=86:smallint=3:other=0]
[RESUME_PC_CENSUS:cpu=2:source=lr-restore-el0:text=0:kstack=0:uva=110:smallint=5:other=0]
[RESUME_PC_CENSUS:cpu=3:source=el1-restore-frame-elr:text=435:kstack=0:uva=0:smallint=0:other=0]
[RESUME_PC_CENSUS:cpu=3:source=el0-restore-frame-elr:text=0:kstack=0:uva=101:smallint=0:other=0]
[RESUME_PC_CENSUS:cpu=3:source=el0-first-entry-frame-elr:text=0:kstack=0:uva=1:smallint=0:other=0]
[RESUME_PC_CENSUS:cpu=3:source=ctx-x30:text=974:kstack=0:uva=93:smallint=8:other=0]
[RESUME_PC_CENSUS:cpu=3:source=ctx-elr-el1:text=974:kstack=0:uva=0:smallint=0:other=0]
[RESUME_PC_CENSUS:cpu=3:source=lr-save-el1:text=530:kstack=0:uva=0:smallint=0:other=0]
[RESUME_PC_CENSUS:cpu=3:source=lr-restore-el1:text=435:kstack=0:uva=0:smallint=0:other=0]
[RESUME_PC_CENSUS:cpu=3:source=lr-save-el0:text=0:kstack=0:uva=92:smallint=7:other=0]
[RESUME_PC_CENSUS:cpu=3:source=lr-restore-el0:text=0:kstack=0:uva=93:smallint=8:other=0]
[RESUME_PC_CENSUS:cpu=4:source=el1-restore-frame-elr:text=35:kstack=0:uva=0:smallint=0:other=0]
[RESUME_PC_CENSUS:cpu=4:source=el0-restore-frame-elr:text=0:kstack=0:uva=25:smallint=0:other=0]
[RESUME_PC_CENSUS:cpu=4:source=ctx-x30:text=133:kstack=0:uva=23:smallint=2:other=0]
[RESUME_PC_CENSUS:cpu=4:source=ctx-elr-el1:text=133:kstack=0:uva=0:smallint=0:other=0]
[RESUME_PC_CENSUS:cpu=4:source=lr-save-el1:text=31:kstack=0:uva=0:smallint=0:other=0]
[RESUME_PC_CENSUS:cpu=4:source=lr-restore-el1:text=35:kstack=0:uva=0:smallint=0:other=0]
[RESUME_PC_CENSUS:cpu=4:source=lr-save-el0:text=0:kstack=0:uva=17:smallint=2:other=0]
[RESUME_PC_CENSUS:cpu=4:source=lr-restore-el0:text=0:kstack=0:uva=23:smallint=2:other=0]
[RESUME_PC_CENSUS:cpu=5:source=el1-restore-frame-elr:text=428:kstack=0:uva=0:smallint=0:other=0]
[RESUME_PC_CENSUS:cpu=5:source=el0-restore-frame-elr:text=0:kstack=0:uva=79:smallint=0:other=0]
[RESUME_PC_CENSUS:cpu=5:source=ctx-x30:text=895:kstack=0:uva=76:smallint=3:other=0]
[heartbeat] tid=12 uptime_ms=10213 kbd_nonzero=0

[INLINE_SAVE_OVERWRITE] tid=32 sp=0xffff000054265860 old_sp=0xffff000054265840 saved_sp=0xffff000054265840 delta=0x20 saved_lr=0xffff000040472568 saved_slot20=0xffff000054265ef8 slot20=0xffff000040472564 elr=0xffff0000404113fc x30=0xffff0000404113f0
WAIT_STRESS_PROGRESS sample=30 entered=4690 returned=4689 wakes=3018194 waiters=0
[heartbeat] tid=12 uptime_ms=11214 kbd_nonzero=0
WAIT_STRESS_PROGRESS sample=40 entered=34234 returned=34233 wakes=3387362 waiters=0
[heartbeat] tid=12 uptime_ms=12216 kbd_nonzero=0
WAIT_STRESS_PROGRESS sample=50 entered=69566 returned=69565 wakes=3606631 waiters=0
[heartbeat] tid=12 uptime_ms=13217 kbd_nonzero=0
WAIT_STRESS_PROGRESS sample=60 entered=106245 returned=106244 wakes=3826830 waiters=0
[heartbeat] tid=12 uptime_ms=14218 kbd_nonzero=0
WAIT_STRESS_PROGRESS sample=70 entered=141474 returned=141473 wakes=4055733 waiters=0
[heartbeat] tid=12 uptime_ms=15219 kbd_nonzero=0
WAIT_STRESS_PROGRESS sample=80 entered=175246 returned=175245 wakes=4287692 waiters=0
[heartbeat] tid=12 uptime_ms=16221 kbd_nonzero=0
WAIT_STRESS_PROGRESS sample=90 entered=206472 returned=206471 wakes=4526404 waiters=1
[heartbeat] tid=12 uptime_ms=17222 kbd_nonzero=0
WAIT_STRESS_PROGRESS sample=100 entered=240692 returned=240691 wakes=4738716 waiters=0
[heartbeat] tid=12 uptime_ms=18223 kbd_nonzero=0
WAIT_STRESS_PROGRESS sample=110 entered=275321 returned=275320 wakes=4953537 waiters=0
[heartbeat] tid=12 uptime_ms=19224 kbd_nonzero=0
WAIT_STRESS_PROGRESS sample=120 entered=310116 returned=310115 wakes=5169375 waiters=0
[RESUME_PC_CENSUS:cpu=0:source=el1-restore-frame-elr:text=188:kstack=0:uva=0:smallint=0:other=0]
[RESUME_PC_CENSUS:cpu=0:source=el0-restore-frame-elr:text=0:kstack=0:uva=74:smallint=0:other=0]
[RESUME_PC_CENSUS:cpu=0:source=ctx-x30:text=3227:kstack=0:uva=69:smallint=5:other=0]
[RESUME_PC_CENSUS:cpu=0:source=ctx-elr-el1:text=3227:kstack=0:uva=0:smallint=0:other=0]
[RESUME_PC_CENSUS:cpu=0:source=lr-save-el1:text=201:kstack=0:uva=0:smallint=0:other=0]
[RESUME_PC_CENSUS:cpu=0:source=lr-restore-el1:text=188:kstack=0:uva=0:smallint=0:other=0]
[RESUME_PC_CENSUS:cpu=0:source=lr-save-el0:text=0:kstack=0:uva=126:smallint=9:other=0]
[RESUME_PC_CENSUS:cpu=0:source=lr-restore-el0:text=0:kstack=0:uva=69:smallint=5:other=0]
[RESUME_PC_CENSUS:cpu=1:source=el1-restore-frame-elr:text=361:kstack=0:uva=0:smallint=0:other=0]
[RESUME_PC_CENSUS:cpu=1:source=el0-restore-frame-elr:text=0:kstack=0:uva=96:smallint=0:other=0]
[RESUME_PC_CENSUS:cpu=1:source=el0-first-entry-frame-elr:text=0:kstack=0:uva=5:smallint=0:other=0]
[RESUME_PC_CENSUS:cpu=1:source=ctx-x30:text=96872:kstack=0:uva=92:smallint=4:other=0]
[RESUME_PC_CENSUS:cpu=1:source=ctx-elr-el1:text=96873:kstack=0:uva=0:smallint=0:other=0]
[RESUME_PC_CENSUS:cpu=1:source=lr-save-el1:text=75:kstack=0:uva=0:smallint=0:other=0]
[RESUME_PC_CENSUS:cpu=1:source=lr-restore-el1:text=361:kstack=0:uva=0:smallint=0:other=0]
[RESUME_PC_CENSUS:cpu=1:source=lr-save-el0:text=0:kstack=0:uva=39:smallint=1:other=0]
[RESUME_PC_CENSUS:cpu=1:source=lr-restore-el0:text=0:kstack=0:uva=92:smallint=4:other=0]
[RESUME_PC_CENSUS:cpu=2:source=el1-restore-frame-elr:text=553:kstack=0:uva=0:smallint=0:other=0]
[RESUME_PC_CENSUS:cpu=2:source=el0-restore-frame-elr:text=0:kstack=0:uva=136:smallint=0:other=0]
[RESUME_PC_CENSUS:cpu=2:source=el0-first-entry-frame-elr:text=0:kstack=0:uva=2:smallint=0:other=0]
[RESUME_PC_CENSUS:cpu=2:source=ctx-x30:text=56593:kstack=0:uva=131:smallint=5:other=0]
[RESUME_PC_CENSUS:cpu=2:source=ctx-elr-el1:text=56593:kstack=0:uva=0:smallint=0:other=0]
[RESUME_PC_CENSUS:cpu=2:source=lr-save-el1:text=512:kstack=0:uva=0:smallint=0:other=0]
[RESUME_PC_CENSUS:cpu=2:source=lr-restore-el1:text=553:kstack=0:uva=0:smallint=0:other=0]
[RESUME_PC_CENSUS:cpu=2:source=lr-save-el0:text=0:kstack=0:uva=109:smallint=3:other=0]
[RESUME_PC_CENSUS:cpu=2:source=lr-restore-el0:text=0:kstack=0:uva=131:smallint=5:other=0]
[RESUME_PC_CENSUS:cpu=3:source=el1-restore-frame-elr:text=599:kstack=0:uva=0:smallint=0:other=0]
[RESUME_PC_CENSUS:cpu=3:source=el0-restore-frame-elr:text=0:kstack=0:uva=118:smallint=0:other=0]
[RESUME_PC_CENSUS:cpu=3:source=el0-first-entry-frame-elr:text=0:kstack=0:uva=1:smallint=0:other=0]
[RESUME_PC_CENSUS:cpu=3:source=ctx-x30:text=36601:kstack=0:uva=110:smallint=8:other=0]
[RESUME_PC_CENSUS:cpu=3:source=ctx-elr-el1:text=36602:kstack=0:uva=0:smallint=0:other=0]
[RESUME_PC_CENSUS:cpu=3:source=lr-save-el1:text=649:kstack=0:uva=0:smallint=0:other=0]
[RESUME_PC_CENSUS:cpu=3:source=lr-restore-el1:text=599:kstack=0:uva=0:smallint=0:other=0]
[RESUME_PC_CENSUS:cpu=3:source=lr-save-el0:text=0:kstack=0:uva=110:smallint=7:other=0]
[RESUME_PC_CENSUS:cpu=3:source=lr-restore-el0:text=0:kstack=0:uva=110:smallint=8:other=0]
[RESUME_PC_CENSUS:cpu=4:source=el1-restore-frame-elr:text=35:kstack=0:uva=0:smallint=0:other=0]
[RESUME_PC_CENSUS:cpu=4:source=el0-restore-frame-elr:text=0:kstack=0:uva=25:smallint=0:other=0]
[RESUME_PC_CENSUS:cpu=4:source=ctx-x30:text=133:kstack=0:uva=23:smallint=2:other=0]
[RESUME_PC_CENSUS:cpu=4:source=ctx-elr-el1:text=133:kstack=0:uva=0:smallint=0:other=0]
[RESUME_PC_CENSUS:cpu=4:source=lr-save-el1:text=31:kstack=0:uva=0:smallint=0:other=0]
[RESUME_PC_CENSUS:cpu=4:source=lr-restore-el1:text=35:kstack=0:uva=0:smallint=0:other=0]
[RESUME_PC_CENSUS:cpu=4:source=lr-save-el0:text=0:kstack=0:uva=17:smallint=2:other=0]
[RESUME_PC_CENSUS:cpu=4:source=lr-restore-el0:text=0:kstack=0:uva=23:smallint=2:other=0]
[RESUME_PC_CENSUS:cpu=5:source=el1-restore-frame-elr:text=665:kstack=0:uva=0:smallint=0:other=0]
[RESUME_PC_CENSUS:cpu=5:source=el0-restore-frame-elr:text=0:kstack=0:uva=120:smallint=0:other=0]
[RESUME_PC_CENSUS:cpu=5:source=ctx-x30:text=56246:kstack=0:uva=117:smallint=3:other=0]
[RESUME_PC_CENSUS:cpu=5:source=ctx-elr-el1:text=56246:kstack=0:uva=0:smallint=0:other=0]
[RESUME_PC_CENSUS:cpu=5:source=lr-save-el1:text=652:kstack=0:uva=0:smallint=0:other=0]
[RESUME_PC_CENSUS:cpu=5:source=lr-restore-el1:text=665:kstack=0:uva=0:smallint=0:other=0]
[RESUME_PC_CENSUS:cpu=5:source=lr-save-el0:text=0:kstack=0:uva=130:smallint=3:other=0]
[RESUME_PC_CENSUS:cpu=5:source=lr-restore-el0:text=0:kstack=0:uva=117:smallint=3:other=0]
[RESUME_PC_CENSUS:cpu=6:source=el1-restore-frame-elr:text=39:kstack=0:uva=0:smallint=0:other=0]
[RESUME_PC_CENSUS:cpu=6:source=el0-restore-frame-elr:text=0:kstack=0:uva=23:smallint=0:other=0]
[RESUME_PC_CENSUS:cpu=6:source=ctx-x30:text=54:kstack=0:uva=22:smallint=1:other=0]
[RESUME_PC_CENSUS:cpu=6:source=ctx-elr-el1:text=54:kstack=0:uva=0:smallint=0:other=0]
[RESUME_PC_CENSUS:cpu=6:source=lr-save-el1:text=35:kstack=0:uva=0:smallint=0:other=0]
[RESUME_PC_CENSUS:cpu=6:source=lr-restore-el1:text=39:kstack=0:uva=0:smallint=0:other=0]
[RESUME_PC_CENSUS:cpu=6:source=lr-save-el0:text=0:kstack=0:uva=20:smallint=1:other=0]
[RESUME_PC_CENSUS:cpu=6:source=lr-restore-el0:text=0:kstack=0:uva=22:smallint=1:other=0]
[RESUME_PC_CENSUS:cpu=7:source=el1-restore-frame-elr:text=138:kstack=0:uva=0:smallint=0:other=0]
[RESUME_PC_CENSUS:cpu=7:source=el0-restore-frame-elr:text=0:kstack=0:uva=18:smallint=0:other=0]
[RESUME_PC_CENSUS:cpu=7:source=ctx-x30:text=70496:kstack=0:uva=18:smallint=0:other=0]
[RESUME_PC_CENSUS:cpu=7:source=ctx-elr-el1:text=70496:kstack=0:uva=0:smallint=0:other=0]
[RESUME_PC_CENSUS:cpu=7:source=lr-save-el1:text=101:kstack=0:uva=0:smallint=0:other=0]
[RESUME_PC_CENSUS:cpu=7:source=lr-restore-el1:text=138:kstack=0:uva=0:smallint=0:other=0]
[RESUME_PC_CENSUS:cpu=7:source=lr-save-el0:text=0:kstack=0:uva=23:smallint=0:other=0]
[RESUME_PC_CENSUS:cpu=7:source=lr-restore-el0:text=0:kstack=0:uva=18:smallint=0:other=0]
[heartbeat] tid=12 uptime_ms=20224 kbd_nonzero=0
[PT_ROOT_CUSTODY:no_proof=11:no_arch=0:terminated=0:undecided=0:mid_retire=0:retired=3]
[TOMBSTONE_CENSUS:resident=0:removed=9:reap_second=9:retire_second=0:abandoned_unqueued=0]
[TTBR0_ASID_CENSUS:untagged=0:tagged=660073:kernel=328082:cleared=987575]
[net-rx-counters] sample=1 begin
[net-rx-counters] sample=1 NET_RX_MSI_TOTAL: 2 (cpu0=2)
[net-rx-counters] sample=1 NET_RX_RING_DRAIN_TOTAL: 3 (cpu0=3)
[net-rx-counters] sample=1 NET_RX_FRAME_TOTAL: 3 (cpu0=3)
[net-rx-counters] sample=1 NET_RX_ARP_TOTAL: 2 (cpu0=2)
[net-rx-counters] sample=1 NET_RX_ETHERTYPE_OTHER_TOTAL: 0
[net-rx-counters] sample=1 NET_RX_SOFTIRQ_ENTRY_TOTAL: 11 (cpu0=1, cpu1=5, cpu2=2, cpu5=3)
[net-rx-counters] sample=1 NET_RX_SOFTIRQ_EXIT_TOTAL: 11 (cpu0=1, cpu1=5, cpu2=2, cpu5=3)
[net-rx-counters] sample=1 NET_RX_REENTRANT_SKIP_TOTAL: 0
[net-rx-counters] sample=1 NET_RX_GUARD_RELEASE_TOTAL: 12 (cpu0=2, cpu1=5, cpu2=2, cpu5=3)
[net-rx-counters] sample=1 NET_RX_REARM_CHECK_TOTAL: 12 (cpu0=2, cpu1=5, cpu2=2, cpu5=3)
[net-rx-counters] sample=1 NET_RX_REARM_RACE_TOTAL: 0
[net-rx-counters] sample=1 NET_RX_REARM_ARMED_TOTAL: 12 (cpu0=2, cpu1=5, cpu2=2, cpu5=3)
[net-rx-counters] sample=1 NET_PCI_IRQ_RAISED_NETRX: 2 (cpu0=2)
[net-rx-counters] sample=1 GIC_SPI55_ACK_TOTAL: 2 (cpu0=2)
[net-rx-counters] sample=1 GICV2M_BASE_PHYS: 0x2250000
[net-rx-counters] sample=1 GICV2M_DOORBELL_PHYS: 0x2250040
[net-rx-counters] sample=1 GICV2M_MSI_TYPER: 0x80350040
[net-rx-counters] sample=1 GICV2M_SPI_BASE: 53
[net-rx-counters] sample=1 GICV2M_SPI_COUNT: 64
[net-rx-counters] sample=1 GICV2M_NEXT_INDEX: 4
[net-rx-counters] sample=1 GIC_SPI54_IRQ: 54
[net-rx-counters] sample=1 GIC_SPI54_VERSION: 3
[net-rx-counters] sample=1 GIC_SPI54_ISENABLER_BIT: 0x400000
[net-rx-counters] sample=1 GIC_SPI54_ISPENDR_BIT: 0x0
[net-rx-counters] sample=1 GIC_SPI54_ISACTIVER_BIT: 0x0
[net-rx-counters] sample=1 GIC_SPI54_IGROUPR_BIT: 0x400000
[net-rx-counters] sample=1 GIC_SPI54_PRIORITY: 0xa0
[net-rx-counters] sample=1 GIC_SPI54_ICFGR_REG: 0x2a800
[net-rx-counters] sample=1 GIC_SPI54_IROUTER: 0x0
[net-rx-counters] sample=1 GIC_SPI54_ITARGETSR_BYTE: 0x0
[net-rx-counters] sample=1 GIC_SPI54_GICD_CTLR: 0x53
[net-rx-counters] sample=1 GIC_SPI55_IRQ: 55
[net-rx-counters] sample=1 GIC_SPI55_VERSION: 3
[net-rx-counters] sample=1 GIC_SPI55_ISENABLER_BIT: 0x800000
[net-rx-counters] sample=1 GIC_SPI55_ISPENDR_BIT: 0x0
[net-rx-counters] sample=1 GIC_SPI55_ISACTIVER_BIT: 0x0
[net-rx-counters] sample=1 GIC_SPI55_IGROUPR_BIT: 0x800000
[net-rx-counters] sample=1 GIC_SPI55_PRIORITY: 0xa0
[net-rx-counters] sample=1 GIC_SPI55_ICFGR_REG: 0x2a800
[net-rx-counters] sample=1 GIC_SPI55_IROUTER: 0x0
[net-rx-counters] sample=1 GIC_SPI55_ITARGETSR_BYTE: 0x0
[net-rx-counters] sample=1 GIC_SPI55_GICD_CTLR: 0x53
[net-rx-counters] sample=1 MANUAL_GICV2M_TEST_DONE: 1
[net-rx-counters] sample=1 MANUAL_GICV2M_TEST_IRQ: 55
[net-rx-counters] sample=1 MANUAL_GICV2M_TEST_DOORBELL: 0x2250040
[net-rx-counters] sample=1 MANUAL_GICV2M_TEST_BEFORE_PEND: 0x0
[net-rx-counters] sample=1 MANUAL_GICV2M_TEST_AFTER_WRITE_PEND: 0x800000
[net-rx-counters] sample=1 MANUAL_GICV2M_TEST_AFTER_WAIT_PEND: 0x0
[net-rx-counters] sample=1 MANUAL_GICV2M_TEST_ACK_BEFORE: 0
[net-rx-counters] sample=1 MANUAL_GICV2M_TEST_ACK_AFTER: 1
[net-rx-counters] sample=1 MANUAL_GICV2M_TEST_MSI_BEFORE: 0
[net-rx-counters] sample=1 MANUAL_GICV2M_TEST_MSI_AFTER: 1
[net-rx-counters] sample=1 NET_PCI_DEVICE_STATUS: 0xf
[net-rx-counters] sample=1 NET_PCI_ISR_STATUS: 0x0
[net-rx-counters] sample=1 NET_PCI_DEVICE_FEATURES: 0x6187bfa3
[net-rx-counters] sample=1 NET_PCI_GUEST_FEATURES: 0x10020
[net-rx-counters] sample=1 NET_PCI_RX_QUEUE_PFN: 0x4118a
[net-rx-counters] sample=1 NET_PCI_TX_QUEUE_PFN: 0x4118d
[net-rx-counters] sample=1 NET_PCI_RX_QUEUE_SIZE: 256
[net-rx-counters] sample=1 NET_PCI_TX_QUEUE_SIZE: 256
[net-rx-counters] sample=1 NET_PCI_RX_QUEUE_ALIGN: 4096
[net-rx-counters] sample=1 NET_PCI_RX_QUEUE_VECTOR: 0x0
[net-rx-counters] sample=1 NET_PCI_TX_QUEUE_VECTOR: 0xffff
[net-rx-counters] sample=1 NET_PCI_RX_AVAIL_FLAGS: 0x0
[net-rx-counters] sample=1 NET_PCI_RX_AVAIL_IDX: 12
[net-rx-counters] sample=1 NET_PCI_RX_USED_FLAGS: 0x1
[net-rx-counters] sample=1 NET_PCI_RX_USED_IDX: 3
[net-rx-counters] sample=1 NET_PCI_RX_LAST_USED_IDX: 3
[net-rx-counters] sample=1 NET_PCI_RX_POSTED_GAP: 9
[net-rx-counters] sample=1 NET_PCI_RX_DESC0: addr=0x411a9c00 len=1524 flags=0x2
[net-rx-counters] sample=1 NET_PCI_RX_DESC1: addr=0x411aa200 len=1524 flags=0x2
[net-rx-counters] sample=1 NET_PCI_RX_DESC2: addr=0x411aa800 len=1524 flags=0x2
[net-rx-counters] sample=1 NET_PCI_RX_DESC3: addr=0x411aae00 len=1524 flags=0x2
[net-rx-counters] sample=1 NET_PCI_RX_RING_HEADS: 0,1,2,3
[net-rx-counters] sample=1 NET_RX_PROCESSING_HELD: 0
[net-rx-counters] sample=1 NET_RX_PENDING_WHILE_PROCESSING: 0
[net-rx-counters] sample=1 NET_PCI_RX_REARM_SAMPLE_SEQ: 12
[net-rx-counters] sample=1 NET_PCI_RX_REARM_SAMPLE0: used_idx=3 last_used_idx=3 avail_flags=0x0 raced=0
[net-rx-counters] sample=1 NET_PCI_RX_REARM_SAMPLE1: used_idx=3 last_used_idx=3 avail_flags=0x0 raced=0
[net-rx-counters] sample=1 NET_PCI_RX_REARM_SAMPLE2: used_idx=3 last_used_idx=3 avail_flags=0x0 raced=0
[net-rx-counters] sample=1 NET_PCI_RX_REARM_SAMPLE3: used_idx=3 last_used_idx=3 avail_flags=0x0 raced=0
[net-rx-counters] sample=1 NET_PCI_RX_SOFTIRQ_ENTRY_SAMPLE: used_idx=3 last_used_idx=3 avail_flags=0x0 raced=0
[net-rx-counters] sample=1 NET_PCI_RX_SOFTIRQ_EXIT_SAMPLE: used_idx=3 last_used_idx=3 avail_flags=0x0 raced=0
[net-rx-counters] sample=1 end
WAIT_STRESS_PROGRESS sample=130 entered=345390 returned=345389 wakes=5387480 waiters=1
[heartbeat] tid=12 uptime_ms=21252 kbd_nonzero=0
WAIT_STRESS_PROGRESS sample=140 entered=382215 returned=382214 wakes=5606187 waiters=0
[heartbeat] tid=12 uptime_ms=22253 kbd_nonzero=0
WAIT_STRESS_PROGRESS sample=150 entered=419143 returned=419142 wakes=5824117 waiters=0
[heartbeat] tid=12 uptime_ms=23254 kbd_nonzero=0
WAIT_STRESS_PROGRESS sample=160 entered=455869 returned=455868 wakes=6043883 waiters=1
[heartbeat] tid=12 uptime_ms=24254 kbd_nonzero=0
WAIT_STRESS_PROGRESS sample=170 entered=492828 returned=492827 wakes=6262515 waiters=0
[heartbeat] tid=12 uptime_ms=25255 kbd_nonzero=0
WAIT_STRESS_PROGRESS sample=180 entered=529881 returned=529880 wakes=6481992 waiters=0
[heartbeat] tid=12 uptime_ms=26257 kbd_nonzero=0
WAIT_STRESS_PROGRESS sample=190 entered=567046 returned=567046 wakes=6702208 waiters=0
[heartbeat] tid=12 uptime_ms=27258 kbd_nonzero=0
WAIT_STRESS_PROGRESS sample=200 entered=603881 returned=603881 wakes=6921570 waiters=0
[heartbeat] tid=12 uptime_ms=28260 kbd_nonzero=0
WAIT_STRESS_PROGRESS sample=210 entered=640921 returned=640920 wakes=7141629 waiters=1
[heartbeat] tid=12 uptime_ms=29261 kbd_nonzero=0
WAIT_STRESS_PROGRESS sample=220 entered=678186 returned=678185 wakes=7362314 waiters=0
[RESUME_PC_CENSUS:cpu=0:source=el1-restore-frame-elr:text=188:kstack=0:uva=0:smallint=0:other=0]
[RESUME_PC_CENSUS:cpu=0:source=el0-restore-frame-elr:text=0:kstack=0:uva=74:smallint=0:other=0]
[RESUME_PC_CENSUS:cpu=0:source=ctx-x30:text=3227:kstack=0:uva=69:smallint=5:other=0]
[RESUME_PC_CENSUS:cpu=0:source=ctx-elr-el1:text=3227:kstack=0:uva=0:smallint=0:other=0]
[RESUME_PC_CENSUS:cpu=0:source=lr-save-el1:text=201:kstack=0:uva=0:smallint=0:other=0]
[RESUME_PC_CENSUS:cpu=0:source=lr-restore-el1:text=188:kstack=0:uva=0:smallint=0:other=0]
[RESUME_PC_CENSUS:cpu=0:source=lr-save-el0:text=0:kstack=0:uva=126:smallint=9:other=0]
[RESUME_PC_CENSUS:cpu=0:source=lr-restore-el0:text=0:kstack=0:uva=69:smallint=5:other=0]
[RESUME_PC_CENSUS:cpu=1:source=el1-restore-frame-elr:text=405:kstack=0:uva=0:smallint=0:other=0]
[RESUME_PC_CENSUS:cpu=1:source=el0-restore-frame-elr:text=0:kstack=0:uva=96:smallint=0:other=0]
[RESUME_PC_CENSUS:cpu=1:source=el0-first-entry-frame-elr:text=0:kstack=0:uva=5:smallint=0:other=0]
[RESUME_PC_CENSUS:cpu=1:source=ctx-x30:text=160557:kstack=0:uva=92:smallint=4:other=0]
[RESUME_PC_CENSUS:cpu=1:source=ctx-elr-el1:text=160563:kstack=0:uva=0:smallint=0:other=0]
[RESUME_PC_CENSUS:cpu=1:source=lr-save-el1:text=75:kstack=0:uva=0:smallint=0:other=0]
[RESUME_PC_CENSUS:cpu=1:source=lr-restore-el1:text=405:kstack=0:uva=0:smallint=0:other=0]
[RESUME_PC_CENSUS:cpu=1:source=lr-save-el0:text=0:kstack=0:uva=39:smallint=1:other=0]
[RESUME_PC_CENSUS:cpu=1:source=lr-restore-el0:text=0:kstack=0:uva=92:smallint=4:other=0]
[RESUME_PC_CENSUS:cpu=2:source=el1-restore-frame-elr:text=582:kstack=0:uva=0:smallint=0:other=0]
[RESUME_PC_CENSUS:cpu=2:source=el0-restore-frame-elr:text=0:kstack=0:uva=136:smallint=0:other=0]
[RESUME_PC_CENSUS:cpu=2:source=el0-first-entry-frame-elr:text=0:kstack=0:uva=2:smallint=0:other=0]
[RESUME_PC_CENSUS:cpu=2:source=ctx-x30:text=95094:kstack=0:uva=131:smallint=5:other=0]
[RESUME_PC_CENSUS:cpu=2:source=ctx-elr-el1:text=95094:kstack=0:uva=0:smallint=0:other=0]
[RESUME_PC_CENSUS:cpu=2:source=lr-save-el1:text=512:kstack=0:uva=0:smallint=0:other=0]
[RESUME_PC_CENSUS:cpu=2:source=lr-restore-el1:text=582:kstack=0:uva=0:smallint=0:other=0]
[RESUME_PC_CENSUS:cpu=2:source=lr-save-el0:text=0:kstack=0:uva=109:smallint=3:other=0]
[RESUME_PC_CENSUS:cpu=2:source=lr-restore-el0:text=0:kstack=0:uva=131:smallint=5:other=0]
[RESUME_PC_CENSUS:cpu=3:source=el1-restore-frame-elr:text=638:kstack=0:uva=0:smallint=0:other=0]
[RESUME_PC_CENSUS:cpu=3:source=el0-restore-frame-elr:text=0:kstack=0:uva=118:smallint=0:other=0]
[RESUME_PC_CENSUS:cpu=3:source=el0-first-entry-frame-elr:text=0:kstack=0:uva=1:smallint=0:other=0]
[RESUME_PC_CENSUS:cpu=3:source=ctx-x30:text=92537:kstack=0:uva=110:smallint=8:other=0]
[RESUME_PC_CENSUS:cpu=3:source=ctx-elr-el1:text=92541:kstack=0:uva=0:smallint=0:other=0]
[RESUME_PC_CENSUS:cpu=3:source=lr-save-el1:text=649:kstack=0:uva=0:smallint=0:other=0]
[RESUME_PC_CENSUS:cpu=3:source=lr-restore-el1:text=638:kstack=0:uva=0:smallint=0:other=0]
[RESUME_PC_CENSUS:cpu=3:source=lr-save-el0:text=0:kstack=0:uva=110:smallint=7:other=0]
[RESUME_PC_CENSUS:cpu=3:source=lr-restore-el0:text=0:kstack=0:uva=110:smallint=8:other=0]
[RESUME_PC_CENSUS:cpu=4:source=el1-restore-frame-elr:text=35:kstack=0:uva=0:smallint=0:other=0]
[RESUME_PC_CENSUS:cpu=4:source=el0-restore-frame-elr:text=0:kstack=0:uva=25:smallint=0:other=0]
[RESUME_PC_CENSUS:cpu=4:source=ctx-x30:text=133:kstack=0:uva=23:smallint=2:other=0]
[RESUME_PC_CENSUS:cpu=4:source=ctx-elr-el1:text=133:kstack=0:uva=0:smallint=0:other=0]
[RESUME_PC_CENSUS:cpu=4:source=lr-save-el1:text=31:kstack=0:uva=0:smallint=0:other=0]
[RESUME_PC_CENSUS:cpu=4:source=lr-restore-el1:text=35:kstack=0:uva=0:smallint=0:other=0]
[RESUME_PC_CENSUS:cpu=4:source=lr-save-el0:text=0:kstack=0:uva=17:smallint=2:other=0]
[RESUME_PC_CENSUS:cpu=4:source=lr-restore-el0:text=0:kstack=0:uva=23:smallint=2:other=0]
[RESUME_PC_CENSUS:cpu=5:source=el1-restore-frame-elr:text=715:kstack=0:uva=0:smallint=0:other=0]
[RESUME_PC_CENSUS:cpu=5:source=el0-restore-frame-elr:text=0:kstack=0:uva=120:smallint=0:other=0]
[RESUME_PC_CENSUS:cpu=5:source=ctx-x30:text=141105:kstack=0:uva=117:smallint=3:other=0]
[RESUME_PC_CENSUS:cpu=5:source=ctx-elr-el1:text=141105:kstack=0:uva=0:smallint=0:other=0]
[RESUME_PC_CENSUS:cpu=5:source=lr-save-el1:text=652:kstack=0:uva=0:smallint=0:other=0]
[RESUME_PC_CENSUS:cpu=5:source=lr-restore-el1:text=715:kstack=0:uva=0:smallint=0:other=0]
[RESUME_PC_CENSUS:cpu=5:source=lr-save-el0:text=0:kstack=0:uva=130:smallint=3:other=0]
[RESUME_PC_CENSUS:cpu=5:source=lr-restore-el0:text=0:kstack=0:uva=117:smallint=3:other=0]
[RESUME_PC_CENSUS:cpu=6:source=el1-restore-frame-elr:text=39:kstack=0:uva=0:smallint=0:other=0]
[RESUME_PC_CENSUS:cpu=6:source=el0-restore-frame-elr:text=0:kstack=0:uva=23:smallint=0:other=0]
[RESUME_PC_CENSUS:cpu=6:source=ctx-x30:text=54:kstack=0:uva=22:smallint=1:other=0]
[RESUME_PC_CENSUS:cpu=6:source=ctx-elr-el1:text=54:kstack=0:uva=0:smallint=0:other=0]
[RESUME_PC_CENSUS:cpu=6:source=lr-save-el1:text=35:kstack=0:uva=0:smallint=0:other=0]
[RESUME_PC_CENSUS:cpu=6:source=lr-restore-el1:text=39:kstack=0:uva=0:smallint=0:other=0]
[RESUME_PC_CENSUS:cpu=6:source=lr-save-el0:text=0:kstack=0:uva=20:smallint=1:other=0]
[RESUME_PC_CENSUS:cpu=6:source=lr-restore-el0:text=0:kstack=0:uva=22:smallint=1:other=0]
[RESUME_PC_CENSUS:cpu=7:source=el1-restore-frame-elr:text=214:kstack=0:uva=0:smallint=0:other=0]
[RESUME_PC_CENSUS:cpu=7:source=el0-restore-frame-elr:text=0:kstack=0:uva=18:smallint=0:other=0]
[RESUME_PC_CENSUS:cpu=7:source=ctx-x30:text=180091:kstack=0:uva=18:smallint=0:other=0]
[RESUME_PC_CENSUS:cpu=7:source=ctx-elr-el1:text=180093:kstack=0:uva=0:smallint=0:other=0]
[RESUME_PC_CENSUS:cpu=7:source=lr-save-el1:text=101:kstack=0:uva=0:smallint=0:other=0]
[RESUME_PC_CENSUS:cpu=7:source=lr-restore-el1:text=214:kstack=0:uva=0:smallint=0:other=0]
[RESUME_PC_CENSUS:cpu=7:source=lr-save-el0:text=0:kstack=0:uva=23:smallint=0:other=0]
[RESUME_PC_CENSUS:cpu=7:source=lr-restore-el0:text=0:kstack=0:uva=18:smallint=0:other=0]
[heartbeat] tid=12 uptime_ms=30263 kbd_nonzero=0
[PT_ROOT_CUSTODY:no_proof=11:no_arch=0:terminated=0:undecided=0:mid_retire=0:retired=3]
[TOMBSTONE_CENSUS:resident=0:removed=9:reap_second=9:retire_second=0:abandoned_unqueued=0]
[TTBR0_ASID_CENSUS:untagged=0:tagged=1381712:kernel=682189:cleared=2063321]
[net-rx-counters] sample=2 begin
[net-rx-counters] sample=2 NET_RX_MSI_TOTAL: 3 (cpu0=3)
[net-rx-counters] sample=2 NET_RX_RING_DRAIN_TOTAL: 4 (cpu0=4)
[net-rx-counters] sample=2 NET_RX_FRAME_TOTAL: 4 (cpu0=4)
[net-rx-counters] sample=2 NET_RX_ARP_TOTAL: 2 (cpu0=2)
[net-rx-counters] sample=2 NET_RX_ETHERTYPE_OTHER_TOTAL: 0
[net-rx-counters] sample=2 NET_RX_SOFTIRQ_ENTRY_TOTAL: 12 (cpu0=2, cpu1=5, cpu2=2, cpu5=3)
[net-rx-counters] sample=2 NET_RX_SOFTIRQ_EXIT_TOTAL: 12 (cpu0=2, cpu1=5, cpu2=2, cpu5=3)
[net-rx-counters] sample=2 NET_RX_REENTRANT_SKIP_TOTAL: 0
[net-rx-counters] sample=2 NET_RX_GUARD_RELEASE_TOTAL: 13 (cpu0=3, cpu1=5, cpu2=2, cpu5=3)
[net-rx-counters] sample=2 NET_RX_REARM_CHECK_TOTAL: 13 (cpu0=3, cpu1=5, cpu2=2, cpu5=3)
[net-rx-counters] sample=2 NET_RX_REARM_RACE_TOTAL: 0
[net-rx-counters] sample=2 NET_RX_REARM_ARMED_TOTAL: 13 (cpu0=3, cpu1=5, cpu2=2, cpu5=3)
[net-rx-counters] sample=2 NET_PCI_IRQ_RAISED_NETRX: 3 (cpu0=3)
[net-rx-counters] sample=2 GIC_SPI55_ACK_TOTAL: 3 (cpu0=3)
[net-rx-counters] sample=2 GICV2M_BASE_PHYS: 0x2250000
[net-rx-counters] sample=2 GICV2M_DOORBELL_PHYS: 0x2250040
[net-rx-counters] sample=2 GICV2M_MSI_TYPER: 0x80350040
[net-rx-counters] sample=2 GICV2M_SPI_BASE: 53
[net-rx-counters] sample=2 GICV2M_SPI_COUNT: 64
[net-rx-counters] sample=2 GICV2M_NEXT_INDEX: 4
[net-rx-counters] sample=2 GIC_SPI54_IRQ: 54
[net-rx-counters] sample=2 GIC_SPI54_VERSION: 3
[net-rx-counters] sample=2 GIC_SPI54_ISENABLER_BIT: 0x400000
[net-rx-counters] sample=2 GIC_SPI54_ISPENDR_BIT: 0x0
[net-rx-counters] sample=2 GIC_SPI54_ISACTIVER_BIT: 0x0
[net-rx-counters] sample=2 GIC_SPI54_IGROUPR_BIT: 0x400000
[net-rx-counters] sample=2 GIC_SPI54_PRIORITY: 0xa0
[net-rx-counters] sample=2 GIC_SPI54_ICFGR_REG: 0x2a800
[net-rx-counters] sample=2 GIC_SPI54_IROUTER: 0x0
[net-rx-counters] sample=2 GIC_SPI54_ITARGETSR_BYTE: 0x0
[net-rx-counters] sample=2 GIC_SPI54_GICD_CTLR: 0x53
[net-rx-counters] sample=2 GIC_SPI55_IRQ: 55
[net-rx-counters] sample=2 GIC_SPI55_VERSION: 3
[net-rx-counters] sample=2 GIC_SPI55_ISENABLER_BIT: 0x800000
[net-rx-counters] sample=2 GIC_SPI55_ISPENDR_BIT: 0x0
[net-rx-counters] sample=2 GIC_SPI55_ISACTIVER_BIT: 0x0
[net-rx-counters] sample=2 GIC_SPI55_IGROUPR_BIT: 0x800000
[net-rx-counters] sample=2 GIC_SPI55_PRIORITY: 0xa0
[net-rx-counters] sample=2 GIC_SPI55_ICFGR_REG: 0x2a800
[net-rx-counters] sample=2 GIC_SPI55_IROUTER: 0x0
[net-rx-counters] sample=2 GIC_SPI55_ITARGETSR_BYTE: 0x0
[net-rx-counters] sample=2 GIC_SPI55_GICD_CTLR: 0x53
[net-rx-counters] sample=2 MANUAL_GICV2M_TEST_DONE: 1
[net-rx-counters] sample=2 MANUAL_GICV2M_TEST_IRQ: 55
[net-rx-counters] sample=2 MANUAL_GICV2M_TEST_DOORBELL: 0x2250040
[net-rx-counters] sample=2 MANUAL_GICV2M_TEST_BEFORE_PEND: 0x0
[net-rx-counters] sample=2 MANUAL_GICV2M_TEST_AFTER_WRITE_PEND: 0x800000
[net-rx-counters] sample=2 MANUAL_GICV2M_TEST_AFTER_WAIT_PEND: 0x0
[net-rx-counters] sample=2 MANUAL_GICV2M_TEST_ACK_BEFORE: 0
[net-rx-counters] sample=2 MANUAL_GICV2M_TEST_ACK_AFTER: 1
[net-rx-counters] sample=2 MANUAL_GICV2M_TEST_MSI_BEFORE: 0
[net-rx-counters] sample=2 MANUAL_GICV2M_TEST_MSI_AFTER: 1
[net-rx-counters] sample=2 NET_PCI_DEVICE_STATUS: 0xf
[net-rx-counters] sample=2 NET_PCI_ISR_STATUS: 0x0
[net-rx-counters] sample=2 NET_PCI_DEVICE_FEATURES: 0x6187bfa3
[net-rx-counters] sample=2 NET_PCI_GUEST_FEATURES: 0x10020
[net-rx-counters] sample=2 NET_PCI_RX_QUEUE_PFN: 0x4118a
[net-rx-counters] sample=2 NET_PCI_TX_QUEUE_PFN: 0x4118d
[net-rx-counters] sample=2 NET_PCI_RX_QUEUE_SIZE: 256
[net-rx-counters] sample=2 NET_PCI_TX_QUEUE_SIZE: 256
[net-rx-counters] sample=2 NET_PCI_RX_QUEUE_ALIGN: 4096
[net-rx-counters] sample=2 NET_PCI_RX_QUEUE_VECTOR: 0x0
[net-rx-counters] sample=2 NET_PCI_TX_QUEUE_VECTOR: 0xffff
[net-rx-counters] sample=2 NET_PCI_RX_AVAIL_FLAGS: 0x0
[net-rx-counters] sample=2 NET_PCI_RX_AVAIL_IDX: 16
[net-rx-counters] sample=2 NET_PCI_RX_USED_FLAGS: 0x1
[net-rx-counters] sample=2 NET_PCI_RX_USED_IDX: 4
[net-rx-counters] sample=2 NET_PCI_RX_LAST_USED_IDX: 4
[net-rx-counters] sample=2 NET_PCI_RX_POSTED_GAP: 12
[net-rx-counters] sample=2 NET_PCI_RX_DESC0: addr=0x411a9c00 len=1524 flags=0x2
[net-rx-counters] sample=2 NET_PCI_RX_DESC1: addr=0x411aa200 len=1524 flags=0x2
[net-rx-counters] sample=2 NET_PCI_RX_DESC2: addr=0x411aa800 len=1524 flags=0x2
[net-rx-counters] sample=2 NET_PCI_RX_DESC3: addr=0x411aae00 len=1524 flags=0x2
[net-rx-counters] sample=2 NET_PCI_RX_RING_HEADS: 0,1,2,3
[net-rx-counters] sample=2 NET_RX_PROCESSING_HELD: 0
[net-rx-counters] sample=2 NET_RX_PENDING_WHILE_PROCESSING: 0
[net-rx-counters] sample=2 NET_PCI_RX_REARM_SAMPLE_SEQ: 13
[net-rx-counters] sample=2 NET_PCI_RX_REARM_SAMPLE0: used_idx=4 last_used_idx=4 avail_flags=0x0 raced=0
[net-rx-counters] sample=2 NET_PCI_RX_REARM_SAMPLE1: used_idx=3 last_used_idx=3 avail_flags=0x0 raced=0
[net-rx-counters] sample=2 NET_PCI_RX_REARM_SAMPLE2: used_idx=3 last_used_idx=3 avail_flags=0x0 raced=0
[net-rx-counters] sample=2 NET_PCI_RX_REARM_SAMPLE3: used_idx=3 last_used_idx=3 avail_flags=0x0 raced=0
[net-rx-counters] sample=2 NET_PCI_RX_SOFTIRQ_ENTRY_SAMPLE: used_idx=4 last_used_idx=3 avail_flags=0x1 raced=0
[net-rx-counters] sample=2 NET_PCI_RX_SOFTIRQ_EXIT_SAMPLE: used_idx=4 last_used_idx=4 avail_flags=0x0 raced=0
[net-rx-counters] sample=2 end
WAIT_STRESS_PROGRESS sample=230 entered=713837 returned=713836 wakes=7584435 waiters=0
[heartbeat] tid=12 uptime_ms=31289 kbd_nonzero=0
WAIT_STRESS_PROGRESS sample=240 entered=751001 returned=751000 wakes=7809945 waiters=0
[heartbeat] tid=12 uptime_ms=32290 kbd_nonzero=0
WAIT_STRESS_PROGRESS sample=250 entered=788016 returned=788015 wakes=8044449 waiters=0
[heartbeat] tid=12 uptime_ms=33291 kbd_nonzero=0
WAIT_STRESS_PROGRESS sample=260 entered=826684 returned=826683 wakes=8282599 waiters=0
[heartbeat] tid=12 uptime_ms=34292 kbd_nonzero=0
WAIT_STRESS_PROGRESS sample=270 entered=865265 returned=865264 wakes=8518903 waiters=0
[heartbeat] tid=12 uptime_ms=35293 kbd_nonzero=0
WAIT_STRESS_PROGRESS sample=280 entered=903589 returned=903588 wakes=8754688 waiters=1
[heartbeat] tid=12 uptime_ms=36294 kbd_nonzero=0
WAIT_STRESS_PROGRESS sample=290 entered=942425 returned=942425 wakes=8992086 waiters=0
[heartbeat] tid=12 uptime_ms=37295 kbd_nonzero=0
WAIT_STRESS_PROGRESS sample=300 entered=981046 returned=981045 wakes=9229782 waiters=0
[heartbeat] tid=12 uptime_ms=38296 kbd_nonzero=0
WAIT_STRESS_PROGRESS sample=310 entered=1019546 returned=1019545 wakes=9466937 waiters=0
[heartbeat] tid=12 uptime_ms=39297 kbd_nonzero=0
WAIT_STRESS_PROGRESS sample=320 entered=1058079 returned=1058078 wakes=9704904 waiters=0
[RESUME_PC_CENSUS:cpu=0:source=el1-restore-frame-elr:text=188:kstack=0:uva=0:smallint=0:other=0]
[RESUME_PC_CENSUS:cpu=0:source=el0-restore-frame-elr:text=0:kstack=0:uva=74:smallint=0:other=0]
[RESUME_PC_CENSUS:cpu=0:source=ctx-x30:text=3227:kstack=0:uva=69:smallint=5:other=0]
[RESUME_PC_CENSUS:cpu=0:source=ctx-elr-el1:text=3227:kstack=0:uva=0:smallint=0:other=0]
[RESUME_PC_CENSUS:cpu=0:source=lr-save-el1:text=201:kstack=0:uva=0:smallint=0:other=0]
[RESUME_PC_CENSUS:cpu=0:source=lr-restore-el1:text=188:kstack=0:uva=0:smallint=0:other=0]
[RESUME_PC_CENSUS:cpu=0:source=lr-save-el0:text=0:kstack=0:uva=126:smallint=9:other=0]
[RESUME_PC_CENSUS:cpu=0:source=lr-restore-el0:text=0:kstack=0:uva=69:smallint=5:other=0]
[RESUME_PC_CENSUS:cpu=1:source=el1-restore-frame-elr:text=468:kstack=0:uva=0:smallint=0:other=0]
[RESUME_PC_CENSUS:cpu=1:source=el0-restore-frame-elr:text=0:kstack=0:uva=96:smallint=0:other=0]
[RESUME_PC_CENSUS:cpu=1:source=el0-first-entry-frame-elr:text=0:kstack=0:uva=5:smallint=0:other=0]
[RESUME_PC_CENSUS:cpu=1:source=ctx-x30:text=255720:kstack=0:uva=92:smallint=4:other=0]
[RESUME_PC_CENSUS:cpu=1:source=ctx-elr-el1:text=255720:kstack=0:uva=0:smallint=0:other=0]
[RESUME_PC_CENSUS:cpu=1:source=lr-save-el1:text=75:kstack=0:uva=0:smallint=0:other=0]
[RESUME_PC_CENSUS:cpu=1:source=lr-restore-el1:text=468:kstack=0:uva=0:smallint=0:other=0]
[RESUME_PC_CENSUS:cpu=1:source=lr-save-el0:text=0:kstack=0:uva=39:smallint=1:other=0]
[RESUME_PC_CENSUS:cpu=1:source=lr-restore-el0:text=0:kstack=0:uva=92:smallint=4:other=0]
[RESUME_PC_CENSUS:cpu=2:source=el1-restore-frame-elr:text=625:kstack=0:uva=0:smallint=0:other=0]
[RESUME_PC_CENSUS:cpu=2:source=el0-restore-frame-elr:text=0:kstack=0:uva=136:smallint=0:other=0]
[RESUME_PC_CENSUS:cpu=2:source=el0-first-entry-frame-elr:text=0:kstack=0:uva=2:smallint=0:other=0]
[RESUME_PC_CENSUS:cpu=2:source=ctx-x30:text=148354:kstack=0:uva=131:smallint=5:other=0]
[RESUME_PC_CENSUS:cpu=2:source=ctx-elr-el1:text=148355:kstack=0:uva=0:smallint=0:other=0]
[RESUME_PC_CENSUS:cpu=2:source=lr-save-el1:text=512:kstack=0:uva=0:smallint=0:other=0]
[RESUME_PC_CENSUS:cpu=2:source=lr-restore-el1:text=625:kstack=0:uva=0:smallint=0:other=0]
[RESUME_PC_CENSUS:cpu=2:source=lr-save-el0:text=0:kstack=0:uva=109:smallint=3:other=0]
[RESUME_PC_CENSUS:cpu=2:source=lr-restore-el0:text=0:kstack=0:uva=131:smallint=5:other=0]
[RESUME_PC_CENSUS:cpu=3:source=el1-restore-frame-elr:text=712:kstack=0:uva=0:smallint=0:other=0]
[RESUME_PC_CENSUS:cpu=3:source=el0-restore-frame-elr:text=0:kstack=0:uva=118:smallint=0:other=0]
[RESUME_PC_CENSUS:cpu=3:source=el0-first-entry-frame-elr:text=0:kstack=0:uva=1:smallint=0:other=0]
[RESUME_PC_CENSUS:cpu=3:source=ctx-x30:text=149078:kstack=0:uva=110:smallint=8:other=0]
[RESUME_PC_CENSUS:cpu=3:source=ctx-elr-el1:text=149078:kstack=0:uva=0:smallint=0:other=0]
[RESUME_PC_CENSUS:cpu=3:source=lr-save-el1:text=649:kstack=0:uva=0:smallint=0:other=0]
[RESUME_PC_CENSUS:cpu=3:source=lr-restore-el1:text=712:kstack=0:uva=0:smallint=0:other=0]
[RESUME_PC_CENSUS:cpu=3:source=lr-save-el0:text=0:kstack=0:uva=110:smallint=7:other=0]
[RESUME_PC_CENSUS:cpu=3:source=lr-restore-el0:text=0:kstack=0:uva=110:smallint=8:other=0]
[RESUME_PC_CENSUS:cpu=4:source=el1-restore-frame-elr:text=35:kstack=0:uva=0:smallint=0:other=0]
[RESUME_PC_CENSUS:cpu=4:source=el0-restore-frame-elr:text=0:kstack=0:uva=25:smallint=0:other=0]
[RESUME_PC_CENSUS:cpu=4:source=ctx-x30:text=133:kstack=0:uva=23:smallint=2:other=0]
[RESUME_PC_CENSUS:cpu=4:source=ctx-elr-el1:text=133:kstack=0:uva=0:smallint=0:other=0]
[RESUME_PC_CENSUS:cpu=4:source=lr-save-el1:text=31:kstack=0:uva=0:smallint=0:other=0]
[RESUME_PC_CENSUS:cpu=4:source=lr-restore-el1:text=35:kstack=0:uva=0:smallint=0:other=0]
[RESUME_PC_CENSUS:cpu=4:source=lr-save-el0:text=0:kstack=0:uva=17:smallint=2:other=0]
[RESUME_PC_CENSUS:cpu=4:source=lr-restore-el0:text=0:kstack=0:uva=23:smallint=2:other=0]
[RESUME_PC_CENSUS:cpu=5:source=el1-restore-frame-elr:text=799:kstack=0:uva=0:smallint=0:other=0]
[RESUME_PC_CENSUS:cpu=5:source=el0-restore-frame-elr:text=0:kstack=0:uva=120:smallint=0:other=0]
[RESUME_PC_CENSUS:cpu=5:source=ctx-x30:text=216892:kstack=0:uva=117:smallint=3:other=0]
[RESUME_PC_CENSUS:cpu=5:source=ctx-elr-el1:text=216894:kstack=0:uva=0:smallint=0:other=0]
[RESUME_PC_CENSUS:cpu=5:source=lr-save-el1:text=652:kstack=0:uva=0:smallint=0:other=0]
[RESUME_PC_CENSUS:cpu=5:source=lr-restore-el1:text=799:kstack=0:uva=0:smallint=0:other=0]
[RESUME_PC_CENSUS:cpu=5:source=lr-save-el0:text=0:kstack=0:uva=130:smallint=3:other=0]
[RESUME_PC_CENSUS:cpu=5:source=lr-restore-el0:text=0:kstack=0:uva=117:smallint=3:other=0]
[RESUME_PC_CENSUS:cpu=6:source=el1-restore-frame-elr:text=39:kstack=0:uva=0:smallint=0:other=0]
[RESUME_PC_CENSUS:cpu=6:source=el0-restore-frame-elr:text=0:kstack=0:uva=23:smallint=0:other=0]
[RESUME_PC_CENSUS:cpu=6:source=ctx-x30:text=54:kstack=0:uva=22:smallint=1:other=0]
[RESUME_PC_CENSUS:cpu=6:source=ctx-elr-el1:text=54:kstack=0:uva=0:smallint=0:other=0]
[RESUME_PC_CENSUS:cpu=6:source=lr-save-el1:text=35:kstack=0:uva=0:smallint=0:other=0]
[RESUME_PC_CENSUS:cpu=6:source=lr-restore-el1:text=39:kstack=0:uva=0:smallint=0:other=0]
[RESUME_PC_CENSUS:cpu=6:source=lr-save-el0:text=0:kstack=0:uva=20:smallint=1:other=0]
[RESUME_PC_CENSUS:cpu=6:source=lr-restore-el0:text=0:kstack=0:uva=22:smallint=1:other=0]
[RESUME_PC_CENSUS:cpu=7:source=el1-restore-frame-elr:text=299:kstack=0:uva=0:smallint=0:other=0]
[RESUME_PC_CENSUS:cpu=7:source=el0-restore-frame-elr:text=0:kstack=0:uva=18:smallint=0:other=0]
[RESUME_PC_CENSUS:cpu=7:source=ctx-x30:text=258945:kstack=0:uva=18:smallint=0:other=0]
[RESUME_PC_CENSUS:cpu=7:source=ctx-elr-el1:text=258947:kstack=0:uva=0:smallint=0:other=0]
[RESUME_PC_CENSUS:cpu=7:source=lr-save-el1:text=101:kstack=0:uva=0:smallint=0:other=0]
[RESUME_PC_CENSUS:cpu=7:source=lr-restore-el1:text=299:kstack=0:uva=0:smallint=0:other=0]
[RESUME_PC_CENSUS:cpu=7:source=lr-save-el0:text=0:kstack=0:uva=23:smallint=0:other=0]
[RESUME_PC_CENSUS:cpu=7:source=lr-restore-el0:text=0:kstack=0:uva=18:smallint=0:other=0]
[heartbeat] tid=12 uptime_ms=40298 kbd_nonzero=0
[PT_ROOT_CUSTODY:no_proof=11:no_arch=0:terminated=0:undecided=0:mid_retire=0:retired=3]
[TOMBSTONE_CENSUS:resident=0:removed=9:reap_second=9:retire_second=0:abandoned_unqueued=0]
[TTBR0_ASID_CENSUS:untagged=0:tagged=2121760:kernel=1043156:cleared=3164336]
[net-rx-counters] sample=3 begin
[net-rx-counters] sample=3 NET_RX_MSI_TOTAL: 3 (cpu0=3)
[net-rx-counters] sample=3 NET_RX_RING_DRAIN_TOTAL: 4 (cpu0=4)
[net-rx-counters] sample=3 NET_RX_FRAME_TOTAL: 4 (cpu0=4)
[net-rx-counters] sample=3 NET_RX_ARP_TOTAL: 2 (cpu0=2)
[net-rx-counters] sample=3 NET_RX_ETHERTYPE_OTHER_TOTAL: 0
[net-rx-counters] sample=3 NET_RX_SOFTIRQ_ENTRY_TOTAL: 12 (cpu0=2, cpu1=5, cpu2=2, cpu5=3)
[net-rx-counters] sample=3 NET_RX_SOFTIRQ_EXIT_TOTAL: 12 (cpu0=2, cpu1=5, cpu2=2, cpu5=3)
[net-rx-counters] sample=3 NET_RX_REENTRANT_SKIP_TOTAL: 0
[net-rx-counters] sample=3 NET_RX_GUARD_RELEASE_TOTAL: 13 (cpu0=3, cpu1=5, cpu2=2, cpu5=3)
[net-rx-counters] sample=3 NET_RX_REARM_CHECK_TOTAL: 13 (cpu0=3, cpu1=5, cpu2=2, cpu5=3)
[net-rx-counters] sample=3 NET_RX_REARM_RACE_TOTAL: 0
[net-rx-counters] sample=3 NET_RX_REARM_ARMED_TOTAL: 13 (cpu0=3, cpu1=5, cpu2=2, cpu5=3)
[net-rx-counters] sample=3 NET_PCI_IRQ_RAISED_NETRX: 3 (cpu0=3)
[net-rx-counters] sample=3 GIC_SPI55_ACK_TOTAL: 3 (cpu0=3)
[net-rx-counters] sample=3 GICV2M_BASE_PHYS: 0x2250000
[net-rx-counters] sample=3 GICV2M_DOORBELL_PHYS: 0x2250040
[net-rx-counters] sample=3 GICV2M_MSI_TYPER: 0x80350040
[net-rx-counters] sample=3 GICV2M_SPI_BASE: 53
[net-rx-counters] sample=3 GICV2M_SPI_COUNT: 64
[net-rx-counters] sample=3 GICV2M_NEXT_INDEX: 4
[net-rx-counters] sample=3 GIC_SPI54_IRQ: 54
[net-rx-counters] sample=3 GIC_SPI54_VERSION: 3
[net-rx-counters] sample=3 GIC_SPI54_ISENABLER_BIT: 0x400000
[net-rx-counters] sample=3 GIC_SPI54_ISPENDR_BIT: 0x0
[net-rx-counters] sample=3 GIC_SPI54_ISACTIVER_BIT: 0x0
[net-rx-counters] sample=3 GIC_SPI54_IGROUPR_BIT: 0x400000
[net-rx-counters] sample=3 GIC_SPI54_PRIORITY: 0xa0
[net-rx-counters] sample=3 GIC_SPI54_ICFGR_REG: 0x2a800
[net-rx-counters] sample=3 GIC_SPI54_IROUTER: 0x0
[net-rx-counters] sample=3 GIC_SPI54_ITARGETSR_BYTE: 0x0
[net-rx-counters] sample=3 GIC_SPI54_GICD_CTLR: 0x53
[net-rx-counters] sample=3 GIC_SPI55_IRQ: 55
[net-rx-counters] sample=3 GIC_SPI55_VERSION: 3
[net-rx-counters] sample=3 GIC_SPI55_ISENABLER_BIT: 0x800000
[net-rx-counters] sample=3 GIC_SPI55_ISPENDR_BIT: 0x0
[net-rx-counters] sample=3 GIC_SPI55_ISACTIVER_BIT: 0x0
[net-rx-counters] sample=3 GIC_SPI55_IGROUPR_BIT: 0x800000
[net-rx-counters] sample=3 GIC_SPI55_PRIORITY: 0xa0
[net-rx-counters] sample=3 GIC_SPI55_ICFGR_REG: 0x2a800
[net-rx-counters] sample=3 GIC_SPI55_IROUTER: 0x0
[net-rx-counters] sample=3 GIC_SPI55_ITARGETSR_BYTE: 0x0
[net-rx-counters] sample=3 GIC_SPI55_GICD_CTLR: 0x53
[net-rx-counters] sample=3 MANUAL_GICV2M_TEST_DONE: 1
[net-rx-counters] sample=3 MANUAL_GICV2M_TEST_IRQ: 55
[net-rx-counters] sample=3 MANUAL_GICV2M_TEST_DOORBELL: 0x2250040
[net-rx-counters] sample=3 MANUAL_GICV2M_TEST_BEFORE_PEND: 0x0
[net-rx-counters] sample=3 MANUAL_GICV2M_TEST_AFTER_WRITE_PEND: 0x800000
[net-rx-counters] sample=3 MANUAL_GICV2M_TEST_AFTER_WAIT_PEND: 0x0
[net-rx-counters] sample=3 MANUAL_GICV2M_TEST_ACK_BEFORE: 0
[net-rx-counters] sample=3 MANUAL_GICV2M_TEST_ACK_AFTER: 1
[net-rx-counters] sample=3 MANUAL_GICV2M_TEST_MSI_BEFORE: 0
[net-rx-counters] sample=3 MANUAL_GICV2M_TEST_MSI_AFTER: 1
[net-rx-counters] sample=3 NET_PCI_DEVICE_STATUS: 0xf
[net-rx-counters] sample=3 NET_PCI_ISR_STATUS: 0x0
[net-rx-counters] sample=3 NET_PCI_DEVICE_FEATURES: 0x6187bfa3
[net-rx-counters] sample=3 NET_PCI_GUEST_FEATURES: 0x10020
[net-rx-counters] sample=3 NET_PCI_RX_QUEUE_PFN: 0x4118a
[net-rx-counters] sample=3 NET_PCI_TX_QUEUE_PFN: 0x4118d
[net-rx-counters] sample=3 NET_PCI_RX_QUEUE_SIZE: 256
[net-rx-counters] sample=3 NET_PCI_TX_QUEUE_SIZE: 256
[net-rx-counters] sample=3 NET_PCI_RX_QUEUE_ALIGN: 4096
[net-rx-counters] sample=3 NET_PCI_RX_QUEUE_VECTOR: 0x0
[net-rx-counters] sample=3 NET_PCI_TX_QUEUE_VECTOR: 0xffff
[net-rx-counters] sample=3 NET_PCI_RX_AVAIL_FLAGS: 0x0
[net-rx-counters] sample=3 NET_PCI_RX_AVAIL_IDX: 16
[net-rx-counters] sample=3 NET_PCI_RX_USED_FLAGS: 0x1
[net-rx-counters] sample=3 NET_PCI_RX_USED_IDX: 4
[net-rx-counters] sample=3 NET_PCI_RX_LAST_USED_IDX: 4
[net-rx-counters] sample=3 NET_PCI_RX_POSTED_GAP: 12
[net-rx-counters] sample=3 NET_PCI_RX_DESC0: addr=0x411a9c00 len=1524 flags=0x2
[net-rx-counters] sample=3 NET_PCI_RX_DESC1: addr=0x411aa200 len=1524 flags=0x2
[net-rx-counters] sample=3 NET_PCI_RX_DESC2: addr=0x411aa800 len=1524 flags=0x2
[net-rx-counters] sample=3 NET_PCI_RX_DESC3: addr=0x411aae00 len=1524 flags=0x2
[net-rx-counters] sample=3 NET_PCI_RX_RING_HEADS: 0,1,2,3
[net-rx-counters] sample=3 NET_RX_PROCESSING_HELD: 0
[net-rx-counters] sample=3 NET_RX_PENDING_WHILE_PROCESSING: 0
[net-rx-counters] sample=3 NET_PCI_RX_REARM_SAMPLE_SEQ: 13
[net-rx-counters] sample=3 NET_PCI_RX_REARM_SAMPLE0: used_idx=4 last_used_idx=4 avail_flags=0x0 raced=0
[net-rx-counters] sample=3 NET_PCI_RX_REARM_SAMPLE1: used_idx=3 last_used_idx=3 avail_flags=0x0 raced=0
[net-rx-counters] sample=3 NET_PCI_RX_REARM_SAMPLE2: used_idx=3 last_used_idx=3 avail_flags=0x0 raced=0
[net-rx-counters] sample=3 NET_PCI_RX_REARM_SAMPLE3: used_idx=3 last_used_idx=3 avail_flags=0x0 raced=0
[net-rx-counters] sample=3 NET_PCI_RX_SOFTIRQ_ENTRY_SAMPLE: used_idx=4 last_used_idx=3 avail_flags=0x1 raced=0
[net-rx-counters] sample=3 NET_PCI_RX_SOFTIRQ_EXIT_SAMPLE: used_idx=4 last_used_idx=4 avail_flags=0x0 raced=0
[net-rx-counters] sample=3 end
WAIT_STRESS_PROGRESS sample=330 entered=1095660 returned=1095660 wakes=9950605 waiters=0
[heartbeat] tid=12 uptime_ms=41325 kbd_nonzero=0
WAIT_STRESS_PROGRESS sample=340 entered=1134129 returned=1134129 wakes=10189525 waiters=0
[heartbeat] tid=12 uptime_ms=42325 kbd_nonzero=0
WAIT_STRESS_PROGRESS sample=350 entered=1172820 returned=1172819 wakes=10427375 waiters=0
[heartbeat] tid=12 uptime_ms=43326 kbd_nonzero=0
WAIT_STRESS_PROGRESS sample=360 entered=1211282 returned=1211281 wakes=10664343 waiters=0
[heartbeat] tid=12 uptime_ms=44328 kbd_nonzero=0
WAIT_STRESS_PROGRESS sample=370 entered=1242328 returned=1242327 wakes=10933941 waiters=0
[heartbeat] tid=12 uptime_ms=45328 kbd_nonzero=0
WAIT_STRESS_PROGRESS sample=380 entered=1272961 returned=1272960 wakes=11213474 waiters=0
[heartbeat] tid=12 uptime_ms=46329 kbd_nonzero=0
WAIT_STRESS_PROGRESS sample=390 entered=1303603 returned=1303602 wakes=11489968 waiters=0
[heartbeat] tid=12 uptime_ms=47330 kbd_nonzero=0
WAIT_STRESS_PROGRESS sample=400 entered=1334127 returned=1334126 wakes=11765680 waiters=0
[heartbeat] tid=12 uptime_ms=48331 kbd_nonzero=0
WAIT_STRESS_PROGRESS sample=410 entered=1364559 returned=1364558 wakes=12038278 waiters=1
[heartbeat] tid=12 uptime_ms=49333 kbd_nonzero=0
WAIT_STRESS_PROGRESS sample=420 entered=1396282 returned=1396281 wakes=12322356 waiters=0
[RESUME_PC_CENSUS:cpu=0:source=el1-restore-frame-elr:text=188:kstack=0:uva=0:smallint=0:other=0]
[RESUME_PC_CENSUS:cpu=0:source=el0-restore-frame-elr:text=0:kstack=0:uva=74:smallint=0:other=0]
[RESUME_PC_CENSUS:cpu=0:source=ctx-x30:text=3227:kstack=0:uva=69:smallint=5:other=0]
[RESUME_PC_CENSUS:cpu=0:source=ctx-elr-el1:text=3227:kstack=0:uva=0:smallint=0:other=0]
[RESUME_PC_CENSUS:cpu=0:source=lr-save-el1:text=201:kstack=0:uva=0:smallint=0:other=0]
[RESUME_PC_CENSUS:cpu=0:source=lr-restore-el1:text=188:kstack=0:uva=0:smallint=0:other=0]
[RESUME_PC_CENSUS:cpu=0:source=lr-save-el0:text=0:kstack=0:uva=126:smallint=9:other=0]
[RESUME_PC_CENSUS:cpu=0:source=lr-restore-el0:text=0:kstack=0:uva=69:smallint=5:other=0]
[RESUME_PC_CENSUS:cpu=1:source=el1-restore-frame-elr:text=1146:kstack=0:uva=0:smallint=0:other=0]
[RESUME_PC_CENSUS:cpu=1:source=el0-restore-frame-elr:text=0:kstack=0:uva=96:smallint=0:other=0]
[RESUME_PC_CENSUS:cpu=1:source=el0-first-entry-frame-elr:text=0:kstack=0:uva=5:smallint=0:other=0]
[RESUME_PC_CENSUS:cpu=1:source=ctx-x30:text=451700:kstack=0:uva=92:smallint=4:other=0]
[RESUME_PC_CENSUS:cpu=1:source=ctx-elr-el1:text=451700:kstack=0:uva=0:smallint=0:other=0]
[RESUME_PC_CENSUS:cpu=1:source=lr-save-el1:text=75:kstack=0:uva=0:smallint=0:other=0]
[RESUME_PC_CENSUS:cpu=1:source=lr-restore-el1:text=1146:kstack=0:uva=0:smallint=0:other=0]
[RESUME_PC_CENSUS:cpu=1:source=lr-save-el0:text=0:kstack=0:uva=39:smallint=1:other=0]
[RESUME_PC_CENSUS:cpu=1:source=lr-restore-el0:text=0:kstack=0:uva=92:smallint=4:other=0]
[RESUME_PC_CENSUS:cpu=2:source=el1-restore-frame-elr:text=676:kstack=0:uva=0:smallint=0:other=0]
[RESUME_PC_CENSUS:cpu=2:source=el0-restore-frame-elr:text=0:kstack=0:uva=136:smallint=0:other=0]
[RESUME_PC_CENSUS:cpu=2:source=el0-first-entry-frame-elr:text=0:kstack=0:uva=2:smallint=0:other=0]
[RESUME_PC_CENSUS:cpu=2:source=ctx-x30:text=182840:kstack=0:uva=131:smallint=5:other=0]
[RESUME_PC_CENSUS:cpu=2:source=ctx-elr-el1:text=182840:kstack=0:uva=0:smallint=0:other=0]
[RESUME_PC_CENSUS:cpu=2:source=lr-save-el1:text=512:kstack=0:uva=0:smallint=0:other=0]
[RESUME_PC_CENSUS:cpu=2:source=lr-restore-el1:text=676:kstack=0:uva=0:smallint=0:other=0]
[RESUME_PC_CENSUS:cpu=2:source=lr-save-el0:text=0:kstack=0:uva=109:smallint=3:other=0]
[RESUME_PC_CENSUS:cpu=2:source=lr-restore-el0:text=0:kstack=0:uva=131:smallint=5:other=0]
[RESUME_PC_CENSUS:cpu=3:source=el1-restore-frame-elr:text=758:kstack=0:uva=0:smallint=0:other=0]
[RESUME_PC_CENSUS:cpu=3:source=el0-restore-frame-elr:text=0:kstack=0:uva=118:smallint=0:other=0]
[RESUME_PC_CENSUS:cpu=3:source=el0-first-entry-frame-elr:text=0:kstack=0:uva=1:smallint=0:other=0]
[RESUME_PC_CENSUS:cpu=3:source=ctx-x30:text=176383:kstack=0:uva=110:smallint=8:other=0]
[RESUME_PC_CENSUS:cpu=3:source=ctx-elr-el1:text=176383:kstack=0:uva=0:smallint=0:other=0]
[RESUME_PC_CENSUS:cpu=3:source=lr-save-el1:text=649:kstack=0:uva=0:smallint=0:other=0]
[RESUME_PC_CENSUS:cpu=3:source=lr-restore-el1:text=758:kstack=0:uva=0:smallint=0:other=0]
[RESUME_PC_CENSUS:cpu=3:source=lr-save-el0:text=0:kstack=0:uva=110:smallint=7:other=0]
[RESUME_PC_CENSUS:cpu=3:source=lr-restore-el0:text=0:kstack=0:uva=110:smallint=8:other=0]
[RESUME_PC_CENSUS:cpu=4:source=el1-restore-frame-elr:text=35:kstack=0:uva=0:smallint=0:other=0]
[RESUME_PC_CENSUS:cpu=4:source=el0-restore-frame-elr:text=0:kstack=0:uva=25:smallint=0:other=0]
[RESUME_PC_CENSUS:cpu=4:source=ctx-x30:text=133:kstack=0:uva=23:smallint=2:other=0]
[RESUME_PC_CENSUS:cpu=4:source=ctx-elr-el1:text=133:kstack=0:uva=0:smallint=0:other=0]
[RESUME_PC_CENSUS:cpu=4:source=lr-save-el1:text=31:kstack=0:uva=0:smallint=0:other=0]
[RESUME_PC_CENSUS:cpu=4:source=lr-restore-el1:text=35:kstack=0:uva=0:smallint=0:other=0]
[RESUME_PC_CENSUS:cpu=4:source=lr-save-el0:text=0:kstack=0:uva=17:smallint=2:other=0]
[RESUME_PC_CENSUS:cpu=4:source=lr-restore-el0:text=0:kstack=0:uva=23:smallint=2:other=0]
[RESUME_PC_CENSUS:cpu=5:source=el1-restore-frame-elr:text=839:kstack=0:uva=0:smallint=0:other=0]
[RESUME_PC_CENSUS:cpu=5:source=el0-restore-frame-elr:text=0:kstack=0:uva=120:smallint=0:other=0]
[RESUME_PC_CENSUS:cpu=5:source=ctx-x30:text=250545:kstack=0:uva=117:smallint=3:other=0]
[RESUME_PC_CENSUS:cpu=5:source=ctx-elr-el1:text=250545:kstack=0:uva=0:smallint=0:other=0]
[RESUME_PC_CENSUS:cpu=5:source=lr-save-el1:text=652:kstack=0:uva=0:smallint=0:other=0]
[RESUME_PC_CENSUS:cpu=5:source=lr-restore-el1:text=839:kstack=0:uva=0:smallint=0:other=0]
[RESUME_PC_CENSUS:cpu=5:source=lr-save-el0:text=0:kstack=0:uva=130:smallint=3:other=0]
[RESUME_PC_CENSUS:cpu=5:source=lr-restore-el0:text=0:kstack=0:uva=117:smallint=3:other=0]
[RESUME_PC_CENSUS:cpu=6:source=el1-restore-frame-elr:text=39:kstack=0:uva=0:smallint=0:other=0]
[RESUME_PC_CENSUS:cpu=6:source=el0-restore-frame-elr:text=0:kstack=0:uva=23:smallint=0:other=0]
[RESUME_PC_CENSUS:cpu=6:source=ctx-x30:text=54:kstack=0:uva=22:smallint=1:other=0]
[RESUME_PC_CENSUS:cpu=6:source=ctx-elr-el1:text=54:kstack=0:uva=0:smallint=0:other=0]
[RESUME_PC_CENSUS:cpu=6:source=lr-save-el1:text=35:kstack=0:uva=0:smallint=0:other=0]
[RESUME_PC_CENSUS:cpu=6:source=lr-restore-el1:text=39:kstack=0:uva=0:smallint=0:other=0]
[RESUME_PC_CENSUS:cpu=6:source=lr-save-el0:text=0:kstack=0:uva=20:smallint=1:other=0]
[RESUME_PC_CENSUS:cpu=6:source=lr-restore-el0:text=0:kstack=0:uva=22:smallint=1:other=0]
[RESUME_PC_CENSUS:cpu=7:source=el1-restore-frame-elr:text=345:kstack=0:uva=0:smallint=0:other=0]
[RESUME_PC_CENSUS:cpu=7:source=el0-restore-frame-elr:text=0:kstack=0:uva=18:smallint=0:other=0]
[RESUME_PC_CENSUS:cpu=7:source=ctx-x30:text=294285:kstack=0:uva=18:smallint=0:other=0]
[RESUME_PC_CENSUS:cpu=7:source=ctx-elr-el1:text=294285:kstack=0:uva=0:smallint=0:other=0]
[RESUME_PC_CENSUS:cpu=7:source=lr-save-el1:text=101:kstack=0:uva=0:smallint=0:other=0]
[RESUME_PC_CENSUS:cpu=7:source=lr-restore-el1:text=345:kstack=0:uva=0:smallint=0:other=0]
[RESUME_PC_CENSUS:cpu=7:source=lr-save-el0:text=0:kstack=0:uva=23:smallint=0:other=0]
[RESUME_PC_CENSUS:cpu=7:source=lr-restore-el0:text=0:kstack=0:uva=18:smallint=0:other=0]
[heartbeat] tid=12 uptime_ms=50333 kbd_nonzero=0
[PT_ROOT_CUSTODY:no_proof=11:no_arch=0:terminated=0:undecided=0:mid_retire=0:retired=3]
[TOMBSTONE_CENSUS:resident=0:removed=9:reap_second=9:retire_second=0:abandoned_unqueued=0]
[TTBR0_ASID_CENSUS:untagged=0:tagged=2784939:kernel=1371031:cleared=4155390]
[net-rx-counters] sample=4 begin
[net-rx-counters] sample=4 NET_RX_MSI_TOTAL: 6 (cpu0=6)
[net-rx-counters] sample=4 NET_RX_RING_DRAIN_TOTAL: 7 (cpu0=7)
[net-rx-counters] sample=4 NET_RX_FRAME_TOTAL: 7 (cpu0=7)
[net-rx-counters] sample=4 NET_RX_ARP_TOTAL: 2 (cpu0=2)
[net-rx-counters] sample=4 NET_RX_ETHERTYPE_OTHER_TOTAL: 1 (cpu0=1)
[net-rx-counters] sample=4 NET_RX_SOFTIRQ_ENTRY_TOTAL: 15 (cpu0=5, cpu1=5, cpu2=2, cpu5=3)
[net-rx-counters] sample=4 NET_RX_SOFTIRQ_EXIT_TOTAL: 15 (cpu0=5, cpu1=5, cpu2=2, cpu5=3)
[net-rx-counters] sample=4 NET_RX_REENTRANT_SKIP_TOTAL: 0
[net-rx-counters] sample=4 NET_RX_GUARD_RELEASE_TOTAL: 16 (cpu0=6, cpu1=5, cpu2=2, cpu5=3)
[net-rx-counters] sample=4 NET_RX_REARM_CHECK_TOTAL: 16 (cpu0=6, cpu1=5, cpu2=2, cpu5=3)
[net-rx-counters] sample=4 NET_RX_REARM_RACE_TOTAL: 0
[net-rx-counters] sample=4 NET_RX_REARM_ARMED_TOTAL: 16 (cpu0=6, cpu1=5, cpu2=2, cpu5=3)
[net-rx-counters] sample=4 NET_PCI_IRQ_RAISED_NETRX: 6 (cpu0=6)
[net-rx-counters] sample=4 GIC_SPI55_ACK_TOTAL: 6 (cpu0=6)
[net-rx-counters] sample=4 GICV2M_BASE_PHYS: 0x2250000
[net-rx-counters] sample=4 GICV2M_DOORBELL_PHYS: 0x2250040
[net-rx-counters] sample=4 GICV2M_MSI_TYPER: 0x80350040
[net-rx-counters] sample=4 GICV2M_SPI_BASE: 53
[net-rx-counters] sample=4 GICV2M_SPI_COUNT: 64
[net-rx-counters] sample=4 GICV2M_NEXT_INDEX: 4
[net-rx-counters] sample=4 GIC_SPI54_IRQ: 54
[net-rx-counters] sample=4 GIC_SPI54_VERSION: 3
[net-rx-counters] sample=4 GIC_SPI54_ISENABLER_BIT: 0x400000
[net-rx-counters] sample=4 GIC_SPI54_ISPENDR_BIT: 0x0
[net-rx-counters] sample=4 GIC_SPI54_ISACTIVER_BIT: 0x0
[net-rx-counters] sample=4 GIC_SPI54_IGROUPR_BIT: 0x400000
[net-rx-counters] sample=4 GIC_SPI54_PRIORITY: 0xa0
[net-rx-counters] sample=4 GIC_SPI54_ICFGR_REG: 0x2a800
[net-rx-counters] sample=4 GIC_SPI54_IROUTER: 0x0
[net-rx-counters] sample=4 GIC_SPI54_ITARGETSR_BYTE: 0x0
[net-rx-counters] sample=4 GIC_SPI54_GICD_CTLR: 0x53
[net-rx-counters] sample=4 GIC_SPI55_IRQ: 55
[net-rx-counters] sample=4 GIC_SPI55_VERSION: 3
[net-rx-counters] sample=4 GIC_SPI55_ISENABLER_BIT: 0x800000
[net-rx-counters] sample=4 GIC_SPI55_ISPENDR_BIT: 0x0
[net-rx-counters] sample=4 GIC_SPI55_ISACTIVER_BIT: 0x0
[net-rx-counters] sample=4 GIC_SPI55_IGROUPR_BIT: 0x800000
[net-rx-counters] sample=4 GIC_SPI55_PRIORITY: 0xa0
[net-rx-counters] sample=4 GIC_SPI55_ICFGR_REG: 0x2a800
[net-rx-counters] sample=4 GIC_SPI55_IROUTER: 0x0
[net-rx-counters] sample=4 GIC_SPI55_ITARGETSR_BYTE: 0x0
[net-rx-counters] sample=4 GIC_SPI55_GICD_CTLR: 0x53
[net-rx-counters] sample=4 MANUAL_GICV2M_TEST_DONE: 1
[net-rx-counters] sample=4 MANUAL_GICV2M_TEST_IRQ: 55
[net-rx-counters] sample=4 MANUAL_GICV2M_TEST_DOORBELL: 0x2250040
[net-rx-counters] sample=4 MANUAL_GICV2M_TEST_BEFORE_PEND: 0x0
[net-rx-counters] sample=4 MANUAL_GICV2M_TEST_AFTER_WRITE_PEND: 0x800000
[net-rx-counters] sample=4 MANUAL_GICV2M_TEST_AFTER_WAIT_PEND: 0x0
[net-rx-counters] sample=4 MANUAL_GICV2M_TEST_ACK_BEFORE: 0
[net-rx-counters] sample=4 MANUAL_GICV2M_TEST_ACK_AFTER: 1
[net-rx-counters] sample=4 MANUAL_GICV2M_TEST_MSI_BEFORE: 0
[net-rx-counters] sample=4 MANUAL_GICV2M_TEST_MSI_AFTER: 1
[net-rx-counters] sample=4 NET_PCI_DEVICE_STATUS: 0xf
[net-rx-counters] sample=4 NET_PCI_ISR_STATUS: 0x0
[net-rx-counters] sample=4 NET_PCI_DEVICE_FEATURES: 0x6187bfa3
[net-rx-counters] sample=4 NET_PCI_GUEST_FEATURES: 0x10020
[net-rx-counters] sample=4 NET_PCI_RX_QUEUE_PFN: 0x4118a
[net-rx-counters] sample=4 NET_PCI_TX_QUEUE_PFN: 0x4118d
[net-rx-counters] sample=4 NET_PCI_RX_QUEUE_SIZE: 256
[net-rx-counters] sample=4 NET_PCI_TX_QUEUE_SIZE: 256
[net-rx-counters] sample=4 NET_PCI_RX_QUEUE_ALIGN: 4096
[net-rx-counters] sample=4 NET_PCI_RX_QUEUE_VECTOR: 0x0
[net-rx-counters] sample=4 NET_PCI_TX_QUEUE_VECTOR: 0xffff
[net-rx-counters] sample=4 NET_PCI_RX_AVAIL_FLAGS: 0x0
[net-rx-counters] sample=4 NET_PCI_RX_AVAIL_IDX: 28
[net-rx-counters] sample=4 NET_PCI_RX_USED_FLAGS: 0x1
[net-rx-counters] sample=4 NET_PCI_RX_USED_IDX: 7
[net-rx-counters] sample=4 NET_PCI_RX_LAST_USED_IDX: 7
[net-rx-counters] sample=4 NET_PCI_RX_POSTED_GAP: 21
[net-rx-counters] sample=4 NET_PCI_RX_DESC0: addr=0x411a9c00 len=1524 flags=0x2
[net-rx-counters] sample=4 NET_PCI_RX_DESC1: addr=0x411aa200 len=1524 flags=0x2
[net-rx-counters] sample=4 NET_PCI_RX_DESC2: addr=0x411aa800 len=1524 flags=0x2
[net-rx-counters] sample=4 NET_PCI_RX_DESC3: addr=0x411aae00 len=1524 flags=0x2
[net-rx-counters] sample=4 NET_PCI_RX_RING_HEADS: 0,1,2,3
[net-rx-counters] sample=4 NET_RX_PROCESSING_HELD: 0
[net-rx-counters] sample=4 NET_RX_PENDING_WHILE_PROCESSING: 0
[net-rx-counters] sample=4 NET_PCI_RX_REARM_SAMPLE_SEQ: 16
[net-rx-counters] sample=4 NET_PCI_RX_REARM_SAMPLE0: used_idx=4 last_used_idx=4 avail_flags=0x0 raced=0
[net-rx-counters] sample=4 NET_PCI_RX_REARM_SAMPLE1: used_idx=5 last_used_idx=5 avail_flags=0x0 raced=0
[net-rx-counters] sample=4 NET_PCI_RX_REARM_SAMPLE2: used_idx=6 last_used_idx=6 avail_flags=0x0 raced=0
[net-rx-counters] sample=4 NET_PCI_RX_REARM_SAMPLE3: used_idx=7 last_used_idx=7 avail_flags=0x0 raced=0
[net-rx-counters] sample=4 NET_PCI_RX_SOFTIRQ_ENTRY_SAMPLE: used_idx=7 last_used_idx=6 avail_flags=0x1 raced=0
[net-rx-counters] sample=4 NET_PCI_RX_SOFTIRQ_EXIT_SAMPLE: used_idx=7 last_used_idx=7 avail_flags=0x0 raced=0
[net-rx-counters] sample=4 end
WAIT_STRESS_PROGRESS sample=430 entered=1431633 returned=1431632 wakes=12633281 waiters=0
[heartbeat] tid=12 uptime_ms=51366 kbd_nonzero=0
WAIT_STRESS_PROGRESS sample=440 entered=1467850 returned=1467849 wakes=12909485 waiters=0
[heartbeat] tid=12 uptime_ms=52369 kbd_nonzero=0
WAIT_STRESS_PROGRESS sample=450 entered=1500601 returned=1500600 wakes=13143437 waiters=0
[heartbeat] tid=12 uptime_ms=53370 kbd_nonzero=0
WAIT_STRESS_PROGRESS sample=460 entered=1533760 returned=1533759 wakes=13398361 waiters=0
[heartbeat] tid=12 uptime_ms=54371 kbd_nonzero=0
WAIT_STRESS_PROGRESS sample=470 entered=1568426 returned=1568425 wakes=13685469 waiters=0
[heartbeat] tid=12 uptime_ms=55373 kbd_nonzero=0
WAIT_STRESS_PROGRESS sample=480 entered=1603664 returned=1603663 wakes=13976336 waiters=0
[heartbeat] tid=12 uptime_ms=56373 kbd_nonzero=0
WAIT_STRESS_PROGRESS sample=490 entered=1640272 returned=1640271 wakes=14277135 waiters=0
[heartbeat] tid=12 uptime_ms=57374 kbd_nonzero=0
WAIT_STRESS_PROGRESS sample=500 entered=1676694 returned=1676693 wakes=14575496 waiters=0
[heartbeat] tid=12 uptime_ms=58374 kbd_nonzero=0
WAIT_STRESS_PROGRESS sample=510 entered=1713028 returned=1713027 wakes=14871019 waiters=0
[heartbeat] tid=12 uptime_ms=59375 kbd_nonzero=0
WAIT_STRESS_PROGRESS sample=520 entered=1747549 returned=1747548 wakes=15160230 waiters=0
[RESUME_PC_CENSUS:cpu=0:source=el1-restore-frame-elr:text=188:kstack=0:uva=0:smallint=0:other=0]
[RESUME_PC_CENSUS:cpu=0:source=el0-restore-frame-elr:text=0:kstack=0:uva=74:smallint=0:other=0]
[RESUME_PC_CENSUS:cpu=0:source=ctx-x30:text=3227:kstack=0:uva=69:smallint=5:other=0]
[RESUME_PC_CENSUS:cpu=0:source=ctx-elr-el1:text=3227:kstack=0:uva=0:smallint=0:other=0]
[RESUME_PC_CENSUS:cpu=0:source=lr-save-el1:text=201:kstack=0:uva=0:smallint=0:other=0]
[RESUME_PC_CENSUS:cpu=0:source=lr-restore-el1:text=188:kstack=0:uva=0:smallint=0:other=0]
[RESUME_PC_CENSUS:cpu=0:source=lr-save-el0:text=0:kstack=0:uva=126:smallint=9:other=0]
[RESUME_PC_CENSUS:cpu=0:source=lr-restore-el0:text=0:kstack=0:uva=69:smallint=5:other=0]
[RESUME_PC_CENSUS:cpu=1:source=el1-restore-frame-elr:text=1876:kstack=0:uva=0:smallint=0:other=0]
[RESUME_PC_CENSUS:cpu=1:source=el0-restore-frame-elr:text=0:kstack=0:uva=96:smallint=0:other=0]
[RESUME_PC_CENSUS:cpu=1:source=el0-first-entry-frame-elr:text=0:kstack=0:uva=5:smallint=0:other=0]
[RESUME_PC_CENSUS:cpu=1:source=ctx-x30:text=716898:kstack=0:uva=92:smallint=4:other=0]
[RESUME_PC_CENSUS:cpu=1:source=ctx-elr-el1:text=716898:kstack=0:uva=0:smallint=0:other=0]
[RESUME_PC_CENSUS:cpu=1:source=lr-save-el1:text=75:kstack=0:uva=0:smallint=0:other=0]
[RESUME_PC_CENSUS:cpu=1:source=lr-restore-el1:text=1876:kstack=0:uva=0:smallint=0:other=0]
[RESUME_PC_CENSUS:cpu=1:source=lr-save-el0:text=0:kstack=0:uva=39:smallint=1:other=0]
[RESUME_PC_CENSUS:cpu=1:source=lr-restore-el0:text=0:kstack=0:uva=92:smallint=4:other=0]
[RESUME_PC_CENSUS:cpu=2:source=el1-restore-frame-elr:text=776:kstack=0:uva=0:smallint=0:other=0]
[RESUME_PC_CENSUS:cpu=2:source=el0-restore-frame-elr:text=0:kstack=0:uva=136:smallint=0:other=0]
[RESUME_PC_CENSUS:cpu=2:source=el0-first-entry-frame-elr:text=0:kstack=0:uva=2:smallint=0:other=0]
[RESUME_PC_CENSUS:cpu=2:source=ctx-x30:text=222122:kstack=0:uva=131:smallint=5:other=0]
[RESUME_PC_CENSUS:cpu=2:source=ctx-elr-el1:text=222122:kstack=0:uva=0:smallint=0:other=0]
[RESUME_PC_CENSUS:cpu=2:source=lr-save-el1:text=512:kstack=0:uva=0:smallint=0:other=0]
[RESUME_PC_CENSUS:cpu=2:source=lr-restore-el1:text=776:kstack=0:uva=0:smallint=0:other=0]
[RESUME_PC_CENSUS:cpu=2:source=lr-save-el0:text=0:kstack=0:uva=109:smallint=3:other=0]
[RESUME_PC_CENSUS:cpu=2:source=lr-restore-el0:text=0:kstack=0:uva=131:smallint=5:other=0]
[RESUME_PC_CENSUS:cpu=3:source=el1-restore-frame-elr:text=784:kstack=0:uva=0:smallint=0:other=0]
[RESUME_PC_CENSUS:cpu=3:source=el0-restore-frame-elr:text=0:kstack=0:uva=118:smallint=0:other=0]
[RESUME_PC_CENSUS:cpu=3:source=el0-first-entry-frame-elr:text=0:kstack=0:uva=1:smallint=0:other=0]
[RESUME_PC_CENSUS:cpu=3:source=ctx-x30:text=188241:kstack=0:uva=110:smallint=8:other=0]
[RESUME_PC_CENSUS:cpu=3:source=ctx-elr-el1:text=188241:kstack=0:uva=0:smallint=0:other=0]
[RESUME_PC_CENSUS:cpu=3:source=lr-save-el1:text=649:kstack=0:uva=0:smallint=0:other=0]
[RESUME_PC_CENSUS:cpu=3:source=lr-restore-el1:text=784:kstack=0:uva=0:smallint=0:other=0]
[RESUME_PC_CENSUS:cpu=3:source=lr-save-el0:text=0:kstack=0:uva=110:smallint=7:other=0]
[RESUME_PC_CENSUS:cpu=3:source=lr-restore-el0:text=0:kstack=0:uva=110:smallint=8:other=0]
[RESUME_PC_CENSUS:cpu=4:source=el1-restore-frame-elr:text=35:kstack=0:uva=0:smallint=0:other=0]
[RESUME_PC_CENSUS:cpu=4:source=el0-restore-frame-elr:text=0:kstack=0:uva=25:smallint=0:other=0]
[RESUME_PC_CENSUS:cpu=4:source=ctx-x30:text=133:kstack=0:uva=23:smallint=2:other=0]
[RESUME_PC_CENSUS:cpu=4:source=ctx-elr-el1:text=133:kstack=0:uva=0:smallint=0:other=0]
[RESUME_PC_CENSUS:cpu=4:source=lr-save-el1:text=31:kstack=0:uva=0:smallint=0:other=0]
[RESUME_PC_CENSUS:cpu=4:source=lr-restore-el1:text=35:kstack=0:uva=0:smallint=0:other=0]
[RESUME_PC_CENSUS:cpu=4:source=lr-save-el0:text=0:kstack=0:uva=17:smallint=2:other=0]
[RESUME_PC_CENSUS:cpu=4:source=lr-restore-el0:text=0:kstack=0:uva=23:smallint=2:other=0]
[RESUME_PC_CENSUS:cpu=5:source=el1-restore-frame-elr:text=850:kstack=0:uva=0:smallint=0:other=0]
[RESUME_PC_CENSUS:cpu=5:source=el0-restore-frame-elr:text=0:kstack=0:uva=120:smallint=0:other=0]
[RESUME_PC_CENSUS:cpu=5:source=ctx-x30:text=261198:kstack=0:uva=117:smallint=3:other=0]
[RESUME_PC_CENSUS:cpu=5:source=ctx-elr-el1:text=261198:kstack=0:uva=0:smallint=0:other=0]
[RESUME_PC_CENSUS:cpu=5:source=lr-save-el1:text=652:kstack=0:uva=0:smallint=0:other=0]
[RESUME_PC_CENSUS:cpu=5:source=lr-restore-el1:text=850:kstack=0:uva=0:smallint=0:other=0]
[RESUME_PC_CENSUS:cpu=5:source=lr-save-el0:text=0:kstack=0:uva=130:smallint=3:other=0]
[RESUME_PC_CENSUS:cpu=5:source=lr-restore-el0:text=0:kstack=0:uva=117:smallint=3:other=0]
[RESUME_PC_CENSUS:cpu=6:source=el1-restore-frame-elr:text=39:kstack=0:uva=0:smallint=0:other=0]
[RESUME_PC_CENSUS:cpu=6:source=el0-restore-frame-elr:text=0:kstack=0:uva=23:smallint=0:other=0]
[RESUME_PC_CENSUS:cpu=6:source=ctx-x30:text=54:kstack=0:uva=22:smallint=1:other=0]
[RESUME_PC_CENSUS:cpu=6:source=ctx-elr-el1:text=54:kstack=0:uva=0:smallint=0:other=0]
[RESUME_PC_CENSUS:cpu=6:source=lr-save-el1:text=35:kstack=0:uva=0:smallint=0:other=0]
[RESUME_PC_CENSUS:cpu=6:source=lr-restore-el1:text=39:kstack=0:uva=0:smallint=0:other=0]
[RESUME_PC_CENSUS:cpu=6:source=lr-save-el0:text=0:kstack=0:uva=20:smallint=1:other=0]
[RESUME_PC_CENSUS:cpu=6:source=lr-restore-el0:text=0:kstack=0:uva=22:smallint=1:other=0]
[RESUME_PC_CENSUS:cpu=7:source=el1-restore-frame-elr:text=369:kstack=0:uva=0:smallint=0:other=0]
[RESUME_PC_CENSUS:cpu=7:source=el0-restore-frame-elr:text=0:kstack=0:uva=18:smallint=0:other=0]
[RESUME_PC_CENSUS:cpu=7:source=ctx-x30:text=314230:kstack=0:uva=18:smallint=0:other=0]
[RESUME_PC_CENSUS:cpu=7:source=ctx-elr-el1:text=314230:kstack=0:uva=0:smallint=0:other=0]
[RESUME_PC_CENSUS:cpu=7:source=lr-save-el1:text=101:kstack=0:uva=0:smallint=0:other=0]
[RESUME_PC_CENSUS:cpu=7:source=lr-restore-el1:text=369:kstack=0:uva=0:smallint=0:other=0]
[RESUME_PC_CENSUS:cpu=7:source=lr-save-el0:text=0:kstack=0:uva=23:smallint=0:other=0]
[RESUME_PC_CENSUS:cpu=7:source=lr-restore-el0:text=0:kstack=0:uva=18:smallint=0:other=0]
[heartbeat] tid=12 uptime_ms=60376 kbd_nonzero=0
[PT_ROOT_CUSTODY:no_proof=11:no_arch=0:terminated=0:undecided=0:mid_retire=0:retired=3]
[TOMBSTONE_CENSUS:resident=0:removed=9:reap_second=9:retire_second=0:abandoned_unqueued=0]
[TTBR0_ASID_CENSUS:untagged=0:tagged=3481724:kernel=1718525:cleared=5199671]
[net-rx-counters] sample=5 begin
[net-rx-counters] sample=5 NET_RX_MSI_TOTAL: 7 (cpu0=7)
[net-rx-counters] sample=5 NET_RX_RING_DRAIN_TOTAL: 8 (cpu0=8)
[net-rx-counters] sample=5 NET_RX_FRAME_TOTAL: 8 (cpu0=8)
[net-rx-counters] sample=5 NET_RX_ARP_TOTAL: 2 (cpu0=2)
[net-rx-counters] sample=5 NET_RX_ETHERTYPE_OTHER_TOTAL: 1 (cpu0=1)
[net-rx-counters] sample=5 NET_RX_SOFTIRQ_ENTRY_TOTAL: 16 (cpu0=6, cpu1=5, cpu2=2, cpu5=3)
[net-rx-counters] sample=5 NET_RX_SOFTIRQ_EXIT_TOTAL: 16 (cpu0=6, cpu1=5, cpu2=2, cpu5=3)
[net-rx-counters] sample=5 NET_RX_REENTRANT_SKIP_TOTAL: 0
[net-rx-counters] sample=5 NET_RX_GUARD_RELEASE_TOTAL: 17 (cpu0=7, cpu1=5, cpu2=2, cpu5=3)
[net-rx-counters] sample=5 NET_RX_REARM_CHECK_TOTAL: 17 (cpu0=7, cpu1=5, cpu2=2, cpu5=3)
[net-rx-counters] sample=5 NET_RX_REARM_RACE_TOTAL: 0
[net-rx-counters] sample=5 NET_RX_REARM_ARMED_TOTAL: 17 (cpu0=7, cpu1=5, cpu2=2, cpu5=3)
[net-rx-counters] sample=5 NET_PCI_IRQ_RAISED_NETRX: 7 (cpu0=7)
[net-rx-counters] sample=5 GIC_SPI55_ACK_TOTAL: 7 (cpu0=7)
[net-rx-counters] sample=5 GICV2M_BASE_PHYS: 0x2250000
[net-rx-counters] sample=5 GICV2M_DOORBELL_PHYS: 0x2250040
[net-rx-counters] sample=5 GICV2M_MSI_TYPER: 0x80350040
[net-rx-counters] sample=5 GICV2M_SPI_BASE: 53
[net-rx-counters] sample=5 GICV2M_SPI_COUNT: 64
[net-rx-counters] sample=5 GICV2M_NEXT_INDEX: 4
[net-rx-counters] sample=5 GIC_SPI54_IRQ: 54
[net-rx-counters] sample=5 GIC_SPI54_VERSION: 3
[net-rx-counters] sample=5 GIC_SPI54_ISENABLER_BIT: 0x400000
[net-rx-counters] sample=5 GIC_SPI54_ISPENDR_BIT: 0x0
[net-rx-counters] sample=5 GIC_SPI54_ISACTIVER_BIT: 0x0
[net-rx-counters] sample=5 GIC_SPI54_IGROUPR_BIT: 0x400000
[net-rx-counters] sample=5 GIC_SPI54_PRIORITY: 0xa0
[net-rx-counters] sample=5 GIC_SPI54_ICFGR_REG: 0x2a800
[net-rx-counters] sample=5 GIC_SPI54_IROUTER: 0x0
[net-rx-counters] sample=5 GIC_SPI54_ITARGETSR_BYTE: 0x0
[net-rx-counters] sample=5 GIC_SPI54_GICD_CTLR: 0x53
[net-rx-counters] sample=5 GIC_SPI55_IRQ: 55
[net-rx-counters] sample=5 GIC_SPI55_VERSION: 3
[net-rx-counters] sample=5 GIC_SPI55_ISENABLER_BIT: 0x800000
[net-rx-counters] sample=5 GIC_SPI55_ISPENDR_BIT: 0x0
[net-rx-counters] sample=5 GIC_SPI55_ISACTIVER_BIT: 0x0
[net-rx-counters] sample=5 GIC_SPI55_IGROUPR_BIT: 0x800000
[net-rx-counters] sample=5 GIC_SPI55_PRIORITY: 0xa0
[net-rx-counters] sample=5 GIC_SPI55_ICFGR_REG: 0x2a800
[net-rx-counters] sample=5 GIC_SPI55_IROUTER: 0x0
[net-rx-counters] sample=5 GIC_SPI55_ITARGETSR_BYTE: 0x0
[net-rx-counters] sample=5 GIC_SPI55_GICD_CTLR: 0x53
[net-rx-counters] sample=5 MANUAL_GICV2M_TEST_DONE: 1
[net-rx-counters] sample=5 MANUAL_GICV2M_TEST_IRQ: 55
[net-rx-counters] sample=5 MANUAL_GICV2M_TEST_DOORBELL: 0x2250040
[net-rx-counters] sample=5 MANUAL_GICV2M_TEST_BEFORE_PEND: 0x0
[net-rx-counters] sample=5 MANUAL_GICV2M_TEST_AFTER_WRITE_PEND: 0x800000
[net-rx-counters] sample=5 MANUAL_GICV2M_TEST_AFTER_WAIT_PEND: 0x0
[net-rx-counters] sample=5 MANUAL_GICV2M_TEST_ACK_BEFORE: 0
[net-rx-counters] sample=5 MANUAL_GICV2M_TEST_ACK_AFTER: 1
[net-rx-counters] sample=5 MANUAL_GICV2M_TEST_MSI_BEFORE: 0
[net-rx-counters] sample=5 MANUAL_GICV2M_TEST_MSI_AFTER: 1
[net-rx-counters] sample=5 NET_PCI_DEVICE_STATUS: 0xf
[net-rx-counters] sample=5 NET_PCI_ISR_STATUS: 0x0
[net-rx-counters] sample=5 NET_PCI_DEVICE_FEATURES: 0x6187bfa3
[net-rx-counters] sample=5 NET_PCI_GUEST_FEATURES: 0x10020
[net-rx-counters] sample=5 NET_PCI_RX_QUEUE_PFN: 0x4118a
[net-rx-counters] sample=5 NET_PCI_TX_QUEUE_PFN: 0x4118d
[net-rx-counters] sample=5 NET_PCI_RX_QUEUE_SIZE: 256
[net-rx-counters] sample=5 NET_PCI_TX_QUEUE_SIZE: 256
[net-rx-counters] sample=5 NET_PCI_RX_QUEUE_ALIGN: 4096
[net-rx-counters] sample=5 NET_PCI_RX_QUEUE_VECTOR: 0x0
[net-rx-counters] sample=5 NET_PCI_TX_QUEUE_VECTOR: 0xffff
[net-rx-counters] sample=5 NET_PCI_RX_AVAIL_FLAGS: 0x0
[net-rx-counters] sample=5 NET_PCI_RX_AVAIL_IDX: 32
[net-rx-counters] sample=5 NET_PCI_RX_USED_FLAGS: 0x1
[net-rx-counters] sample=5 NET_PCI_RX_USED_IDX: 8
[net-rx-counters] sample=5 NET_PCI_RX_LAST_USED_IDX: 8
[net-rx-counters] sample=5 NET_PCI_RX_POSTED_GAP: 24
[net-rx-counters] sample=5 NET_PCI_RX_DESC0: addr=0x411a9c00 len=1524 flags=0x2
[net-rx-counters] sample=5 NET_PCI_RX_DESC1: addr=0x411aa200 len=1524 flags=0x2
[net-rx-counters] sample=5 NET_PCI_RX_DESC2: addr=0x411aa800 len=1524 flags=0x2
[net-rx-counters] sample=5 NET_PCI_RX_DESC3: addr=0x411aae00 len=1524 flags=0x2
[net-rx-counters] sample=5 NET_PCI_RX_RING_HEADS: 0,1,2,3
[net-rx-counters] sample=5 NET_RX_PROCESSING_HELD: 0
[net-rx-counters] sample=5 NET_RX_PENDING_WHILE_PROCESSING: 0
[net-rx-counters] sample=5 NET_PCI_RX_REARM_SAMPLE_SEQ: 17
[net-rx-counters] sample=5 NET_PCI_RX_REARM_SAMPLE0: used_idx=8 last_used_idx=8 avail_flags=0x0 raced=0
[net-rx-counters] sample=5 NET_PCI_RX_REARM_SAMPLE1: used_idx=5 last_used_idx=5 avail_flags=0x0 raced=0
[net-rx-counters] sample=5 NET_PCI_RX_REARM_SAMPLE2: used_idx=6 last_used_idx=6 avail_flags=0x0 raced=0
[net-rx-counters] sample=5 NET_PCI_RX_REARM_SAMPLE3: used_idx=7 last_used_idx=7 avail_flags=0x0 raced=0
[net-rx-counters] sample=5 NET_PCI_RX_SOFTIRQ_ENTRY_SAMPLE: used_idx=8 last_used_idx=7 avail_flags=0x1 raced=0
[net-rx-counters] sample=5 NET_PCI_RX_SOFTIRQ_EXIT_SAMPLE: used_idx=8 last_used_idx=8 avail_flags=0x0 raced=0
[net-rx-counters] sample=5 end
WAIT_STRESS_PROGRESS sample=530 entered=1781088 returned=1781087 wakes=15455869 waiters=0
[heartbeat] tid=12 uptime_ms=61409 kbd_nonzero=0
WAIT_STRESS_PROGRESS sample=540 entered=1814073 returned=1814072 wakes=15733849 waiters=0
[heartbeat] tid=12 uptime_ms=62410 kbd_nonzero=0
WAIT_STRESS_PROGRESS sample=550 entered=1847024 returned=1847023 wakes=16011846 waiters=0
[heartbeat] tid=12 uptime_ms=63411 kbd_nonzero=0
WAIT_STRESS_PROGRESS sample=560 entered=1880833 returned=1880832 wakes=16293002 waiters=0
[heartbeat] tid=12 uptime_ms=64413 kbd_nonzero=0
WAIT_STRESS_PROGRESS sample=570 entered=1916254 returned=1916253 wakes=16581683 waiters=0
[heartbeat] tid=12 uptime_ms=65415 kbd_nonzero=0
WAIT_STRESS_PROGRESS sample=580 entered=1950059 returned=1950058 wakes=16862841 waiters=1
[heartbeat] tid=12 uptime_ms=66416 kbd_nonzero=0
WAIT_STRESS_PROGRESS sample=590 entered=1981771 returned=1981771 wakes=17130148 waiters=0
[heartbeat] tid=12 uptime_ms=67417 kbd_nonzero=0
WAIT_STRESS_PROGRESS sample=600 entered=2013805 returned=2013804 wakes=17409403 waiters=0
WAIT_STRESS_PASS entered=2013817 returned=2013816 wakes=17409490 waiters=0
[syscall] exit(0) pid=16 name=wait_stress
[TTBR0_ASID_CENSUS:untagged=0:tagged=3984554:kernel=1969470:cleared=5953446]
[init] wait_stress exited pid=16 code=0
[spawn] path='/bin/bsshd'
manager.create_process_with_argv [ARM64]: ENTRY - name='bsshd', elf_size=455160, argc=1
manager.create_process_with_argv [ARM64]: Generated PID 19
manager.create_process_with_argv [ARM64]: Creating ProcessPageTable
manager.create_process_with_argv [ARM64]: Loading ELF into page table
manager.create_process_with_argv [ARM64]: ELF loaded, entry=0x4001d6c0
manager.create_process_with_argv [ARM64]: Allocating user stack
manager.create_process_with_argv [ARM64]: User stack will be at 0xfffffeff0000-0xffffff000000
manager.create_process_with_argv [ARM64]: argc/argv set up on stack, SP=0xfffffefffed0
manager.create_process_with_argv [ARM64]: SUCCESS - returning PID 19
[spawn] Created child PID 19 for parent PID 1
[spawn] Success: child PID 19 scheduled
bsshd: starting on port 2222
[init] bsshd started (PID 19)
bsshd: listening on 0.0.0.0:2222
[spawn] path='/bin/xhci_counters'
manager.create_process_with_argv [ARM64]: ENTRY - name='xhci_counters', elf_size=292232, argc=1
manager.create_process_with_argv [ARM64]: Generated PID 20
manager.create_process_with_argv [ARM64]: Creating ProcessPageTable
manager.create_process_with_argv [ARM64]: Loading ELF into page table
manager.create_process_with_argv [ARM64]: ELF loaded, entry=0x4000f140
manager.create_process_with_argv [ARM64]: Allocating user stack
manager.create_process_with_argv [ARM64]: User stack will be at 0xfffffeff0000-0xffffff000000
manager.create_process_with_argv [ARM64]: argc/argv set up on stack, SP=0xfffffefffed0
manager.create_process_with_argv [ARM64]: SUCCESS - returning PID 20
[spawn] Created child PID 20 for parent PID 1
[spawn] Success: child PID 20 scheduled
[xhci-counters] XHCI_MSI_EVENT_TOTAL=56
[spawn] path='/bin/bwm'
[xhci-counters] XHCI_IRQ_ENTRY_TOTAL=55
[xhci-counters] XHCI_LOCK_CONTENDED_TOTAL=0
[xhci-counters] KBD_NONZERO_TOTAL=0
[syscall] exit(0) pid=20 name=xhci_counters
[TTBR0_ASID_CENSUS:untagged=0:tagged=3985000:kernel=1969904:cleared=5954320]
[heartbeat] tid=12 uptime_ms=68418 kbd_nonzero=0
manager.create_process_with_argv [ARM64]: ENTRY - name='bwm', elf_size=432096, argc=1
manager.create_process_with_argv [ARM64]: Generated PID 21
manager.create_process_with_argv [ARM64]: Creating ProcessPageTable
manager.create_process_with_argv [ARM64]: Loading ELF into page table
manager.create_process_with_argv [ARM64]: ELF loaded, entry=0x40018be4
manager.create_process_with_argv [ARM64]: Allocating user stack
manager.create_process_with_argv [ARM64]: User stack will be at 0xfffffeff0000-0xffffff000000
manager.create_process_with_argv [ARM64]: argc/argv set up on stack, SP=0xfffffefffee0
manager.create_process_with_argv [ARM64]: SUCCESS - returning PID 21
[spawn] Created child PID 21 for parent PID 1
[spawn] Success: child PID 21 scheduled
[bwm] Breenix Window Manager starting... (v2-chromeless-skip)
[spawn] path='/sbin/telnetd'
[virgl-composite] Frame #0: 1x1 → 1280x960 display (first1k: 1 nonzero, first=0xff000000)
[bwm] GPU compositing mode (VirGL), display: 1280x960
[compositor] Mapped compositor buffer into process: virt=0x7ffffdb4e000, 1280x960, 1200 pages (backend=VirGL)
[bwm] Direct compositor mapping: 1280x960 at 0x7ffffdb4e000
[bwm] using bitmap font fallback for early boot
[bwm] hotkeys: using built-in defaults for early boot
[composite-win] frame=0 bg_dirty=true windows=0 bg=1280x960
[BUILD-CANARY] gpu_pci.rs version=10 dimmer-fix
[composite-submit] frame=0 windows=0 dwords=342 vb_offset=256 draw_idx=8
[virgl] SUBMIT_3D OK: id=3 used_len=0 resp_flags=0x1 resp_fence=3
[composite-win] frame=0 complete
[composite-win] frame=1 bg_dirty=true windows=0 bg=1280x960
[composite-submit] frame=1 windows=0 dwords=342 vb_offset=256 draw_idx=8
[virgl] SUBMIT_3D OK: id=4 used_len=0 resp_flags=0x1 resp_fence=4
[composite-win] frame=1 complete
manager.create_process_with_argv [ARM64]: ENTRY - name='telnetd', elf_size=298200, argc=1
manager.create_process_with_argv [ARM64]: Generated PID 22
manager.create_process_with_argv [ARM64]: Creating ProcessPageTable
manager.create_process_with_argv [ARM64]: Loading ELF into page table
manager.create_process_with_argv [ARM64]: ELF loaded, entry=0x4000f930
manager.create_process_with_argv [ARM64]: Allocating user stack
manager.create_process_with_argv [ARM64]: User stack will be at 0xfffffeff0000-0xffffff000000
manager.create_process_with_argv [ARM64]: argc/argv set up on stack, SP=0xfffffefffed0
manager.create_process_with_argv [ARM64]: SUCCESS - returning PID 22
[spawn] Created child PID 22 for parent PID 1
[spawn] Success: child PID 22 scheduled
TELNETD_STARTING
[init] Boot script completed
TELNETD_LISTENING
[spawn] path='/bin/bounce'
manager.create_process_with_argv [ARM64]: ENTRY - name='bounce', elf_size=388048, argc=1
manager.create_process_with_argv [ARM64]: Generated PID 23
manager.create_process_with_argv [ARM64]: Creating ProcessPageTable
manager.create_process_with_argv [ARM64]: Loading ELF into page table
manager.create_process_with_argv [ARM64]: ELF loaded, entry=0x400188e0
manager.create_process_with_argv [ARM64]: Allocating user stack
manager.create_process_with_argv [ARM64]: User stack will be at 0xfffffeff0000-0xffffff000000
manager.create_process_with_argv [ARM64]: argc/argv set up on stack, SP=0xfffffefffed0
manager.create_process_with_argv [ARM64]: SUCCESS - returning PID 23
[spawn] Created child PID 23 for parent PID 1
[spawn] Success: child PID 23 scheduled
[init] bounce started (PID 23)
Bounce spheres demo starting (for Gus!) [boot_id=0000000ffab7ca5d]
[INIT_GROUP_REFUSAL:aarch64:phase=quiesce:probe1=-22:probe2=-22:expected=-22]
[window] create_window_buffer: 400x300 (480000 bytes, 118 pages)
[init] Process 4 exited (code 0)
[init] Process 5 exited (code 0)
[window] Created buffer id=1 for pid=23: 400x300 at virt=0x7ffffdf86000 phys=0x442b9000
[init] Process 14 exited (code 0)
[bounce] Window mode: id=1 400x300 [boot_id=0000000ffab7ca5d]
[init] Process 15 exited (code 0)
[init] Process 20 exited (code 0)
[bwm] Discovered window 'Bounce' (id=1, 400x300) at (30,38)
[composite-win] frame=2 bg_dirty=true windows=1 bg=1280x960
[GPU-WIN] frame=2 win[0] res=10 content=(32,72)-(400x300) frame=(30,38)-(434,374)
[composite-submit] frame=2 windows=1 dwords=662 vb_offset=896 draw_idx=28
[virgl] SUBMIT_3D OK: id=5 used_len=0 resp_flags=0x1 resp_fence=5
[composite-win] frame=2 complete
[composite-win] frame=3 bg_dirty=false windows=1 bg=1280x960
[composite-win] frame=3 complete
[composite-win] frame=4 bg_dirty=false windows=1 bg=1280x960
[composite-win] frame=4 complete
[heartbeat] tid=12 uptime_ms=69419 kbd_nonzero=0
[bwm-fps] frames_since_last=160 elapsed_ms=1005 instantaneous_fps=159
[heartbeat] tid=12 uptime_ms=70419 kbd_nonzero=0
[PT_ROOT_CUSTODY:no_proof=13:no_arch=0:terminated=0:undecided=0:mid_retire=0:retired=4]
[TOMBSTONE_CENSUS:resident=1:removed=16:reap_second=15:retire_second=1:abandoned_unqueued=0]
[TTBR0_ASID_CENSUS:untagged=0:tagged=3989163:kernel=1972003:cleared=5959866]
[net-rx-counters] sample=6 begin
[net-rx-counters] sample=6 NET_RX_MSI_TOTAL: 7 (cpu0=7)
[net-rx-counters] sample=6 NET_RX_RING_DRAIN_TOTAL: 8 (cpu0=8)
[net-rx-counters] sample=6 NET_RX_FRAME_TOTAL: 8 (cpu0=8)
[net-rx-counters] sample=6 NET_RX_ARP_TOTAL: 2 (cpu0=2)
[net-rx-counters] sample=6 NET_RX_ETHERTYPE_OTHER_TOTAL: 1 (cpu0=1)
[net-rx-counters] sample=6 NET_RX_SOFTIRQ_ENTRY_TOTAL: 16 (cpu0=6, cpu1=5, cpu2=2, cpu5=3)
[net-rx-counters] sample=6 NET_RX_SOFTIRQ_EXIT_TOTAL: 16 (cpu0=6, cpu1=5, cpu2=2, cpu5=3)
[net-rx-counters] sample=6 NET_RX_REENTRANT_SKIP_TOTAL: 0
[net-rx-counters] sample=6 NET_RX_GUARD_RELEASE_TOTAL: 17 (cpu0=7, cpu1=5, cpu2=2, cpu5=3)
[net-rx-counters] sample=6 NET_RX_REARM_CHECK_TOTAL: 17 (cpu0=7, cpu1=5, cpu2=2, cpu5=3)
[net-rx-counters] sample=6 NET_RX_REARM_RACE_TOTAL: 0
[net-rx-counters] sample=6 NET_RX_REARM_ARMED_TOTAL: 17 (cpu0=7, cpu1=5, cpu2=2, cpu5=3)
[net-rx-counters] sample=6 NET_PCI_IRQ_RAISED_NETRX: 7 (cpu0=7)
[net-rx-counters] sample=6 GIC_SPI55_ACK_TOTAL: 7 (cpu0=7)
[net-rx-counters] sample=6 GICV2M_BASE_PHYS: 0x2250000
[net-rx-counters] sample=6 GICV2M_DOORBELL_PHYS: 0x2250040
[net-rx-counters] sample=6 GICV2M_MSI_TYPER: 0x80350040
[net-rx-counters] sample=6 GICV2M_SPI_BASE: 53
[net-rx-counters] sample=6 GICV2M_SPI_COUNT: 64
[net-rx-counters] sample=6 GICV2M_NEXT_INDEX: 4
[net-rx-counters] sample=6 GIC_SPI54_IRQ: 54
[net-rx-counters] sample=6 GIC_SPI54_VERSION: 3
[net-rx-counters] sample=6 GIC_SPI54_ISENABLER_BIT: 0x400000
[net-rx-counters] sample=6 GIC_SPI54_ISPENDR_BIT: 0x0
[net-rx-counters] sample=6 GIC_SPI54_ISACTIVER_BIT: 0x0
[net-rx-counters] sample=6 GIC_SPI54_IGROUPR_BIT: 0x400000
[net-rx-counters] sample=6 GIC_SPI54_PRIORITY: 0xa0
[net-rx-counters] sample=6 GIC_SPI54_ICFGR_REG: 0x2a800
[net-rx-counters] sample=6 GIC_SPI54_IROUTER: 0x0
[net-rx-counters] sample=6 GIC_SPI54_ITARGETSR_BYTE: 0x0
[net-rx-counters] sample=6 GIC_SPI54_GICD_CTLR: 0x53
[net-rx-counters] sample=6 GIC_SPI55_IRQ: 55
[net-rx-counters] sample=6 GIC_SPI55_VERSION: 3
[net-rx-counters] sample=6 GIC_SPI55_ISENABLER_BIT: 0x800000
[net-rx-counters] sample=6 GIC_SPI55_ISPENDR_BIT: 0x0
[net-rx-counters] sample=6 GIC_SPI55_ISACTIVER_BIT: 0x0
[net-rx-counters] sample=6 GIC_SPI55_IGROUPR_BIT: 0x800000
[net-rx-counters] sample=6 GIC_SPI55_PRIORITY: 0xa0
[net-rx-counters] sample=6 GIC_SPI55_ICFGR_REG: 0x2a800
[net-rx-counters] sample=6 GIC_SPI55_IROUTER: 0x0
[net-rx-counters] sample=6 GIC_SPI55_ITARGETSR_BYTE: 0x0
[net-rx-counters] sample=6 GIC_SPI55_GICD_CTLR: 0x53
[net-rx-counters] sample=6 MANUAL_GICV2M_TEST_DONE: 1
[net-rx-counters] sample=6 MANUAL_GICV2M_TEST_IRQ: 55
[net-rx-counters] sample=6 MANUAL_GICV2M_TEST_DOORBELL: 0x2250040
[net-rx-counters] sample=6 MANUAL_GICV2M_TEST_BEFORE_PEND: 0x0
[net-rx-counters] sample=6 MANUAL_GICV2M_TEST_AFTER_WRITE_PEND: 0x800000
[net-rx-counters] sample=6 MANUAL_GICV2M_TEST_AFTER_WAIT_PEND: 0x0
[net-rx-counters] sample=6 MANUAL_GICV2M_TEST_ACK_BEFORE: 0
[net-rx-counters] sample=6 MANUAL_GICV2M_TEST_ACK_AFTER: 1
[net-rx-counters] sample=6 MANUAL_GICV2M_TEST_MSI_BEFORE: 0
[net-rx-counters] sample=6 MANUAL_GICV2M_TEST_MSI_AFTER: 1
[net-rx-counters] sample=6 NET_PCI_DEVICE_STATUS: 0xf
[net-rx-counters] sample=6 NET_PCI_ISR_STATUS: 0x0
[net-rx-counters] sample=6 NET_PCI_DEVICE_FEATURES: 0x6187bfa3
[net-rx-counters] sample=6 NET_PCI_GUEST_FEATURES: 0x10020
[net-rx-counters] sample=6 NET_PCI_RX_QUEUE_PFN: 0x4118a
[net-rx-counters] sample=6 NET_PCI_TX_QUEUE_PFN: 0x4118d
[net-rx-counters] sample=6 NET_PCI_RX_QUEUE_SIZE: 256
[net-rx-counters] sample=6 NET_PCI_TX_QUEUE_SIZE: 256
[net-rx-counters] sample=6 NET_PCI_RX_QUEUE_ALIGN: 4096
[net-rx-counters] sample=6 NET_PCI_RX_QUEUE_VECTOR: 0x0
[net-rx-counters] sample=6 NET_PCI_TX_QUEUE_VECTOR: 0xffff
[net-rx-counters] sample=6 NET_PCI_RX_AVAIL_FLAGS: 0x0
[net-rx-counters] sample=6 NET_PCI_RX_AVAIL_IDX: 32
[net-rx-counters] sample=6 NET_PCI_RX_USED_FLAGS: 0x1
[net-rx-counters] sample=6 NET_PCI_RX_USED_IDX: 8
[net-rx-counters] sample=6 NET_PCI_RX_LAST_USED_IDX: 8
[net-rx-counters] sample=6 NET_PCI_RX_POSTED_GAP: 24
[net-rx-counters] sample=6 NET_PCI_RX_DESC0: addr=0x411a9c00 len=1524 flags=0x2
[net-rx-counters] sample=6 NET_PCI_RX_DESC1: addr=0x411aa200 len=1524 flags=0x2
[net-rx-counters] sample=6 NET_PCI_RX_DESC2: addr=0x411aa800 len=1524 flags=0x2
[net-rx-counters] sample=6 NET_PCI_RX_DESC3: addr=0x411aae00 len=1524 flags=0x2
[net-rx-counters] sample=6 NET_PCI_RX_RING_HEADS: 0,1,2,3
[net-rx-counters] sample=6 NET_RX_PROCESSING_HELD: 0
[net-rx-counters] sample=6 NET_RX_PENDING_WHILE_PROCESSING: 0
[net-rx-counters] sample=6 NET_PCI_RX_REARM_SAMPLE_SEQ: 17
[net-rx-counters] sample=6 NET_PCI_RX_REARM_SAMPLE0: used_idx=8 last_used_idx=8 avail_flags=0x0 raced=0
[net-rx-counters] sample=6 NET_PCI_RX_REARM_SAMPLE1: used_idx=5 last_used_idx=5 avail_flags=0x0 raced=0
[net-rx-counters] sample=6 NET_PCI_RX_REARM_SAMPLE2: used_idx=6 last_used_idx=6 avail_flags=0x0 raced=0
[net-rx-counters] sample=6 NET_PCI_RX_REARM_SAMPLE3: used_idx=7 last_used_idx=7 avail_flags=0x0 raced=0
[net-rx-counters] sample=6 NET_PCI_RX_SOFTIRQ_ENTRY_SAMPLE: used_idx=8 last_used_idx=7 avail_flags=0x1 raced=0
[net-rx-counters] sample=6 NET_PCI_RX_SOFTIRQ_EXIT_SAMPLE: used_idx=8 last_used_idx=8 avail_flags=0x0 raced=0
[net-rx-counters] sample=6 end
[bwm-fps] frames_since_last=195 elapsed_ms=1002 instantaneous_fps=194
[heartbeat] tid=12 uptime_ms=71442 kbd_nonzero=0
[bwm-fps] frames_since_last=198 elapsed_ms=1001 instantaneous_fps=197
[heartbeat] tid=12 uptime_ms=72443 kbd_nonzero=0
[bwm-fps] frames_since_last=201 elapsed_ms=1002 instantaneous_fps=200
[heartbeat] tid=12 uptime_ms=73443 kbd_nonzero=0
[bwm-fps] frames_since_last=194 elapsed_ms=1002 instantaneous_fps=193
[heartbeat] tid=12 uptime_ms=74444 kbd_nonzero=0
[bwm-fps] frames_since_last=186 elapsed_ms=1001 instantaneous_fps=185
[heartbeat] tid=12 uptime_ms=75445 kbd_nonzero=0
[bwm-fps] frames_since_last=182 elapsed_ms=1003 instantaneous_fps=181
[heartbeat] tid=12 uptime_ms=76446 kbd_nonzero=0
[bwm-fps] frames_since_last=181 elapsed_ms=1001 instantaneous_fps=180
[heartbeat] tid=12 uptime_ms=77447 kbd_nonzero=0
[bwm-fps] frames_since_last=178 elapsed_ms=1000 instantaneous_fps=178
[heartbeat] tid=12 uptime_ms=78448 kbd_nonzero=0
[bwm-fps] frames_since_last=179 elapsed_ms=1002 instantaneous_fps=178
[heartbeat] tid=12 uptime_ms=79448 kbd_nonzero=0
[bwm-fps] frames_since_last=177 elapsed_ms=1004 instantaneous_fps=176
[heartbeat] tid=12 uptime_ms=80450 kbd_nonzero=0
[PT_ROOT_CUSTODY:no_proof=13:no_arch=0:terminated=0:undecided=0:mid_retire=0:retired=4]
[TOMBSTONE_CENSUS:resident=1:removed=16:reap_second=15:retire_second=1:abandoned_unqueued=0]
[TTBR0_ASID_CENSUS:untagged=0:tagged=4009176:kernel=1981341:cleared=5985525]
[net-rx-counters] sample=7 begin
[net-rx-counters] sample=7 NET_RX_MSI_TOTAL: 7 (cpu0=7)
[net-rx-counters] sample=7 NET_RX_RING_DRAIN_TOTAL: 8 (cpu0=8)
[net-rx-counters] sample=7 NET_RX_FRAME_TOTAL: 8 (cpu0=8)
[net-rx-counters] sample=7 NET_RX_ARP_TOTAL: 2 (cpu0=2)
[net-rx-counters] sample=7 NET_RX_ETHERTYPE_OTHER_TOTAL: 1 (cpu0=1)
[net-rx-counters] sample=7 NET_RX_SOFTIRQ_ENTRY_TOTAL: 16 (cpu0=6, cpu1=5, cpu2=2, cpu5=3)
[net-rx-counters] sample=7 NET_RX_SOFTIRQ_EXIT_TOTAL: 16 (cpu0=6, cpu1=5, cpu2=2, cpu5=3)
[net-rx-counters] sample=7 NET_RX_REENTRANT_SKIP_TOTAL: 0
[net-rx-counters] sample=7 NET_RX_GUARD_RELEASE_TOTAL: 17 (cpu0=7, cpu1=5, cpu2=2, cpu5=3)
[net-rx-counters] sample=7 NET_RX_REARM_CHECK_TOTAL: 17 (cpu0=7, cpu1=5, cpu2=2, cpu5=3)
[net-rx-counters] sample=7 NET_RX_REARM_RACE_TOTAL: 0
[net-rx-counters] sample=7 NET_RX_REARM_ARMED_TOTAL: 17 (cpu0=7, cpu1=5, cpu2=2, cpu5=3)
[net-rx-counters] sample=7 NET_PCI_IRQ_RAISED_NETRX: 7 (cpu0=7)
[net-rx-counters] sample=7 GIC_SPI55_ACK_TOTAL: 7 (cpu0=7)
[net-rx-counters] sample=7 GICV2M_BASE_PHYS: 0x2250000
[net-rx-counters] sample=7 GICV2M_DOORBELL_PHYS: 0x2250040
[net-rx-counters] sample=7 GICV2M_MSI_TYPER: 0x80350040
[net-rx-counters] sample=7 GICV2M_SPI_BASE: 53
[net-rx-counters] sample=7 GICV2M_SPI_COUNT: 64
[net-rx-counters] sample=7 GICV2M_NEXT_INDEX: 4
[net-rx-counters] sample=7 GIC_SPI54_IRQ: 54
[net-rx-counters] sample=7 GIC_SPI54_VERSION: 3
[net-rx-counters] sample=7 GIC_SPI54_ISENABLER_BIT: 0x400000
[net-rx-counters] sample=7 GIC_SPI54_ISPENDR_BIT: 0x0
[net-rx-counters] sample=7 GIC_SPI54_ISACTIVER_BIT: 0x0
[net-rx-counters] sample=7 GIC_SPI54_IGROUPR_BIT: 0x400000
[net-rx-counters] sample=7 GIC_SPI54_PRIORITY: 0xa0
[net-rx-counters] sample=7 GIC_SPI54_ICFGR_REG: 0x2a800
[net-rx-counters] sample=7 GIC_SPI54_IROUTER: 0x0
[net-rx-counters] sample=7 GIC_SPI54_ITARGETSR_BYTE: 0x0
[net-rx-counters] sample=7 GIC_SPI54_GICD_CTLR: 0x53
[net-rx-counters] sample=7 GIC_SPI55_IRQ: 55
[net-rx-counters] sample=7 GIC_SPI55_VERSION: 3
[net-rx-counters] sample=7 GIC_SPI55_ISENABLER_BIT: 0x800000
[net-rx-counters] sample=7 GIC_SPI55_ISPENDR_BIT: 0x0
[net-rx-counters] sample=7 GIC_SPI55_ISACTIVER_BIT: 0x0
[net-rx-counters] sample=7 GIC_SPI55_IGROUPR_BIT: 0x800000
[net-rx-counters] sample=7 GIC_SPI55_PRIORITY: 0xa0
[net-rx-counters] sample=7 GIC_SPI55_ICFGR_REG: 0x2a800
[net-rx-counters] sample=7 GIC_SPI55_IROUTER: 0x0
[net-rx-counters] sample=7 GIC_SPI55_ITARGETSR_BYTE: 0x0
[net-rx-counters] sample=7 GIC_SPI55_GICD_CTLR: 0x53
[net-rx-counters] sample=7 MANUAL_GICV2M_TEST_DONE: 1
[net-rx-counters] sample=7 MANUAL_GICV2M_TEST_IRQ: 55
[net-rx-counters] sample=7 MANUAL_GICV2M_TEST_DOORBELL: 0x2250040
[net-rx-counters] sample=7 MANUAL_GICV2M_TEST_BEFORE_PEND: 0x0
[net-rx-counters] sample=7 MANUAL_GICV2M_TEST_AFTER_WRITE_PEND: 0x800000
[net-rx-counters] sample=7 MANUAL_GICV2M_TEST_AFTER_WAIT_PEND: 0x0
[net-rx-counters] sample=7 MANUAL_GICV2M_TEST_ACK_BEFORE: 0
[net-rx-counters] sample=7 MANUAL_GICV2M_TEST_ACK_AFTER: 1
[net-rx-counters] sample=7 MANUAL_GICV2M_TEST_MSI_BEFORE: 0
[net-rx-counters] sample=7 MANUAL_GICV2M_TEST_MSI_AFTER: 1
[net-rx-counters] sample=7 NET_PCI_DEVICE_STATUS: 0xf
[net-rx-counters] sample=7 NET_PCI_ISR_STATUS: 0x0
[net-rx-counters] sample=7 NET_PCI_DEVICE_FEATURES: 0x6187bfa3
[net-rx-counters] sample=7 NET_PCI_GUEST_FEATURES: 0x10020
[net-rx-counters] sample=7 NET_PCI_RX_QUEUE_PFN: 0x4118a
[net-rx-counters] sample=7 NET_PCI_TX_QUEUE_PFN: 0x4118d
[net-rx-counters] sample=7 NET_PCI_RX_QUEUE_SIZE: 256
[net-rx-counters] sample=7 NET_PCI_TX_QUEUE_SIZE: 256
[net-rx-counters] sample=7 NET_PCI_RX_QUEUE_ALIGN: 4096
[net-rx-counters] sample=7 NET_PCI_RX_QUEUE_VECTOR: 0x0
[net-rx-counters] sample=7 NET_PCI_TX_QUEUE_VECTOR: 0xffff
[net-rx-counters] sample=7 NET_PCI_RX_AVAIL_FLAGS: 0x0
[net-rx-counters] sample=7 NET_PCI_RX_AVAIL_IDX: 32
[net-rx-counters] sample=7 NET_PCI_RX_USED_FLAGS: 0x1
[net-rx-counters] sample=7 NET_PCI_RX_USED_IDX: 8
[net-rx-counters] sample=7 NET_PCI_RX_LAST_USED_IDX: 8
[net-rx-counters] sample=7 NET_PCI_RX_POSTED_GAP: 24
[net-rx-counters] sample=7 NET_PCI_RX_DESC0: addr=0x411a9c00 len=1524 flags=0x2
[net-rx-counters] sample=7 NET_PCI_RX_DESC1: addr=0x411aa200 len=1524 flags=0x2
[net-rx-counters] sample=7 NET_PCI_RX_DESC2: addr=0x411aa800 len=1524 flags=0x2
[net-rx-counters] sample=7 NET_PCI_RX_DESC3: addr=0x411aae00 len=1524 flags=0x2
[net-rx-counters] sample=7 NET_PCI_RX_RING_HEADS: 0,1,2,3
[bwm-fps] frames_since_last=167 elapsed_ms=1004 instantaneous_fps=166
[net-rx-counters] sample=7 NET_RX_PROCESSING_HELD: 0
[net-rx-counters] sample=7 NET_RX_PENDING_WHILE_PROCESSING: 0
[net-rx-counters] sample=7 NET_PCI_RX_REARM_SAMPLE_SEQ: 17
[net-rx-counters] sample=7 NET_PCI_RX_REARM_SAMPLE0: used_idx=8 last_used_idx=8 avail_flags=0x0 raced=0
[net-rx-counters] sample=7 NET_PCI_RX_REARM_SAMPLE1: used_idx=5 last_used_idx=5 avail_flags=0x0 raced=0
[net-rx-counters] sample=7 NET_PCI_RX_REARM_SAMPLE2: used_idx=6 last_used_idx=6 avail_flags=0x0 raced=0
[net-rx-counters] sample=7 NET_PCI_RX_REARM_SAMPLE3: used_idx=7 last_used_idx=7 avail_flags=0x0 raced=0
[net-rx-counters] sample=7 NET_PCI_RX_SOFTIRQ_ENTRY_SAMPLE: used_idx=8 last_used_idx=7 avail_flags=0x1 raced=0
[net-rx-counters] sample=7 NET_PCI_RX_SOFTIRQ_EXIT_SAMPLE: used_idx=8 last_used_idx=8 avail_flags=0x0 raced=0
[net-rx-counters] sample=7 end
[bwm-fps] frames_since_last=180 elapsed_ms=1004 instantaneous_fps=179
[heartbeat] tid=12 uptime_ms=81473 kbd_nonzero=0
[bwm-fps] frames_since_last=180 elapsed_ms=1001 instantaneous_fps=179
[heartbeat] tid=12 uptime_ms=82474 kbd_nonzero=0
[heartbeat] tid=12 uptime_ms=83475 kbd_nonzero=0
[bwm-fps] frames_since_last=181 elapsed_ms=1005 instantaneous_fps=180
[heartbeat] tid=12 uptime_ms=84476 kbd_nonzero=0
[bwm-fps] frames_since_last=179 elapsed_ms=1000 instantaneous_fps=179
[heartbeat] tid=12 uptime_ms=85476 kbd_nonzero=0
[bwm-fps] frames_since_last=185 elapsed_ms=1000 instantaneous_fps=185
[heartbeat] tid=12 uptime_ms=86477 kbd_nonzero=0
[bwm-fps] frames_since_last=184 elapsed_ms=1003 instantaneous_fps=183
[heartbeat] tid=12 uptime_ms=87478 kbd_nonzero=0
[bwm-fps] frames_since_last=183 elapsed_ms=1003 instantaneous_fps=182
[heartbeat] tid=12 uptime_ms=88478 kbd_nonzero=0
[bwm-fps] frames_since_last=188 elapsed_ms=1004 instantaneous_fps=187
[heartbeat] tid=12 uptime_ms=89479 kbd_nonzero=0
[bwm-fps] frames_since_last=179 elapsed_ms=1002 instantaneous_fps=178
[heartbeat] tid=12 uptime_ms=90481 kbd_nonzero=0
[PT_ROOT_CUSTODY:no_proof=13:no_arch=0:terminated=0:undecided=0:mid_retire=0:retired=4]
[TOMBSTONE_CENSUS:resident=1:removed=16:reap_second=15:retire_second=1:abandoned_unqueued=0]
[TTBR0_ASID_CENSUS:untagged=0:tagged=4029419:kernel=1991112:cleared=6011899]
[net-rx-counters] sample=8 begin
[net-rx-counters] sample=8 NET_RX_MSI_TOTAL: 8 (cpu0=8)
[net-rx-counters] sample=8 NET_RX_RING_DRAIN_TOTAL: 9 (cpu0=9)
[net-rx-counters] sample=8 NET_RX_FRAME_TOTAL: 9 (cpu0=9)
[net-rx-counters] sample=8 NET_RX_ARP_TOTAL: 2 (cpu0=2)
[net-rx-counters] sample=8 NET_RX_ETHERTYPE_OTHER_TOTAL: 1 (cpu0=1)
[net-rx-counters] sample=8 NET_RX_SOFTIRQ_ENTRY_TOTAL: 17 (cpu0=7, cpu1=5, cpu2=2, cpu5=3)
[net-rx-counters] sample=8 NET_RX_SOFTIRQ_EXIT_TOTAL: 17 (cpu0=7, cpu1=5, cpu2=2, cpu5=3)
[net-rx-counters] sample=8 NET_RX_REENTRANT_SKIP_TOTAL: 0
[net-rx-counters] sample=8 NET_RX_GUARD_RELEASE_TOTAL: 18 (cpu0=8, cpu1=5, cpu2=2, cpu5=3)
[net-rx-counters] sample=8 NET_RX_REARM_CHECK_TOTAL: 18 (cpu0=8, cpu1=5, cpu2=2, cpu5=3)
[net-rx-counters] sample=8 NET_RX_REARM_RACE_TOTAL: 0
[net-rx-counters] sample=8 NET_RX_REARM_ARMED_TOTAL: 18 (cpu0=8, cpu1=5, cpu2=2, cpu5=3)
[net-rx-counters] sample=8 NET_PCI_IRQ_RAISED_NETRX: 8 (cpu0=8)
[net-rx-counters] sample=8 GIC_SPI55_ACK_TOTAL: 8 (cpu0=8)
[net-rx-counters] sample=8 GICV2M_BASE_PHYS: 0x2250000
[net-rx-counters] sample=8 GICV2M_DOORBELL_PHYS: 0x2250040
[net-rx-counters] sample=8 GICV2M_MSI_TYPER: 0x80350040
[net-rx-counters] sample=8 GICV2M_SPI_BASE: 53
[net-rx-counters] sample=8 GICV2M_SPI_COUNT: 64
[net-rx-counters] sample=8 GICV2M_NEXT_INDEX: 4
[net-rx-counters] sample=8 GIC_SPI54_IRQ: 54
[net-rx-counters] sample=8 GIC_SPI54_VERSION: 3
[net-rx-counters] sample=8 GIC_SPI54_ISENABLER_BIT: 0x400000
[net-rx-counters] sample=8 GIC_SPI54_ISPENDR_BIT: 0x0
[net-rx-counters] sample=8 GIC_SPI54_ISACTIVER_BIT: 0x0
[net-rx-counters] sample=8 GIC_SPI54_IGROUPR_BIT: 0x400000
[net-rx-counters] sample=8 GIC_SPI54_PRIORITY: 0xa0
[net-rx-counters] sample=8 GIC_SPI54_ICFGR_REG: 0x2a800
[net-rx-counters] sample=8 GIC_SPI54_IROUTER: 0x0
[net-rx-counters] sample=8 GIC_SPI54_ITARGETSR_BYTE: 0x0
[net-rx-counters] sample=8 GIC_SPI54_GICD_CTLR: 0x53
[net-rx-counters] sample=8 GIC_SPI55_IRQ: 55
[net-rx-counters] sample=8 GIC_SPI55_VERSION: 3
[net-rx-counters] sample=8 GIC_SPI55_ISENABLER_BIT: 0x800000
[net-rx-counters] sample=8 GIC_SPI55_ISPENDR_BIT: 0x0
[net-rx-counters] sample=8 GIC_SPI55_ISACTIVER_BIT: 0x0
[net-rx-counters] sample=8 GIC_SPI55_IGROUPR_BIT: 0x800000
[net-rx-counters] sample=8 GIC_SPI55_PRIORITY: 0xa0
[net-rx-counters] sample=8 GIC_SPI55_ICFGR_REG: 0x2a800
[net-rx-counters] sample=8 GIC_SPI55_IROUTER: 0x0
[net-rx-counters] sample=8 GIC_SPI55_ITARGETSR_BYTE: 0x0
[net-rx-counters] sample=8 GIC_SPI55_GICD_CTLR: 0x53
[net-rx-counters] sample=8 MANUAL_GICV2M_TEST_DONE: 1
[net-rx-counters] sample=8 MANUAL_GICV2M_TEST_IRQ: 55
[net-rx-counters] sample=8 MANUAL_GICV2M_TEST_DOORBELL: 0x2250040
[net-rx-counters] sample=8 MANUAL_GICV2M_TEST_BEFORE_PEND: 0x0
[net-rx-counters] sample=8 MANUAL_GICV2M_TEST_AFTER_WRITE_PEND: 0x800000
[bwm-fps] frames_since_last=180 elapsed_ms=1002 instantaneous_fps=179
[net-rx-counters] sample=8 MANUAL_GICV2M_TEST_AFTER_WAIT_PEND: 0x0
[net-rx-counters] sample=8 MANUAL_GICV2M_TEST_ACK_BEFORE: 0
[net-rx-counters] sample=8 MANUAL_GICV2M_TEST_ACK_AFTER: 1
[net-rx-counters] sample=8 MANUAL_GICV2M_TEST_MSI_BEFORE: 0
[net-rx-counters] sample=8 MANUAL_GICV2M_TEST_MSI_AFTER: 1
[net-rx-counters] sample=8 NET_PCI_DEVICE_STATUS: 0xf
[net-rx-counters] sample=8 NET_PCI_ISR_STATUS: 0x0
[net-rx-counters] sample=8 NET_PCI_DEVICE_FEATURES: 0x6187bfa3
[net-rx-counters] sample=8 NET_PCI_GUEST_FEATURES: 0x10020
[net-rx-counters] sample=8 NET_PCI_RX_QUEUE_PFN: 0x4118a
[net-rx-counters] sample=8 NET_PCI_TX_QUEUE_PFN: 0x4118d
[net-rx-counters] sample=8 NET_PCI_RX_QUEUE_SIZE: 256
[net-rx-counters] sample=8 NET_PCI_TX_QUEUE_SIZE: 256
[net-rx-counters] sample=8 NET_PCI_RX_QUEUE_ALIGN: 4096
[net-rx-counters] sample=8 NET_PCI_RX_QUEUE_VECTOR: 0x0
[net-rx-counters] sample=8 NET_PCI_TX_QUEUE_VECTOR: 0xffff
[net-rx-counters] sample=8 NET_PCI_RX_AVAIL_FLAGS: 0x0
[net-rx-counters] sample=8 NET_PCI_RX_AVAIL_IDX: 36
[net-rx-counters] sample=8 NET_PCI_RX_USED_FLAGS: 0x1
[net-rx-counters] sample=8 NET_PCI_RX_USED_IDX: 9
[net-rx-counters] sample=8 NET_PCI_RX_LAST_USED_IDX: 9
[net-rx-counters] sample=8 NET_PCI_RX_POSTED_GAP: 27
[net-rx-counters] sample=8 NET_PCI_RX_DESC0: addr=0x411a9c00 len=1524 flags=0x2
[net-rx-counters] sample=8 NET_PCI_RX_DESC1: addr=0x411aa200 len=1524 flags=0x2
[net-rx-counters] sample=8 NET_PCI_RX_DESC2: addr=0x411aa800 len=1524 flags=0x2
[net-rx-counters] sample=8 NET_PCI_RX_DESC3: addr=0x411aae00 len=1524 flags=0x2
[net-rx-counters] sample=8 NET_PCI_RX_RING_HEADS: 0,1,2,3
[net-rx-counters] sample=8 NET_RX_PROCESSING_HELD: 0
[net-rx-counters] sample=8 NET_RX_PENDING_WHILE_PROCESSING: 0
[net-rx-counters] sample=8 NET_PCI_RX_REARM_SAMPLE_SEQ: 18
[net-rx-counters] sample=8 NET_PCI_RX_REARM_SAMPLE0: used_idx=8 last_used_idx=8 avail_flags=0x0 raced=0
[net-rx-counters] sample=8 NET_PCI_RX_REARM_SAMPLE1: used_idx=9 last_used_idx=9 avail_flags=0x0 raced=0
[net-rx-counters] sample=8 NET_PCI_RX_REARM_SAMPLE2: used_idx=6 last_used_idx=6 avail_flags=0x0 raced=0
[net-rx-counters] sample=8 NET_PCI_RX_REARM_SAMPLE3: used_idx=7 last_used_idx=7 avail_flags=0x0 raced=0
[net-rx-counters] sample=8 NET_PCI_RX_SOFTIRQ_ENTRY_SAMPLE: used_idx=9 last_used_idx=8 avail_flags=0x1 raced=0
[net-rx-counters] sample=8 NET_PCI_RX_SOFTIRQ_EXIT_SAMPLE: used_idx=9 last_used_idx=9 avail_flags=0x0 raced=0
[net-rx-counters] sample=8 end
[bwm-fps] frames_since_last=182 elapsed_ms=1001 instantaneous_fps=181
[heartbeat] tid=12 uptime_ms=91504 kbd_nonzero=0
[bwm-fps] frames_since_last=178 elapsed_ms=1003 instantaneous_fps=177
[heartbeat] tid=12 uptime_ms=92505 kbd_nonzero=0
[bwm-fps] frames_since_last=186 elapsed_ms=1000 instantaneous_fps=186
[heartbeat] tid=12 uptime_ms=93505 kbd_nonzero=0
[bwm-fps] frames_since_last=184 elapsed_ms=1004 instantaneous_fps=183
[heartbeat] tid=12 uptime_ms=94506 kbd_nonzero=0
[bwm-fps] frames_since_last=193 elapsed_ms=1003 instantaneous_fps=192
[heartbeat] tid=12 uptime_ms=95506 kbd_nonzero=0
[bwm-fps] frames_since_last=220 elapsed_ms=1001 instantaneous_fps=219
[heartbeat] tid=12 uptime_ms=96506 kbd_nonzero=0
[heartbeat] tid=12 uptime_ms=97507 kbd_nonzero=0
[bwm-fps] frames_since_last=235 elapsed_ms=1004 instantaneous_fps=234
[heartbeat] tid=12 uptime_ms=98508 kbd_nonzero=0
[bwm-fps] frames_since_last=240 elapsed_ms=1003 instantaneous_fps=239
[heartbeat] tid=12 uptime_ms=99508 kbd_nonzero=0
[bwm-fps] frames_since_last=249 elapsed_ms=1001 instantaneous_fps=248
[heartbeat] tid=12 uptime_ms=100509 kbd_nonzero=0
[PT_ROOT_CUSTODY:no_proof=13:no_arch=0:terminated=0:undecided=0:mid_retire=0:retired=4]
[TOMBSTONE_CENSUS:resident=1:removed=16:reap_second=15:retire_second=1:abandoned_unqueued=0]
[TTBR0_ASID_CENSUS:untagged=0:tagged=4052248:kernel=2001596:cleared=6040987]
[net-rx-counters] sample=9 begin
[net-rx-counters] sample=9 NET_RX_MSI_TOTAL: 12 (cpu0=12)
[net-rx-counters] sample=9 NET_RX_RING_DRAIN_TOTAL: 13 (cpu0=13)
[net-rx-counters] sample=9 NET_RX_FRAME_TOTAL: 13 (cpu0=13)
[net-rx-counters] sample=9 NET_RX_ARP_TOTAL: 2 (cpu0=2)
[net-rx-counters] sample=9 NET_RX_ETHERTYPE_OTHER_TOTAL: 1 (cpu0=1)
[net-rx-counters] sample=9 NET_RX_SOFTIRQ_ENTRY_TOTAL: 21 (cpu0=11, cpu1=5, cpu2=2, cpu5=3)
[net-rx-counters] sample=9 NET_RX_SOFTIRQ_EXIT_TOTAL: 21 (cpu0=11, cpu1=5, cpu2=2, cpu5=3)
[net-rx-counters] sample=9 NET_RX_REENTRANT_SKIP_TOTAL: 0
[net-rx-counters] sample=9 NET_RX_GUARD_RELEASE_TOTAL: 22 (cpu0=12, cpu1=5, cpu2=2, cpu5=3)
[net-rx-counters] sample=9 NET_RX_REARM_CHECK_TOTAL: 22 (cpu0=12, cpu1=5, cpu2=2, cpu5=3)
[net-rx-counters] sample=9 NET_RX_REARM_RACE_TOTAL: 0
[net-rx-counters] sample=9 NET_RX_REARM_ARMED_TOTAL: 22 (cpu0=12, cpu1=5, cpu2=2, cpu5=3)
[net-rx-counters] sample=9 NET_PCI_IRQ_RAISED_NETRX: 12 (cpu0=12)
[net-rx-counters] sample=9 GIC_SPI55_ACK_TOTAL: 12 (cpu0=12)
[net-rx-counters] sample=9 GICV2M_BASE_PHYS: 0x2250000
[net-rx-counters] sample=9 GICV2M_DOORBELL_PHYS: 0x2250040
[net-rx-counters] sample=9 GICV2M_MSI_TYPER: 0x80350040
[net-rx-counters] sample=9 GICV2M_SPI_BASE: 53
[net-rx-counters] sample=9 GICV2M_SPI_COUNT: 64
[net-rx-counters] sample=9 GICV2M_NEXT_INDEX: 4
[net-rx-counters] sample=9 GIC_SPI54_IRQ: 54
[net-rx-counters] sample=9 GIC_SPI54_VERSION: 3
[net-rx-counters] sample=9 GIC_SPI54_ISENABLER_BIT: 0x400000
[net-rx-counters] sample=9 GIC_SPI54_ISPENDR_BIT: 0x0
[net-rx-counters] sample=9 GIC_SPI54_ISACTIVER_BIT: 0x0
[net-rx-counters] sample=9 GIC_SPI54_IGROUPR_BIT: 0x400000
[net-rx-counters] sample=9 GIC_SPI54_PRIORITY: 0xa0
[net-rx-counters] sample=9 GIC_SPI54_ICFGR_REG: 0x2a800
[net-rx-counters] sample=9 GIC_SPI54_IROUTER: 0x0
[net-rx-counters] sample=9 GIC_SPI54_ITARGETSR_BYTE: 0x0
[net-rx-counters] sample=9 GIC_SPI54_GICD_CTLR: 0x53
[bwm-fps] frames_since_last=245 elapsed_ms=1004 instantaneous_fps=244
[net-rx-counters] sample=9 GIC_SPI55_IRQ: 55
[net-rx-counters] sample=9 GIC_SPI55_VERSION: 3
[net-rx-counters] sample=9 GIC_SPI55_ISENABLER_BIT: 0x800000
[net-rx-counters] sample=9 GIC_SPI55_ISPENDR_BIT: 0x0
[net-rx-counters] sample=9 GIC_SPI55_ISACTIVER_BIT: 0x0
[net-rx-counters] sample=9 GIC_SPI55_IGROUPR_BIT: 0x800000
[net-rx-counters] sample=9 GIC_SPI55_PRIORITY: 0xa0
[net-rx-counters] sample=9 GIC_SPI55_ICFGR_REG: 0x2a800
[net-rx-counters] sample=9 GIC_SPI55_IROUTER: 0x0
[net-rx-counters] sample=9 GIC_SPI55_ITARGETSR_BYTE: 0x0
[net-rx-counters] sample=9 GIC_SPI55_GICD_CTLR: 0x53
[net-rx-counters] sample=9 MANUAL_GICV2M_TEST_DONE: 1
[net-rx-counters] sample=9 MANUAL_GICV2M_TEST_IRQ: 55
[net-rx-counters] sample=9 MANUAL_GICV2M_TEST_DOORBELL: 0x2250040
[net-rx-counters] sample=9 MANUAL_GICV2M_TEST_BEFORE_PEND: 0x0
[net-rx-counters] sample=9 MANUAL_GICV2M_TEST_AFTER_WRITE_PEND: 0x800000
[net-rx-counters] sample=9 MANUAL_GICV2M_TEST_AFTER_WAIT_PEND: 0x0
[net-rx-counters] sample=9 MANUAL_GICV2M_TEST_ACK_BEFORE: 0
[net-rx-counters] sample=9 MANUAL_GICV2M_TEST_ACK_AFTER: 1
[net-rx-counters] sample=9 MANUAL_GICV2M_TEST_MSI_BEFORE: 0
[net-rx-counters] sample=9 MANUAL_GICV2M_TEST_MSI_AFTER: 1
[net-rx-counters] sample=9 NET_PCI_DEVICE_STATUS: 0xf
[net-rx-counters] sample=9 NET_PCI_ISR_STATUS: 0x0
[net-rx-counters] sample=9 NET_PCI_DEVICE_FEATURES: 0x6187bfa3
[net-rx-counters] sample=9 NET_PCI_GUEST_FEATURES: 0x10020
[net-rx-counters] sample=9 NET_PCI_RX_QUEUE_PFN: 0x4118a
[net-rx-counters] sample=9 NET_PCI_TX_QUEUE_PFN: 0x4118d
[net-rx-counters] sample=9 NET_PCI_RX_QUEUE_SIZE: 256
[net-rx-counters] sample=9 NET_PCI_TX_QUEUE_SIZE: 256
[net-rx-counters] sample=9 NET_PCI_RX_QUEUE_ALIGN: 4096
[net-rx-counters] sample=9 NET_PCI_RX_QUEUE_VECTOR: 0x0
[net-rx-counters] sample=9 NET_PCI_TX_QUEUE_VECTOR: 0xffff
[net-rx-counters] sample=9 NET_PCI_RX_AVAIL_FLAGS: 0x0
[net-rx-counters] sample=9 NET_PCI_RX_AVAIL_IDX: 52
[net-rx-counters] sample=9 NET_PCI_RX_USED_FLAGS: 0x1
[net-rx-counters] sample=9 NET_PCI_RX_USED_IDX: 13
[net-rx-counters] sample=9 NET_PCI_RX_LAST_USED_IDX: 13
[net-rx-counters] sample=9 NET_PCI_RX_POSTED_GAP: 39
[net-rx-counters] sample=9 NET_PCI_RX_DESC0: addr=0x411a9c00 len=1524 flags=0x2
[net-rx-counters] sample=9 NET_PCI_RX_DESC1: addr=0x411aa200 len=1524 flags=0x2
[net-rx-counters] sample=9 NET_PCI_RX_DESC2: addr=0x411aa800 len=1524 flags=0x2
[net-rx-counters] sample=9 NET_PCI_RX_DESC3: addr=0x411aae00 len=1524 flags=0x2
[net-rx-counters] sample=9 NET_PCI_RX_RING_HEADS: 0,1,2,3
[net-rx-counters] sample=9 NET_RX_PROCESSING_HELD: 0
[net-rx-counters] sample=9 NET_RX_PENDING_WHILE_PROCESSING: 0
[net-rx-counters] sample=9 NET_PCI_RX_REARM_SAMPLE_SEQ: 22
[net-rx-counters] sample=9 NET_PCI_RX_REARM_SAMPLE0: used_idx=12 last_used_idx=12 avail_flags=0x0 raced=0
[net-rx-counters] sample=9 NET_PCI_RX_REARM_SAMPLE1: used_idx=13 last_used_idx=13 avail_flags=0x0 raced=0
[net-rx-counters] sample=9 NET_PCI_RX_REARM_SAMPLE2: used_idx=10 last_used_idx=10 avail_flags=0x0 raced=0
[net-rx-counters] sample=9 NET_PCI_RX_REARM_SAMPLE3: used_idx=11 last_used_idx=11 avail_flags=0x0 raced=0
[net-rx-counters] sample=9 NET_PCI_RX_SOFTIRQ_ENTRY_SAMPLE: used_idx=13 last_used_idx=12 avail_flags=0x1 raced=0
[net-rx-counters] sample=9 NET_PCI_RX_SOFTIRQ_EXIT_SAMPLE: used_idx=13 last_used_idx=13 avail_flags=0x0 raced=0
[net-rx-counters] sample=9 end
[bwm-fps] frames_since_last=232 elapsed_ms=1001 instantaneous_fps=231
[heartbeat] tid=12 uptime_ms=101529 kbd_nonzero=0
[bwm-fps] frames_since_last=247 elapsed_ms=1001 instantaneous_fps=246
[heartbeat] tid=12 uptime_ms=102529 kbd_nonzero=0
[bwm-fps] frames_since_last=249 elapsed_ms=1002 instantaneous_fps=248
[heartbeat] tid=12 uptime_ms=103530 kbd_nonzero=0
[bwm-fps] frames_since_last=232 elapsed_ms=1002 instantaneous_fps=231
[heartbeat] tid=12 uptime_ms=104531 kbd_nonzero=0
[bwm-fps] frames_since_last=239 elapsed_ms=1000 instantaneous_fps=239
[heartbeat] tid=12 uptime_ms=105532 kbd_nonzero=0
[bwm-fps] frames_since_last=247 elapsed_ms=1001 instantaneous_fps=246
[heartbeat] tid=12 uptime_ms=106532 kbd_nonzero=0
[bwm-fps] frames_since_last=244 elapsed_ms=1002 instantaneous_fps=243
[heartbeat] tid=12 uptime_ms=107533 kbd_nonzero=0
[bwm-fps] frames_since_last=248 elapsed_ms=1002 instantaneous_fps=247
[heartbeat] tid=12 uptime_ms=108534 kbd_nonzero=0
[bwm-fps] frames_since_last=245 elapsed_ms=1002 instantaneous_fps=244
[heartbeat] tid=12 uptime_ms=109534 kbd_nonzero=0
[bwm-fps] frames_since_last=230 elapsed_ms=1001 instantaneous_fps=229
[heartbeat] tid=12 uptime_ms=110535 kbd_nonzero=0
[PT_ROOT_CUSTODY:no_proof=13:no_arch=0:terminated=0:undecided=0:mid_retire=0:retired=4]
[TOMBSTONE_CENSUS:resident=1:removed=16:reap_second=15:retire_second=1:abandoned_unqueued=0]
[TTBR0_ASID_CENSUS:untagged=0:tagged=4078054:kernel=2013171:cleared=6073537]
[net-rx-counters] sample=10 begin
[net-rx-counters] sample=10 NET_RX_MSI_TOTAL: 12 (cpu0=12)
[net-rx-counters] sample=10 NET_RX_RING_DRAIN_TOTAL: 13 (cpu0=13)
[net-rx-counters] sample=10 NET_RX_FRAME_TOTAL: 13 (cpu0=13)
[net-rx-counters] sample=10 NET_RX_ARP_TOTAL: 2 (cpu0=2)
[net-rx-counters] sample=10 NET_RX_ETHERTYPE_OTHER_TOTAL: 1 (cpu0=1)
[net-rx-counters] sample=10 NET_RX_SOFTIRQ_ENTRY_TOTAL: 21 (cpu0=11, cpu1=5, cpu2=2, cpu5=3)
[net-rx-counters] sample=10 NET_RX_SOFTIRQ_EXIT_TOTAL: 21 (cpu0=11, cpu1=5, cpu2=2, cpu5=3)
[net-rx-counters] sample=10 NET_RX_REENTRANT_SKIP_TOTAL: 0
[net-rx-counters] sample=10 NET_RX_GUARD_RELEASE_TOTAL: 22 (cpu0=12, cpu1=5, cpu2=2, cpu5=3)
[net-rx-counters] sample=10 NET_RX_REARM_CHECK_TOTAL: 22 (cpu0=12, cpu1=5, cpu2=2, cpu5=3)
[net-rx-counters] sample=10 NET_RX_REARM_RACE_TOTAL: 0
[net-rx-counters] sample=10 NET_RX_REARM_ARMED_TOTAL: 22 (cpu0=12, cpu1=5, cpu2=2, cpu5=3)
[net-rx-counters] sample=10 NET_PCI_IRQ_RAISED_NETRX: 12 (cpu0=12)
[net-rx-counters] sample=10 GIC_SPI55_ACK_TOTAL: 12 (cpu0=12)
[net-rx-counters] sample=10 GICV2M_BASE_PHYS: 0x2250000
[net-rx-counters] sample=10 GICV2M_DOORBELL_PHYS: 0x2250040
[net-rx-counters] sample=10 GICV2M_MSI_TYPER: 0x80350040
[net-rx-counters] sample=10 GICV2M_SPI_BASE: 53
[net-rx-counters] sample=10 GICV2M_SPI_COUNT: 64
[net-rx-counters] sample=10 GICV2M_NEXT_INDEX: 4
[net-rx-counters] sample=10 GIC_SPI54_IRQ: 54
[net-rx-counters] sample=10 GIC_SPI54_VERSION: 3
[net-rx-counters] sample=10 GIC_SPI54_ISENABLER_BIT: 0x400000
[net-rx-counters] sample=10 GIC_SPI54_ISPENDR_BIT: 0x0
[net-rx-counters] sample=10 GIC_SPI54_ISACTIVER_BIT: 0x0
[net-rx-counters] sample=10 GIC_SPI54_IGROUPR_BIT: 0x400000
[net-rx-counters] sample=10 GIC_SPI54_PRIORITY: 0xa0
[net-rx-counters] sample=10 GIC_SPI54_ICFGR_REG: 0x2a800
[net-rx-counters] sample=10 GIC_SPI54_IROUTER: 0x0
[net-rx-counters] sample=10 GIC_SPI54_ITARGETSR_BYTE: 0x0
[net-rx-counters] sample=10 GIC_SPI54_GICD_CTLR: 0x53
[net-rx-counters] sample=10 GIC_SPI55_IRQ: 55
[net-rx-counters] sample=10 GIC_SPI55_VERSION: 3
[net-rx-counters] sample=10 GIC_SPI55_ISENABLER_BIT: 0x800000
[net-rx-counters] sample=10 GIC_SPI55_ISPENDR_BIT: 0x0
[net-rx-counters] sample=10 GIC_SPI55_ISACTIVER_BIT: 0x0
[net-rx-counters] sample=10 GIC_SPI55_IGROUPR_BIT: 0x800000
[net-rx-counters] sample=10 GIC_SPI55_PRIORITY: 0xa0
[net-rx-counters] sample=10 GIC_SPI55_ICFGR_REG: 0x2a800
[net-rx-counters] sample=10 GIC_SPI55_IROUTER: 0x0
[net-rx-counters] sample=10 GIC_SPI55_ITARGETSR_BYTE: 0x0
[net-rx-counters] sample=10 GIC_SPI55_GICD_CTLR: 0x53
[net-rx-counters] sample=10 MANUAL_GICV2M_TEST_DONE: 1
[net-rx-counters] sample=10 MANUAL_GICV2M_TEST_IRQ: 55
[net-rx-counters] sample=10 MANUAL_GICV2M_TEST_DOORBELL: 0x2250040
[net-rx-counters] sample=10 MANUAL_GICV2M_TEST_BEFORE_PEND: 0x0
[net-rx-counters] sample=10 MANUAL_GICV2M_TEST_AFTER_WRITE_PEND: 0x800000
[net-rx-counters] sample=10 MANUAL_GICV2M_TEST_AFTER_WAIT_PEND: 0x0
[net-rx-counters] sample=10 MANUAL_GICV2M_TEST_ACK_BEFORE: 0
[net-rx-counters] sample=10 MANUAL_GICV2M_TEST_ACK_AFTER: 1
[net-rx-counters] sample=10 MANUAL_GICV2M_TEST_MSI_BEFORE: 0
[net-rx-counters] sample=10 MANUAL_GICV2M_TEST_MSI_AFTER: 1
[net-rx-counters] sample=10 NET_PCI_DEVICE_STATUS: 0xf
[net-rx-counters] sample=10 NET_PCI_ISR_STATUS: 0x0
[net-rx-counters] sample=10 NET_PCI_DEVICE_FEATURES: 0x6187bfa3
[net-rx-counters] sample=10 NET_PCI_GUEST_FEATURES: 0x10020
[net-rx-counters] sample=10 NET_PCI_RX_QUEUE_PFN: 0x4118a
[net-rx-counters] sample=10 NET_PCI_TX_QUEUE_PFN: 0x4118d
[net-rx-counters] sample=10 NET_PCI_RX_QUEUE_SIZE: 256
[net-rx-counters] sample=10 NET_PCI_TX_QUEUE_SIZE: 256
[net-rx-counters] sample=10 NET_PCI_RX_QUEUE_ALIGN: 4096
[net-rx-counters] sample=10 NET_PCI_RX_QUEUE_VECTOR: 0x0
[net-rx-counters] sample=10 NET_PCI_TX_QUEUE_VECTOR: 0xffff
[net-rx-counters] sample=10 NET_PCI_RX_AVAIL_FLAGS: 0x0
[net-rx-counters] sample=10 NET_PCI_RX_AVAIL_IDX: 52
[net-rx-counters] sample=10 NET_PCI_RX_USED_FLAGS: 0x1
[net-rx-counters] sample=10 NET_PCI_RX_USED_IDX: 13
[net-rx-counters] sample=10 NET_PCI_RX_LAST_USED_IDX: 13
[net-rx-counters] sample=10 NET_PCI_RX_POSTED_GAP: 39
[net-rx-counters] sample=10 NET_PCI_RX_DESC0: addr=0x411a9c00 len=1524 flags=0x2
[net-rx-counters] sample=10 NET_PCI_RX_DESC1: addr=0x411aa200 len=1524 flags=0x2
[net-rx-counters] sample=10 NET_PCI_RX_DESC2: addr=0x411aa800 len=1524 flags=0x2
[net-rx-counters] sample=10 NET_PCI_RX_DESC3: addr=0x411aae00 len=1524 flags=0x2
[net-rx-counters] sample=10 NET_PCI_RX_RING_HEADS: 0,1,2,3
[net-rx-counters] sample=10 NET_RX_PROCESSING_HELD: 0
[net-rx-counters] sample=10 NET_RX_PENDING_WHILE_PROCESSING: 0
[net-rx-counters] sample=10 NET_PCI_RX_REARM_SAMPLE_SEQ: 22
[net-rx-counters] sample=10 NET_PCI_RX_REARM_SAMPLE0: used_idx=12 last_used_idx=12 avail_flags=0x0 raced=0
[net-rx-counters] sample=10 NET_PCI_RX_REARM_SAMPLE1: used_idx=13 last_used_idx=13 avail_flags=0x0 raced=0
[net-rx-counters] sample=10 NET_PCI_RX_REARM_SAMPLE2: used_idx=10 last_used_idx=10 avail_flags=0x0 raced=0
[net-rx-counters] sample=10 NET_PCI_RX_REARM_SAMPLE3: used_idx=11 last_used_idx=11 avail_flags=0x0 raced=0
[net-rx-counters] sample=10 NET_PCI_RX_SOFTIRQ_ENTRY_SAMPLE: used_idx=13 last_used_idx=12 avail_flags=0x1 raced=0
[net-rx-counters] sample=10 NET_PCI_RX_SOFTIRQ_EXIT_SAMPLE: used_idx=13 last_used_idx=13 avail_flags=0x0 raced=0
[net-rx-counters] sample=10 end
[bwm-fps] frames_since_last=244 elapsed_ms=1000 instantaneous_fps=244
[heartbeat] tid=12 uptime_ms=111555 kbd_nonzero=0
[bwm-fps] frames_since_last=246 elapsed_ms=1001 instantaneous_fps=245
[heartbeat] tid=12 uptime_ms=112556 kbd_nonzero=0
[bwm-fps] frames_since_last=246 elapsed_ms=1003 instantaneous_fps=245
[heartbeat] tid=12 uptime_ms=113556 kbd_nonzero=0
[bwm-fps] frames_since_last=246 elapsed_ms=1004 instantaneous_fps=245
[heartbeat] tid=12 uptime_ms=114557 kbd_nonzero=0
[bwm-fps] frames_since_last=237 elapsed_ms=1004 instantaneous_fps=236
[heartbeat] tid=12 uptime_ms=115557 kbd_nonzero=0
[bwm-fps] frames_since_last=239 elapsed_ms=1003 instantaneous_fps=238
[heartbeat] tid=12 uptime_ms=116558 kbd_nonzero=0
[bwm-fps] frames_since_last=229 elapsed_ms=1003 instantaneous_fps=228
[heartbeat] tid=12 uptime_ms=117558 kbd_nonzero=0
[bwm-fps] frames_since_last=193 elapsed_ms=1009 instantaneous_fps=191
[heartbeat] tid=12 uptime_ms=118559 kbd_nonzero=0
[heartbeat] tid=12 uptime_ms=119559 kbd_nonzero=0
[bwm-fps] frames_since_last=179 elapsed_ms=1003 instantaneous_fps=178
[heartbeat] tid=12 uptime_ms=120560 kbd_nonzero=0
[bwm-fps] frames_since_last=189 elapsed_ms=1002 instantaneous_fps=188
[heartbeat] tid=12 uptime_ms=121562 kbd_nonzero=0
[bwm-fps] frames_since_last=183 elapsed_ms=1002 instantaneous_fps=182
[heartbeat] tid=12 uptime_ms=122562 kbd_nonzero=0
[bwm-fps] frames_since_last=179 elapsed_ms=1002 instantaneous_fps=178
[heartbeat] tid=12 uptime_ms=123562 kbd_nonzero=0
[bwm-fps] frames_since_last=186 elapsed_ms=1004 instantaneous_fps=185
[heartbeat] tid=12 uptime_ms=124563 kbd_nonzero=0
[bwm-fps] frames_since_last=189 elapsed_ms=1000 instantaneous_fps=189
[heartbeat] tid=12 uptime_ms=125563 kbd_nonzero=0
[bwm-fps] frames_since_last=183 elapsed_ms=1004 instantaneous_fps=182
[heartbeat] tid=12 uptime_ms=126564 kbd_nonzero=0
[bwm-fps] frames_since_last=183 elapsed_ms=1003 instantaneous_fps=182
[heartbeat] tid=12 uptime_ms=127565 kbd_nonzero=0
[bwm-fps] frames_since_last=189 elapsed_ms=1001 instantaneous_fps=188
[heartbeat] tid=12 uptime_ms=128566 kbd_nonzero=0
[bwm-fps] frames_since_last=173 elapsed_ms=1000 instantaneous_fps=173
[heartbeat] tid=12 uptime_ms=129567 kbd_nonzero=0
[bwm-fps] frames_since_last=187 elapsed_ms=1004 instantaneous_fps=186
[heartbeat] tid=12 uptime_ms=130567 kbd_nonzero=0
[bwm-fps] frames_since_last=177 elapsed_ms=1000 instantaneous_fps=177
[heartbeat] tid=12 uptime_ms=131568 kbd_nonzero=0
[bwm-fps] frames_since_last=180 elapsed_ms=1000 instantaneous_fps=180
[heartbeat] tid=12 uptime_ms=132569 kbd_nonzero=0
[bwm-fps] frames_since_last=181 elapsed_ms=1000 instantaneous_fps=181
[heartbeat] tid=12 uptime_ms=133569 kbd_nonzero=0
[bwm-fps] frames_since_last=181 elapsed_ms=1000 instantaneous_fps=181
[heartbeat] tid=12 uptime_ms=134570 kbd_nonzero=0
[bwm-fps] frames_since_last=182 elapsed_ms=1004 instantaneous_fps=181
[heartbeat] tid=12 uptime_ms=135570 kbd_nonzero=0
[bwm-fps] frames_since_last=184 elapsed_ms=1000 instantaneous_fps=184
[heartbeat] tid=12 uptime_ms=136571 kbd_nonzero=0
[bwm-fps] frames_since_last=185 elapsed_ms=1002 instantaneous_fps=184
[heartbeat] tid=12 uptime_ms=137571 kbd_nonzero=0
[bwm-fps] frames_since_last=189 elapsed_ms=1004 instantaneous_fps=188
[heartbeat] tid=12 uptime_ms=138572 kbd_nonzero=0
[bwm-fps] frames_since_last=185 elapsed_ms=1005 instantaneous_fps=184
[heartbeat] tid=12 uptime_ms=139573 kbd_nonzero=0
[bwm-fps] frames_since_last=187 elapsed_ms=1000 instantaneous_fps=187
[heartbeat] tid=12 uptime_ms=140574 kbd_nonzero=0
[bwm-fps] frames_since_last=181 elapsed_ms=1003 instantaneous_fps=180
[heartbeat] tid=12 uptime_ms=141574 kbd_nonzero=0
[bwm-fps] frames_since_last=187 elapsed_ms=1000 instantaneous_fps=187
[heartbeat] tid=12 uptime_ms=142575 kbd_nonzero=0
[bwm-fps] frames_since_last=190 elapsed_ms=1001 instantaneous_fps=189
[heartbeat] tid=12 uptime_ms=143577 kbd_nonzero=0
[bwm-fps] frames_since_last=182 elapsed_ms=1001 instantaneous_fps=181
[heartbeat] tid=12 uptime_ms=144577 kbd_nonzero=0
[bwm-fps] frames_since_last=190 elapsed_ms=1003 instantaneous_fps=189
[heartbeat] tid=12 uptime_ms=145578 kbd_nonzero=0
[bwm-fps] frames_since_last=182 elapsed_ms=1000 instantaneous_fps=182
[heartbeat] tid=12 uptime_ms=146579 kbd_nonzero=0
[bwm-fps] frames_since_last=184 elapsed_ms=1004 instantaneous_fps=183
[heartbeat] tid=12 uptime_ms=147580 kbd_nonzero=0
[bwm-fps] frames_since_last=180 elapsed_ms=1000 instantaneous_fps=180
[heartbeat] tid=12 uptime_ms=148581 kbd_nonzero=0
[bwm-fps] frames_since_last=186 elapsed_ms=1002 instantaneous_fps=185
[heartbeat] tid=12 uptime_ms=149581 kbd_nonzero=0
[bwm-fps] frames_since_last=172 elapsed_ms=1000 instantaneous_fps=172
[heartbeat] tid=12 uptime_ms=150582 kbd_nonzero=0
[bwm-fps] frames_since_last=186 elapsed_ms=1001 instantaneous_fps=185
[heartbeat] tid=12 uptime_ms=151583 kbd_nonzero=0
[bwm-fps] frames_since_last=191 elapsed_ms=1004 instantaneous_fps=190
[heartbeat] tid=12 uptime_ms=152584 kbd_nonzero=0
[bwm-fps] frames_since_last=177 elapsed_ms=1001 instantaneous_fps=176
[heartbeat] tid=12 uptime_ms=153585 kbd_nonzero=0
[bwm-fps] frames_since_last=183 elapsed_ms=1001 instantaneous_fps=182
[heartbeat] tid=12 uptime_ms=154585 kbd_nonzero=0
[bwm-fps] frames_since_last=185 elapsed_ms=1000 instantaneous_fps=185
[heartbeat] tid=12 uptime_ms=155585 kbd_nonzero=0
[bwm-fps] frames_since_last=179 elapsed_ms=1000 instantaneous_fps=179
[heartbeat] tid=12 uptime_ms=156586 kbd_nonzero=0
[bwm-fps] frames_since_last=189 elapsed_ms=1001 instantaneous_fps=188
[heartbeat] tid=12 uptime_ms=157586 kbd_nonzero=0
[bwm-fps] frames_since_last=180 elapsed_ms=1004 instantaneous_fps=179
[heartbeat] tid=12 uptime_ms=158587 kbd_nonzero=0
[bwm-fps] frames_since_last=192 elapsed_ms=1003 instantaneous_fps=191
[heartbeat] tid=12 uptime_ms=159588 kbd_nonzero=0
[bwm-fps] frames_since_last=186 elapsed_ms=1001 instantaneous_fps=185
[heartbeat] tid=12 uptime_ms=160589 kbd_nonzero=0
[bwm-fps] frames_since_last=183 elapsed_ms=1003 instantaneous_fps=182
[heartbeat] tid=12 uptime_ms=161590 kbd_nonzero=0
[bwm-fps] frames_since_last=183 elapsed_ms=1001 instantaneous_fps=182
[heartbeat] tid=12 uptime_ms=162591 kbd_nonzero=0
[bwm-fps] frames_since_last=185 elapsed_ms=1000 instantaneous_fps=185
[heartbeat] tid=12 uptime_ms=163592 kbd_nonzero=0
[bwm-fps] frames_since_last=179 elapsed_ms=1001 instantaneous_fps=178
[heartbeat] tid=12 uptime_ms=164593 kbd_nonzero=0
[bwm-fps] frames_since_last=184 elapsed_ms=1002 instantaneous_fps=183
[heartbeat] tid=12 uptime_ms=165594 kbd_nonzero=0
[bwm-fps] frames_since_last=188 elapsed_ms=1004 instantaneous_fps=187
[heartbeat] tid=12 uptime_ms=166596 kbd_nonzero=0
[bwm-fps] frames_since_last=187 elapsed_ms=1003 instantaneous_fps=186
[heartbeat] tid=12 uptime_ms=167597 kbd_nonzero=0
[bwm-fps] frames_since_last=177 elapsed_ms=1004 instantaneous_fps=176
[heartbeat] tid=12 uptime_ms=168598 kbd_nonzero=0
[bwm-fps] frames_since_last=183 elapsed_ms=1002 instantaneous_fps=182
[heartbeat] tid=12 uptime_ms=169599 kbd_nonzero=0
[bwm-fps] frames_since_last=207 elapsed_ms=1001 instantaneous_fps=206
[heartbeat] tid=12 uptime_ms=170599 kbd_nonzero=0
[bwm-fps] frames_since_last=213 elapsed_ms=1007 instantaneous_fps=211
[heartbeat] tid=12 uptime_ms=171600 kbd_nonzero=0
[bwm-fps] frames_since_last=192 elapsed_ms=1002 instantaneous_fps=191
[heartbeat] tid=12 uptime_ms=172600 kbd_nonzero=0
[bwm-fps] frames_since_last=201 elapsed_ms=1000 instantaneous_fps=201
[heartbeat] tid=12 uptime_ms=173601 kbd_nonzero=0
[bwm-fps] frames_since_last=188 elapsed_ms=1004 instantaneous_fps=187
[heartbeat] tid=12 uptime_ms=174602 kbd_nonzero=0
[bwm-fps] frames_since_last=210 elapsed_ms=1004 instantaneous_fps=209
[heartbeat] tid=12 uptime_ms=175603 kbd_nonzero=0
[bwm-fps] frames_since_last=187 elapsed_ms=1001 instantaneous_fps=186
[heartbeat] tid=12 uptime_ms=176603 kbd_nonzero=0
[bwm-fps] frames_since_last=198 elapsed_ms=1005 instantaneous_fps=197
[heartbeat] tid=12 uptime_ms=177604 kbd_nonzero=0
[bwm-fps] frames_since_last=183 elapsed_ms=1002 instantaneous_fps=182
[heartbeat] tid=12 uptime_ms=178604 kbd_nonzero=0
[bwm-fps] frames_since_last=195 elapsed_ms=1002 instantaneous_fps=194
[heartbeat] tid=12 uptime_ms=179604 kbd_nonzero=0
[bwm-fps] frames_since_last=226 elapsed_ms=1000 instantaneous_fps=226
[heartbeat] tid=12 uptime_ms=180606 kbd_nonzero=0
[bwm-fps] frames_since_last=179 elapsed_ms=1003 instantaneous_fps=178
[heartbeat] tid=12 uptime_ms=181608 kbd_nonzero=0
[bwm-fps] frames_since_last=172 elapsed_ms=1003 instantaneous_fps=171
[heartbeat] tid=12 uptime_ms=182608 kbd_nonzero=0
[bwm-fps] frames_since_last=163 elapsed_ms=1001 instantaneous_fps=162
[heartbeat] tid=12 uptime_ms=183610 kbd_nonzero=0
[bwm-fps] frames_since_last=172 elapsed_ms=1006 instantaneous_fps=170
[heartbeat] tid=12 uptime_ms=184610 kbd_nonzero=0
[bwm-fps] frames_since_last=175 elapsed_ms=1002 instantaneous_fps=174
[heartbeat] tid=12 uptime_ms=185611 kbd_nonzero=0
[bwm-fps] frames_since_last=218 elapsed_ms=1001 instantaneous_fps=217
[heartbeat] tid=12 uptime_ms=186612 kbd_nonzero=0
[bwm-fps] frames_since_last=222 elapsed_ms=1004 instantaneous_fps=221
[heartbeat] tid=12 uptime_ms=187613 kbd_nonzero=0
[bwm-fps] frames_since_last=221 elapsed_ms=1004 instantaneous_fps=220
[heartbeat] tid=12 uptime_ms=188613 kbd_nonzero=0
[bwm-fps] frames_since_last=220 elapsed_ms=1004 instantaneous_fps=219
[heartbeat] tid=12 uptime_ms=189614 kbd_nonzero=0
[bwm-fps] frames_since_last=222 elapsed_ms=1003 instantaneous_fps=221
[heartbeat] tid=12 uptime_ms=190614 kbd_nonzero=0
[bwm-fps] frames_since_last=218 elapsed_ms=1003 instantaneous_fps=217
[heartbeat] tid=12 uptime_ms=191615 kbd_nonzero=0
[bwm-fps] frames_since_last=213 elapsed_ms=1003 instantaneous_fps=212
[heartbeat] tid=12 uptime_ms=192616 kbd_nonzero=0
[bwm-fps] frames_since_last=218 elapsed_ms=1002 instantaneous_fps=217
[heartbeat] tid=12 uptime_ms=193616 kbd_nonzero=0
[bwm-fps] frames_since_last=222 elapsed_ms=1002 instantaneous_fps=221
[heartbeat] tid=12 uptime_ms=194617 kbd_nonzero=0
[bwm-fps] frames_since_last=216 elapsed_ms=1000 instantaneous_fps=216
[heartbeat] tid=12 uptime_ms=195617 kbd_nonzero=0
[bwm-fps] frames_since_last=206 elapsed_ms=1004 instantaneous_fps=205
[heartbeat] tid=12 uptime_ms=196619 kbd_nonzero=0
[bwm-fps] frames_since_last=185 elapsed_ms=1005 instantaneous_fps=184
[heartbeat] tid=12 uptime_ms=197620 kbd_nonzero=0
[bwm-fps] frames_since_last=183 elapsed_ms=1005 instantaneous_fps=182
[heartbeat] tid=12 uptime_ms=198620 kbd_nonzero=0
[bwm-fps] frames_since_last=210 elapsed_ms=1003 instantaneous_fps=209
[heartbeat] tid=12 uptime_ms=199621 kbd_nonzero=0
[bwm-fps] frames_since_last=199 elapsed_ms=1000 instantaneous_fps=199
[heartbeat] tid=12 uptime_ms=200622 kbd_nonzero=0
[bwm-fps] frames_since_last=181 elapsed_ms=1004 instantaneous_fps=180
[heartbeat] tid=12 uptime_ms=201623 kbd_nonzero=0
[bwm-fps] frames_since_last=214 elapsed_ms=1000 instantaneous_fps=214
[heartbeat] tid=12 uptime_ms=202624 kbd_nonzero=0
[bwm-fps] frames_since_last=199 elapsed_ms=1000 instantaneous_fps=199
[heartbeat] tid=12 uptime_ms=203624 kbd_nonzero=0
[bwm-fps] frames_since_last=182 elapsed_ms=1003 instantaneous_fps=181
[heartbeat] tid=12 uptime_ms=204625 kbd_nonzero=0
[bwm-fps] frames_since_last=182 elapsed_ms=1003 instantaneous_fps=181
[heartbeat] tid=12 uptime_ms=205627 kbd_nonzero=0
[bwm-fps] frames_since_last=185 elapsed_ms=1004 instantaneous_fps=184
[heartbeat] tid=12 uptime_ms=206628 kbd_nonzero=0
[bwm-fps] frames_since_last=181 elapsed_ms=1005 instantaneous_fps=180
[heartbeat] tid=12 uptime_ms=207628 kbd_nonzero=0
[bwm-fps] frames_since_last=181 elapsed_ms=1001 instantaneous_fps=180
[heartbeat] tid=12 uptime_ms=208629 kbd_nonzero=0
[bwm-fps] frames_since_last=188 elapsed_ms=1000 instantaneous_fps=188
[heartbeat] tid=12 uptime_ms=209629 kbd_nonzero=0
[bwm-fps] frames_since_last=178 elapsed_ms=1000 instantaneous_fps=178
[heartbeat] tid=12 uptime_ms=210631 kbd_nonzero=0
[bwm-fps] frames_since_last=183 elapsed_ms=1001 instantaneous_fps=182
[heartbeat] tid=12 uptime_ms=211631 kbd_nonzero=0
[bwm-fps] frames_since_last=185 elapsed_ms=1005 instantaneous_fps=184
[heartbeat] tid=12 uptime_ms=212632 kbd_nonzero=0
[bwm-fps] frames_since_last=179 elapsed_ms=1002 instantaneous_fps=178
[heartbeat] tid=12 uptime_ms=213633 kbd_nonzero=0
[bwm-fps] frames_since_last=187 elapsed_ms=1006 instantaneous_fps=185
[heartbeat] tid=12 uptime_ms=214633 kbd_nonzero=0
[bwm-fps] frames_since_last=182 elapsed_ms=1001 instantaneous_fps=181
[heartbeat] tid=12 uptime_ms=215634 kbd_nonzero=0
[bwm-fps] frames_since_last=175 elapsed_ms=1002 instantaneous_fps=174
[heartbeat] tid=12 uptime_ms=216635 kbd_nonzero=0
[bwm-fps] frames_since_last=178 elapsed_ms=1005 instantaneous_fps=177
[heartbeat] tid=12 uptime_ms=217636 kbd_nonzero=0
[bwm-fps] frames_since_last=185 elapsed_ms=1001 instantaneous_fps=184
[heartbeat] tid=12 uptime_ms=218637 kbd_nonzero=0
[bwm-fps] frames_since_last=183 elapsed_ms=1001 instantaneous_fps=182
[heartbeat] tid=12 uptime_ms=219638 kbd_nonzero=0
[bwm-fps] frames_since_last=187 elapsed_ms=1003 instantaneous_fps=186
[heartbeat] tid=12 uptime_ms=220639 kbd_nonzero=0
[bwm-fps] frames_since_last=183 elapsed_ms=1001 instantaneous_fps=182
[heartbeat] tid=12 uptime_ms=221639 kbd_nonzero=0
[bwm-fps] frames_since_last=177 elapsed_ms=1000 instantaneous_fps=177
[heartbeat] tid=12 uptime_ms=222641 kbd_nonzero=0
[bwm-fps] frames_since_last=190 elapsed_ms=1002 instantaneous_fps=189
[heartbeat] tid=12 uptime_ms=223641 kbd_nonzero=0
[bwm-fps] frames_since_last=186 elapsed_ms=1003 instantaneous_fps=185
[heartbeat] tid=12 uptime_ms=224643 kbd_nonzero=0
[bwm-fps] frames_since_last=179 elapsed_ms=1005 instantaneous_fps=178
[heartbeat] tid=12 uptime_ms=225643 kbd_nonzero=0
[bwm-fps] frames_since_last=179 elapsed_ms=1002 instantaneous_fps=178
[heartbeat] tid=12 uptime_ms=226644 kbd_nonzero=0
[bwm-fps] frames_since_last=187 elapsed_ms=1001 instantaneous_fps=186
[heartbeat] tid=12 uptime_ms=227645 kbd_nonzero=0
[bwm-fps] frames_since_last=176 elapsed_ms=1000 instantaneous_fps=176
[heartbeat] tid=12 uptime_ms=228645 kbd_nonzero=0
[bwm-fps] frames_since_last=171 elapsed_ms=1002 instantaneous_fps=170
[heartbeat] tid=12 uptime_ms=229646 kbd_nonzero=0
[bwm-fps] frames_since_last=179 elapsed_ms=1002 instantaneous_fps=178
[heartbeat] tid=12 uptime_ms=230647 kbd_nonzero=0
[bwm-fps] frames_since_last=162 elapsed_ms=1005 instantaneous_fps=161
[heartbeat] tid=12 uptime_ms=231647 kbd_nonzero=0
[bwm-fps] frames_since_last=177 elapsed_ms=1000 instantaneous_fps=177
[heartbeat] tid=12 uptime_ms=232648 kbd_nonzero=0
[bwm-fps] frames_since_last=184 elapsed_ms=1001 instantaneous_fps=183
[heartbeat] tid=12 uptime_ms=233648 kbd_nonzero=0
[bwm-fps] frames_since_last=175 elapsed_ms=1003 instantaneous_fps=174
[heartbeat] tid=12 uptime_ms=234649 kbd_nonzero=0
[bwm-fps] frames_since_last=184 elapsed_ms=1003 instantaneous_fps=183
[heartbeat] tid=12 uptime_ms=235650 kbd_nonzero=0
[bwm-fps] frames_since_last=186 elapsed_ms=1000 instantaneous_fps=186
