Revision: 04fe4bc02861628c5a5a0eb5c8df2335e0a402b3
Current numbered source; historical round citations retain their historical revision.

FILE: tests/gate_qmp_backstop_structure.rs
tests/gate_qmp_backstop_structure.rs:1: //! PR-6 census, same-file ordering mutations, and fake-QMP lifecycle oracle.
tests/gate_qmp_backstop_structure.rs:2: //! Text checks cover the shipped shell shapes, not arbitrary bash indirection.
tests/gate_qmp_backstop_structure.rs:3: use std::fs;
tests/gate_qmp_backstop_structure.rs:4: use std::path::{Path, PathBuf};
tests/gate_qmp_backstop_structure.rs:5: use std::process::Command;
tests/gate_qmp_backstop_structure.rs:6:
tests/gate_qmp_backstop_structure.rs:7: const GATE_DIR: &str = "docker/qemu";
tests/gate_qmp_backstop_structure.rs:8: const LIB_MARKER: &str = "lib/gate-qmp-backstop.sh";
tests/gate_qmp_backstop_structure.rs:9: const DRAIN_CALL: &str = "gqb_dump_and_report";
tests/gate_qmp_backstop_structure.rs:10: const PASS_CALL: &str = "gqb_pass_report";
tests/gate_qmp_backstop_structure.rs:11: const KILL_WINDOW: usize = 30;
tests/gate_qmp_backstop_structure.rs:12:
tests/gate_qmp_backstop_structure.rs:13: fn repo_path(rel: &str) -> PathBuf {
tests/gate_qmp_backstop_structure.rs:14:     PathBuf::from(env!("CARGO_MANIFEST_DIR")).join(rel)
tests/gate_qmp_backstop_structure.rs:15: }
tests/gate_qmp_backstop_structure.rs:16:
tests/gate_qmp_backstop_structure.rs:17: fn read(rel: &str) -> String {
tests/gate_qmp_backstop_structure.rs:18:     let full = repo_path(rel);
tests/gate_qmp_backstop_structure.rs:19:     fs::read_to_string(&full)
tests/gate_qmp_backstop_structure.rs:20:         .unwrap_or_else(|error| panic!("failed to read {}: {error}", full.display()))
tests/gate_qmp_backstop_structure.rs:21: }
tests/gate_qmp_backstop_structure.rs:22:
tests/gate_qmp_backstop_structure.rs:23: /// The `.sh` files under `docker/qemu/`, recursively -- the same walk
tests/gate_qmp_backstop_structure.rs:24: /// `capture_path_lock_free_structure.rs::gate_scripts()` uses, duplicated
tests/gate_qmp_backstop_structure.rs:25: /// (not shared) because these are separate `rustc --test` compilation units
tests/gate_qmp_backstop_structure.rs:26: /// with no shared crate between them (`scripts/run-structure-tests.sh`
tests/gate_qmp_backstop_structure.rs:27: /// compiles each file standalone).
tests/gate_qmp_backstop_structure.rs:28: fn gate_scripts() -> Vec<(String, String)> {
tests/gate_qmp_backstop_structure.rs:29:     fn walk(dir: &Path, out: &mut Vec<PathBuf>) {
tests/gate_qmp_backstop_structure.rs:30:         for entry in fs::read_dir(dir).expect("docker/qemu must exist") {
tests/gate_qmp_backstop_structure.rs:31:             let path = entry.expect("readable dir entry").path();
tests/gate_qmp_backstop_structure.rs:32:             if path.is_dir() {
tests/gate_qmp_backstop_structure.rs:33:                 walk(&path, out);
tests/gate_qmp_backstop_structure.rs:34:             } else if path.extension().and_then(|e| e.to_str()) == Some("sh") {
tests/gate_qmp_backstop_structure.rs:35:                 out.push(path);
tests/gate_qmp_backstop_structure.rs:36:             }
tests/gate_qmp_backstop_structure.rs:37:         }
tests/gate_qmp_backstop_structure.rs:38:     }
tests/gate_qmp_backstop_structure.rs:39:     let mut paths = Vec::new();
tests/gate_qmp_backstop_structure.rs:40:     walk(&repo_path(GATE_DIR), &mut paths);
tests/gate_qmp_backstop_structure.rs:41:     paths.sort();
tests/gate_qmp_backstop_structure.rs:42:     paths
tests/gate_qmp_backstop_structure.rs:43:         .into_iter()
tests/gate_qmp_backstop_structure.rs:44:         .map(|path| {
tests/gate_qmp_backstop_structure.rs:45:             let name = path
tests/gate_qmp_backstop_structure.rs:46:                 .strip_prefix(repo_path(""))
tests/gate_qmp_backstop_structure.rs:47:                 .unwrap_or(&path)
tests/gate_qmp_backstop_structure.rs:48:                 .to_string_lossy()
tests/gate_qmp_backstop_structure.rs:49:                 .to_string();
tests/gate_qmp_backstop_structure.rs:50:             let body = fs::read_to_string(&path).expect("readable script");
tests/gate_qmp_backstop_structure.rs:51:             (name, body)
tests/gate_qmp_backstop_structure.rs:52:         })
tests/gate_qmp_backstop_structure.rs:53:         .collect()
tests/gate_qmp_backstop_structure.rs:54: }
tests/gate_qmp_backstop_structure.rs:55:
tests/gate_qmp_backstop_structure.rs:56: /// Census-anchored, not a literal list: the gate scripts that source
tests/gate_qmp_backstop_structure.rs:57: /// `lib/gate-qmp-backstop.sh`, whatever that set currently is.
tests/gate_qmp_backstop_structure.rs:58: fn converted_gates() -> Vec<(String, String)> {
tests/gate_qmp_backstop_structure.rs:59:     gate_scripts()
tests/gate_qmp_backstop_structure.rs:60:         .into_iter()
tests/gate_qmp_backstop_structure.rs:61:         .filter(|(_, body)| body.contains(LIB_MARKER))
tests/gate_qmp_backstop_structure.rs:62:         .collect()
tests/gate_qmp_backstop_structure.rs:63: }
tests/gate_qmp_backstop_structure.rs:64:
tests/gate_qmp_backstop_structure.rs:65: fn active_call(line: &str, name: &str) -> bool {
tests/gate_qmp_backstop_structure.rs:66:     !line.trim_start().starts_with('#') && line.contains(&format!("$({name}"))
tests/gate_qmp_backstop_structure.rs:67: }
tests/gate_qmp_backstop_structure.rs:68:
tests/gate_qmp_backstop_structure.rs:69: fn is_kill_line(line: &str) -> bool {
tests/gate_qmp_backstop_structure.rs:70:     let line = line.trim();
tests/gate_qmp_backstop_structure.rs:71:     (line.starts_with("kill $QEMU_PID ") || line.starts_with("kill \"$QEMU_PID\" "))
tests/gate_qmp_backstop_structure.rs:72:         && line.contains("2>/dev/null")
tests/gate_qmp_backstop_structure.rs:73: }
tests/gate_qmp_backstop_structure.rs:74:
tests/gate_qmp_backstop_structure.rs:75: fn uncovered_kill_sites(lines: &[&str]) -> Vec<usize> {
tests/gate_qmp_backstop_structure.rs:76:     lines
tests/gate_qmp_backstop_structure.rs:77:         .iter()
tests/gate_qmp_backstop_structure.rs:78:         .enumerate()
tests/gate_qmp_backstop_structure.rs:79:         .filter_map(|(i, line)| {
tests/gate_qmp_backstop_structure.rs:80:             (is_kill_line(line)
tests/gate_qmp_backstop_structure.rs:81:                 && !lines[i.saturating_sub(KILL_WINDOW)..i]
tests/gate_qmp_backstop_structure.rs:82:                     .iter()
tests/gate_qmp_backstop_structure.rs:83:                     .any(|l| active_call(l, DRAIN_CALL) || active_call(l, PASS_CALL)))
tests/gate_qmp_backstop_structure.rs:84:             .then_some(i)
tests/gate_qmp_backstop_structure.rs:85:         })
tests/gate_qmp_backstop_structure.rs:86:         .collect()
tests/gate_qmp_backstop_structure.rs:87: }
tests/gate_qmp_backstop_structure.rs:88:
tests/gate_qmp_backstop_structure.rs:89: // Top-level shell functions in these files close with an unindented brace;
tests/gate_qmp_backstop_structure.rs:90: // indented groups and ${...} expansions do not end the function.
tests/gate_qmp_backstop_structure.rs:91: fn function_body<'a>(source: &'a str, name: &str) -> &'a str {
tests/gate_qmp_backstop_structure.rs:92:     let opening = source
tests/gate_qmp_backstop_structure.rs:93:         .find(&format!("{name}() {{\n"))
tests/gate_qmp_backstop_structure.rs:94:         .expect("function exists");
tests/gate_qmp_backstop_structure.rs:95:     let start = opening + source[opening..].find('\n').unwrap() + 1;
tests/gate_qmp_backstop_structure.rs:96:     let end = start + source[start..].find("\n}").expect("closing brace");
tests/gate_qmp_backstop_structure.rs:97:     &source[start..end]
tests/gate_qmp_backstop_structure.rs:98: }
tests/gate_qmp_backstop_structure.rs:99:
tests/gate_qmp_backstop_structure.rs:100: fn helper_ordered(body: &str) -> bool {
tests/gate_qmp_backstop_structure.rs:101:     let lines: Vec<_> = body.lines().collect();
tests/gate_qmp_backstop_structure.rs:102:     let kills: Vec<_> = lines
tests/gate_qmp_backstop_structure.rs:103:         .iter()
tests/gate_qmp_backstop_structure.rs:104:         .enumerate()
tests/gate_qmp_backstop_structure.rs:105:         .filter(|(_, l)| l.trim().starts_with("kill \"$qemu_pid\" "))
tests/gate_qmp_backstop_structure.rs:106:         .map(|(i, _)| i)
tests/gate_qmp_backstop_structure.rs:107:         .collect();
tests/gate_qmp_backstop_structure.rs:108:     kills.len() == 1
tests/gate_qmp_backstop_structure.rs:109:         && [DRAIN_CALL, PASS_CALL].iter().all(|name| {
tests/gate_qmp_backstop_structure.rs:110:             let calls: Vec<_> = lines
tests/gate_qmp_backstop_structure.rs:111:                 .iter()
tests/gate_qmp_backstop_structure.rs:112:                 .enumerate()
tests/gate_qmp_backstop_structure.rs:113:                 .filter(|(_, l)| active_call(l, name))
tests/gate_qmp_backstop_structure.rs:114:                 .map(|(i, _)| i)
tests/gate_qmp_backstop_structure.rs:115:                 .collect();
tests/gate_qmp_backstop_structure.rs:116:             !calls.is_empty() && calls.iter().all(|i| *i < kills[0])
tests/gate_qmp_backstop_structure.rs:117:         })
tests/gate_qmp_backstop_structure.rs:118:         && lines[kills[0] + 1..].iter().all(|l| l.trim().is_empty())
tests/gate_qmp_backstop_structure.rs:119: }
tests/gate_qmp_backstop_structure.rs:120:
tests/gate_qmp_backstop_structure.rs:121: #[test]
tests/gate_qmp_backstop_structure.rs:122: fn census_wiring_calls_both_outcomes() {
tests/gate_qmp_backstop_structure.rs:123:     let gates = converted_gates();
tests/gate_qmp_backstop_structure.rs:124:     assert!(gates.len() >= 2, "QMP gate census collapsed");
tests/gate_qmp_backstop_structure.rs:125:     for (name, body) in gates {
tests/gate_qmp_backstop_structure.rs:126:         for call in [DRAIN_CALL, PASS_CALL] {
tests/gate_qmp_backstop_structure.rs:127:             assert!(
tests/gate_qmp_backstop_structure.rs:128:                 body.lines().any(|l| active_call(l, call)),
tests/gate_qmp_backstop_structure.rs:129:                 "{name} never calls {call}"
tests/gate_qmp_backstop_structure.rs:130:             );
tests/gate_qmp_backstop_structure.rs:131:         }
tests/gate_qmp_backstop_structure.rs:132:     }
tests/gate_qmp_backstop_structure.rs:133: }
tests/gate_qmp_backstop_structure.rs:134:
tests/gate_qmp_backstop_structure.rs:135: #[test]
tests/gate_qmp_backstop_structure.rs:136: fn strict_kill_follows_qmp_decision() {
tests/gate_qmp_backstop_structure.rs:137:     let body = read("docker/qemu/run-aarch64-boot-test-strict.sh");
tests/gate_qmp_backstop_structure.rs:138:     let lines: Vec<_> = body.lines().collect();
tests/gate_qmp_backstop_structure.rs:139:     assert!(
tests/gate_qmp_backstop_structure.rs:140:         lines.iter().any(|l| is_kill_line(l)),
tests/gate_qmp_backstop_structure.rs:141:         "kill census collapsed"
tests/gate_qmp_backstop_structure.rs:142:     );
tests/gate_qmp_backstop_structure.rs:143:     assert!(
tests/gate_qmp_backstop_structure.rs:144:         uncovered_kill_sites(&lines).is_empty(),
tests/gate_qmp_backstop_structure.rs:145:         "strict kill precedes QMP decision"
tests/gate_qmp_backstop_structure.rs:146:     );
tests/gate_qmp_backstop_structure.rs:147: }
tests/gate_qmp_backstop_structure.rs:148:
tests/gate_qmp_backstop_structure.rs:149: #[test]
tests/gate_qmp_backstop_structure.rs:150: fn moving_the_qmp_decision_after_its_kill_reddens_the_check() {
tests/gate_qmp_backstop_structure.rs:151:     let body = read("docker/qemu/run-aarch64-boot-test-strict.sh");
tests/gate_qmp_backstop_structure.rs:152:     let mut lines: Vec<_> = body.lines().collect();
tests/gate_qmp_backstop_structure.rs:153:     assert!(
tests/gate_qmp_backstop_structure.rs:154:         uncovered_kill_sites(&lines).is_empty(),
tests/gate_qmp_backstop_structure.rs:155:         "unmutated file must be green"
tests/gate_qmp_backstop_structure.rs:156:     );
tests/gate_qmp_backstop_structure.rs:157:     let kill = lines
tests/gate_qmp_backstop_structure.rs:158:         .iter()
tests/gate_qmp_backstop_structure.rs:159:         .position(|l| is_kill_line(l))
tests/gate_qmp_backstop_structure.rs:160:         .expect("real kill");
tests/gate_qmp_backstop_structure.rs:161:     let decision = lines
tests/gate_qmp_backstop_structure.rs:162:         .iter()
tests/gate_qmp_backstop_structure.rs:163:         .position(|l| l.contains("local QMP_PRECHECK_PASS"))
tests/gate_qmp_backstop_structure.rs:164:         .unwrap();
tests/gate_qmp_backstop_structure.rs:165:     assert!(decision < kill);
tests/gate_qmp_backstop_structure.rs:166:     let moved = lines.remove(kill);
tests/gate_qmp_backstop_structure.rs:167:     lines.insert(decision, moved);
tests/gate_qmp_backstop_structure.rs:168:     assert!(
tests/gate_qmp_backstop_structure.rs:169:         !uncovered_kill_sites(&lines).is_empty(),
tests/gate_qmp_backstop_structure.rs:170:         "kill-before-QMP mutation stayed green"
tests/gate_qmp_backstop_structure.rs:171:     );
tests/gate_qmp_backstop_structure.rs:172: }
tests/gate_qmp_backstop_structure.rs:173:
tests/gate_qmp_backstop_structure.rs:174: #[test]
tests/gate_qmp_backstop_structure.rs:175: fn service_loop_routes_every_verdict_kill_through_ordered_helper() {
tests/gate_qmp_backstop_structure.rs:176:     let source = read("docker/qemu/run-aarch64-service-sequence-gate.sh");
tests/gate_qmp_backstop_structure.rs:177:     assert!(
tests/gate_qmp_backstop_structure.rs:178:         helper_ordered(function_body(&source, "ssg_kill_with_backstop")),
tests/gate_qmp_backstop_structure.rs:179:         "helper must decide QMP first and kill last"
tests/gate_qmp_backstop_structure.rs:180:     );
tests/gate_qmp_backstop_structure.rs:181:     let profile = function_body(&source, "run_profile");
tests/gate_qmp_backstop_structure.rs:182:     let boot_loop = &profile[profile.find("for boot in ").expect("per-boot loop")..];
tests/gate_qmp_backstop_structure.rs:183:     assert!(
tests/gate_qmp_backstop_structure.rs:184:         !boot_loop.lines().any(is_kill_line),
tests/gate_qmp_backstop_structure.rs:185:         "raw per-boot kill bypasses QMP"
tests/gate_qmp_backstop_structure.rs:186:     );
tests/gate_qmp_backstop_structure.rs:187:     let calls: Vec<_> = boot_loop
tests/gate_qmp_backstop_structure.rs:188:         .lines()
tests/gate_qmp_backstop_structure.rs:189:         .filter(|l| l.trim_start().starts_with("ssg_kill_with_backstop "))
tests/gate_qmp_backstop_structure.rs:190:         .collect();
tests/gate_qmp_backstop_structure.rs:191:     assert!(calls.len() >= 8, "helper call census collapsed");
tests/gate_qmp_backstop_structure.rs:192:     assert_eq!(calls.iter().filter(|l| l.ends_with(" 1")).count(), 1);
tests/gate_qmp_backstop_structure.rs:193:     let green = &boot_loop[boot_loop.find("if green_sequence_complete ").unwrap()..];
tests/gate_qmp_backstop_structure.rs:194:     assert!(green
tests/gate_qmp_backstop_structure.rs:195:         .lines()
tests/gate_qmp_backstop_structure.rs:196:         .find(|l| l.trim_start().starts_with("ssg_kill_with_backstop "))
tests/gate_qmp_backstop_structure.rs:197:         .unwrap()
tests/gate_qmp_backstop_structure.rs:198:         .ends_with(" 1"));
tests/gate_qmp_backstop_structure.rs:199: }
tests/gate_qmp_backstop_structure.rs:200:
tests/gate_qmp_backstop_structure.rs:201: #[test]
tests/gate_qmp_backstop_structure.rs:202: fn swapping_helper_kill_and_dump_reddens_the_check() {
tests/gate_qmp_backstop_structure.rs:203:     let source = read("docker/qemu/run-aarch64-service-sequence-gate.sh");
tests/gate_qmp_backstop_structure.rs:204:     let body = function_body(&source, "ssg_kill_with_backstop");
tests/gate_qmp_backstop_structure.rs:205:     assert!(helper_ordered(body), "unmutated helper must be green");
tests/gate_qmp_backstop_structure.rs:206:     let mut lines: Vec<_> = body.lines().collect();
tests/gate_qmp_backstop_structure.rs:207:     let kill = lines
tests/gate_qmp_backstop_structure.rs:208:         .iter()
tests/gate_qmp_backstop_structure.rs:209:         .position(|l| l.trim().starts_with("kill "))
tests/gate_qmp_backstop_structure.rs:210:         .unwrap();
tests/gate_qmp_backstop_structure.rs:211:     let dump = lines
tests/gate_qmp_backstop_structure.rs:212:         .iter()
tests/gate_qmp_backstop_structure.rs:213:         .position(|l| active_call(l, DRAIN_CALL))
tests/gate_qmp_backstop_structure.rs:214:         .unwrap();
tests/gate_qmp_backstop_structure.rs:215:     lines.swap(kill, dump);
tests/gate_qmp_backstop_structure.rs:216:     assert!(
tests/gate_qmp_backstop_structure.rs:217:         !helper_ordered(&lines.join("\n")),
tests/gate_qmp_backstop_structure.rs:218:         "kill-before-dump mutation stayed green"
tests/gate_qmp_backstop_structure.rs:219:     );
tests/gate_qmp_backstop_structure.rs:220: }
tests/gate_qmp_backstop_structure.rs:221:
tests/gate_qmp_backstop_structure.rs:222: const FAKE_QMP: &str = r#"
tests/gate_qmp_backstop_structure.rs:223: import json, pathlib, signal, socket, sys, time
tests/gate_qmp_backstop_structure.rs:224: mode = sys.argv[1]
tests/gate_qmp_backstop_structure.rs:225: log = pathlib.Path('commands.log')
tests/gate_qmp_backstop_structure.rs:226: log.write_text('')
tests/gate_qmp_backstop_structure.rs:227: def record(text):
tests/gate_qmp_backstop_structure.rs:228:     with log.open('a') as f:
tests/gate_qmp_backstop_structure.rs:229:         f.write('%s %d\n' % (text, time.time_ns() // 1000000))
tests/gate_qmp_backstop_structure.rs:230: def terminate(signum, frame):
tests/gate_qmp_backstop_structure.rs:231:     record('SIGTERM')
tests/gate_qmp_backstop_structure.rs:232:     sys.exit(0)
tests/gate_qmp_backstop_structure.rs:233: signal.signal(signal.SIGTERM, terminate)
tests/gate_qmp_backstop_structure.rs:234: s = socket.socket(socket.AF_UNIX, socket.SOCK_STREAM)
tests/gate_qmp_backstop_structure.rs:235: s.bind('qmp.sock')
tests/gate_qmp_backstop_structure.rs:236: s.listen()
tests/gate_qmp_backstop_structure.rs:237: pathlib.Path('ready').touch()
tests/gate_qmp_backstop_structure.rs:238: while True:
tests/gate_qmp_backstop_structure.rs:239:     conn, _ = s.accept()
tests/gate_qmp_backstop_structure.rs:240:     with conn:
tests/gate_qmp_backstop_structure.rs:241:         conn.sendall(b'{"QMP":{"version":{"qemu":{"major":9,"minor":0,"micro":0}},"capabilities":[]}}\r\n')
tests/gate_qmp_backstop_structure.rs:242:         negotiated = False
tests/gate_qmp_backstop_structure.rs:243:         for line in conn.makefile('rb'):
tests/gate_qmp_backstop_structure.rs:244:             request = json.loads(line)
tests/gate_qmp_backstop_structure.rs:245:             command = request['execute']
tests/gate_qmp_backstop_structure.rs:246:             record('RECV ' + command)
tests/gate_qmp_backstop_structure.rs:247:             if command == 'qmp_capabilities':
tests/gate_qmp_backstop_structure.rs:248:                 negotiated = True
tests/gate_qmp_backstop_structure.rs:249:             else:
tests/gate_qmp_backstop_structure.rs:250:                 assert negotiated
tests/gate_qmp_backstop_structure.rs:251:             if command == 'dump-guest-memory':
tests/gate_qmp_backstop_structure.rs:252:                 assert request['arguments']['paging'] is False
tests/gate_qmp_backstop_structure.rs:253:                 pathlib.Path('dump-received').touch()
tests/gate_qmp_backstop_structure.rs:254:                 if mode == 'hang':
tests/gate_qmp_backstop_structure.rs:255:                     while True:
tests/gate_qmp_backstop_structure.rs:256:                         signal.pause()
tests/gate_qmp_backstop_structure.rs:257:                 target = request['arguments']['protocol']
tests/gate_qmp_backstop_structure.rs:258:                 assert target.startswith('file:')
tests/gate_qmp_backstop_structure.rs:259:                 pathlib.Path(target[5:]).write_bytes(b'fake core bytes')
tests/gate_qmp_backstop_structure.rs:260:             result = {'status':'paused','running':False} if command == 'query-status' else {}
tests/gate_qmp_backstop_structure.rs:261:             conn.sendall((json.dumps({'return':result})+'\r\n').encode())
tests/gate_qmp_backstop_structure.rs:262: "#;
tests/gate_qmp_backstop_structure.rs:263:
tests/gate_qmp_backstop_structure.rs:264: // Model only pre-request scheduling as unbounded. After receipt, the real
tests/gate_qmp_backstop_structure.rs:265: // subprocess deadline bounds the pending response; on expiry this shim
tests/gate_qmp_backstop_structure.rs:266: // kills and reaps its own process group. The shipped backstop is unchanged.
tests/gate_qmp_backstop_structure.rs:267: const FIXTURE_TIMEOUT: &str = r#"
tests/gate_qmp_backstop_structure.rs:268: import os, pathlib, signal, subprocess, sys, time
tests/gate_qmp_backstop_structure.rs:269: assert sys.argv[1] == '--kill-after=1'
tests/gate_qmp_backstop_structure.rs:270: budget = int(sys.argv[2])
tests/gate_qmp_backstop_structure.rs:271: assert budget > 0
tests/gate_qmp_backstop_structure.rs:272: command = sys.argv[3:]
tests/gate_qmp_backstop_structure.rs:273: if command[0] != 'bash':
tests/gate_qmp_backstop_structure.rs:274:     os.execvp('timeout', ['timeout'] + sys.argv[1:])
tests/gate_qmp_backstop_structure.rs:275: def terminate(signum, frame):
tests/gate_qmp_backstop_structure.rs:276:     raise SystemExit(128 + signum)
tests/gate_qmp_backstop_structure.rs:277: signal.signal(signal.SIGTERM, terminate)
tests/gate_qmp_backstop_structure.rs:278: signal.signal(signal.SIGINT, terminate)
tests/gate_qmp_backstop_structure.rs:279: child = subprocess.Popen(command, start_new_session=True, env={k:v for k,v in os.environ.items() if k != 'BASH_ENV' and not k.startswith('BASH_FUNC_timeout')})
tests/gate_qmp_backstop_structure.rs:280: try:
tests/gate_qmp_backstop_structure.rs:281:     while not pathlib.Path('dump-received').exists():
tests/gate_qmp_backstop_structure.rs:282:         assert child.poll() is None, 'capture exited before dump receipt'
tests/gate_qmp_backstop_structure.rs:283:         time.sleep(.01)
tests/gate_qmp_backstop_structure.rs:284:     # For success, let the real capture finish; only hang mode has a pending
tests/gate_qmp_backstop_structure.rs:285:     # operation whose response must be bounded. Suite timeout covers success.
tests/gate_qmp_backstop_structure.rs:286:     if pathlib.Path('mode').read_text() == 'hang':
tests/gate_qmp_backstop_structure.rs:287:         try:
tests/gate_qmp_backstop_structure.rs:288:             result = child.wait(timeout=budget)
tests/gate_qmp_backstop_structure.rs:289:         except subprocess.TimeoutExpired:
tests/gate_qmp_backstop_structure.rs:290:             result = 124
tests/gate_qmp_backstop_structure.rs:291:             pathlib.Path('bounded').write_text(str(budget))
tests/gate_qmp_backstop_structure.rs:292:         else:
tests/gate_qmp_backstop_structure.rs:293:             raise AssertionError('hung dump unexpectedly completed')
tests/gate_qmp_backstop_structure.rs:294:     else:
tests/gate_qmp_backstop_structure.rs:295:         result = child.wait()
tests/gate_qmp_backstop_structure.rs:296: finally:
tests/gate_qmp_backstop_structure.rs:297:     try:
tests/gate_qmp_backstop_structure.rs:298:         os.killpg(child.pid, signal.SIGKILL)
tests/gate_qmp_backstop_structure.rs:299:     except ProcessLookupError:
tests/gate_qmp_backstop_structure.rs:300:         pass
tests/gate_qmp_backstop_structure.rs:301:     child.wait()
tests/gate_qmp_backstop_structure.rs:302: sys.exit(result)
tests/gate_qmp_backstop_structure.rs:303: "#;
tests/gate_qmp_backstop_structure.rs:304:
tests/gate_qmp_backstop_structure.rs:305: // Validate the complete partial-report wire format, including elapsed milliseconds.
tests/gate_qmp_backstop_structure.rs:306: fn partial_report(out: &str, reason: &str) -> bool {
tests/gate_qmp_backstop_structure.rs:307:     let prefix =
tests/gate_qmp_backstop_structure.rs:308:         format!("[QMP_DUMP:capture=partial:reason={reason}:core=-:decoded_events=-:dump_ms=");
tests/gate_qmp_backstop_structure.rs:309:     out.strip_prefix(&prefix)
tests/gate_qmp_backstop_structure.rs:310:         .and_then(|rest| rest.strip_suffix("]\n"))
tests/gate_qmp_backstop_structure.rs:311:         .is_some_and(|ms| !ms.is_empty() && ms.bytes().all(|byte| byte.is_ascii_digit()))
tests/gate_qmp_backstop_structure.rs:312: }
tests/gate_qmp_backstop_structure.rs:313:
tests/gate_qmp_backstop_structure.rs:314: fn rejects_malformed_partial_reports(reason: &str) {
tests/gate_qmp_backstop_structure.rs:315:     let valid =
tests/gate_qmp_backstop_structure.rs:316:         format!("[QMP_DUMP:capture=partial:reason={reason}:core=-:decoded_events=-:dump_ms=12]\n");
tests/gate_qmp_backstop_structure.rs:317:     assert!(partial_report(&valid, reason));
tests/gate_qmp_backstop_structure.rs:318:     for malformed in [
tests/gate_qmp_backstop_structure.rs:319:         format!("capture=partial:reason={reason}:\n"),
tests/gate_qmp_backstop_structure.rs:320:         valid.replace("[QMP_DUMP:", ""),
tests/gate_qmp_backstop_structure.rs:321:         valid.replace("]", ""),
tests/gate_qmp_backstop_structure.rs:322:         valid.replace("core=-:", ""),
tests/gate_qmp_backstop_structure.rs:323:         valid.replace("decoded_events=-:", ""),
tests/gate_qmp_backstop_structure.rs:324:         valid.replace("dump_ms=12", "dump_ms="),
tests/gate_qmp_backstop_structure.rs:325:         valid.replace("dump_ms=12", "dump_ms=oops"),
tests/gate_qmp_backstop_structure.rs:326:         valid.replace("dump_ms=12", "dump_ms=-1"),
tests/gate_qmp_backstop_structure.rs:327:         valid.replace(reason, "wrong_reason"),
tests/gate_qmp_backstop_structure.rs:328:         format!("{valid}{valid}"),
tests/gate_qmp_backstop_structure.rs:329:         format!("noise{valid}"),
tests/gate_qmp_backstop_structure.rs:330:         format!("{valid}noise"),
tests/gate_qmp_backstop_structure.rs:331:     ] {
tests/gate_qmp_backstop_structure.rs:332:         assert!(
tests/gate_qmp_backstop_structure.rs:333:             !partial_report(&malformed, reason),
tests/gate_qmp_backstop_structure.rs:334:             "accepted: {malformed:?}"
tests/gate_qmp_backstop_structure.rs:335:         );
tests/gate_qmp_backstop_structure.rs:336:     }
tests/gate_qmp_backstop_structure.rs:337: }
tests/gate_qmp_backstop_structure.rs:338:
tests/gate_qmp_backstop_structure.rs:339: #[test]
tests/gate_qmp_backstop_structure.rs:340: fn missing_socket_report_rejects_malformed_lines() {
tests/gate_qmp_backstop_structure.rs:341:     rejects_malformed_partial_reports("qmp_socket_missing");
tests/gate_qmp_backstop_structure.rs:342: }
tests/gate_qmp_backstop_structure.rs:343:
tests/gate_qmp_backstop_structure.rs:344: #[test]
tests/gate_qmp_backstop_structure.rs:345: fn hung_dump_report_rejects_malformed_lines() {
tests/gate_qmp_backstop_structure.rs:346:     rejects_malformed_partial_reports("qmp_timeout");
tests/gate_qmp_backstop_structure.rs:347: }
tests/gate_qmp_backstop_structure.rs:348:
tests/gate_qmp_backstop_structure.rs:349: #[test]
tests/gate_qmp_backstop_structure.rs:350: fn invalid_budget_report_rejects_malformed_lines() {
tests/gate_qmp_backstop_structure.rs:351:     rejects_malformed_partial_reports("invalid_budget");
tests/gate_qmp_backstop_structure.rs:352: }
tests/gate_qmp_backstop_structure.rs:353:
tests/gate_qmp_backstop_structure.rs:354: #[test]
tests/gate_qmp_backstop_structure.rs:355: fn missing_tool_report_rejects_malformed_lines() {
tests/gate_qmp_backstop_structure.rs:356:     rejects_malformed_partial_reports("qmp_tool_missing");
tests/gate_qmp_backstop_structure.rs:357: }
tests/gate_qmp_backstop_structure.rs:358:
tests/gate_qmp_backstop_structure.rs:359: #[test]
tests/gate_qmp_backstop_structure.rs:360: fn timeout_marker_requires_expiry_not_early_exit_124() {
tests/gate_qmp_backstop_structure.rs:361:     for (name, command, expected_code, expected_marker) in [
tests/gate_qmp_backstop_structure.rs:362:         (
tests/gate_qmp_backstop_structure.rs:363:             "early-124",
tests/gate_qmp_backstop_structure.rs:364:             "touch dump-received; sleep 0.1; exit 124",
tests/gate_qmp_backstop_structure.rs:365:             1,
tests/gate_qmp_backstop_structure.rs:366:             false,
tests/gate_qmp_backstop_structure.rs:367:         ),
tests/gate_qmp_backstop_structure.rs:368:         ("expired", "touch dump-received; exec sleep 60", 124, true),
tests/gate_qmp_backstop_structure.rs:369:     ] {
tests/gate_qmp_backstop_structure.rs:370:         let fixture = Fixture::new(None);
tests/gate_qmp_backstop_structure.rs:371:         fs::write(fixture.dir.join("mode"), "hang").unwrap();
tests/gate_qmp_backstop_structure.rs:372:         let start = std::time::Instant::now();
tests/gate_qmp_backstop_structure.rs:373:         let output = Command::new("python3")
tests/gate_qmp_backstop_structure.rs:374:             .current_dir(&fixture.dir)
tests/gate_qmp_backstop_structure.rs:375:             .args(["timeout.py", "--kill-after=1", "3", "bash", "-c", command])
tests/gate_qmp_backstop_structure.rs:376:             .output()
tests/gate_qmp_backstop_structure.rs:377:             .unwrap();
tests/gate_qmp_backstop_structure.rs:378:         let elapsed = start.elapsed();
tests/gate_qmp_backstop_structure.rs:379:         let marker = fixture.dir.join("bounded");
tests/gate_qmp_backstop_structure.rs:380:         eprintln!(
tests/gate_qmp_backstop_structure.rs:381:             "{name}: status={:?} elapsed={elapsed:?} bounded={}",
tests/gate_qmp_backstop_structure.rs:382:             output.status.code(),
tests/gate_qmp_backstop_structure.rs:383:             marker.exists()
tests/gate_qmp_backstop_structure.rs:384:         );
tests/gate_qmp_backstop_structure.rs:385:         assert_eq!(
tests/gate_qmp_backstop_structure.rs:386:             output.status.code(),
tests/gate_qmp_backstop_structure.rs:387:             Some(expected_code),
tests/gate_qmp_backstop_structure.rs:388:             "{name}: {}",
tests/gate_qmp_backstop_structure.rs:389:             String::from_utf8_lossy(&output.stderr)
tests/gate_qmp_backstop_structure.rs:390:         );
tests/gate_qmp_backstop_structure.rs:391:         assert_eq!(marker.exists(), expected_marker, "{name}");
tests/gate_qmp_backstop_structure.rs:392:         if expected_marker {
tests/gate_qmp_backstop_structure.rs:393:             assert_eq!(fs::read_to_string(marker).unwrap(), "3");
tests/gate_qmp_backstop_structure.rs:394:             assert!(elapsed >= std::time::Duration::from_secs(3));
tests/gate_qmp_backstop_structure.rs:395:         } else {
tests/gate_qmp_backstop_structure.rs:396:             assert!(String::from_utf8_lossy(&output.stderr)
tests/gate_qmp_backstop_structure.rs:397:                 .contains("hung dump unexpectedly completed"));
tests/gate_qmp_backstop_structure.rs:398:         }
tests/gate_qmp_backstop_structure.rs:399:     }
tests/gate_qmp_backstop_structure.rs:400: }
tests/gate_qmp_backstop_structure.rs:401:
tests/gate_qmp_backstop_structure.rs:402: static NEXT_FIXTURE: std::sync::atomic::AtomicU64 = std::sync::atomic::AtomicU64::new(0);
tests/gate_qmp_backstop_structure.rs:403:
tests/gate_qmp_backstop_structure.rs:404: struct Fixture {
tests/gate_qmp_backstop_structure.rs:405:     dir: PathBuf,
tests/gate_qmp_backstop_structure.rs:406:     server: Option<std::process::Child>,
tests/gate_qmp_backstop_structure.rs:407: }
tests/gate_qmp_backstop_structure.rs:408: impl Fixture {
tests/gate_qmp_backstop_structure.rs:409:     fn new(mode: Option<&str>) -> Self {
tests/gate_qmp_backstop_structure.rs:410:         let dir = std::env::temp_dir().join(format!(
tests/gate_qmp_backstop_structure.rs:411:             "gqb-{}-{}-{}",
tests/gate_qmp_backstop_structure.rs:412:             std::process::id(),
tests/gate_qmp_backstop_structure.rs:413:             NEXT_FIXTURE.fetch_add(1, std::sync::atomic::Ordering::Relaxed),
tests/gate_qmp_backstop_structure.rs:414:             std::time::SystemTime::now()
tests/gate_qmp_backstop_structure.rs:415:                 .duration_since(std::time::UNIX_EPOCH)
tests/gate_qmp_backstop_structure.rs:416:                 .unwrap()
tests/gate_qmp_backstop_structure.rs:417:                 .as_nanos()
tests/gate_qmp_backstop_structure.rs:418:         ));
tests/gate_qmp_backstop_structure.rs:419:         fs::create_dir(&dir).unwrap();
tests/gate_qmp_backstop_structure.rs:420:         fs::write(dir.join("server.py"), FAKE_QMP).unwrap();
tests/gate_qmp_backstop_structure.rs:421:         fs::write(dir.join("timeout.py"), FIXTURE_TIMEOUT).unwrap();
tests/gate_qmp_backstop_structure.rs:422:         fs::write(
tests/gate_qmp_backstop_structure.rs:423:             dir.join("fixture-env.sh"),
tests/gate_qmp_backstop_structure.rs:424:             r#"
tests/gate_qmp_backstop_structure.rs:425: timeout() { python3 timeout.py "$@"; }
tests/gate_qmp_backstop_structure.rs:426: export -f timeout
tests/gate_qmp_backstop_structure.rs:427: "#,
tests/gate_qmp_backstop_structure.rs:428:         )
tests/gate_qmp_backstop_structure.rs:429:         .unwrap();
tests/gate_qmp_backstop_structure.rs:430:         fs::write(dir.join("mode"), mode.unwrap_or("missing")).unwrap();
tests/gate_qmp_backstop_structure.rs:431:         let server = mode.map(|mode| {
tests/gate_qmp_backstop_structure.rs:432:             Command::new("python3")
tests/gate_qmp_backstop_structure.rs:433:                 .current_dir(&dir)
tests/gate_qmp_backstop_structure.rs:434:                 .args(["server.py", mode])
tests/gate_qmp_backstop_structure.rs:435:                 .spawn()
tests/gate_qmp_backstop_structure.rs:436:                 .unwrap()
tests/gate_qmp_backstop_structure.rs:437:         });
tests/gate_qmp_backstop_structure.rs:438:         let mut fixture = Self { dir, server };
tests/gate_qmp_backstop_structure.rs:439:         if fixture.server.is_some() {
tests/gate_qmp_backstop_structure.rs:440:             loop {
tests/gate_qmp_backstop_structure.rs:441:                 if fixture.dir.join("ready").exists() {
tests/gate_qmp_backstop_structure.rs:442:                     return fixture;
tests/gate_qmp_backstop_structure.rs:443:                 }
tests/gate_qmp_backstop_structure.rs:444:                 assert!(
tests/gate_qmp_backstop_structure.rs:445:                     fixture
tests/gate_qmp_backstop_structure.rs:446:                         .server
tests/gate_qmp_backstop_structure.rs:447:                         .as_mut()
tests/gate_qmp_backstop_structure.rs:448:                         .unwrap()
tests/gate_qmp_backstop_structure.rs:449:                         .try_wait()
tests/gate_qmp_backstop_structure.rs:450:                         .unwrap()
tests/gate_qmp_backstop_structure.rs:451:                         .is_none(),
tests/gate_qmp_backstop_structure.rs:452:                     "server died"
tests/gate_qmp_backstop_structure.rs:453:                 );
tests/gate_qmp_backstop_structure.rs:454:                 std::thread::sleep(std::time::Duration::from_millis(20));
tests/gate_qmp_backstop_structure.rs:455:             }
tests/gate_qmp_backstop_structure.rs:456:         }
tests/gate_qmp_backstop_structure.rs:457:         fixture
tests/gate_qmp_backstop_structure.rs:458:     }
tests/gate_qmp_backstop_structure.rs:459:     fn run(&self, pass: bool, budget: u32) -> (String, std::time::Duration) {
tests/gate_qmp_backstop_structure.rs:460:         let start = std::time::Instant::now();
tests/gate_qmp_backstop_structure.rs:461:         // Positional parameters preserve arbitrary paths; relative socket names
tests/gate_qmp_backstop_structure.rs:462:         // avoid macOS's sockaddr_un path limit in long worktree paths.
tests/gate_qmp_backstop_structure.rs:463:         let body = if pass {
tests/gate_qmp_backstop_structure.rs:464:             "source \"$1\"; gqb_pass_report"
tests/gate_qmp_backstop_structure.rs:465:         } else {
tests/gate_qmp_backstop_structure.rs:466:             "source \"$1\"; gqb_dump_and_report qmp.sock capture \"$2\" \"$3\" missing-kernel \"$4\""
tests/gate_qmp_backstop_structure.rs:467:         };
tests/gate_qmp_backstop_structure.rs:468:         // The suite timeout bounds setup. The fixture timeout starts only after
tests/gate_qmp_backstop_structure.rs:469:         // the fake server acknowledges the requested operation, so scheduling
tests/gate_qmp_backstop_structure.rs:470:         // before receipt cannot masquerade as a hung dump.
tests/gate_qmp_backstop_structure.rs:471:         let output = Command::new("bash")
tests/gate_qmp_backstop_structure.rs:472:             .current_dir(&self.dir)
tests/gate_qmp_backstop_structure.rs:473:             .args(["-euo", "pipefail", "-c", body, "test"])
tests/gate_qmp_backstop_structure.rs:474:             .arg(repo_path("docker/qemu/lib/gate-qmp-backstop.sh"))
tests/gate_qmp_backstop_structure.rs:475:             .arg(repo_path("scripts/forensic-capture.sh"))
tests/gate_qmp_backstop_structure.rs:476:             .arg(repo_path("scripts/trace_memory_dump.py"))
tests/gate_qmp_backstop_structure.rs:477:             .arg(budget.to_string())
tests/gate_qmp_backstop_structure.rs:478:             .env("BASH_ENV", self.dir.join("fixture-env.sh"))
tests/gate_qmp_backstop_structure.rs:479:             .output()
tests/gate_qmp_backstop_structure.rs:480:             .unwrap();
tests/gate_qmp_backstop_structure.rs:481:         assert!(
tests/gate_qmp_backstop_structure.rs:482:             output.status.success(),
tests/gate_qmp_backstop_structure.rs:483:             "library failed: {:?}\n{}",
tests/gate_qmp_backstop_structure.rs:484:             output.status,
tests/gate_qmp_backstop_structure.rs:485:             String::from_utf8_lossy(&output.stderr)
tests/gate_qmp_backstop_structure.rs:486:         );
tests/gate_qmp_backstop_structure.rs:487:         (String::from_utf8(output.stdout).unwrap(), start.elapsed())
tests/gate_qmp_backstop_structure.rs:488:     }
tests/gate_qmp_backstop_structure.rs:489:     fn terminate(&mut self) {
tests/gate_qmp_backstop_structure.rs:490:         let server = self.server.as_mut().unwrap();
tests/gate_qmp_backstop_structure.rs:491:         assert!(Command::new("kill")
tests/gate_qmp_backstop_structure.rs:492:             .args(["-TERM", &server.id().to_string()])
tests/gate_qmp_backstop_structure.rs:493:             .status()
tests/gate_qmp_backstop_structure.rs:494:             .unwrap()
tests/gate_qmp_backstop_structure.rs:495:             .success());
tests/gate_qmp_backstop_structure.rs:496:         let status = server.wait().unwrap();
tests/gate_qmp_backstop_structure.rs:497:         assert!(status.success());
tests/gate_qmp_backstop_structure.rs:498:         self.server = None;
tests/gate_qmp_backstop_structure.rs:499:     }
tests/gate_qmp_backstop_structure.rs:500:     fn log(&self) -> String {
tests/gate_qmp_backstop_structure.rs:501:         fs::read_to_string(self.dir.join("commands.log")).unwrap()
tests/gate_qmp_backstop_structure.rs:502:     }
tests/gate_qmp_backstop_structure.rs:503: }
tests/gate_qmp_backstop_structure.rs:504: impl Drop for Fixture {
tests/gate_qmp_backstop_structure.rs:505:     fn drop(&mut self) {
tests/gate_qmp_backstop_structure.rs:506:         if let Some(server) = self.server.as_mut() {
tests/gate_qmp_backstop_structure.rs:507:             let _ = server.kill();
tests/gate_qmp_backstop_structure.rs:508:             let _ = server.wait();
tests/gate_qmp_backstop_structure.rs:509:         }
tests/gate_qmp_backstop_structure.rs:510:         let _ = fs::remove_dir_all(&self.dir);
tests/gate_qmp_backstop_structure.rs:511:     }
tests/gate_qmp_backstop_structure.rs:512: }
tests/gate_qmp_backstop_structure.rs:513:
tests/gate_qmp_backstop_structure.rs:514: fn qmp_tool_available() -> bool {
tests/gate_qmp_backstop_structure.rs:515:     Command::new("bash")
tests/gate_qmp_backstop_structure.rs:516:         .args(["-c", "command -v socat >/dev/null 2>&1"])
tests/gate_qmp_backstop_structure.rs:517:         .status()
tests/gate_qmp_backstop_structure.rs:518:         .expect("bash must run the QMP tool availability check")
tests/gate_qmp_backstop_structure.rs:519:         .success()
tests/gate_qmp_backstop_structure.rs:520: }
tests/gate_qmp_backstop_structure.rs:521:
tests/gate_qmp_backstop_structure.rs:522: #[test]
tests/gate_qmp_backstop_structure.rs:523: fn fake_qmp_dump_precedes_sigterm_even_when_decode_fails() {
tests/gate_qmp_backstop_structure.rs:524:     let mut fixture = Fixture::new(Some("success"));
tests/gate_qmp_backstop_structure.rs:525:     let (out, elapsed) = fixture.run(false, 8);
tests/gate_qmp_backstop_structure.rs:526:     fixture.terminate(); // the next action, mirroring the gate's first SIGTERM
tests/gate_qmp_backstop_structure.rs:527:     if !qmp_tool_available() {
tests/gate_qmp_backstop_structure.rs:528:         eprintln!("fake_qmp_dump_precedes_sigterm_even_when_decode_fails: socat missing; asserting qmp_tool_missing");
tests/gate_qmp_backstop_structure.rs:529:         assert!(partial_report(&out, "qmp_tool_missing"), "{out}");
tests/gate_qmp_backstop_structure.rs:530:         assert_eq!(out.lines().count(), 1);
tests/gate_qmp_backstop_structure.rs:531:         eprintln!("fixture wall time: {elapsed:?} (setup covered by suite timeout)");
tests/gate_qmp_backstop_structure.rs:532:         return;
tests/gate_qmp_backstop_structure.rs:533:     }
tests/gate_qmp_backstop_structure.rs:534:     eprintln!("fake_qmp_dump_precedes_sigterm_even_when_decode_fails: socat present; asserting capture and SIGTERM ordering");
tests/gate_qmp_backstop_structure.rs:535:     assert!(out.starts_with("[QMP_DUMP:capture=complete:"), "{out}");
tests/gate_qmp_backstop_structure.rs:536:     assert!(
tests/gate_qmp_backstop_structure.rs:537:         out.contains(":decoded_events=-:"),
tests/gate_qmp_backstop_structure.rs:538:         "fake bytes must not pretend to decode"
tests/gate_qmp_backstop_structure.rs:539:     );
tests/gate_qmp_backstop_structure.rs:540:     assert_eq!(out.lines().count(), 1);
tests/gate_qmp_backstop_structure.rs:541:     eprintln!("fixture wall time: {elapsed:?} (setup covered by suite timeout)");
tests/gate_qmp_backstop_structure.rs:542:     let log = fixture.log();
tests/gate_qmp_backstop_structure.rs:543:     let position = |prefix: &str| log.lines().position(|l| l.starts_with(prefix)).unwrap();
tests/gate_qmp_backstop_structure.rs:544:     assert!(position("RECV stop ") < position("RECV dump-guest-memory "));
tests/gate_qmp_backstop_structure.rs:545:     assert!(
tests/gate_qmp_backstop_structure.rs:546:         position("RECV dump-guest-memory ") < position("SIGTERM "),
tests/gate_qmp_backstop_structure.rs:547:         "{log}"
tests/gate_qmp_backstop_structure.rs:548:     );
tests/gate_qmp_backstop_structure.rs:549:     assert_eq!(
tests/gate_qmp_backstop_structure.rs:550:         log.lines()
tests/gate_qmp_backstop_structure.rs:551:             .filter(|l| l.starts_with("RECV qmp_capabilities "))
tests/gate_qmp_backstop_structure.rs:552:             .count(),
tests/gate_qmp_backstop_structure.rs:553:         3
tests/gate_qmp_backstop_structure.rs:554:     );
tests/gate_qmp_backstop_structure.rs:555: }
tests/gate_qmp_backstop_structure.rs:556:
tests/gate_qmp_backstop_structure.rs:557: #[test]
tests/gate_qmp_backstop_structure.rs:558: fn pass_emits_exact_contract_without_any_qmp_traffic() {
tests/gate_qmp_backstop_structure.rs:559:     let fixture = Fixture::new(Some("success"));
tests/gate_qmp_backstop_structure.rs:560:     let (out, _) = fixture.run(true, 2);
tests/gate_qmp_backstop_structure.rs:561:     assert_eq!(
tests/gate_qmp_backstop_structure.rs:562:         out,
tests/gate_qmp_backstop_structure.rs:563:         "[QMP_DUMP:capture=n/a:reason=n/a:core=n/a:decoded_events=n/a:dump_ms=0]\n"
tests/gate_qmp_backstop_structure.rs:564:     );
tests/gate_qmp_backstop_structure.rs:565:     assert_eq!(fixture.log(), "", "PASS sent QMP commands");
tests/gate_qmp_backstop_structure.rs:566: }
tests/gate_qmp_backstop_structure.rs:567:
tests/gate_qmp_backstop_structure.rs:568: #[test]
tests/gate_qmp_backstop_structure.rs:569: fn missing_socket_and_hung_dump_are_partial_and_bounded() {
tests/gate_qmp_backstop_structure.rs:570:     let missing = Fixture::new(None);
tests/gate_qmp_backstop_structure.rs:571:     let (out, elapsed) = missing.run(false, 3);
tests/gate_qmp_backstop_structure.rs:572:     assert!(partial_report(&out, "qmp_socket_missing"), "{out}");
tests/gate_qmp_backstop_structure.rs:573:     eprintln!("fixture wall time: {elapsed:?} (setup covered by suite timeout)");
tests/gate_qmp_backstop_structure.rs:574:     assert_eq!(out.lines().count(), 1);
tests/gate_qmp_backstop_structure.rs:575:     let (invalid, elapsed) = missing.run(false, 0);
tests/gate_qmp_backstop_structure.rs:576:     assert!(partial_report(&invalid, "invalid_budget"), "{invalid}");
tests/gate_qmp_backstop_structure.rs:577:     assert_eq!(invalid.lines().count(), 1);
tests/gate_qmp_backstop_structure.rs:578:     eprintln!("fixture wall time: {elapsed:?} (setup covered by suite timeout)");
tests/gate_qmp_backstop_structure.rs:579:     let hanging = Fixture::new(Some("hang"));
tests/gate_qmp_backstop_structure.rs:580:     let (out, elapsed) = hanging.run(false, 3);
tests/gate_qmp_backstop_structure.rs:581:     if !qmp_tool_available() {
tests/gate_qmp_backstop_structure.rs:582:         eprintln!("missing_socket_and_hung_dump_are_partial_and_bounded: socat missing; asserting qmp_tool_missing for hang");
tests/gate_qmp_backstop_structure.rs:583:         assert!(partial_report(&out, "qmp_tool_missing"), "{out}");
tests/gate_qmp_backstop_structure.rs:584:         eprintln!("fixture wall time: {elapsed:?} (setup covered by suite timeout)");
tests/gate_qmp_backstop_structure.rs:585:         assert_eq!(hanging.log(), "", "missing tool sent QMP commands");
tests/gate_qmp_backstop_structure.rs:586:         return;
tests/gate_qmp_backstop_structure.rs:587:     }
tests/gate_qmp_backstop_structure.rs:588:     eprintln!("missing_socket_and_hung_dump_are_partial_and_bounded: socat present; asserting QMP timeout after dump command");
tests/gate_qmp_backstop_structure.rs:589:     assert!(partial_report(&out, "qmp_timeout"), "{out}");
tests/gate_qmp_backstop_structure.rs:590:     assert_eq!(out.lines().count(), 1);
tests/gate_qmp_backstop_structure.rs:591:     eprintln!("fixture wall time: {elapsed:?} (setup covered by suite timeout)");
tests/gate_qmp_backstop_structure.rs:592:     assert_eq!(
tests/gate_qmp_backstop_structure.rs:593:         fs::read_to_string(hanging.dir.join("bounded")).unwrap(),
tests/gate_qmp_backstop_structure.rs:594:         "3"
tests/gate_qmp_backstop_structure.rs:595:     );
tests/gate_qmp_backstop_structure.rs:596:     assert!(
tests/gate_qmp_backstop_structure.rs:597:         hanging.log().contains("RECV dump-guest-memory "),
tests/gate_qmp_backstop_structure.rs:598:         "hang must reach dump"
tests/gate_qmp_backstop_structure.rs:599:     );
tests/gate_qmp_backstop_structure.rs:600: }
tests/gate_qmp_backstop_structure.rs:601:
tests/gate_qmp_backstop_structure.rs:602: #[test]
tests/gate_qmp_backstop_structure.rs:603: fn core_extraction_uses_physical_load_ranges_and_rejects_missing_or_truncated_bytes() {
tests/gate_qmp_backstop_structure.rs:604:     let fixture = Fixture::new(None);
tests/gate_qmp_backstop_structure.rs:605:     let script = r#"
tests/gate_qmp_backstop_structure.rs:606: import contextlib, io, pathlib, re, runpy, struct, subprocess, sys
tests/gate_qmp_backstop_structure.rs:607: from unittest.mock import patch
tests/gate_qmp_backstop_structure.rs:608: m = runpy.run_path(sys.argv[1])
tests/gate_qmp_backstop_structure.rs:609: linker = m['BREENIX_ROOT'] / 'kernel/src/arch_impl/aarch64/linker.ld'
tests/gate_qmp_backstop_structure.rs:610: base = int(re.search(r'^KERNEL_VIRT_BASE\s*=\s*(0x[0-9a-fA-F]+);', linker.read_text(), re.M)[1], 16)
tests/gate_qmp_backstop_structure.rs:611: pa = 0x40100000
tests/gate_qmp_backstop_structure.rs:612: ring = bytearray(m['buffer_stride']())
tests/gate_qmp_backstop_structure.rs:613: struct.pack_into('<QHBBI', ring, 0, 100, next(k for k,v in m['EVENT_TYPES'].items() if v == 'TIMER_TICK'), 0, 0, 0)
tests/gate_qmp_backstop_structure.rs:614: struct.pack_into('<Q', ring, m['TRACE_BUFFER_SIZE'] * m['TRACE_EVENT_SIZE'], 1)
tests/gate_qmp_backstop_structure.rs:615: ident = b'\x7fELF\x02\x01\x01' + bytes(9)
tests/gate_qmp_backstop_structure.rs:616: header = struct.pack('<16sHHIQQQIHHHHHH', ident, 4, 183, 1, 0, 64, 0, 0, 8, 56, 1, 0, 0, 0)
tests/gate_qmp_backstop_structure.rs:617: def core(segment_pa, truncate=False):
tests/gate_qmp_backstop_structure.rs:618:     # Deliberately unrelated p_vaddr; only p_paddr can locate this ring.
tests/gate_qmp_backstop_structure.rs:619:     ph = struct.pack('<IIQQQQQQ', 1, 6, 120, 0x1234, segment_pa, len(ring)+32, len(ring)+32, 4096)
tests/gate_qmp_backstop_structure.rs:620:     return header + ph + bytes(32) + (ring[:-1] if truncate else ring)
tests/gate_qmp_backstop_structure.rs:621: with patch('subprocess.check_output', return_value='%016x B TRACE_BUFFERS\n' % (base + pa + 32)):
tests/gate_qmp_backstop_structure.rs:622:     extract = m['extract_core_buffers']
tests/gate_qmp_backstop_structure.rs:623:     data = extract(io.BytesIO(core(pa)), 'kernel', 1)
tests/gate_qmp_backstop_structure.rs:624:     assert data == ring
tests/gate_qmp_backstop_structure.rs:625:     buffers = m['parse_trace_buffers'](data, 1)
tests/gate_qmp_backstop_structure.rs:626:     assert m['validate_trace_buffers'](buffers)[0]
tests/gate_qmp_backstop_structure.rs:627:     for blob, message in [(core(pa+4096), 'no PT_LOAD contains'), (core(pa, True), 'truncated PT_LOAD')]:
tests/gate_qmp_backstop_structure.rs:628:         try:
tests/gate_qmp_backstop_structure.rs:629:             extract(io.BytesIO(blob), 'kernel', 1)
tests/gate_qmp_backstop_structure.rs:630:         except SystemExit as error:
tests/gate_qmp_backstop_structure.rs:631:             assert message in str(error) and 'segments' in str(error), str(error)
tests/gate_qmp_backstop_structure.rs:632:         else:
tests/gate_qmp_backstop_structure.rs:633:             raise AssertionError('broken extractor returned bytes')
tests/gate_qmp_backstop_structure.rs:634: pathlib.Path('raw.bin').write_bytes(ring)
tests/gate_qmp_backstop_structure.rs:635: raw = subprocess.run([sys.executable, sys.argv[1], '--parse', 'raw.bin', '--max-cpus', '1'], text=True, capture_output=True)
tests/gate_qmp_backstop_structure.rs:636: assert raw.returncode == 0 and 'TRACE_DECODED_EVENTS:1' in raw.stdout, raw
tests/gate_qmp_backstop_structure.rs:637: pathlib.Path('core.elf').write_bytes(core(pa))
tests/gate_qmp_backstop_structure.rs:638: missing_kernel = subprocess.run([sys.executable, sys.argv[1], '--parse', 'core.elf'], text=True, capture_output=True)
tests/gate_qmp_backstop_structure.rs:639: assert missing_kernel.returncode != 0 and '--kernel is required' in missing_kernel.stderr
tests/gate_qmp_backstop_structure.rs:640: "#;
tests/gate_qmp_backstop_structure.rs:641:     let output = Command::new("python3")
tests/gate_qmp_backstop_structure.rs:642:         .current_dir(&fixture.dir)
tests/gate_qmp_backstop_structure.rs:643:         .args(["-c", script])
tests/gate_qmp_backstop_structure.rs:644:         .arg(repo_path("scripts/trace_memory_dump.py"))
tests/gate_qmp_backstop_structure.rs:645:         .output()
tests/gate_qmp_backstop_structure.rs:646:         .unwrap();
tests/gate_qmp_backstop_structure.rs:647:     assert!(
tests/gate_qmp_backstop_structure.rs:648:         output.status.success(),
tests/gate_qmp_backstop_structure.rs:649:         "{}\n{}",
tests/gate_qmp_backstop_structure.rs:650:         String::from_utf8_lossy(&output.stdout),
tests/gate_qmp_backstop_structure.rs:651:         String::from_utf8_lossy(&output.stderr)
tests/gate_qmp_backstop_structure.rs:652:     );
tests/gate_qmp_backstop_structure.rs:653: }
tests/gate_qmp_backstop_structure.rs:654:
tests/gate_qmp_backstop_structure.rs:655: // Q-1/PR-6 fix pass: docs/planning/green-program/failure-capture/PR-6-2026-09-07.md
tests/gate_qmp_backstop_structure.rs:656: // section 5 hit AF_UNIX's sun_path ceiling under this repo's own mandated
tests/gate_qmp_backstop_structure.rs:657: // worktree convention (BREENIX_GATE_TMP=<worktree>/.gate-tmp) and worked
tests/gate_qmp_backstop_structure.rs:658: // around it with a manual, unshipped /tmp symlink. These checks cover the
tests/gate_qmp_backstop_structure.rs:659: // structural fix: gqb_alloc_socket/gqb_free_socket exist and are used by
tests/gate_qmp_backstop_structure.rs:660: // both converted gates instead of building QMP_SOCK under their own (long,
tests/gate_qmp_backstop_structure.rs:661: // worktree-scoped) output directory, and the resulting socket path really
tests/gate_qmp_backstop_structure.rs:662: // does bind where the old pattern really does fail.
tests/gate_qmp_backstop_structure.rs:663:
tests/gate_qmp_backstop_structure.rs:664: /// A directory path at least `min_len` bytes long, built from repeated
tests/gate_qmp_backstop_structure.rs:665: /// fixed-width components so its exact length is deterministic and
tests/gate_qmp_backstop_structure.rs:666: /// independent of this checkout's own location on disk (so the repro below
tests/gate_qmp_backstop_structure.rs:667: /// cannot pass by accident just because the sandbox happens to have a short
tests/gate_qmp_backstop_structure.rs:668: /// path).
tests/gate_qmp_backstop_structure.rs:669: fn long_dir_path(base: &Path, min_len: usize) -> PathBuf {
tests/gate_qmp_backstop_structure.rs:670:     let mut dir = base.to_path_buf();
tests/gate_qmp_backstop_structure.rs:671:     while dir.as_os_str().len() < min_len {
tests/gate_qmp_backstop_structure.rs:672:         dir.push("worktree-scoped-lane-directory-component");
tests/gate_qmp_backstop_structure.rs:673:     }
tests/gate_qmp_backstop_structure.rs:674:     dir
tests/gate_qmp_backstop_structure.rs:675: }
tests/gate_qmp_backstop_structure.rs:676:
tests/gate_qmp_backstop_structure.rs:677: #[test]
tests/gate_qmp_backstop_structure.rs:678: fn neither_converted_gate_builds_qmp_sock_under_its_own_output_dir() {
tests/gate_qmp_backstop_structure.rs:679:     for (name, body) in converted_gates() {
tests/gate_qmp_backstop_structure.rs:680:         assert!(
tests/gate_qmp_backstop_structure.rs:681:             body.contains("gqb_alloc_socket"),
tests/gate_qmp_backstop_structure.rs:682:             "{name} must obtain QMP_SOCK from gqb_alloc_socket"
tests/gate_qmp_backstop_structure.rs:683:         );
tests/gate_qmp_backstop_structure.rs:684:         for needle in ["QMP_SOCK=\"$OUTPUT_DIR", "QMP_SOCK=\"$profile_dir"] {
tests/gate_qmp_backstop_structure.rs:685:             assert!(
tests/gate_qmp_backstop_structure.rs:686:                 !body.contains(needle),
tests/gate_qmp_backstop_structure.rs:687:                 "{name} still builds QMP_SOCK under its own (long, lane-scoped) output directory: {needle}"
tests/gate_qmp_backstop_structure.rs:688:             );
tests/gate_qmp_backstop_structure.rs:689:         }
tests/gate_qmp_backstop_structure.rs:690:     }
tests/gate_qmp_backstop_structure.rs:691: }
tests/gate_qmp_backstop_structure.rs:692:
tests/gate_qmp_backstop_structure.rs:693: #[test]
tests/gate_qmp_backstop_structure.rs:694: fn gqb_alloc_socket_pairs_with_a_reachable_free_call_in_every_converted_gate() {
tests/gate_qmp_backstop_structure.rs:695:     for (name, body) in converted_gates() {
tests/gate_qmp_backstop_structure.rs:696:         assert!(
tests/gate_qmp_backstop_structure.rs:697:             body.contains("gqb_free_socket"),
tests/gate_qmp_backstop_structure.rs:698:             "{name} calls gqb_alloc_socket but never frees the socket directory"
tests/gate_qmp_backstop_structure.rs:699:         );
tests/gate_qmp_backstop_structure.rs:700:     }
tests/gate_qmp_backstop_structure.rs:701: }
tests/gate_qmp_backstop_structure.rs:702:
tests/gate_qmp_backstop_structure.rs:703: #[test]
tests/gate_qmp_backstop_structure.rs:704: fn gqb_alloc_socket_returns_a_path_a_real_af_unix_bind_accepts() {
tests/gate_qmp_backstop_structure.rs:705:     let output = Command::new("timeout")
tests/gate_qmp_backstop_structure.rs:706:         .args([
tests/gate_qmp_backstop_structure.rs:707:             "--kill-after=1",
tests/gate_qmp_backstop_structure.rs:708:             "10",
tests/gate_qmp_backstop_structure.rs:709:             "bash",
tests/gate_qmp_backstop_structure.rs:710:             "-euo",
tests/gate_qmp_backstop_structure.rs:711:             "pipefail",
tests/gate_qmp_backstop_structure.rs:712:             "-c",
tests/gate_qmp_backstop_structure.rs:713:             "source \"$1\"; gqb_alloc_socket",
tests/gate_qmp_backstop_structure.rs:714:             "test",
tests/gate_qmp_backstop_structure.rs:715:         ])
tests/gate_qmp_backstop_structure.rs:716:         .arg(repo_path("docker/qemu/lib/gate-qmp-backstop.sh"))
tests/gate_qmp_backstop_structure.rs:717:         .output()
tests/gate_qmp_backstop_structure.rs:718:         .unwrap();
tests/gate_qmp_backstop_structure.rs:719:     assert!(
tests/gate_qmp_backstop_structure.rs:720:         output.status.success(),
tests/gate_qmp_backstop_structure.rs:721:         "gqb_alloc_socket failed: {}",
tests/gate_qmp_backstop_structure.rs:722:         String::from_utf8_lossy(&output.stderr)
tests/gate_qmp_backstop_structure.rs:723:     );
tests/gate_qmp_backstop_structure.rs:724:     let path = String::from_utf8(output.stdout).unwrap().trim().to_string();
tests/gate_qmp_backstop_structure.rs:725:     assert!(!path.is_empty(), "gqb_alloc_socket printed nothing");
tests/gate_qmp_backstop_structure.rs:726:     assert!(
tests/gate_qmp_backstop_structure.rs:727:         path.len() <= 100,
tests/gate_qmp_backstop_structure.rs:728:         "allocated socket path is {} bytes, over the AF_UNIX sun_path budget: {path}",
tests/gate_qmp_backstop_structure.rs:729:         path.len()
tests/gate_qmp_backstop_structure.rs:730:     );
tests/gate_qmp_backstop_structure.rs:731:     let listener = std::os::unix::net::UnixListener::bind(&path).unwrap_or_else(|e| {
tests/gate_qmp_backstop_structure.rs:732:         panic!(
tests/gate_qmp_backstop_structure.rs:733:             "real AF_UNIX bind failed at {path} ({} bytes): {e}",
tests/gate_qmp_backstop_structure.rs:734:             path.len()
tests/gate_qmp_backstop_structure.rs:735:         )
tests/gate_qmp_backstop_structure.rs:736:     });
tests/gate_qmp_backstop_structure.rs:737:     drop(listener);
tests/gate_qmp_backstop_structure.rs:738:     let dir = Path::new(&path).parent().unwrap();
tests/gate_qmp_backstop_structure.rs:739:     let _ = fs::remove_dir_all(dir);
tests/gate_qmp_backstop_structure.rs:740: }
tests/gate_qmp_backstop_structure.rs:741:
tests/gate_qmp_backstop_structure.rs:742: #[test]
tests/gate_qmp_backstop_structure.rs:743: fn a_socket_path_under_a_worktree_scoped_output_dir_is_the_reproduced_defect() {
tests/gate_qmp_backstop_structure.rs:744:     // Portable, deterministic repro of the exact failure Q-1 reported: an
tests/gate_qmp_backstop_structure.rs:745:     // ordinary $OUTPUT_DIR/qmp.sock-shaped path, once BREENIX_GATE_TMP is a
tests/gate_qmp_backstop_structure.rs:746:     // worktree-scoped directory (this repo's own mandated lane convention),
tests/gate_qmp_backstop_structure.rs:747:     // routinely exceeds AF_UNIX's sun_path limit and a real bind() at that
tests/gate_qmp_backstop_structure.rs:748:     // path fails.
tests/gate_qmp_backstop_structure.rs:749:     let base = std::env::temp_dir().join(format!(
tests/gate_qmp_backstop_structure.rs:750:         "gqb-longpath-{}-{}",
tests/gate_qmp_backstop_structure.rs:751:         std::process::id(),
tests/gate_qmp_backstop_structure.rs:752:         std::time::SystemTime::now()
tests/gate_qmp_backstop_structure.rs:753:             .duration_since(std::time::UNIX_EPOCH)
tests/gate_qmp_backstop_structure.rs:754:             .unwrap()
tests/gate_qmp_backstop_structure.rs:755:             .as_nanos()
tests/gate_qmp_backstop_structure.rs:756:     ));
tests/gate_qmp_backstop_structure.rs:757:     let long_dir = long_dir_path(&base, 110);
tests/gate_qmp_backstop_structure.rs:758:     fs::create_dir_all(&long_dir).unwrap();
tests/gate_qmp_backstop_structure.rs:759:     let sock = long_dir.join("qmp.sock");
tests/gate_qmp_backstop_structure.rs:760:     assert!(
tests/gate_qmp_backstop_structure.rs:761:         sock.as_os_str().len() > 104,
tests/gate_qmp_backstop_structure.rs:762:         "constructed repro path is not actually over the limit: {} bytes",
tests/gate_qmp_backstop_structure.rs:763:         sock.as_os_str().len()
tests/gate_qmp_backstop_structure.rs:764:     );
tests/gate_qmp_backstop_structure.rs:765:     let result = std::os::unix::net::UnixListener::bind(&sock);
tests/gate_qmp_backstop_structure.rs:766:     let _ = fs::remove_dir_all(&base);
tests/gate_qmp_backstop_structure.rs:767:     assert!(
tests/gate_qmp_backstop_structure.rs:768:         result.is_err(),
tests/gate_qmp_backstop_structure.rs:769:         "expected the reproduced $OUTPUT_DIR/qmp.sock-shaped path to overflow \
tests/gate_qmp_backstop_structure.rs:770:          AF_UNIX's sun_path limit and fail to bind, but it succeeded"
tests/gate_qmp_backstop_structure.rs:771:     );
tests/gate_qmp_backstop_structure.rs:772: }
tests/gate_qmp_backstop_structure.rs:773:
tests/gate_qmp_backstop_structure.rs:774: #[test]
tests/gate_qmp_backstop_structure.rs:775: fn gqb_free_socket_removes_only_its_own_namespace_directory() {
tests/gate_qmp_backstop_structure.rs:776:     let output = Command::new("timeout")
tests/gate_qmp_backstop_structure.rs:777:         .args([
tests/gate_qmp_backstop_structure.rs:778:             "--kill-after=1",
tests/gate_qmp_backstop_structure.rs:779:             "10",
tests/gate_qmp_backstop_structure.rs:780:             "bash",
tests/gate_qmp_backstop_structure.rs:781:             "-euo",
tests/gate_qmp_backstop_structure.rs:782:             "pipefail",
tests/gate_qmp_backstop_structure.rs:783:             "-c",
tests/gate_qmp_backstop_structure.rs:784:             "source \"$1\"; sock=\"$(gqb_alloc_socket)\"; dir=\"$(dirname \"$sock\")\"; [ -d \"$dir\" ]; gqb_free_socket \"$sock\"; [ ! -e \"$dir\" ]; echo ok",
tests/gate_qmp_backstop_structure.rs:785:             "test",
tests/gate_qmp_backstop_structure.rs:786:         ])
tests/gate_qmp_backstop_structure.rs:787:         .arg(repo_path("docker/qemu/lib/gate-qmp-backstop.sh"))
tests/gate_qmp_backstop_structure.rs:788:         .output()
tests/gate_qmp_backstop_structure.rs:789:         .unwrap();
tests/gate_qmp_backstop_structure.rs:790:     assert!(
tests/gate_qmp_backstop_structure.rs:791:         output.status.success(),
tests/gate_qmp_backstop_structure.rs:792:         "alloc/free round-trip failed: {}",
tests/gate_qmp_backstop_structure.rs:793:         String::from_utf8_lossy(&output.stderr)
tests/gate_qmp_backstop_structure.rs:794:     );
tests/gate_qmp_backstop_structure.rs:795:     assert_eq!(String::from_utf8(output.stdout).unwrap().trim(), "ok");
tests/gate_qmp_backstop_structure.rs:796: }
tests/gate_qmp_backstop_structure.rs:797:
tests/gate_qmp_backstop_structure.rs:798: #[test]
tests/gate_qmp_backstop_structure.rs:799: fn gqb_free_socket_refuses_to_remove_paths_outside_its_namespace() {
tests/gate_qmp_backstop_structure.rs:800:     let victim = std::env::temp_dir().join(format!("gqb-victim-{}", std::process::id()));
tests/gate_qmp_backstop_structure.rs:801:     fs::create_dir_all(&victim).unwrap();
tests/gate_qmp_backstop_structure.rs:802:     let sentinel = victim.join("do-not-delete-me");
tests/gate_qmp_backstop_structure.rs:803:     fs::write(&sentinel, b"x").unwrap();
tests/gate_qmp_backstop_structure.rs:804:     let fake_sock = victim.join("qmp.sock");
tests/gate_qmp_backstop_structure.rs:805:     let output = Command::new("timeout")
tests/gate_qmp_backstop_structure.rs:806:         .args([
tests/gate_qmp_backstop_structure.rs:807:             "--kill-after=1",
tests/gate_qmp_backstop_structure.rs:808:             "10",
tests/gate_qmp_backstop_structure.rs:809:             "bash",
tests/gate_qmp_backstop_structure.rs:810:             "-euo",
tests/gate_qmp_backstop_structure.rs:811:             "pipefail",
tests/gate_qmp_backstop_structure.rs:812:             "-c",
tests/gate_qmp_backstop_structure.rs:813:             "source \"$1\"; gqb_free_socket \"$2\"",
tests/gate_qmp_backstop_structure.rs:814:             "test",
tests/gate_qmp_backstop_structure.rs:815:         ])
tests/gate_qmp_backstop_structure.rs:816:         .arg(repo_path("docker/qemu/lib/gate-qmp-backstop.sh"))
tests/gate_qmp_backstop_structure.rs:817:         .arg(&fake_sock)
tests/gate_qmp_backstop_structure.rs:818:         .output()
tests/gate_qmp_backstop_structure.rs:819:         .unwrap();
tests/gate_qmp_backstop_structure.rs:820:     assert!(
tests/gate_qmp_backstop_structure.rs:821:         output.status.success(),
tests/gate_qmp_backstop_structure.rs:822:         "gqb_free_socket exited nonzero on an out-of-namespace path: {}",
tests/gate_qmp_backstop_structure.rs:823:         String::from_utf8_lossy(&output.stderr)
tests/gate_qmp_backstop_structure.rs:824:     );
tests/gate_qmp_backstop_structure.rs:825:     assert!(
tests/gate_qmp_backstop_structure.rs:826:         sentinel.exists(),
tests/gate_qmp_backstop_structure.rs:827:         "gqb_free_socket removed a directory it did not allocate"
tests/gate_qmp_backstop_structure.rs:828:     );
tests/gate_qmp_backstop_structure.rs:829:     let _ = fs::remove_dir_all(&victim);
tests/gate_qmp_backstop_structure.rs:830: }
tests/gate_qmp_backstop_structure.rs:831:
tests/gate_qmp_backstop_structure.rs:832: // The runtime fixture virtualizes setup time, so separately pin the shipped
tests/gate_qmp_backstop_structure.rs:833: // whole-capture deadline, including escalation and the caller's budget.
tests/gate_qmp_backstop_structure.rs:834: fn has_capture_deadline(source: &str) -> bool {
tests/gate_qmp_backstop_structure.rs:835:     source.contains("timeout --kill-after=1 \"$budget_s\" bash \"$fc_sh\" --qmp \"$sock\"")
tests/gate_qmp_backstop_structure.rs:836: }
tests/gate_qmp_backstop_structure.rs:837:
tests/gate_qmp_backstop_structure.rs:838: #[test]
tests/gate_qmp_backstop_structure.rs:839: fn shipped_capture_deadline_and_mutations() {
tests/gate_qmp_backstop_structure.rs:840:     let source = read("docker/qemu/lib/gate-qmp-backstop.sh");
tests/gate_qmp_backstop_structure.rs:841:     assert!(has_capture_deadline(&source));
tests/gate_qmp_backstop_structure.rs:842:     for changed in [
tests/gate_qmp_backstop_structure.rs:843:         source.replace("timeout --kill-after=1", "timeout"),
tests/gate_qmp_backstop_structure.rs:844:         source.replace("\"$budget_s\" bash", "0 bash"),
tests/gate_qmp_backstop_structure.rs:845:         source.replace("timeout --kill-after=1 \"$budget_s\" bash", "bash"),
tests/gate_qmp_backstop_structure.rs:846:     ] {
tests/gate_qmp_backstop_structure.rs:847:         assert!(
tests/gate_qmp_backstop_structure.rs:848:             !has_capture_deadline(&changed),
tests/gate_qmp_backstop_structure.rs:849:             "unbounded capture accepted"
tests/gate_qmp_backstop_structure.rs:850:         );
tests/gate_qmp_backstop_structure.rs:851:     }
tests/gate_qmp_backstop_structure.rs:852: }
tests/gate_qmp_backstop_structure.rs:853:
tests/gate_qmp_backstop_structure.rs:854: #[test]
tests/gate_qmp_backstop_structure.rs:855: fn receipt_precedes_response_deadline() {
tests/gate_qmp_backstop_structure.rs:856:     let receipt = "while not pathlib.Path('dump-received').exists():";
tests/gate_qmp_backstop_structure.rs:857:     let deadline = "result = child.wait(timeout=budget)";
tests/gate_qmp_backstop_structure.rs:858:     let ordered = |source: &str| match (source.find(receipt), source.find(deadline)) {
tests/gate_qmp_backstop_structure.rs:859:         (Some(receipt), Some(deadline)) => receipt < deadline,
tests/gate_qmp_backstop_structure.rs:860:         _ => false,
tests/gate_qmp_backstop_structure.rs:861:     };
tests/gate_qmp_backstop_structure.rs:862:     assert!(ordered(FIXTURE_TIMEOUT));
tests/gate_qmp_backstop_structure.rs:863:     assert!(!ordered(&FIXTURE_TIMEOUT.replace(receipt, "while False:")));
tests/gate_qmp_backstop_structure.rs:864:     assert!(!ordered(&format!("{deadline}\n{FIXTURE_TIMEOUT}")));
tests/gate_qmp_backstop_structure.rs:865:     assert!(FAKE_QMP.contains("pathlib.Path('dump-received').touch()"));
tests/gate_qmp_backstop_structure.rs:866: }

FILE: tests/gate_capture_drain_structure.rs
tests/gate_capture_drain_structure.rs:1: //! Structural ratchet + functional oracle for failure-trace-capture PR-5:
tests/gate_capture_drain_structure.rs:2: //! `docker/qemu/lib/gate-capture-drain.sh` and its wiring into the gates
tests/gate_capture_drain_structure.rs:3: //! that source it. See
tests/gate_capture_drain_structure.rs:4: //! docs/planning/green-program/failure-capture/PLAN-2026-09-05.md section 6
tests/gate_capture_drain_structure.rs:5: //! (PR-5) and this round's own doc,
tests/gate_capture_drain_structure.rs:6: //! docs/planning/green-program/failure-capture/PR-5-2026-09-06.md.
tests/gate_capture_drain_structure.rs:7: //!
tests/gate_capture_drain_structure.rs:8: //! Three things are checked here, deliberately kept apart:
tests/gate_capture_drain_structure.rs:9: //!
tests/gate_capture_drain_structure.rs:10: //! 1. Census-anchored wiring: each gate script that sources the drain lib
tests/gate_capture_drain_structure.rs:11: //!    (not a literal list of four names -- the file set as it exists on
tests/gate_capture_drain_structure.rs:12: //!    disk) calls both `gcd_drain_and_report` and `gcd_pass_report`
tests/gate_capture_drain_structure.rs:13: //!    somewhere in its body.
tests/gate_capture_drain_structure.rs:14: //! 2. The actual ratchet: each "guest kill" line in a converted gate --
tests/gate_capture_drain_structure.rs:15: //!    `kill $QEMU_PID`/`kill "$QEMU_PID"`/`kill $RUNNER_PID`/`kill
tests/gate_capture_drain_structure.rs:16: //!    "$RUNNER_PID"`, each followed by `2>/dev/null`, the one shape each
tests/gate_capture_drain_structure.rs:17: //!    outcome-kill in these four scripts uses -- has a drain-decision call
tests/gate_capture_drain_structure.rs:18: //!    within the KILL_WINDOW lines immediately before it. A mutation test
tests/gate_capture_drain_structure.rs:19: //!    proves this actually reddens: relocating a real kill line to sit
tests/gate_capture_drain_structure.rs:20: //!    ABOVE its drain-decision block (literally "move the kill above the
tests/gate_capture_drain_structure.rs:21: //!    drain") makes the check fail where the unmutated file passes.
tests/gate_capture_drain_structure.rs:22: //! 3. A functional oracle over the shell library itself, run with no QEMU
tests/gate_capture_drain_structure.rs:23: //!    boot: the SAME ordered capture starts with BEGIN and one event. A
tests/gate_capture_drain_structure.rs:24: //!    controlled wait writes the remaining event and END synchronously.
tests/gate_capture_drain_structure.rs:25: //!    Disabled draining reads partial before that transition; enabled
tests/gate_capture_drain_structure.rs:26: //!    draining crosses it and reads complete using the real classifier.
tests/gate_capture_drain_structure.rs:27: //!
tests/gate_capture_drain_structure.rs:28: //! # Why line-window text matching, not an AST
tests/gate_capture_drain_structure.rs:29: //!
tests/gate_capture_drain_structure.rs:30: //! These are bash scripts. A window-based textual check cannot see through
tests/gate_capture_drain_structure.rs:31: //! an indirection (a kill issued from a variable holding a function name,
tests/gate_capture_drain_structure.rs:32: //! say), the same limitation `capture_path_lock_free_structure.rs`'s own
tests/gate_capture_drain_structure.rs:33: //! denylist documents for its source scan. What it catches -- the actual
tests/gate_capture_drain_structure.rs:34: //! shape each kill site in these four scripts uses today, verified by the
tests/gate_capture_drain_structure.rs:35: //! census below finding six of them -- is what this PR shipped, and the
tests/gate_capture_drain_structure.rs:36: //! mutation test proves the check is not vacuous against that shape.
tests/gate_capture_drain_structure.rs:37:
tests/gate_capture_drain_structure.rs:38: use std::fs;
tests/gate_capture_drain_structure.rs:39: use std::path::{Path, PathBuf};
tests/gate_capture_drain_structure.rs:40: use std::process::Command;
tests/gate_capture_drain_structure.rs:41:
tests/gate_capture_drain_structure.rs:42: const GATE_DIR: &str = "docker/qemu";
tests/gate_capture_drain_structure.rs:43: const LIB_MARKER: &str = "lib/gate-capture-drain.sh";
tests/gate_capture_drain_structure.rs:44: const DRAIN_CALL: &str = "gcd_drain_and_report";
tests/gate_capture_drain_structure.rs:45: const PASS_CALL: &str = "gcd_pass_report";
tests/gate_capture_drain_structure.rs:46: /// Lines to look back from a kill site for a drain-decision call. Measured
tests/gate_capture_drain_structure.rs:47: /// against the six real call sites this PR wired: the widest gap (the
tests/gate_capture_drain_structure.rs:48: /// aarch64 gates' own "immediately before kill" host-facts sampling block,
tests/gate_capture_drain_structure.rs:49: /// which sits between the drain decision and the kill itself) is under 15
tests/gate_capture_drain_structure.rs:50: /// lines including comments; 30 leaves generous room without being so wide
tests/gate_capture_drain_structure.rs:51: /// it would still "cover" a kill line from an unrelated, much earlier
tests/gate_capture_drain_structure.rs:52: /// call.
tests/gate_capture_drain_structure.rs:53: const KILL_WINDOW: usize = 30;
tests/gate_capture_drain_structure.rs:54:
tests/gate_capture_drain_structure.rs:55: fn repo_path(rel: &str) -> PathBuf {
tests/gate_capture_drain_structure.rs:56:     PathBuf::from(env!("CARGO_MANIFEST_DIR")).join(rel)
tests/gate_capture_drain_structure.rs:57: }
tests/gate_capture_drain_structure.rs:58:
tests/gate_capture_drain_structure.rs:59: fn read(rel: &str) -> String {
tests/gate_capture_drain_structure.rs:60:     let full = repo_path(rel);
tests/gate_capture_drain_structure.rs:61:     fs::read_to_string(&full)
tests/gate_capture_drain_structure.rs:62:         .unwrap_or_else(|error| panic!("failed to read {}: {error}", full.display()))
tests/gate_capture_drain_structure.rs:63: }
tests/gate_capture_drain_structure.rs:64:
tests/gate_capture_drain_structure.rs:65: /// The `.sh` files under `docker/qemu/`, recursively -- the same walk
tests/gate_capture_drain_structure.rs:66: /// `capture_path_lock_free_structure.rs::gate_scripts()` uses, duplicated
tests/gate_capture_drain_structure.rs:67: /// (not shared) because these are separate `rustc --test` compilation units
tests/gate_capture_drain_structure.rs:68: /// with no shared crate between them (`scripts/run-structure-tests.sh`
tests/gate_capture_drain_structure.rs:69: /// compiles each file standalone).
tests/gate_capture_drain_structure.rs:70: fn gate_scripts() -> Vec<(String, String)> {
tests/gate_capture_drain_structure.rs:71:     fn walk(dir: &Path, out: &mut Vec<PathBuf>) {
tests/gate_capture_drain_structure.rs:72:         for entry in fs::read_dir(dir).expect("docker/qemu must exist") {
tests/gate_capture_drain_structure.rs:73:             let path = entry.expect("readable dir entry").path();
tests/gate_capture_drain_structure.rs:74:             if path.is_dir() {
tests/gate_capture_drain_structure.rs:75:                 walk(&path, out);
tests/gate_capture_drain_structure.rs:76:             } else if path.extension().and_then(|e| e.to_str()) == Some("sh") {
tests/gate_capture_drain_structure.rs:77:                 out.push(path);
tests/gate_capture_drain_structure.rs:78:             }
tests/gate_capture_drain_structure.rs:79:         }
tests/gate_capture_drain_structure.rs:80:     }
tests/gate_capture_drain_structure.rs:81:     let mut paths = Vec::new();
tests/gate_capture_drain_structure.rs:82:     walk(&repo_path(GATE_DIR), &mut paths);
tests/gate_capture_drain_structure.rs:83:     paths.sort();
tests/gate_capture_drain_structure.rs:84:     paths
tests/gate_capture_drain_structure.rs:85:         .into_iter()
tests/gate_capture_drain_structure.rs:86:         .map(|path| {
tests/gate_capture_drain_structure.rs:87:             let name = path
tests/gate_capture_drain_structure.rs:88:                 .strip_prefix(repo_path(""))
tests/gate_capture_drain_structure.rs:89:                 .unwrap_or(&path)
tests/gate_capture_drain_structure.rs:90:                 .to_string_lossy()
tests/gate_capture_drain_structure.rs:91:                 .to_string();
tests/gate_capture_drain_structure.rs:92:             let body = fs::read_to_string(&path).expect("readable script");
tests/gate_capture_drain_structure.rs:93:             (name, body)
tests/gate_capture_drain_structure.rs:94:         })
tests/gate_capture_drain_structure.rs:95:         .collect()
tests/gate_capture_drain_structure.rs:96: }
tests/gate_capture_drain_structure.rs:97:
tests/gate_capture_drain_structure.rs:98: /// Census-anchored, not a literal list: the gate scripts that source
tests/gate_capture_drain_structure.rs:99: /// `lib/gate-capture-drain.sh`, whatever that set currently is.
tests/gate_capture_drain_structure.rs:100: fn converted_gates() -> Vec<(String, String)> {
tests/gate_capture_drain_structure.rs:101:     gate_scripts()
tests/gate_capture_drain_structure.rs:102:         .into_iter()
tests/gate_capture_drain_structure.rs:103:         .filter(|(_, body)| body.contains(LIB_MARKER))
tests/gate_capture_drain_structure.rs:104:         .collect()
tests/gate_capture_drain_structure.rs:105: }
tests/gate_capture_drain_structure.rs:106:
tests/gate_capture_drain_structure.rs:107: /// A "guest kill" line: `kill` (unquoted or quoted `$QEMU_PID`/`$RUNNER_PID`)
tests/gate_capture_drain_structure.rs:108: /// immediately followed by `2>/dev/null` on the same line. This is the exact
tests/gate_capture_drain_structure.rs:109: /// shape each outcome-kill in the four converted gates uses; it does NOT
tests/gate_capture_drain_structure.rs:110: /// match `kill -0 ...` liveness probes (different shape: no `2>/dev/null`
tests/gate_capture_drain_structure.rs:111: /// suffix on the same pattern) or a bare `wait`.
tests/gate_capture_drain_structure.rs:112: fn is_kill_line(line: &str) -> bool {
tests/gate_capture_drain_structure.rs:113:     let t = line.trim_start();
tests/gate_capture_drain_structure.rs:114:     let starts = t.starts_with("kill $QEMU_PID")
tests/gate_capture_drain_structure.rs:115:         || t.starts_with("kill \"$QEMU_PID\"")
tests/gate_capture_drain_structure.rs:116:         || t.starts_with("kill $RUNNER_PID")
tests/gate_capture_drain_structure.rs:117:         || t.starts_with("kill \"$RUNNER_PID\"");
tests/gate_capture_drain_structure.rs:118:     starts && t.contains("2>/dev/null")
tests/gate_capture_drain_structure.rs:119: }
tests/gate_capture_drain_structure.rs:120:
tests/gate_capture_drain_structure.rs:121: fn count_kill_sites(lines: &[&str]) -> usize {
tests/gate_capture_drain_structure.rs:122:     lines.iter().filter(|l| is_kill_line(l)).count()
tests/gate_capture_drain_structure.rs:123: }
tests/gate_capture_drain_structure.rs:124:
tests/gate_capture_drain_structure.rs:125: /// 0-based indices of kill-site lines with neither `gcd_drain_and_report`
tests/gate_capture_drain_structure.rs:126: /// nor `gcd_pass_report` anywhere in the KILL_WINDOW lines immediately
tests/gate_capture_drain_structure.rs:127: /// before them. Empty means each kill site in `lines` is covered.
tests/gate_capture_drain_structure.rs:128: fn uncovered_kill_sites(lines: &[&str]) -> Vec<usize> {
tests/gate_capture_drain_structure.rs:129:     let mut bad = Vec::new();
tests/gate_capture_drain_structure.rs:130:     for (i, line) in lines.iter().enumerate() {
tests/gate_capture_drain_structure.rs:131:         if !is_kill_line(line) {
tests/gate_capture_drain_structure.rs:132:             continue;
tests/gate_capture_drain_structure.rs:133:         }
tests/gate_capture_drain_structure.rs:134:         let start = i.saturating_sub(KILL_WINDOW);
tests/gate_capture_drain_structure.rs:135:         let window = &lines[start..i];
tests/gate_capture_drain_structure.rs:136:         // Comment lines (trimmed, starting with `#`) do not count as
tests/gate_capture_drain_structure.rs:137:         // coverage -- this suite's own prose above the real call sites
tests/gate_capture_drain_structure.rs:138:         // mentions both function names, and a check that credited a
tests/gate_capture_drain_structure.rs:139:         // comment for coverage could not be reddened by relocating the
tests/gate_capture_drain_structure.rs:140:         // call it is explaining (caught live: the mutation test below
tests/gate_capture_drain_structure.rs:141:         // failed to redden until this line was added).
tests/gate_capture_drain_structure.rs:142:         let covered = window.iter().any(|l| {
tests/gate_capture_drain_structure.rs:143:             let t = l.trim_start();
tests/gate_capture_drain_structure.rs:144:             !t.starts_with('#') && (l.contains(DRAIN_CALL) || l.contains(PASS_CALL))
tests/gate_capture_drain_structure.rs:145:         });
tests/gate_capture_drain_structure.rs:146:         if !covered {
tests/gate_capture_drain_structure.rs:147:             bad.push(i);
tests/gate_capture_drain_structure.rs:148:         }
tests/gate_capture_drain_structure.rs:149:     }
tests/gate_capture_drain_structure.rs:150:     bad
tests/gate_capture_drain_structure.rs:151: }
tests/gate_capture_drain_structure.rs:152:
tests/gate_capture_drain_structure.rs:153: #[test]
tests/gate_capture_drain_structure.rs:154: fn converted_gates_exist_and_call_both_drain_functions() {
tests/gate_capture_drain_structure.rs:155:     let gates = converted_gates();
tests/gate_capture_drain_structure.rs:156:     assert!(
tests/gate_capture_drain_structure.rs:157:         gates.len() >= 4,
tests/gate_capture_drain_structure.rs:158:         "expected at least 4 gate scripts under {GATE_DIR} to source {LIB_MARKER}, found {} \
tests/gate_capture_drain_structure.rs:159:          -- a census that collapsed to zero is not checking anything",
tests/gate_capture_drain_structure.rs:160:         gates.len()
tests/gate_capture_drain_structure.rs:161:     );
tests/gate_capture_drain_structure.rs:162:     for (name, body) in &gates {
tests/gate_capture_drain_structure.rs:163:         assert!(
tests/gate_capture_drain_structure.rs:164:             body.contains(DRAIN_CALL),
tests/gate_capture_drain_structure.rs:165:             "{name} sources the capture-drain lib but never calls {DRAIN_CALL}"
tests/gate_capture_drain_structure.rs:166:         );
tests/gate_capture_drain_structure.rs:167:         assert!(
tests/gate_capture_drain_structure.rs:168:             body.contains(PASS_CALL),
tests/gate_capture_drain_structure.rs:169:             "{name} sources the capture-drain lib but never calls {PASS_CALL}"
tests/gate_capture_drain_structure.rs:170:         );
tests/gate_capture_drain_structure.rs:171:     }
tests/gate_capture_drain_structure.rs:172: }
tests/gate_capture_drain_structure.rs:173:
tests/gate_capture_drain_structure.rs:174: #[test]
tests/gate_capture_drain_structure.rs:175: fn every_guest_kill_site_is_preceded_by_a_drain_decision() {
tests/gate_capture_drain_structure.rs:176:     let gates = converted_gates();
tests/gate_capture_drain_structure.rs:177:     assert!(
tests/gate_capture_drain_structure.rs:178:         !gates.is_empty(),
tests/gate_capture_drain_structure.rs:179:         "no gate sources {LIB_MARKER} -- nothing for this test to check"
tests/gate_capture_drain_structure.rs:180:     );
tests/gate_capture_drain_structure.rs:181:     let mut total_kill_sites = 0usize;
tests/gate_capture_drain_structure.rs:182:     for (name, body) in &gates {
tests/gate_capture_drain_structure.rs:183:         let lines: Vec<&str> = body.lines().collect();
tests/gate_capture_drain_structure.rs:184:         total_kill_sites += count_kill_sites(&lines);
tests/gate_capture_drain_structure.rs:185:         let bad = uncovered_kill_sites(&lines);
tests/gate_capture_drain_structure.rs:186:         assert!(
tests/gate_capture_drain_structure.rs:187:             bad.is_empty(),
tests/gate_capture_drain_structure.rs:188:             "{name}: kill site(s) at 1-based line(s) {:?} have no {DRAIN_CALL}/{PASS_CALL} \
tests/gate_capture_drain_structure.rs:189:              call in the preceding {KILL_WINDOW} lines -- this gate can now send \
tests/gate_capture_drain_structure.rs:190:              SIGTERM/KILL before draining an open BXCAP capture",
tests/gate_capture_drain_structure.rs:191:             bad.iter().map(|i| i + 1).collect::<Vec<_>>()
tests/gate_capture_drain_structure.rs:192:         );
tests/gate_capture_drain_structure.rs:193:     }
tests/gate_capture_drain_structure.rs:194:     // Anti-vacuity floor: this PR wired exactly six guest-kill sites across
tests/gate_capture_drain_structure.rs:195:     // the four converted gates (see this suite's own file header). A count
tests/gate_capture_drain_structure.rs:196:     // below that floor would mean is_kill_line's shape stopped matching a
tests/gate_capture_drain_structure.rs:197:     // real site -- a missing site would trivially have "no uncovered site"
tests/gate_capture_drain_structure.rs:198:     // reported for it, because there is no site there to check.
tests/gate_capture_drain_structure.rs:199:     assert!(
tests/gate_capture_drain_structure.rs:200:         total_kill_sites >= 6,
tests/gate_capture_drain_structure.rs:201:         "expected at least 6 guest-kill sites across the converted gates, found \
tests/gate_capture_drain_structure.rs:202:          {total_kill_sites} -- a census that found none would make the check above vacuous"
tests/gate_capture_drain_structure.rs:203:     );
tests/gate_capture_drain_structure.rs:204: }
tests/gate_capture_drain_structure.rs:205:
tests/gate_capture_drain_structure.rs:206: #[test]
tests/gate_capture_drain_structure.rs:207: fn moving_a_kill_above_its_drain_decision_reddens_the_check() {
tests/gate_capture_drain_structure.rs:208:     let body = read("docker/qemu/run-aarch64-boot-test-strict.sh");
tests/gate_capture_drain_structure.rs:209:     let mut lines: Vec<String> = body.lines().map(str::to_string).collect();
tests/gate_capture_drain_structure.rs:210:
tests/gate_capture_drain_structure.rs:211:     let kill_idx = {
tests/gate_capture_drain_structure.rs:212:         let borrowed: Vec<&str> = lines.iter().map(String::as_str).collect();
tests/gate_capture_drain_structure.rs:213:         borrowed
tests/gate_capture_drain_structure.rs:214:             .iter()
tests/gate_capture_drain_structure.rs:215:             .position(|l| is_kill_line(l))
tests/gate_capture_drain_structure.rs:216:             .expect("run-aarch64-boot-test-strict.sh must have a guest-kill line for this test")
tests/gate_capture_drain_structure.rs:217:     };
tests/gate_capture_drain_structure.rs:218:     let block_idx = lines
tests/gate_capture_drain_structure.rs:219:         .iter()
tests/gate_capture_drain_structure.rs:220:         .position(|l| l.contains("local CAPTURE_LINES"))
tests/gate_capture_drain_structure.rs:221:         .expect("run-aarch64-boot-test-strict.sh must declare CAPTURE_LINES before its kill line");
tests/gate_capture_drain_structure.rs:222:     assert!(
tests/gate_capture_drain_structure.rs:223:         block_idx < kill_idx,
tests/gate_capture_drain_structure.rs:224:         "the drain decision must originally precede the kill for 'moving the kill above it' \
tests/gate_capture_drain_structure.rs:225:          to mean anything (block at line {}, kill at line {})",
tests/gate_capture_drain_structure.rs:226:         block_idx + 1,
tests/gate_capture_drain_structure.rs:227:         kill_idx + 1
tests/gate_capture_drain_structure.rs:228:     );
tests/gate_capture_drain_structure.rs:229:
tests/gate_capture_drain_structure.rs:230:     // Anti-vacuity: the REAL, unmutated file must be green first. If it
tests/gate_capture_drain_structure.rs:231:     // were already broken, the mutation below "reddening" it would prove
tests/gate_capture_drain_structure.rs:232:     // no more than that a broken check stayed broken.
tests/gate_capture_drain_structure.rs:233:     {
tests/gate_capture_drain_structure.rs:234:         let borrowed: Vec<&str> = lines.iter().map(String::as_str).collect();
tests/gate_capture_drain_structure.rs:235:         let bad = uncovered_kill_sites(&borrowed);
tests/gate_capture_drain_structure.rs:236:         assert!(
tests/gate_capture_drain_structure.rs:237:             bad.is_empty(),
tests/gate_capture_drain_structure.rs:238:             "the real file must pass the kill-site check before this test's mutation is \
tests/gate_capture_drain_structure.rs:239:              applied; it did not (uncovered 0-based line indices: {bad:?})"
tests/gate_capture_drain_structure.rs:240:         );
tests/gate_capture_drain_structure.rs:241:     }
tests/gate_capture_drain_structure.rs:242:
tests/gate_capture_drain_structure.rs:243:     // THE MUTATION: "move the kill above the drain", applied literally --
tests/gate_capture_drain_structure.rs:244:     // relocate the kill line to sit immediately before the drain-decision
tests/gate_capture_drain_structure.rs:245:     // block it used to follow; the rest of the file is unchanged.
tests/gate_capture_drain_structure.rs:246:     let kill_line = lines.remove(kill_idx);
tests/gate_capture_drain_structure.rs:247:     lines.insert(block_idx, kill_line);
tests/gate_capture_drain_structure.rs:248:
tests/gate_capture_drain_structure.rs:249:     let borrowed: Vec<&str> = lines.iter().map(String::as_str).collect();
tests/gate_capture_drain_structure.rs:250:     let bad = uncovered_kill_sites(&borrowed);
tests/gate_capture_drain_structure.rs:251:     assert!(
tests/gate_capture_drain_structure.rs:252:         !bad.is_empty(),
tests/gate_capture_drain_structure.rs:253:         "moving the kill line above its drain-decision block must make the kill-site check \
tests/gate_capture_drain_structure.rs:254:          red; it stayed green, which means the check is not actually anchored to this shape"
tests/gate_capture_drain_structure.rs:255:     );
tests/gate_capture_drain_structure.rs:256: }
tests/gate_capture_drain_structure.rs:257:
tests/gate_capture_drain_structure.rs:258: /// Runs a small bash script with `docker/qemu/lib/gate-capture-drain.sh`
tests/gate_capture_drain_structure.rs:259: /// sourced ahead of it, returning (exit success, stdout).
tests/gate_capture_drain_structure.rs:260: fn run_with_drain_lib(script: &str) -> (bool, String) {
tests/gate_capture_drain_structure.rs:261:     let lib = repo_path("docker/qemu/lib/gate-capture-drain.sh");
tests/gate_capture_drain_structure.rs:262:     let full = format!("set -e\nsource '{}'\n{}\n", lib.display(), script);
tests/gate_capture_drain_structure.rs:263:     let output = Command::new("bash")
tests/gate_capture_drain_structure.rs:264:         .arg("-c")
tests/gate_capture_drain_structure.rs:265:         .arg(&full)
tests/gate_capture_drain_structure.rs:266:         .output()
tests/gate_capture_drain_structure.rs:267:         .expect("failed to spawn bash");
tests/gate_capture_drain_structure.rs:268:     (
tests/gate_capture_drain_structure.rs:269:         output.status.success(),
tests/gate_capture_drain_structure.rs:270:         String::from_utf8_lossy(&output.stdout).to_string(),
tests/gate_capture_drain_structure.rs:271:     )
tests/gate_capture_drain_structure.rs:272: }
tests/gate_capture_drain_structure.rs:273:
tests/gate_capture_drain_structure.rs:274: fn unique_temp_dir(tag: &str) -> PathBuf {
tests/gate_capture_drain_structure.rs:275:     let dir = std::env::temp_dir().join(format!(
tests/gate_capture_drain_structure.rs:276:         "gate-capture-drain-{tag}-{}-{}",
tests/gate_capture_drain_structure.rs:277:         std::process::id(),
tests/gate_capture_drain_structure.rs:278:         std::time::SystemTime::now()
tests/gate_capture_drain_structure.rs:279:             .duration_since(std::time::UNIX_EPOCH)
tests/gate_capture_drain_structure.rs:280:             .unwrap()
tests/gate_capture_drain_structure.rs:281:             .as_nanos()
tests/gate_capture_drain_structure.rs:282:     ));
tests/gate_capture_drain_structure.rs:283:     fs::create_dir_all(&dir).expect("create temp dir");
tests/gate_capture_drain_structure.rs:284:     dir
tests/gate_capture_drain_structure.rs:285: }
tests/gate_capture_drain_structure.rs:286:
tests/gate_capture_drain_structure.rs:287: #[test]
tests/gate_capture_drain_structure.rs:288: fn classify_pairs_a_begin_and_end_split_across_two_serial_files_by_seq() {
tests/gate_capture_drain_structure.rs:289:     let dir = unique_temp_dir("multifile");
tests/gate_capture_drain_structure.rs:290:
tests/gate_capture_drain_structure.rs:291:     // x86's own shape: kernel-console BXCAP output on one file, the BEGIN
tests/gate_capture_drain_structure.rs:292:     // and one EV record; the END lands on the OTHER file, the way it would
tests/gate_capture_drain_structure.rs:293:     // if a peer CPU's write interleaved onto the second `-serial file:`
tests/gate_capture_drain_structure.rs:294:     // sink. This fixture carries no EV records in either file, so it also
tests/gate_capture_drain_structure.rs:295:     // covers gcd_last_events's empty-ring reading for a capture whose ring
tests/gate_capture_drain_structure.rs:296:     // copied out clean.
tests/gate_capture_drain_structure.rs:297:     let kernel = dir.join("serial_kernel.txt");
tests/gate_capture_drain_structure.rs:298:     fs::write(
tests/gate_capture_drain_structure.rs:299:         &kernel,
tests/gate_capture_drain_structure.rs:300:         "[BXCAP:BEGIN v=1 seq=9 edge=FAULT cpu=0 ts=1 tsfreq=1 uptime_ms=1 arch=x86_64]
tests/gate_capture_drain_structure.rs:301: ",
tests/gate_capture_drain_structure.rs:302:     )
tests/gate_capture_drain_structure.rs:303:     .unwrap();
tests/gate_capture_drain_structure.rs:304:     let user = dir.join("serial_user.txt");
tests/gate_capture_drain_structure.rs:305:     fs::write(
tests/gate_capture_drain_structure.rs:306:         &user,
tests/gate_capture_drain_structure.rs:307:         "[BXCAP:END v=1 seq=9 edge=FAULT verdict=complete records=1 bytes=90 truncated=0 sections_skipped=0x0]
tests/gate_capture_drain_structure.rs:308: ",
tests/gate_capture_drain_structure.rs:309:     )
tests/gate_capture_drain_structure.rs:310:     .unwrap();
tests/gate_capture_drain_structure.rs:311:
tests/gate_capture_drain_structure.rs:312:     let (ok, out) = run_with_drain_lib(&format!(
tests/gate_capture_drain_structure.rs:313:         "gcd_classify '{}' '{}'",
tests/gate_capture_drain_structure.rs:314:         kernel.display(),
tests/gate_capture_drain_structure.rs:315:         user.display()
tests/gate_capture_drain_structure.rs:316:     ));
tests/gate_capture_drain_structure.rs:317:     assert!(ok, "gcd_classify failed on the split-file fixture");
tests/gate_capture_drain_structure.rs:318:     assert_eq!(
tests/gate_capture_drain_structure.rs:319:         out.trim(),
tests/gate_capture_drain_structure.rs:320:         "complete 9 FAULT 0 1",
tests/gate_capture_drain_structure.rs:321:         "a BEGIN on one file and its matching END (by seq=) on the other must classify as complete"
tests/gate_capture_drain_structure.rs:322:     );
tests/gate_capture_drain_structure.rs:323:
tests/gate_capture_drain_structure.rs:324:     let (ok, out) = run_with_drain_lib(&format!(
tests/gate_capture_drain_structure.rs:325:         "gcd_last_events 8 '{}' '{}'",
tests/gate_capture_drain_structure.rs:326:         kernel.display(),
tests/gate_capture_drain_structure.rs:327:         user.display()
tests/gate_capture_drain_structure.rs:328:     ));
tests/gate_capture_drain_structure.rs:329:     assert!(ok, "gcd_last_events failed on the split-file fixture");
tests/gate_capture_drain_structure.rs:330:     assert_eq!(
tests/gate_capture_drain_structure.rs:331:         out.trim(),
tests/gate_capture_drain_structure.rs:332:         "none",
tests/gate_capture_drain_structure.rs:333:         "a capture with zero [BXCAP:EV] records across either file must read none, not an empty string"
tests/gate_capture_drain_structure.rs:334:     );
tests/gate_capture_drain_structure.rs:335:
tests/gate_capture_drain_structure.rs:336:     fs::remove_dir_all(&dir).ok();
tests/gate_capture_drain_structure.rs:337: }
tests/gate_capture_drain_structure.rs:338:
tests/gate_capture_drain_structure.rs:339: #[test]
tests/gate_capture_drain_structure.rs:340: fn classify_distinguishes_complete_partial_and_absent_with_no_boot() {
tests/gate_capture_drain_structure.rs:341:     let dir = unique_temp_dir("classify");
tests/gate_capture_drain_structure.rs:342:
tests/gate_capture_drain_structure.rs:343:     let complete = dir.join("complete.txt");
tests/gate_capture_drain_structure.rs:344:     fs::write(
tests/gate_capture_drain_structure.rs:345:         &complete,
tests/gate_capture_drain_structure.rs:346:         "[BXCAP:BEGIN v=1 seq=0 edge=SELFTEST cpu=0 ts=1 tsfreq=1 uptime_ms=1 arch=aarch64]\n\
tests/gate_capture_drain_structure.rs:347:          [BXCAP:EV cpu=0 i=0 ts=1 type=0x1 n=TIMER_TICK p=16 f=0x0]\n\
tests/gate_capture_drain_structure.rs:348:          [BXCAP:END v=1 seq=0 edge=SELFTEST verdict=complete records=5 bytes=400 truncated=0 sections_skipped=0x0]\n",
tests/gate_capture_drain_structure.rs:349:     )
tests/gate_capture_drain_structure.rs:350:     .unwrap();
tests/gate_capture_drain_structure.rs:351:
tests/gate_capture_drain_structure.rs:352:     let partial = dir.join("partial.txt");
tests/gate_capture_drain_structure.rs:353:     fs::write(
tests/gate_capture_drain_structure.rs:354:         &partial,
tests/gate_capture_drain_structure.rs:355:         "[BXCAP:BEGIN v=1 seq=7 edge=FAULT cpu=1 ts=1 tsfreq=1 uptime_ms=1 arch=aarch64]\n\
tests/gate_capture_drain_structure.rs:356:          [BXCAP:EV cpu=1 i=0 ts=1 type=0x2 n=CTX_SWITCH p=42 f=0x0]\n",
tests/gate_capture_drain_structure.rs:357:     )
tests/gate_capture_drain_structure.rs:358:     .unwrap();
tests/gate_capture_drain_structure.rs:359:
tests/gate_capture_drain_structure.rs:360:     let absent = dir.join("absent.txt");
tests/gate_capture_drain_structure.rs:361:     fs::write(&absent, "plain boot output, no capture at all\n").unwrap();
tests/gate_capture_drain_structure.rs:362:
tests/gate_capture_drain_structure.rs:363:     let (ok, out) = run_with_drain_lib(&format!("gcd_classify '{}'", complete.display()));
tests/gate_capture_drain_structure.rs:364:     assert!(ok, "gcd_classify failed on the complete fixture");
tests/gate_capture_drain_structure.rs:365:     assert_eq!(out.trim(), "complete 0 SELFTEST 0 5");
tests/gate_capture_drain_structure.rs:366:
tests/gate_capture_drain_structure.rs:367:     let (ok, out) = run_with_drain_lib(&format!("gcd_classify '{}'", partial.display()));
tests/gate_capture_drain_structure.rs:368:     assert!(ok, "gcd_classify failed on the partial fixture");
tests/gate_capture_drain_structure.rs:369:     assert_eq!(out.trim(), "partial 7 FAULT 1 -");
tests/gate_capture_drain_structure.rs:370:
tests/gate_capture_drain_structure.rs:371:     let (ok, out) = run_with_drain_lib(&format!("gcd_classify '{}'", absent.display()));
tests/gate_capture_drain_structure.rs:372:     assert!(ok, "gcd_classify failed on the absent fixture");
tests/gate_capture_drain_structure.rs:373:     assert_eq!(out.trim(), "absent - - - -");
tests/gate_capture_drain_structure.rs:374:
tests/gate_capture_drain_structure.rs:375:     fs::remove_dir_all(&dir).ok();
tests/gate_capture_drain_structure.rs:376: }
tests/gate_capture_drain_structure.rs:377:
tests/gate_capture_drain_structure.rs:378: /// Advance the producer synchronously at the wait boundary, with no FIFO or
tests/gate_capture_drain_structure.rs:379: /// wall-clock dependency. The real library still reads and classifies the file.
tests/gate_capture_drain_structure.rs:380: #[test]
tests/gate_capture_drain_structure.rs:381: fn drain_disabled_reads_partial_drain_enabled_reads_complete_same_race() {
tests/gate_capture_drain_structure.rs:382:     let dir = unique_temp_dir("oracle");
tests/gate_capture_drain_structure.rs:383:     let begin = "[BXCAP:BEGIN v=1 seq=3 edge=FAULT cpu=0 ts=1 tsfreq=1 uptime_ms=1 arch=aarch64]\n\
tests/gate_capture_drain_structure.rs:384:                  [BXCAP:EV cpu=0 i=0 ts=1 type=0x2 n=CTX_SWITCH p=7 f=0x0]\n";
tests/gate_capture_drain_structure.rs:385:     let rest = "[BXCAP:EV cpu=0 i=1 ts=2 type=0x2 n=CTX_SWITCH p=8 f=0x0]\n\
tests/gate_capture_drain_structure.rs:386:                 [BXCAP:END v=1 seq=3 edge=FAULT verdict=complete records=3 bytes=200 truncated=0 sections_skipped=0x0]\n";
tests/gate_capture_drain_structure.rs:387:
tests/gate_capture_drain_structure.rs:388:     for (case, disabled, startup_delay, expected) in [
tests/gate_capture_drain_structure.rs:389:         ("disabled", "1", "0", "partial"),
tests/gate_capture_drain_structure.rs:390:         ("enabled", "0", "0", "complete"),
tests/gate_capture_drain_structure.rs:391:         ("disabled-delayed", "1", "0.3", "partial"),
tests/gate_capture_drain_structure.rs:392:         ("enabled-delayed", "0", "0.3", "complete"),
tests/gate_capture_drain_structure.rs:393:     ] {
tests/gate_capture_drain_structure.rs:394:         let serial = dir.join(format!("{case}.txt"));
tests/gate_capture_drain_structure.rs:395:         fs::write(&serial, begin).unwrap();
tests/gate_capture_drain_structure.rs:396:         let script = format!(
tests/gate_capture_drain_structure.rs:397:             r#"released=0
tests/gate_capture_drain_structure.rs:398: release_writer() {{
tests/gate_capture_drain_structure.rs:399:     if [ "$released" = 0 ]; then
tests/gate_capture_drain_structure.rs:400:         released=1
tests/gate_capture_drain_structure.rs:401:         printf '%s' '{rest}' >> '{serial}'
tests/gate_capture_drain_structure.rs:402:     fi
tests/gate_capture_drain_structure.rs:403: }}
tests/gate_capture_drain_structure.rs:404: sleep() {{ release_writer; }}
tests/gate_capture_drain_structure.rs:405: command sleep {startup_delay}
tests/gate_capture_drain_structure.rs:406: BREENIX_GATE_DRAIN_DISABLE={disabled} BREENIX_GATE_DRAIN_SETTLE_MS=50 \
tests/gate_capture_drain_structure.rs:407: BREENIX_GATE_DRAIN_QUIET_MS=100 BREENIX_GATE_DRAIN_MAX_MS=2000 \
tests/gate_capture_drain_structure.rs:408: gcd_drain_and_report '{serial}'
tests/gate_capture_drain_structure.rs:409: release_writer
tests/gate_capture_drain_structure.rs:410: [ "$(gcd_classify '{serial}')" = "complete 3 FAULT 0 3" ]"#,
tests/gate_capture_drain_structure.rs:411:             rest = rest.replace('\'', "'\\''"),
tests/gate_capture_drain_structure.rs:412:             serial = serial.display(),
tests/gate_capture_drain_structure.rs:413:         );
tests/gate_capture_drain_structure.rs:414:         let (ok, out) = run_with_drain_lib(&script);
tests/gate_capture_drain_structure.rs:415:         assert!(ok, "{case} failed to run: {out}");
tests/gate_capture_drain_structure.rs:416:         assert!(
tests/gate_capture_drain_structure.rs:417:             out.contains(&format!("[CAPTURE_DRAIN:capture={expected}:")),
tests/gate_capture_drain_structure.rs:418:             "{case} must read capture={expected} -- it read:\n{out}"
tests/gate_capture_drain_structure.rs:419:         );
tests/gate_capture_drain_structure.rs:420:     }
tests/gate_capture_drain_structure.rs:421:     fs::remove_dir_all(&dir).ok();
tests/gate_capture_drain_structure.rs:422: }

FILE: scripts/forensic-capture.sh
scripts/forensic-capture.sh:1: #!/bin/bash
scripts/forensic-capture.sh:2: # Breenix Forensic Capture
scripts/forensic-capture.sh:3: # ========================
scripts/forensic-capture.sh:4: # Captures diagnostic state from a running (or deadlocked) Breenix QEMU instance.
scripts/forensic-capture.sh:5: #
scripts/forensic-capture.sh:6: # This script:
scripts/forensic-capture.sh:7: #   1. Connects to the QMP socket to pause the VM
scripts/forensic-capture.sh:8: #   2. Dumps guest memory via QMP (ELF core with per-CPU registers)
scripts/forensic-capture.sh:9: #   3. Attaches GDB to capture per-CPU backtraces and trace counters
scripts/forensic-capture.sh:10: #   4. Optionally resumes or kills the VM
scripts/forensic-capture.sh:11: #
scripts/forensic-capture.sh:12: # Usage:
scripts/forensic-capture.sh:13: #   scripts/forensic-capture.sh              # Capture and pause
scripts/forensic-capture.sh:14: #   scripts/forensic-capture.sh --resume     # Capture then resume VM
scripts/forensic-capture.sh:15: #   scripts/forensic-capture.sh --kill       # Capture then kill VM
scripts/forensic-capture.sh:16: #   scripts/forensic-capture.sh --timeout 30 # Auto-capture after 30s of no output
scripts/forensic-capture.sh:17: #
scripts/forensic-capture.sh:18: # Prerequisites:
scripts/forensic-capture.sh:19: #   - QEMU running with QMP socket (run.sh enables this by default)
scripts/forensic-capture.sh:20: #   - GDB (for backtraces): aarch64-none-elf-gdb or gdb-multiarch
scripts/forensic-capture.sh:21: #   - socat (for QMP communication)
scripts/forensic-capture.sh:22: #
scripts/forensic-capture.sh:23: # Output:
scripts/forensic-capture.sh:24: #   /tmp/breenix-forensic-<timestamp>/
scripts/forensic-capture.sh:25: #     ├── guest-memory.elf    # Full memory dump (loadable in GDB)
scripts/forensic-capture.sh:26: #     ├── backtraces.txt      # Per-CPU backtraces from GDB
scripts/forensic-capture.sh:27: #     ├── trace-counters.txt  # Kernel trace counter values
scripts/forensic-capture.sh:28: #     ├── qmp-status.json     # VM status at capture time
scripts/forensic-capture.sh:29: #     └── capture.log         # Script log
scripts/forensic-capture.sh:30:
scripts/forensic-capture.sh:31: set -euo pipefail
scripts/forensic-capture.sh:32:
scripts/forensic-capture.sh:33: SCRIPT_DIR="$(cd "$(dirname "${BASH_SOURCE[0]}")" && pwd)"
scripts/forensic-capture.sh:34: BREENIX_ROOT="$(dirname "$SCRIPT_DIR")"
scripts/forensic-capture.sh:35:
scripts/forensic-capture.sh:36: # Configuration
scripts/forensic-capture.sh:37: QMP_SOCK="${BREENIX_QMP_SOCK:-/tmp/breenix-qmp.sock}"
scripts/forensic-capture.sh:38: GDB_PORT="${BREENIX_GDB_PORT:-1234}"
scripts/forensic-capture.sh:39: ACTION="pause"  # pause, resume, kill
scripts/forensic-capture.sh:40: OUTPUT_DIR=""
scripts/forensic-capture.sh:41:
scripts/forensic-capture.sh:42: # Parse arguments
scripts/forensic-capture.sh:43: while [[ $# -gt 0 ]]; do
scripts/forensic-capture.sh:44:     case $1 in
scripts/forensic-capture.sh:45:         --resume)
scripts/forensic-capture.sh:46:             ACTION="resume"
scripts/forensic-capture.sh:47:             shift
scripts/forensic-capture.sh:48:             ;;
scripts/forensic-capture.sh:49:         --kill)
scripts/forensic-capture.sh:50:             ACTION="kill"
scripts/forensic-capture.sh:51:             shift
scripts/forensic-capture.sh:52:             ;;
scripts/forensic-capture.sh:53:         --qmp)
scripts/forensic-capture.sh:54:             shift
scripts/forensic-capture.sh:55:             QMP_SOCK="$1"
scripts/forensic-capture.sh:56:             shift
scripts/forensic-capture.sh:57:             ;;
scripts/forensic-capture.sh:58:         --output-dir)
scripts/forensic-capture.sh:59:             shift
scripts/forensic-capture.sh:60:             OUTPUT_DIR="$1"
scripts/forensic-capture.sh:61:             shift
scripts/forensic-capture.sh:62:             ;;
scripts/forensic-capture.sh:63:         --gdb-port)
scripts/forensic-capture.sh:64:             shift
scripts/forensic-capture.sh:65:             GDB_PORT="$1"
scripts/forensic-capture.sh:66:             shift
scripts/forensic-capture.sh:67:             ;;
scripts/forensic-capture.sh:68:         -h|--help)
scripts/forensic-capture.sh:69:             echo "Usage: scripts/forensic-capture.sh [OPTIONS]"
scripts/forensic-capture.sh:70:             echo ""
scripts/forensic-capture.sh:71:             echo "Captures diagnostic state from a running/deadlocked Breenix QEMU instance."
scripts/forensic-capture.sh:72:             echo ""
scripts/forensic-capture.sh:73:             echo "Options:"
scripts/forensic-capture.sh:74:             echo "  --resume       Resume VM after capture"
scripts/forensic-capture.sh:75:             echo "  --kill         Kill VM after capture"
scripts/forensic-capture.sh:76:             echo "  --qmp SOCK     QMP socket path (default: /tmp/breenix-qmp.sock)"
scripts/forensic-capture.sh:77:             echo "  --output-dir DIR  Capture directory (default: /tmp/breenix-forensic-<timestamp>)"
scripts/forensic-capture.sh:78:             echo "  --gdb-port N   GDB port (default: 1234)"
scripts/forensic-capture.sh:79:             echo "  -h, --help     Show this help"
scripts/forensic-capture.sh:80:             echo ""
scripts/forensic-capture.sh:81:             echo "Output: /tmp/breenix-forensic-<timestamp>/"
scripts/forensic-capture.sh:82:             exit 0
scripts/forensic-capture.sh:83:             ;;
scripts/forensic-capture.sh:84:         *)
scripts/forensic-capture.sh:85:             echo "Unknown option: $1"
scripts/forensic-capture.sh:86:             exit 1
scripts/forensic-capture.sh:87:             ;;
scripts/forensic-capture.sh:88:     esac
scripts/forensic-capture.sh:89: done
scripts/forensic-capture.sh:90:
scripts/forensic-capture.sh:91: # Create output directory
scripts/forensic-capture.sh:92: TIMESTAMP=$(date +%Y%m%d-%H%M%S)
scripts/forensic-capture.sh:93: OUTPUT_DIR="${OUTPUT_DIR:-/tmp/breenix-forensic-${TIMESTAMP}}"
scripts/forensic-capture.sh:94: mkdir -p "$OUTPUT_DIR"
scripts/forensic-capture.sh:95: LOG="$OUTPUT_DIR/capture.log"
scripts/forensic-capture.sh:96:
scripts/forensic-capture.sh:97: log() {
scripts/forensic-capture.sh:98:     echo "[$(date +%H:%M:%S)] $*" | tee -a "$LOG"
scripts/forensic-capture.sh:99: }
scripts/forensic-capture.sh:100:
scripts/forensic-capture.sh:101: log "Breenix Forensic Capture"
scripts/forensic-capture.sh:102: log "========================"
scripts/forensic-capture.sh:103: log "QMP socket: $QMP_SOCK"
scripts/forensic-capture.sh:104: log "GDB port: $GDB_PORT"
scripts/forensic-capture.sh:105: log "Output: $OUTPUT_DIR"
scripts/forensic-capture.sh:106: log ""
scripts/forensic-capture.sh:107:
scripts/forensic-capture.sh:108: # ─── Check prerequisites ─────────────────────────────────────────────────────
scripts/forensic-capture.sh:109:
scripts/forensic-capture.sh:110: if ! command -v socat &>/dev/null; then
scripts/forensic-capture.sh:111:     log "ERROR: socat not found. Install with: brew install socat"
scripts/forensic-capture.sh:112:     exit 1
scripts/forensic-capture.sh:113: fi
scripts/forensic-capture.sh:114:
scripts/forensic-capture.sh:115: if [ ! -S "$QMP_SOCK" ]; then
scripts/forensic-capture.sh:116:     log "ERROR: QMP socket not found at $QMP_SOCK"
scripts/forensic-capture.sh:117:     log "Make sure QEMU is running (via run.sh which enables QMP by default)"
scripts/forensic-capture.sh:118:     exit 1
scripts/forensic-capture.sh:119: fi
scripts/forensic-capture.sh:120:
scripts/forensic-capture.sh:121: # ─── QMP helper ──────────────────────────────────────────────────────────────
scripts/forensic-capture.sh:122:
scripts/forensic-capture.sh:123: # Send a QMP command and capture the response.
scripts/forensic-capture.sh:124: # QMP requires: 1) Read greeting, 2) Send qmp_capabilities, 3) Send command
scripts/forensic-capture.sh:125: qmp_command() {
scripts/forensic-capture.sh:126:     local cmd="$1"
scripts/forensic-capture.sh:127:     local output_file="${2:-/dev/null}"
scripts/forensic-capture.sh:128:
scripts/forensic-capture.sh:129:     # Full QMP session: greeting → capabilities → command
scripts/forensic-capture.sh:130:     {
scripts/forensic-capture.sh:131:         # Wait for greeting, then negotiate capabilities, then send command
scripts/forensic-capture.sh:132:         sleep 0.2
scripts/forensic-capture.sh:133:         echo '{"execute": "qmp_capabilities"}'
scripts/forensic-capture.sh:134:         sleep 0.2
scripts/forensic-capture.sh:135:         echo "$cmd"
scripts/forensic-capture.sh:136:         sleep 0.5
scripts/forensic-capture.sh:137:     } | socat - UNIX-CONNECT:"$QMP_SOCK" 2>/dev/null | tail -1 > "$output_file"
scripts/forensic-capture.sh:138: }
scripts/forensic-capture.sh:139:
scripts/forensic-capture.sh:140: # Send multiple QMP commands in one session
scripts/forensic-capture.sh:141: qmp_session() {
scripts/forensic-capture.sh:142:     local cmds=("$@")
scripts/forensic-capture.sh:143:     {
scripts/forensic-capture.sh:144:         sleep 0.2
scripts/forensic-capture.sh:145:         echo '{"execute": "qmp_capabilities"}'
scripts/forensic-capture.sh:146:         sleep 0.2
scripts/forensic-capture.sh:147:         for cmd in "${cmds[@]}"; do
scripts/forensic-capture.sh:148:             echo "$cmd"
scripts/forensic-capture.sh:149:             sleep 0.3
scripts/forensic-capture.sh:150:         done
scripts/forensic-capture.sh:151:         sleep 0.5
scripts/forensic-capture.sh:152:     } | socat - UNIX-CONNECT:"$QMP_SOCK" 2>/dev/null
scripts/forensic-capture.sh:153: }
scripts/forensic-capture.sh:154:
scripts/forensic-capture.sh:155: # ─── Step 1: Pause VM ────────────────────────────────────────────────────────
scripts/forensic-capture.sh:156:
scripts/forensic-capture.sh:157: log "Step 1: Pausing VM..."
scripts/forensic-capture.sh:158: qmp_command '{"execute": "stop"}' "$OUTPUT_DIR/qmp-stop.json"
scripts/forensic-capture.sh:159: log "  VM paused"
scripts/forensic-capture.sh:160:
scripts/forensic-capture.sh:161: # ─── Step 2: Get VM status ───────────────────────────────────────────────────
scripts/forensic-capture.sh:162:
scripts/forensic-capture.sh:163: log "Step 2: Capturing VM status..."
scripts/forensic-capture.sh:164: qmp_command '{"execute": "query-status"}' "$OUTPUT_DIR/qmp-status.json"
scripts/forensic-capture.sh:165: log "  Status saved to qmp-status.json"
scripts/forensic-capture.sh:166:
scripts/forensic-capture.sh:167: # ─── Step 3: Dump guest memory ───────────────────────────────────────────────
scripts/forensic-capture.sh:168:
scripts/forensic-capture.sh:169: MEMDUMP="$OUTPUT_DIR/guest-memory.elf"
scripts/forensic-capture.sh:170: log "Step 3: Dumping guest memory to ELF core..."
scripts/forensic-capture.sh:171: log "  (This produces a ~512MB file — includes per-CPU register state)"
scripts/forensic-capture.sh:172:
scripts/forensic-capture.sh:173: # dump-guest-memory produces an ELF core file with NT_PRSTATUS notes
scripts/forensic-capture.sh:174: # containing per-CPU register state. This is loadable in GDB.
scripts/forensic-capture.sh:175: qmp_command "{\"execute\": \"dump-guest-memory\", \"arguments\": {\"paging\": false, \"protocol\": \"file:${MEMDUMP}\"}}" "$OUTPUT_DIR/qmp-dump.json"
scripts/forensic-capture.sh:176:
scripts/forensic-capture.sh:177: # Wait for dump to complete (it's async)
scripts/forensic-capture.sh:178: for i in $(seq 1 60); do
scripts/forensic-capture.sh:179:     if [ -f "$MEMDUMP" ] && [ "$(stat -f%z "$MEMDUMP" 2>/dev/null || stat -c%s "$MEMDUMP" 2>/dev/null)" -gt 0 ]; then
scripts/forensic-capture.sh:180:         # Check if file is still growing
scripts/forensic-capture.sh:181:         local_size=$(stat -f%z "$MEMDUMP" 2>/dev/null || stat -c%s "$MEMDUMP" 2>/dev/null)
scripts/forensic-capture.sh:182:         sleep 1
scripts/forensic-capture.sh:183:         new_size=$(stat -f%z "$MEMDUMP" 2>/dev/null || stat -c%s "$MEMDUMP" 2>/dev/null)
scripts/forensic-capture.sh:184:         if [ "$local_size" = "$new_size" ]; then
scripts/forensic-capture.sh:185:             break
scripts/forensic-capture.sh:186:         fi
scripts/forensic-capture.sh:187:     fi
scripts/forensic-capture.sh:188:     sleep 1
scripts/forensic-capture.sh:189: done
scripts/forensic-capture.sh:190:
scripts/forensic-capture.sh:191: if [ -f "$MEMDUMP" ]; then
scripts/forensic-capture.sh:192:     DUMP_SIZE=$(du -h "$MEMDUMP" | cut -f1)
scripts/forensic-capture.sh:193:     log "  Memory dump: $MEMDUMP ($DUMP_SIZE)"
scripts/forensic-capture.sh:194: else
scripts/forensic-capture.sh:195:     log "  WARNING: Memory dump may not have completed"
scripts/forensic-capture.sh:196: fi
scripts/forensic-capture.sh:197:
scripts/forensic-capture.sh:198: # ─── Step 4: GDB backtraces ──────────────────────────────────────────────────
scripts/forensic-capture.sh:199:
scripts/forensic-capture.sh:200: log "Step 4: Capturing GDB backtraces..."
scripts/forensic-capture.sh:201:
scripts/forensic-capture.sh:202: # Detect architecture from kernel binary
scripts/forensic-capture.sh:203: KERNEL_ARCH=""
scripts/forensic-capture.sh:204: KERNEL_BIN=""
scripts/forensic-capture.sh:205: if [ -f "$BREENIX_ROOT/target/aarch64-breenix-kernel/release/kernel-aarch64" ]; then
scripts/forensic-capture.sh:206:     KERNEL_BIN="$BREENIX_ROOT/target/aarch64-breenix-kernel/release/kernel-aarch64"
scripts/forensic-capture.sh:207:     KERNEL_ARCH="aarch64"
scripts/forensic-capture.sh:208: elif [ -f "$BREENIX_ROOT/target/release/build/breenix-"*/out/breenix-uefi.img ]; then
scripts/forensic-capture.sh:209:     KERNEL_BIN=$(ls -t "$BREENIX_ROOT/target/release/qemu-uefi" 2>/dev/null | head -1)
scripts/forensic-capture.sh:210:     KERNEL_ARCH="x86_64"
scripts/forensic-capture.sh:211: fi
scripts/forensic-capture.sh:212:
scripts/forensic-capture.sh:213: # Find the right GDB binary for the target architecture
scripts/forensic-capture.sh:214: GDB_BIN=""
scripts/forensic-capture.sh:215: if [ "$KERNEL_ARCH" = "aarch64" ]; then
scripts/forensic-capture.sh:216:     # Prefer architecture-specific GDB for ARM64
scripts/forensic-capture.sh:217:     for candidate in aarch64-none-elf-gdb aarch64-elf-gdb aarch64-linux-gnu-gdb gdb-multiarch; do
scripts/forensic-capture.sh:218:         if command -v "$candidate" &>/dev/null; then
scripts/forensic-capture.sh:219:             GDB_BIN="$candidate"
scripts/forensic-capture.sh:220:             break
scripts/forensic-capture.sh:221:         fi
scripts/forensic-capture.sh:222:     done
scripts/forensic-capture.sh:223:     # Fall back to system gdb but warn about architecture mismatch
scripts/forensic-capture.sh:224:     if [ -z "$GDB_BIN" ] && command -v gdb &>/dev/null; then
scripts/forensic-capture.sh:225:         GDB_BIN="gdb"
scripts/forensic-capture.sh:226:         log "  WARNING: System gdb may not support aarch64. Install gdb-multiarch for proper backtraces."
scripts/forensic-capture.sh:227:     fi
scripts/forensic-capture.sh:228: else
scripts/forensic-capture.sh:229:     # x86_64 - system gdb works fine
scripts/forensic-capture.sh:230:     if command -v gdb &>/dev/null; then
scripts/forensic-capture.sh:231:         GDB_BIN="gdb"
scripts/forensic-capture.sh:232:     fi
scripts/forensic-capture.sh:233: fi
scripts/forensic-capture.sh:234:
scripts/forensic-capture.sh:235: # Check if GDB port is open (VM was started with --debug)
scripts/forensic-capture.sh:236: GDB_AVAILABLE=false
scripts/forensic-capture.sh:237: if [ -n "$GDB_BIN" ]; then
scripts/forensic-capture.sh:238:     if nc -z localhost "$GDB_PORT" 2>/dev/null; then
scripts/forensic-capture.sh:239:         GDB_AVAILABLE=true
scripts/forensic-capture.sh:240:     else
scripts/forensic-capture.sh:241:         log "  GDB port $GDB_PORT not open. Start QEMU with --debug to enable GDB."
scripts/forensic-capture.sh:242:         log "  Skipping GDB backtraces (memory dump still available for offline analysis)."
scripts/forensic-capture.sh:243:     fi
scripts/forensic-capture.sh:244: else
scripts/forensic-capture.sh:245:     log "  GDB not found. Install aarch64-none-elf-gdb or gdb-multiarch."
scripts/forensic-capture.sh:246:     log "  Skipping GDB backtraces."
scripts/forensic-capture.sh:247: fi
scripts/forensic-capture.sh:248:
scripts/forensic-capture.sh:249: if [ "$GDB_AVAILABLE" = true ] && [ -n "$KERNEL_BIN" ]; then
scripts/forensic-capture.sh:250:     log "  Using GDB: $GDB_BIN"
scripts/forensic-capture.sh:251:     log "  Kernel symbols: $KERNEL_BIN"
scripts/forensic-capture.sh:252:
scripts/forensic-capture.sh:253:     # Create GDB command script
scripts/forensic-capture.sh:254:     GDB_CMDS="$OUTPUT_DIR/gdb-commands.txt"
scripts/forensic-capture.sh:255:
scripts/forensic-capture.sh:256:     # Architecture-specific GDB setup
scripts/forensic-capture.sh:257:     if [ "$KERNEL_ARCH" = "aarch64" ]; then
scripts/forensic-capture.sh:258:         GDB_ARCH_SETUP="set architecture aarch64"
scripts/forensic-capture.sh:259:     else
scripts/forensic-capture.sh:260:         GDB_ARCH_SETUP="set architecture i386:x86-64"
scripts/forensic-capture.sh:261:     fi
scripts/forensic-capture.sh:262:
scripts/forensic-capture.sh:263:     cat > "$GDB_CMDS" << GDBEOF
scripts/forensic-capture.sh:264: set pagination off
scripts/forensic-capture.sh:265: set confirm off
scripts/forensic-capture.sh:266: set print pretty on
scripts/forensic-capture.sh:267: $GDB_ARCH_SETUP
scripts/forensic-capture.sh:268:
scripts/forensic-capture.sh:269: # Connect to QEMU
scripts/forensic-capture.sh:270: target remote :$GDB_PORT
scripts/forensic-capture.sh:271:
scripts/forensic-capture.sh:272: # Per-CPU backtraces
scripts/forensic-capture.sh:273: echo \n=== PER-CPU BACKTRACES ===\n
scripts/forensic-capture.sh:274: thread apply all bt 20
scripts/forensic-capture.sh:275:
scripts/forensic-capture.sh:276: # Register state for all CPUs
scripts/forensic-capture.sh:277: echo \n=== PER-CPU REGISTERS ===\n
scripts/forensic-capture.sh:278: thread apply all info registers
scripts/forensic-capture.sh:279:
scripts/forensic-capture.sh:280: # Try to read trace counters via GDB
scripts/forensic-capture.sh:281: echo \n=== TRACE COUNTERS ===\n
scripts/forensic-capture.sh:282:
scripts/forensic-capture.sh:283: # SYSCALL_TOTAL (per-CPU counter, slot 0 value at offset 8)
scripts/forensic-capture.sh:284: echo SYSCALL_TOTAL:
scripts/forensic-capture.sh:285: print SYSCALL_TOTAL.per_cpu[0].value
scripts/forensic-capture.sh:286: print SYSCALL_TOTAL.per_cpu[1].value
scripts/forensic-capture.sh:287: print SYSCALL_TOTAL.per_cpu[2].value
scripts/forensic-capture.sh:288: print SYSCALL_TOTAL.per_cpu[3].value
scripts/forensic-capture.sh:289:
scripts/forensic-capture.sh:290: echo IRQ_TOTAL:
scripts/forensic-capture.sh:291: print IRQ_TOTAL.per_cpu[0].value
scripts/forensic-capture.sh:292: print IRQ_TOTAL.per_cpu[1].value
scripts/forensic-capture.sh:293: print IRQ_TOTAL.per_cpu[2].value
scripts/forensic-capture.sh:294: print IRQ_TOTAL.per_cpu[3].value
scripts/forensic-capture.sh:295:
scripts/forensic-capture.sh:296: echo CTX_SWITCH_TOTAL:
scripts/forensic-capture.sh:297: print CTX_SWITCH_TOTAL.per_cpu[0].value
scripts/forensic-capture.sh:298: print CTX_SWITCH_TOTAL.per_cpu[1].value
scripts/forensic-capture.sh:299: print CTX_SWITCH_TOTAL.per_cpu[2].value
scripts/forensic-capture.sh:300: print CTX_SWITCH_TOTAL.per_cpu[3].value
scripts/forensic-capture.sh:301:
scripts/forensic-capture.sh:302: echo TIMER_TICK_TOTAL:
scripts/forensic-capture.sh:303: print TIMER_TICK_TOTAL.per_cpu[0].value
scripts/forensic-capture.sh:304: print TIMER_TICK_TOTAL.per_cpu[1].value
scripts/forensic-capture.sh:305: print TIMER_TICK_TOTAL.per_cpu[2].value
scripts/forensic-capture.sh:306: print TIMER_TICK_TOTAL.per_cpu[3].value
scripts/forensic-capture.sh:307:
scripts/forensic-capture.sh:308: # Scheduler state
scripts/forensic-capture.sh:309: echo \n=== SCHEDULER STATE ===\n
scripts/forensic-capture.sh:310: echo Global tick count:
scripts/forensic-capture.sh:311: print kernel::time::timer::TICKS
scripts/forensic-capture.sh:312:
scripts/forensic-capture.sh:313: # Dump latest trace events if available
scripts/forensic-capture.sh:314: echo \n=== TRACE DUMP ===\n
scripts/forensic-capture.sh:315: call trace_dump_latest(50)
scripts/forensic-capture.sh:316: call trace_dump_counters()
scripts/forensic-capture.sh:317:
scripts/forensic-capture.sh:318: # Disconnect cleanly
scripts/forensic-capture.sh:319: disconnect
scripts/forensic-capture.sh:320: quit
scripts/forensic-capture.sh:321: GDBEOF
scripts/forensic-capture.sh:322:
scripts/forensic-capture.sh:323:     # Run GDB with timeout
scripts/forensic-capture.sh:324:     # --nx skips .gdbinit (which may load x86-specific config)
scripts/forensic-capture.sh:325:     timeout 30 "$GDB_BIN" --nx -batch -x "$GDB_CMDS" "$KERNEL_BIN" \
scripts/forensic-capture.sh:326:         > "$OUTPUT_DIR/backtraces.txt" 2>&1 || true
scripts/forensic-capture.sh:327:
scripts/forensic-capture.sh:328:     if [ -f "$OUTPUT_DIR/backtraces.txt" ] && [ -s "$OUTPUT_DIR/backtraces.txt" ]; then
scripts/forensic-capture.sh:329:         log "  Backtraces saved to backtraces.txt"
scripts/forensic-capture.sh:330:
scripts/forensic-capture.sh:331:         # Extract trace counters to separate file for easy viewing
scripts/forensic-capture.sh:332:         grep -A1 -E "(SYSCALL_TOTAL|IRQ_TOTAL|CTX_SWITCH_TOTAL|TIMER_TICK_TOTAL|FORK_TOTAL|EXEC_TOTAL)" \
scripts/forensic-capture.sh:333:             "$OUTPUT_DIR/backtraces.txt" > "$OUTPUT_DIR/trace-counters.txt" 2>/dev/null || true
scripts/forensic-capture.sh:334:         log "  Trace counters saved to trace-counters.txt"
scripts/forensic-capture.sh:335:     else
scripts/forensic-capture.sh:336:         log "  WARNING: GDB capture may have failed (check backtraces.txt)"
scripts/forensic-capture.sh:337:     fi
scripts/forensic-capture.sh:338: else
scripts/forensic-capture.sh:339:     if [ -z "$KERNEL_BIN" ]; then
scripts/forensic-capture.sh:340:         log "  Kernel binary not found for symbol loading."
scripts/forensic-capture.sh:341:     fi
scripts/forensic-capture.sh:342:     log "  NOTE: You can analyze the memory dump offline with:"
scripts/forensic-capture.sh:343:     log "    gdb -ex 'target core $MEMDUMP' $KERNEL_BIN"
scripts/forensic-capture.sh:344: fi
scripts/forensic-capture.sh:345:
scripts/forensic-capture.sh:346: # ─── Step 5: Post-capture action ─────────────────────────────────────────────
scripts/forensic-capture.sh:347:
scripts/forensic-capture.sh:348: log ""
scripts/forensic-capture.sh:349: case "$ACTION" in
scripts/forensic-capture.sh:350:     resume)
scripts/forensic-capture.sh:351:         log "Step 5: Resuming VM..."
scripts/forensic-capture.sh:352:         qmp_command '{"execute": "cont"}' /dev/null
scripts/forensic-capture.sh:353:         log "  VM resumed"
scripts/forensic-capture.sh:354:         ;;
scripts/forensic-capture.sh:355:     kill)
scripts/forensic-capture.sh:356:         log "Step 5: Killing VM..."
scripts/forensic-capture.sh:357:         qmp_command '{"execute": "quit"}' /dev/null
scripts/forensic-capture.sh:358:         log "  VM terminated"
scripts/forensic-capture.sh:359:         ;;
scripts/forensic-capture.sh:360:     pause)
scripts/forensic-capture.sh:361:         log "Step 5: VM remains paused."
scripts/forensic-capture.sh:362:         log "  To resume: echo '{\"execute\":\"cont\"}' | socat - UNIX-CONNECT:$QMP_SOCK"
scripts/forensic-capture.sh:363:         log "  To kill:   echo '{\"execute\":\"quit\"}' | socat - UNIX-CONNECT:$QMP_SOCK"
scripts/forensic-capture.sh:364:         ;;
scripts/forensic-capture.sh:365: esac
scripts/forensic-capture.sh:366:
scripts/forensic-capture.sh:367: # ─── Summary ─────────────────────────────────────────────────────────────────
scripts/forensic-capture.sh:368:
scripts/forensic-capture.sh:369: log ""
scripts/forensic-capture.sh:370: log "========================================"
scripts/forensic-capture.sh:371: log "  Forensic Capture Complete"
scripts/forensic-capture.sh:372: log "========================================"
scripts/forensic-capture.sh:373: log ""
scripts/forensic-capture.sh:374: log "Output directory: $OUTPUT_DIR"
scripts/forensic-capture.sh:375: log ""
scripts/forensic-capture.sh:376: log "Files:"
scripts/forensic-capture.sh:377: ls -lh "$OUTPUT_DIR" 2>/dev/null | while read -r line; do
scripts/forensic-capture.sh:378:     log "  $line"
scripts/forensic-capture.sh:379: done
scripts/forensic-capture.sh:380: log ""
scripts/forensic-capture.sh:381: log "Analyze with GDB:"
scripts/forensic-capture.sh:382: if [ -n "$KERNEL_BIN" ]; then
scripts/forensic-capture.sh:383:     log "  $GDB_BIN $KERNEL_BIN -ex 'target core $MEMDUMP'"
scripts/forensic-capture.sh:384: else
scripts/forensic-capture.sh:385:     log "  gdb <kernel-binary> -ex 'target core $MEMDUMP'"
scripts/forensic-capture.sh:386: fi
scripts/forensic-capture.sh:387: log ""
scripts/forensic-capture.sh:388: log "Quick check of per-CPU registers in the core dump:"
scripts/forensic-capture.sh:389: log "  readelf -n $MEMDUMP | head -50"

FILE: docker/qemu/lib/gate-qmp-backstop.sh
docker/qemu/lib/gate-qmp-backstop.sh:1: #!/bin/bash
docker/qemu/lib/gate-qmp-backstop.sh:2: # failure-trace-capture PR-6: passive QMP evidence for a non-PASS boot.
docker/qemu/lib/gate-qmp-backstop.sh:3: # Call after freezing the verdict and before the gate's own first SIGTERM.
docker/qemu/lib/gate-qmp-backstop.sh:4: # One QMP_DUMP line per outcome; complete means a nonempty core exists,
docker/qemu/lib/gate-qmp-backstop.sh:5: # not that decoding or validation succeeded (consult qmp-decode.log).
docker/qemu/lib/gate-qmp-backstop.sh:6: #
docker/qemu/lib/gate-qmp-backstop.sh:7: # Paths and budget are explicit per-call arguments, rather than source-time
docker/qemu/lib/gate-qmp-backstop.sh:8: # cached globals: a caller's current timeout override must reach this call.
docker/qemu/lib/gate-qmp-backstop.sh:9: # The outer timeout bounds the entire forensic child, independently of its
docker/qemu/lib/gate-qmp-backstop.sh:10: # internal polling or wall-clock readings. A kill-after also bounds a child
docker/qemu/lib/gate-qmp-backstop.sh:11: # that ignores TERM. Decoding has its own timeout; dump_ms measures capture.
docker/qemu/lib/gate-qmp-backstop.sh:12: # PASS just prints its contract and does not access the socket.
docker/qemu/lib/gate-qmp-backstop.sh:13: # A missing socat prevents the forensic child from starting QMP at all;
docker/qemu/lib/gate-qmp-backstop.sh:14: # report that dependency failure separately from an exchange that times out.
docker/qemu/lib/gate-qmp-backstop.sh:15: # Budget and socket validation precede the tool check to retain their reasons.
docker/qemu/lib/gate-qmp-backstop.sh:16: #
docker/qemu/lib/gate-qmp-backstop.sh:17: # Same clock primitive as gcd_now_ms, duplicated rather than sourced to
docker/qemu/lib/gate-qmp-backstop.sh:18: # avoid a load-order dependency on the sibling drain library. This clock
docker/qemu/lib/gate-qmp-backstop.sh:19: # is best-effort reporting only; no termination decision trusts its value.
docker/qemu/lib/gate-qmp-backstop.sh:20: # Q-1/PR-6 fix pass: docs/planning/green-program/failure-capture/PR-6-2026-09-07.md
docker/qemu/lib/gate-qmp-backstop.sh:21: # section 5 hit this exact wall producing its own evidence and worked around
docker/qemu/lib/gate-qmp-backstop.sh:22: # it with a manual, unshipped /tmp symlink. The QMP unix-socket BIND path is
docker/qemu/lib/gate-qmp-backstop.sh:23: # bounded by struct sockaddr_un's sun_path -- 104 bytes on macOS/BSD, 108 on
docker/qemu/lib/gate-qmp-backstop.sh:24: # Linux, NUL-terminated -- a separate, much tighter ceiling than
docker/qemu/lib/gate-qmp-backstop.sh:25: # an ordinary filesystem path. The gate's own output/profile directories are
docker/qemu/lib/gate-qmp-backstop.sh:26: # correctly lane-scoped under the (long) worktree-scoped BREENIX_GATE_TMP
docker/qemu/lib/gate-qmp-backstop.sh:27: # this repo's own convention mandates, but a socket path built by appending
docker/qemu/lib/gate-qmp-backstop.sh:28: # "qmp.sock" under one of those directories routinely exceeds that ceiling
docker/qemu/lib/gate-qmp-backstop.sh:29: # on that exact convention: qemu-system-aarch64 then refuses to start
docker/qemu/lib/gate-qmp-backstop.sh:30: # ("Path must be less than 104 bytes", exit 1), not the graceful
docker/qemu/lib/gate-qmp-backstop.sh:31: # qmp_socket_missing degradation gqb_dump_and_report reports for an
docker/qemu/lib/gate-qmp-backstop.sh:32: # evidence-only miss -- empty serial output, no per-boot artifact naming the
docker/qemu/lib/gate-qmp-backstop.sh:33: # real cause. The listener therefore lives in its own short-named directory
docker/qemu/lib/gate-qmp-backstop.sh:34: # directly under the real /tmp, bypassing $TMPDIR/$BREENIX_GATE_TMP;
docker/qemu/lib/gate-qmp-backstop.sh:35: # only the ephemeral bind socket needs this -- the durable dump/decode
docker/qemu/lib/gate-qmp-backstop.sh:36: # artifacts gqb_dump_and_report writes still land wherever the caller's own
docker/qemu/lib/gate-qmp-backstop.sh:37: # (long, lane-scoped) output directory already puts them.
docker/qemu/lib/gate-qmp-backstop.sh:38: GQB_SOCK_LIMIT_BYTES=100
docker/qemu/lib/gate-qmp-backstop.sh:39:
docker/qemu/lib/gate-qmp-backstop.sh:40: gqb_alloc_socket() {
docker/qemu/lib/gate-qmp-backstop.sh:41:     local dir path
docker/qemu/lib/gate-qmp-backstop.sh:42:     dir="$(mktemp -d /tmp/bxqmp.XXXXXX)" || {
docker/qemu/lib/gate-qmp-backstop.sh:43:         echo "gqb_alloc_socket: mktemp failed" >&2
docker/qemu/lib/gate-qmp-backstop.sh:44:         return 1
docker/qemu/lib/gate-qmp-backstop.sh:45:     }
docker/qemu/lib/gate-qmp-backstop.sh:46:     chmod 700 "$dir"
docker/qemu/lib/gate-qmp-backstop.sh:47:     path="$dir/q.sock"
docker/qemu/lib/gate-qmp-backstop.sh:48:     # Defensive, not expected to trip: the mktemp template above is fixed
docker/qemu/lib/gate-qmp-backstop.sh:49:     # width, so this only fires if that template is ever widened later.
docker/qemu/lib/gate-qmp-backstop.sh:50:     if [ "${#path}" -gt "$GQB_SOCK_LIMIT_BYTES" ]; then
docker/qemu/lib/gate-qmp-backstop.sh:51:         echo "gqb_alloc_socket: generated path exceeds ${GQB_SOCK_LIMIT_BYTES} bytes: $path" >&2
docker/qemu/lib/gate-qmp-backstop.sh:52:         rm -rf -- "$dir"
docker/qemu/lib/gate-qmp-backstop.sh:53:         return 1
docker/qemu/lib/gate-qmp-backstop.sh:54:     fi
docker/qemu/lib/gate-qmp-backstop.sh:55:     printf '%s' "$path"
docker/qemu/lib/gate-qmp-backstop.sh:56: }
docker/qemu/lib/gate-qmp-backstop.sh:57:
docker/qemu/lib/gate-qmp-backstop.sh:58: gqb_free_socket() {
docker/qemu/lib/gate-qmp-backstop.sh:59:     # $1: a path previously returned by gqb_alloc_socket. The case below
docker/qemu/lib/gate-qmp-backstop.sh:60:     # restricts removal to directory strings matching /tmp/bxqmp.*.
docker/qemu/lib/gate-qmp-backstop.sh:61:     local sock="$1" dir
docker/qemu/lib/gate-qmp-backstop.sh:62:     [ -n "$sock" ] || return 0
docker/qemu/lib/gate-qmp-backstop.sh:63:     dir="$(dirname -- "$sock")"
docker/qemu/lib/gate-qmp-backstop.sh:64:     case "$dir" in
docker/qemu/lib/gate-qmp-backstop.sh:65:         /tmp/bxqmp.*) rm -rf -- "$dir" ;;
docker/qemu/lib/gate-qmp-backstop.sh:66:     esac
docker/qemu/lib/gate-qmp-backstop.sh:67: }
docker/qemu/lib/gate-qmp-backstop.sh:68:
docker/qemu/lib/gate-qmp-backstop.sh:69: gqb_now_ms() {
docker/qemu/lib/gate-qmp-backstop.sh:70:     python3 -c 'import time; print(int(time.time() * 1000))' 2>/dev/null || echo 0
docker/qemu/lib/gate-qmp-backstop.sh:71: }
docker/qemu/lib/gate-qmp-backstop.sh:72:
docker/qemu/lib/gate-qmp-backstop.sh:73: gqb_pass_report() {
docker/qemu/lib/gate-qmp-backstop.sh:74:     printf '[QMP_DUMP:capture=n/a:reason=n/a:core=n/a:decoded_events=n/a:dump_ms=0]\n'
docker/qemu/lib/gate-qmp-backstop.sh:75: }
docker/qemu/lib/gate-qmp-backstop.sh:76:
docker/qemu/lib/gate-qmp-backstop.sh:77: gqb_dump_and_report() {
docker/qemu/lib/gate-qmp-backstop.sh:78:     local sock="$1" output_dir="$2" fc_sh="$3" decode_py="$4" kernel_elf="$5"
docker/qemu/lib/gate-qmp-backstop.sh:79:     local budget_s="${6:-30}"
docker/qemu/lib/gate-qmp-backstop.sh:80:     local start_ms end_ms dump_ms core="$output_dir/guest-memory.elf"
docker/qemu/lib/gate-qmp-backstop.sh:81:     mkdir -p "$output_dir"
docker/qemu/lib/gate-qmp-backstop.sh:82:     start_ms="$(gqb_now_ms)"
docker/qemu/lib/gate-qmp-backstop.sh:83:     # timeout treats 0 as unbounded; refuse it (and malformed budgets).
docker/qemu/lib/gate-qmp-backstop.sh:84:     if ! [[ "$budget_s" =~ ^[1-9][0-9]*$ ]]; then
docker/qemu/lib/gate-qmp-backstop.sh:85:         printf '[QMP_DUMP:capture=partial:reason=invalid_budget:core=-:decoded_events=-:dump_ms=0]\n'
docker/qemu/lib/gate-qmp-backstop.sh:86:         return
docker/qemu/lib/gate-qmp-backstop.sh:87:     fi
docker/qemu/lib/gate-qmp-backstop.sh:88:     if [ ! -S "$sock" ]; then
docker/qemu/lib/gate-qmp-backstop.sh:89:         end_ms="$(gqb_now_ms)"
docker/qemu/lib/gate-qmp-backstop.sh:90:         printf '[QMP_DUMP:capture=partial:reason=qmp_socket_missing:core=-:decoded_events=-:dump_ms=%s]\n' "$((end_ms - start_ms))"
docker/qemu/lib/gate-qmp-backstop.sh:91:         return
docker/qemu/lib/gate-qmp-backstop.sh:92:     fi
docker/qemu/lib/gate-qmp-backstop.sh:93:     if ! command -v socat >/dev/null 2>&1; then
docker/qemu/lib/gate-qmp-backstop.sh:94:         end_ms="$(gqb_now_ms)"
docker/qemu/lib/gate-qmp-backstop.sh:95:         printf '[QMP_DUMP:capture=partial:reason=qmp_tool_missing:core=-:decoded_events=-:dump_ms=%s]\n' "$((end_ms - start_ms))"
docker/qemu/lib/gate-qmp-backstop.sh:96:         return
docker/qemu/lib/gate-qmp-backstop.sh:97:     fi
docker/qemu/lib/gate-qmp-backstop.sh:98:     # A repeated call must not classify a previous dump as this attempt's.
docker/qemu/lib/gate-qmp-backstop.sh:99:     rm -f "$core"
docker/qemu/lib/gate-qmp-backstop.sh:100:     timeout --kill-after=1 "$budget_s" bash "$fc_sh" --qmp "$sock" --output-dir "$output_dir" \
docker/qemu/lib/gate-qmp-backstop.sh:101:         >"$output_dir/qmp-backstop.log" 2>&1 || true
docker/qemu/lib/gate-qmp-backstop.sh:102:     end_ms="$(gqb_now_ms)"
docker/qemu/lib/gate-qmp-backstop.sh:103:     dump_ms=$((end_ms - start_ms))
docker/qemu/lib/gate-qmp-backstop.sh:104:     if [ -s "$core" ]; then
docker/qemu/lib/gate-qmp-backstop.sh:105:         local decode_out decoded
docker/qemu/lib/gate-qmp-backstop.sh:106:         decode_out="$(timeout --kill-after=1 "$budget_s" python3 "$decode_py" --parse "$core" --kernel "$kernel_elf" --validate 2>&1)" || true
docker/qemu/lib/gate-qmp-backstop.sh:107:         printf '%s\n' "$decode_out" > "$output_dir/qmp-decode.log"
docker/qemu/lib/gate-qmp-backstop.sh:108:         decoded="$(printf '%s\n' "$decode_out" | grep -oE 'TRACE_DECODED_EVENTS:[0-9]+' | head -1 | cut -d: -f2)" || true
docker/qemu/lib/gate-qmp-backstop.sh:109:         printf '[QMP_DUMP:capture=complete:reason=-:core=%s:decoded_events=%s:dump_ms=%s]\n' \
docker/qemu/lib/gate-qmp-backstop.sh:110:             "$core" "${decoded:--}" "$dump_ms"
docker/qemu/lib/gate-qmp-backstop.sh:111:     else
docker/qemu/lib/gate-qmp-backstop.sh:112:         printf '[QMP_DUMP:capture=partial:reason=qmp_timeout:core=-:decoded_events=-:dump_ms=%s]\n' "$dump_ms"
docker/qemu/lib/gate-qmp-backstop.sh:113:     fi
docker/qemu/lib/gate-qmp-backstop.sh:114: }

FILE: docker/qemu/run-x86-boot-tests.sh
docker/qemu/run-x86-boot-tests.sh:1: #!/bin/bash
docker/qemu/run-x86-boot-tests.sh:2: # Build and execute the x86_64 frame/page-table custody injection gates.
docker/qemu/run-x86-boot-tests.sh:3: # This script deliberately does not treat [BOOT_TESTS:PASS] as test evidence:
docker/qemu/run-x86-boot-tests.sh:4: # advance_stage_marker_only
docker/qemu/run-x86-boot-tests.sh:5: # emits it unconditionally alongside [TESTS_COMPLETE:0/0]. The removed
docker/qemu/run-x86-boot-tests.sh:6: # KERNEL_POST_TESTS_COMPLETE marker is likewise never used as a gate.
docker/qemu/run-x86-boot-tests.sh:7: # The 900-second poll bound allows the x86 boot-test registry to run after the
docker/qemu/run-x86-boot-tests.sh:8: # userspace programs; a shorter bound scores a slow-but-healthy boot as failed.
docker/qemu/run-x86-boot-tests.sh:9: # http_test's live external fetches are bounded in-process by a receive
docker/qemu/run-x86-boot-tests.sh:10: # deadline. A connect-phase failure prints an explicit SKIP marker and the boot
docker/qemu/run-x86-boot-tests.sh:11: # continues; a mid-stream stall is an honest FAIL that appears in the tally as
docker/qemu/run-x86-boot-tests.sh:12: # a nonzero http_test exit. A quiet boot with no marker remains a gate failure.
docker/qemu/run-x86-boot-tests.sh:13: # This gate never retries a hung run: a blanket retry could swallow exactly the
docker/qemu/run-x86-boot-tests.sh:14: # recv-wake regression this gate exists to catch.
docker/qemu/run-x86-boot-tests.sh:15: #
docker/qemu/run-x86-boot-tests.sh:16: # Before building the kernel, this gate runs each tests/*_structure.rs suite
docker/qemu/run-x86-boot-tests.sh:17: # (docker/qemu/lib/gate-structure-preflight.sh) and fails if any is red.
docker/qemu/run-x86-boot-tests.sh:18: # BREENIX_GATE_SKIP_STRUCTURE=1 skips that step loudly.
docker/qemu/run-x86-boot-tests.sh:19:
docker/qemu/run-x86-boot-tests.sh:20: set -euo pipefail
docker/qemu/run-x86-boot-tests.sh:21: # errtrace: without this, the ERR trap below is not inherited into shell
docker/qemu/run-x86-boot-tests.sh:22: # functions, and report_gate_failure is itself invoked from that trap.
docker/qemu/run-x86-boot-tests.sh:23: set -E
docker/qemu/run-x86-boot-tests.sh:24:
docker/qemu/run-x86-boot-tests.sh:25: # Every assertion below this point (the explicit passed-flag check and the ~40
docker/qemu/run-x86-boot-tests.sh:26: # bare `test ... -eq N` marker-count assertions) is deliberately a
docker/qemu/run-x86-boot-tests.sh:27: # set -e abort point: on a genuine boot regression, the assertion SHOULD
docker/qemu/run-x86-boot-tests.sh:28: # kill the script. What must never happen is a silent kill: `set -e`
docker/qemu/run-x86-boot-tests.sh:29: # does not print anything on its own, so without this trap the script
docker/qemu/run-x86-boot-tests.sh:30: # dies with no verdict/FAIL text and no serial pointer, and the only way
docker/qemu/run-x86-boot-tests.sh:31: # to learn why is to dig through the raw serial by hand. This trap is the
docker/qemu/run-x86-boot-tests.sh:32: # fix: it fires on every uncaught nonzero exit under set -e (bash routes
docker/qemu/run-x86-boot-tests.sh:33: # them through ERR the same way set -e decides to abort), prints an
docker/qemu/run-x86-boot-tests.sh:34: # explicit FAIL line naming the failing command and line, tails the
docker/qemu/run-x86-boot-tests.sh:35: # current run's serial output for diagnosis, and then exits nonzero
docker/qemu/run-x86-boot-tests.sh:36: # deliberately so the caller still sees a real failure.
docker/qemu/run-x86-boot-tests.sh:37: report_gate_failure() {
docker/qemu/run-x86-boot-tests.sh:38:     local exit_code=$?
docker/qemu/run-x86-boot-tests.sh:39:     local line_no="$1"
docker/qemu/run-x86-boot-tests.sh:40:     local failing_cmd="$2"
docker/qemu/run-x86-boot-tests.sh:41:     # #717: many assertions below are shaped `test "$(cmd | awk ...)" -eq N`
docker/qemu/run-x86-boot-tests.sh:42:     # (or `VAR=$(cmd | awk ...)` feeding one). That command substitution
docker/qemu/run-x86-boot-tests.sh:43:     # runs in its own subshell; under `set -o pipefail`, a zero-match `grep`
docker/qemu/run-x86-boot-tests.sh:44:     # earlier in such a pipeline fails the whole pipeline even though the
docker/qemu/run-x86-boot-tests.sh:45:     # final command (commonly `awk`) is fine, so this ERR trap fires INSIDE
docker/qemu/run-x86-boot-tests.sh:46:     # that subshell first, misattributing the failure to the pipeline's
docker/qemu/run-x86-boot-tests.sh:47:     # last command. `exit` there only ends the subshell, not the script --
docker/qemu/run-x86-boot-tests.sh:48:     # the parent's `test`/assignment then receives this handler's own
docker/qemu/run-x86-boot-tests.sh:49:     # printed text (or nothing) as its "value" instead of a real count,
docker/qemu/run-x86-boot-tests.sh:50:     # which always fails that parent statement's own check too, re-firing
docker/qemu/run-x86-boot-tests.sh:51:     # this trap a SECOND time at the top level with a different, but this
docker/qemu/run-x86-boot-tests.sh:52:     # time correctly-attributed, $LINENO/failing-command pair. A plain
docker/qemu/run-x86-boot-tests.sh:53:     # shell-variable guard can't dedupe this: the subshell's variable
docker/qemu/run-x86-boot-tests.sh:54:     # changes never propagate back to the parent. `$BASH_SUBSHELL` does
docker/qemu/run-x86-boot-tests.sh:55:     # survive that boundary as a readable fact (it counts subshell nesting
docker/qemu/run-x86-boot-tests.sh:56:     # depth), so use it: stay silent when running inside a subshell -- the
docker/qemu/run-x86-boot-tests.sh:57:     # top-level re-fire this always triggers is the one worth reporting --
docker/qemu/run-x86-boot-tests.sh:58:     # and print (and exit the whole script) only from depth 0.
docker/qemu/run-x86-boot-tests.sh:59:     if [ "$BASH_SUBSHELL" -gt 0 ]; then
docker/qemu/run-x86-boot-tests.sh:60:         exit "$exit_code"
docker/qemu/run-x86-boot-tests.sh:61:     fi
docker/qemu/run-x86-boot-tests.sh:62:     echo "x86 frame-custody gate${i:+ run $i}: FAIL (set -e abort at ${BASH_SOURCE[0]}:${line_no}, exit ${exit_code})"
docker/qemu/run-x86-boot-tests.sh:63:     echo "  failing command: ${failing_cmd}"
docker/qemu/run-x86-boot-tests.sh:64:     # failure-trace-capture PR-5: set once, right before this boot's own
docker/qemu/run-x86-boot-tests.sh:65:     # kill line (see the drain call above it), so it is already on the
docker/qemu/run-x86-boot-tests.sh:66:     # record if a later assertion aborts the script through this trap --
docker/qemu/run-x86-boot-tests.sh:67:     # empty on an abort before that point (a build failure, say), where
docker/qemu/run-x86-boot-tests.sh:68:     # there is no boot to report capture evidence about.
docker/qemu/run-x86-boot-tests.sh:69:     if [ -n "${CAPTURE_LINES:-}" ]; then
docker/qemu/run-x86-boot-tests.sh:70:         printf '%s\n' "$CAPTURE_LINES"
docker/qemu/run-x86-boot-tests.sh:71:     fi
docker/qemu/run-x86-boot-tests.sh:72:     if [ -n "${OUTPUT_DIR:-}" ] && compgen -G "$OUTPUT_DIR/serial_*.txt" >/dev/null 2>&1; then
docker/qemu/run-x86-boot-tests.sh:73:         echo "--- serial tail (last 200 lines per file, $OUTPUT_DIR) ---"
docker/qemu/run-x86-boot-tests.sh:74:         tail -n 200 "$OUTPUT_DIR"/serial_*.txt
docker/qemu/run-x86-boot-tests.sh:75:         # failure-trace-capture PR-5: preserve the serial pair and the
docker/qemu/run-x86-boot-tests.sh:76:         # capture-drain reading beside it in a durable evidence dir, the
docker/qemu/run-x86-boot-tests.sh:77:         # same shape run-aarch64-boot-test-strict.sh's report_failure keeps
docker/qemu/run-x86-boot-tests.sh:78:         # (this script previously only tailed to console and preserved no
docker/qemu/run-x86-boot-tests.sh:79:         # evidence dir).
docker/qemu/run-x86-boot-tests.sh:80:         local failure_dir
docker/qemu/run-x86-boot-tests.sh:81:         failure_dir="${BREENIX_GATE_TMP:-/tmp}/breenix_x86_boot_tests_failures/$(date -u +%Y%m%dT%H%M%SZ)_$$"
docker/qemu/run-x86-boot-tests.sh:82:         mkdir -p "$failure_dir" 2>/dev/null || true
docker/qemu/run-x86-boot-tests.sh:83:         cp "$OUTPUT_DIR"/serial_*.txt "$failure_dir/" 2>/dev/null || true
docker/qemu/run-x86-boot-tests.sh:84:         printf '%s\n' "${CAPTURE_LINES:-}" >"$failure_dir/capture_drain.txt" 2>/dev/null || true
docker/qemu/run-x86-boot-tests.sh:85:         echo "  preserved failing serial + capture reading: $failure_dir"
docker/qemu/run-x86-boot-tests.sh:86:     fi
docker/qemu/run-x86-boot-tests.sh:87:     breenix_runs_import_nonfatal "${OUTPUT_DIR:-}" x86_64 boot-tests FAIL "$exit_code" "${HOST_MS_START:-}" "${BREENIX_RUNS_GATE_ARGV[@]}" || :
docker/qemu/run-x86-boot-tests.sh:88:     exit "$exit_code"
docker/qemu/run-x86-boot-tests.sh:89: }
docker/qemu/run-x86-boot-tests.sh:90: trap 'report_gate_failure "$LINENO" "$BASH_COMMAND"' ERR
docker/qemu/run-x86-boot-tests.sh:91:
docker/qemu/run-x86-boot-tests.sh:92: COUNT="${1:-1}"
docker/qemu/run-x86-boot-tests.sh:93: SCRIPT_DIR="$(cd "$(dirname "${BASH_SOURCE[0]}")" && pwd)"
docker/qemu/run-x86-boot-tests.sh:94: source "$SCRIPT_DIR/lib/run-inspector-import.sh" || :
docker/qemu/run-x86-boot-tests.sh:95: BREENIX_RUNS_GATE_ARGV=("$0" "$@")
docker/qemu/run-x86-boot-tests.sh:96: BREENIX_ROOT="$(cd "$SCRIPT_DIR/../.." && pwd)"
docker/qemu/run-x86-boot-tests.sh:97: # failure-trace-capture PR-5: on a non-PASS outcome, drains the guest's
docker/qemu/run-x86-boot-tests.sh:98: # BXCAP capture (if one is open) before this gate's own kill line runs, and
docker/qemu/run-x86-boot-tests.sh:99: # reports what ended up on the wire. See that file's own header and
docker/qemu/run-x86-boot-tests.sh:100: # docs/planning/green-program/failure-capture/PLAN-2026-09-05.md section 6.
docker/qemu/run-x86-boot-tests.sh:101: # shellcheck source=lib/gate-capture-drain.sh
docker/qemu/run-x86-boot-tests.sh:102: source "$SCRIPT_DIR/lib/gate-capture-drain.sh"
docker/qemu/run-x86-boot-tests.sh:103: # #826/#834/#865/R181: this gate's qemu-system-x86_64 boot(s) run behind the
docker/qemu/run-x86-boot-tests.sh:104: # host-wide lock in lib/qemu-host-lock.sh (one lock domain per QEMU binary --
docker/qemu/run-x86-boot-tests.sh:105: # see that file's own ARCHITECTURE AWARENESS comment), so at most one
docker/qemu/run-x86-boot-tests.sh:106: # qemu-system-x86_64 is active on this host for each boot's duration. #865
docker/qemu/run-x86-boot-tests.sh:107: # is this lock's own report of the failure mode on the beast x86 host:
docker/qemu/run-x86-boot-tests.sh:108: # several TCG lanes running concurrently starve each other and hit the
docker/qemu/run-x86-boot-tests.sh:109: # gate's own timing ceilings on a healthy guest.
docker/qemu/run-x86-boot-tests.sh:110: # shellcheck source=lib/qemu-host-lock.sh
docker/qemu/run-x86-boot-tests.sh:111: source "$SCRIPT_DIR/lib/qemu-host-lock.sh"
docker/qemu/run-x86-boot-tests.sh:112: # #827/#865: per-boot host-side facts (wall-clock window, host QEMU count
docker/qemu/run-x86-boot-tests.sh:113: # and load average at start/kill, QEMU's own CPU time, the guest's last
docker/qemu/run-x86-boot-tests.sh:114: # heartbeat, and which bound ended the boot) -- see that file's own header
docker/qemu/run-x86-boot-tests.sh:115: # for why a starved boot and a wedged boot could not be told apart before.
docker/qemu/run-x86-boot-tests.sh:116: # shellcheck source=lib/gate-boot-facts.sh
docker/qemu/run-x86-boot-tests.sh:117: source "$SCRIPT_DIR/lib/gate-boot-facts.sh"
docker/qemu/run-x86-boot-tests.sh:118: # R191/PR-1 (gate-tooling round): runs each tests/*_structure.rs suite via
docker/qemu/run-x86-boot-tests.sh:119: # scripts/run-structure-tests.sh's rustc --test path (not cargo test -- see
docker/qemu/run-x86-boot-tests.sh:120: # that file's own header for why the kernel-swap hazard does not apply to
docker/qemu/run-x86-boot-tests.sh:121: # it) before this gate's own kernel build, further down.
docker/qemu/run-x86-boot-tests.sh:122: # shellcheck source=lib/gate-structure-preflight.sh
docker/qemu/run-x86-boot-tests.sh:123: source "$SCRIPT_DIR/lib/gate-structure-preflight.sh"
docker/qemu/run-x86-boot-tests.sh:124: # #797: concurrent lanes sharing one host (e.g. the beast Incus container) each
docker/qemu/run-x86-boot-tests.sh:125: # invoking this script hardcode the identical /tmp/breenix_x86_boot_tests_$i
docker/qemu/run-x86-boot-tests.sh:126: # path, so one lane's rm -rf/mkdir can clobber another lane's in-flight run and
docker/qemu/run-x86-boot-tests.sh:127: # a poll loop can read back the wrong lane's serial as its own. Defaulting to
docker/qemu/run-x86-boot-tests.sh:128: # /tmp keeps every existing caller byte-identical; a concurrent-lane launcher
docker/qemu/run-x86-boot-tests.sh:129: # sets this to a per-clone directory instead.
docker/qemu/run-x86-boot-tests.sh:130: # claim-lint:ok: #797, diff-empty against origin/main -- see
docker/qemu/run-x86-boot-tests.sh:131: # docs/planning/green-program/gates/GATE-TMP-BASEDIR-2026-09-05.md
docker/qemu/run-x86-boot-tests.sh:132: BREENIX_GATE_TMP="${BREENIX_GATE_TMP:-/tmp}"
docker/qemu/run-x86-boot-tests.sh:133: # Must be absolute: OUTPUT_DIR (below, post-cd) is built from this value
docker/qemu/run-x86-boot-tests.sh:134: # after `cd "$BREENIX_ROOT"`, but the ERR trap above is installed before that
docker/qemu/run-x86-boot-tests.sh:135: # cd and can read OUTPUT_DIR pre-cd on an early failure -- a relative value
docker/qemu/run-x86-boot-tests.sh:136: # would resolve differently in each place (review finding F6 on #797).
docker/qemu/run-x86-boot-tests.sh:137: #
docker/qemu/run-x86-boot-tests.sh:138: # The rejection below is `echo` + bare `false` rather than a bare `exit 1`
docker/qemu/run-x86-boot-tests.sh:139: # (#802/#805 idiom, widened to this gate): the ERR trap is already installed
docker/qemu/run-x86-boot-tests.sh:140: # above, so a `false` here fires it and the gate's own
docker/qemu/run-x86-boot-tests.sh:141: # "x86 frame-custody gate: FAIL (...)" line prints before the process ends,
docker/qemu/run-x86-boot-tests.sh:142: # instead of a silent `exit`, which the trap does not catch.
docker/qemu/run-x86-boot-tests.sh:143: case "$BREENIX_GATE_TMP" in
docker/qemu/run-x86-boot-tests.sh:144:     /*) ;;
docker/qemu/run-x86-boot-tests.sh:145:     *) echo "x86 frame-custody gate preflight: BREENIX_GATE_TMP must be an absolute path, got: $BREENIX_GATE_TMP" >&2
docker/qemu/run-x86-boot-tests.sh:146:        false ;;
docker/qemu/run-x86-boot-tests.sh:147: esac
docker/qemu/run-x86-boot-tests.sh:148: # R191/PR-1: structure-suite + critical-path-census preflight, run here (the
docker/qemu/run-x86-boot-tests.sh:149: # ERR trap is already installed above, and no kernel build or QEMU state
docker/qemu/run-x86-boot-tests.sh:150: # exists yet). BREENIX_GATE_SKIP_STRUCTURE=1 skips this loudly; see
docker/qemu/run-x86-boot-tests.sh:151: # docker/qemu/lib/gate-structure-preflight.sh for both the rustc-vs-cargo
docker/qemu/run-x86-boot-tests.sh:152: # reasoning and what each printed field means. `false`, not `exit 1`, is the
docker/qemu/run-x86-boot-tests.sh:153: # same #802/#805 idiom the BREENIX_GATE_TMP check above uses: the ERR trap
docker/qemu/run-x86-boot-tests.sh:154: # does not catch a bare `exit`.
docker/qemu/run-x86-boot-tests.sh:155: if ! gate_structure_preflight "$BREENIX_ROOT" "$BREENIX_GATE_TMP"; then
docker/qemu/run-x86-boot-tests.sh:156:     echo "x86 frame-custody gate preflight: FAIL (structure-suite preflight failed -- see GATE_PREFLIGHT line above)" >&2
docker/qemu/run-x86-boot-tests.sh:157:     false
docker/qemu/run-x86-boot-tests.sh:158: fi
docker/qemu/run-x86-boot-tests.sh:159: # The x86 serial console carries the scheduler's single-character trace stream
docker/qemu/run-x86-boot-tests.sh:160: # on the same port as kernel and userspace output, so any marker line can carry
docker/qemu/run-x86-boot-tests.sh:161: # a prefix. The markers are self-delimiting (`[...]` or a unique sentence), so
docker/qemu/run-x86-boot-tests.sh:162: # a substring match is still exact; do not re-anchor these.
docker/qemu/run-x86-boot-tests.sh:163: FRAME_CUSTODY_PATTERN='\[FRAME_CUSTODY_COUNTERS:x86:double=1:stale=1:never=1:untracked=1:duplicate=3:contended=[1-9][0-9]*\]'
docker/qemu/run-x86-boot-tests.sh:164: # The x86 failed-exec release oracle records one three-table hierarchy and retires it:
docker/qemu/run-x86-boot-tests.sh:165: # recorded rises by the hierarchy, returned by the hierarchy plus its root, and undecided deliberately does not move.
docker/qemu/run-x86-boot-tests.sh:166: PT_CUSTODY_LITERAL='[PT_CUSTODY_COUNTERS:x86:recorded=14:no_proof=0:no_arch=0:terminated=1:undecided=1:retired=2:returned=14:lost=0:requeued=0]'
docker/qemu/run-x86-boot-tests.sh:167: # One kernel-stack slot returns per child death across this 64-child cohort, so kstack_returns == children.
docker/qemu/run-x86-boot-tests.sh:168: PT_COHORT_LITERAL='[PT_RETIRE_COHORT:x86:children=64:retired=65:returned=642:recorded=577:lost=0:no_arch=0:undecided=0:mid_retire=0:kstack_returns=64:balance=0]'
docker/qemu/run-x86-boot-tests.sh:169: PT_EXEC_COHORT_LITERAL='[PT_EXEC_COHORT:x86:children=16:superseded=3:roots=64:returned=640:recorded=576:lost=0:leaf_recorded=192:leaf_released=192:leaf_returned=192:custody_refused=0:decref_unregistered=0:undecided=0:mid_retire=0:no_arch=0:balance=0]' # The returned and recorded table-frame fields are pinned from the measured run.
docker/qemu/run-x86-boot-tests.sh:170: # KernelStack::drop now unmaps the x86 stack VA range and releases its 128 frames; exactly one stack is allocated and dropped in this window, so 149 - 128 * 1 = 21.
docker/qemu/run-x86-boot-tests.sh:171: # kstack_frames_released proves that arithmetic in-kernel: the oracle asserts 149 - stack_residual == kstack_frames_released, preventing silent drift.
docker/qemu/run-x86-boot-tests.sh:172: EXEC_DETACH_ORACLE_LITERAL='[EXEC_DETACH_ORACLE:x86:bodies=2:fail_preserved=2:sibling_refused=2:success_detached=2:fresh_root=2:tgid_self=2:custody_balance=0:leaf_residual=16:stack_residual=21:kstack_frames_released=128:old_group_reached_pre=2:old_group_missed_post=2:self_group_reached_post=2]'
docker/qemu/run-x86-boot-tests.sh:173: CLONE_ADMISSION_ORACLE_LITERAL='[CLONE_ADMISSION_ORACLE:x86:admitted=1:refused=2:creating_refused=1:published_admitted=2:balance=0]'
docker/qemu/run-x86-boot-tests.sh:174: # Every field is a delta the oracle drives itself in the same run except
docker/qemu/run-x86-boot-tests.sh:175: # reserved_collisions, which is the absolute boot-wide count of ordinary
docker/qemu/run-x86-boot-tests.sh:176: # allocations that landed on the reserved init PID and must be zero.
docker/qemu/run-x86-boot-tests.sh:177: # construct_undecided=0 and construct_residual=0 hold for the two failures this oracle actually drives: both land in load_elf_into_page_table, the UnpublishedPageTable-owned boundary (issue 588's boundary table in the round doc). The oracle injects no failure at any UnpublishedProcess-owned boundary (stack allocation, stack mapping, TLS, argv, main-thread creation) on this run, so these zeros cover construction-time failures, not every error exit in the builders. construct_leaf_balance and construct_commit_balance are the leaf-return and commit-preservation deltas of the same two driven boundaries. None of these is architecture-specific any more.
docker/qemu/run-x86-boot-tests.sh:178: # claim-lint:ok: docs/planning/green-program/process/588-UNPUBLISHED-CONSTRUCTION-2026-09-07.md
docker/qemu/run-x86-boot-tests.sh:179: INIT_DESIGNATION_ORACLE_LITERAL='[INIT_DESIGNATION_ORACLE:x86:construct_failed=2:construct_undecided=0:construct_residual=0:construct_roots_retired=2:construct_leaf_balance=0:construct_commit_balance=0:refused=4:accepted=1:published=1:retired=1:held_error_removals=1:reparented=1:reparent_skipped=1:ordinary_allocated=5:reserved_collisions=0:designation_balance=0]'
docker/qemu/run-x86-boot-tests.sh:180: INIT_GROUP_REFUSAL_ORACLE_LITERAL='[INIT_GROUP_REFUSAL_ORACLE:x86:none_probes=3:none_refusals=0:init_refused=1:alias_refused=1:alias_pid_refused=0:nonit_probes=2:nonit_refusals=0:rows_delta=0:refusal_counter_delta=0:designation_residual=0:balance=0]'
docker/qemu/run-x86-boot-tests.sh:181: # driven=2 proves both handoff seams ran; stage1/2 return, wake, and park fields
docker/qemu/run-x86-boot-tests.sh:182: # expose D1/D2. stage3_elapsed_ok=1 proves the interval the oracle measured
docker/qemu/run-x86-boot-tests.sh:183: # reached the full requested duration -- since #627 that interval is anchored
docker/qemu/run-x86-boot-tests.sh:184: # to the same clock read the kernel used to compute the deadline, not to a
docker/qemu/run-x86-boot-tests.sh:185: # later oracle-internal read, so this bit can no longer read 0 on a wait that
docker/qemu/run-x86-boot-tests.sh:186: # was never actually short. arm_delay_us is that retired gap, kept visible.
docker/qemu/run-x86-boot-tests.sh:187: # stage3_ret=ETIMEDOUT plus rescues=0 proves the backstop did not end this wait.
docker/qemu/run-x86-boot-tests.sh:188: # stage3_elapsed_ms is the measured duration; residual/balance prove cleanup.
docker/qemu/run-x86-boot-tests.sh:189: # claim-lint:ok: #627 -- provable by construction from program order (futex.rs
docker/qemu/run-x86-boot-tests.sh:190: # reads base_ns before its deadline check; record_arm's own clock read comes
docker/qemu/run-x86-boot-tests.sh:191: # after), not by boot sampling: see kernel/src/syscall/futex_oracle.rs::record_arm
docker/qemu/run-x86-boot-tests.sh:192: # and validate_futex_oracle_record_arm_anchor in tests/teardown_structure.rs.
docker/qemu/run-x86-boot-tests.sh:193: # This marker is emitted from a syscall while the scheduler trace stream is live, so its line can carry a prefix.
docker/qemu/run-x86-boot-tests.sh:194: FUTEX_HANDOFF_ORACLE_PATTERN='\[FUTEX_HANDOFF_ORACLE:x86:driven=2:stage1_ret=EAGAIN:stage1_wake=0:stage1_parked=0:stage2_ret=0:stage2_wake=1:stage2_parked=0:stage3_ret=ETIMEDOUT:stage3_elapsed_ok=1:stage3_elapsed_ms=[0-9]+:arm_delay_us=[0-9]+:rescues=0:queue_residual=0:balance=0\]'
docker/qemu/run-x86-boot-tests.sh:195: # Absolute frame counts are boot-state dependent, so pin every delta exactly,
docker/qemu/run-x86-boot-tests.sh:196: # including the three-table recorded_pre hierarchy cost and computed tables_returned=4;
docker/qemu/run-x86-boot-tests.sh:197: # the in-kernel oracle asserts used_after == used_before, and a skipped/cfg'd-out block fails this gate.
docker/qemu/run-x86-boot-tests.sh:198: EXEC_FAILED_RELEASE_ORACLE_PATTERN='\[EXEC_FAILED_RELEASE_ORACLE:x86:used_before=[0-9]+:used_after=[0-9]+:recorded_pre=3:leaf_recorded=1:leaf_released=1:leaf_returned=1:tables_returned=4:roots_retired=1:undecided=0:live_refused=0\]'
docker/qemu/run-x86-boot-tests.sh:199: EXEC_FAILED_RELEASE_PROD_LITERAL='[EXEC_FAILED_RELEASE_PROD:x86:plain_err=true:plain_kept=true:argv_err=true:argv_kept=true:name_kept=true:balance=0:undecided=0:mid_retire=0:lost=0:custody_refused=0:decref_unregistered=0:double=0:stale=0:untracked=0:root_slot_refused=0]'
docker/qemu/run-x86-boot-tests.sh:200: # Creation/fork/slot/frame/refusal/classifier/balance fields are oracle-driven and exact.
docker/qemu/run-x86-boot-tests.sh:201: # live_checks is nonzero because every allocation evaluates the guard; pub_pooled and pub_sched_owned are nonzero boot-wide totals whose exact values depend on process creation, while the oracle asserts they are equal and both publication residuals are zero.
docker/qemu/run-x86-boot-tests.sh:202: # sched_publications is a nonzero boot-wide driver for sched_pm_held_production=0.
docker/qemu/run-x86-boot-tests.sh:203: # frame_used_delta is boot-state dependent because of heap growth during the stress; the oracle asserts it is strictly less than 128 frames, one x86 kernel stack's worth.
docker/qemu/run-x86-boot-tests.sh:204: KSTACK_OWNER_ORACLE_PATTERN='\[KSTACK_OWNER_ORACLE:x86:creation_rows=1000:creation_owned=1000:one_owner=1000:two_owner=0:zero_owner=0:fork_rows=2:fork_owned=2:slot_returns_exact_one=2:slot_alloc_delta=[1-9][0-9]*:slot_free_delta=[1-9][0-9]*:slot_balance=-?[0-9]+:cohort_enrolled=1000:cohort_returned=1000:cohort_double_return=0:foreign_alloc_delta=[0-9]+:foreign_returned=[0-9]+:frames_mapped_delta=[1-9][0-9]*:frames_released_delta=[1-9][0-9]*:frame_balance=-?[0-9]+:frame_used_delta=[0-9]+:frame_used_bounded=1:live_checks=[1-9][0-9]*:live_refusals_production=0:live_refusals_injected=1:drop_refused_live=0:pte_overwrite_refusals=0:pub_pooled=[1-9][0-9]*:pub_sched_owned=[1-9][0-9]*:pub_row_residual=0:pub_unowned=0:classifier_sched_owned=1:classifier_row_residual=1:classifier_unowned=1:classifier_not_pooled=1:sched_publications=[1-9][0-9]*:sched_pm_held_production=0:sched_pm_held_injected=1:reconciliation_diff=-?[0-9]+:reconciliation_skew_bound=[0-9]+:balance=0\]'
docker/qemu/run-x86-boot-tests.sh:205: # P6a PR-2 gate extras (b)/(f)/(g). Every field is a delta the oracle drives
docker/qemu/run-x86-boot-tests.sh:206: # itself inside one run, so the whole line is a literal: two fixture rows, one
docker/qemu/run-x86-boot-tests.sh:207: # joined by retirement (retire_second) and one by the reap (reap_second), the
docker/qemu/run-x86-boot-tests.sh:208: # gauge back at its entry value (resident_delta=0) and no tombstone left behind
docker/qemu/run-x86-boot-tests.sh:209: # (tombstone_rows=0 is absolute, not a delta). This is the ONLY evidence that
docker/qemu/run-x86-boot-tests.sh:210: # gate (g)'s retire-second arm ever executes on x86, and until this pin existed
docker/qemu/run-x86-boot-tests.sh:211: # deleting run_x86_tombstone_join_gate() from main.rs left this gate green.
docker/qemu/run-x86-boot-tests.sh:212: TOMBSTONE_JOIN_ORACLE_LITERAL='[TOMBSTONE_JOIN_ORACLE:x86:retire_second=1:reap_second=1:removed=2:resident_delta=0:tombstone_rows=0:PASS]'
docker/qemu/run-x86-boot-tests.sh:213: # P6a PR-2 review finding B2, re-derived for #653 — the x86 retention claim,
docker/qemu/run-x86-boot-tests.sh:214: # measured on production rows instead of on the oracle's fixture, in two samples
docker/qemu/run-x86-boot-tests.sh:215: # that mean different things and are pinned separately.
docker/qemu/run-x86-boot-tests.sh:216: #
docker/qemu/run-x86-boot-tests.sh:217: # #653 is FIXED, and these pins are what the fix moved. The production
docker/qemu/run-x86-boot-tests.sh:218: # deferred-reclaim claim used to be a bare boolean released only by the tail of
docker/qemu/run-x86-boot-tests.sh:219: # the function that took it; the first timer preemption inside an owned pass
docker/qemu/run-x86-boot-tests.sh:220: # discarded that release (x86's dispatcher restarts `idle_loop` rather than
docker/qemu/run-x86-boot-tests.sh:221: # resuming the mid-drain continuation), so the claim latched true and every later
docker/qemu/run-x86-boot-tests.sh:222: # drain refused for the rest of the boot. Eighteen receipts stayed queued, no
docker/qemu/run-x86-boot-tests.sh:223: # retirement ever completed, and the four rows the live reaps claimed could never
docker/qemu/run-x86-boot-tests.sh:224: # join. The claim window is now non-preemptible, so production reclamation runs
docker/qemu/run-x86-boot-tests.sh:225: # to completion and BOTH samples below assert a drained system rather than
docker/qemu/run-x86-boot-tests.sh:226: # narrating a strand.
docker/qemu/run-x86-boot-tests.sh:227: #
docker/qemu/run-x86-boot-tests.sh:228: # The join oracle stages two fixture rows of its own before any user process
docker/qemu/run-x86-boot-tests.sh:229: # exists and removes both (TOMBSTONE_JOIN_ORACLE above reports
docker/qemu/run-x86-boot-tests.sh:230: # resident_delta=0).
docker/qemu/run-x86-boot-tests.sh:231: readonly TOMBSTONE_FIXTURE_REMOVALS=2
docker/qemu/run-x86-boot-tests.sh:232: #
docker/qemu/run-x86-boot-tests.sh:233: # PRODUCTION_REAPED_ROWS is NOT a literal (#697). It used to be pinned at 4,
docker/qemu/run-x86-boot-tests.sh:234: # and 63e5f8e0 (PR #765, the #707 regression test tcp_cloexec_exec_test)
docker/qemu/run-x86-boot-tests.sh:235: # added a RING3_SMOKE-roster process that forks a peer and waitpid()s it --
docker/qemu/run-x86-boot-tests.sh:236: # one more production row reaped through the live `complete_wait` path --
docker/qemu/run-x86-boot-tests.sh:237: # without touching this pin, which turned the conservation assertion below
docker/qemu/run-x86-boot-tests.sh:238: # (CENSUS_RESIDENT + CENSUS_REMOVED - TOMBSTONE_FIXTURE_REMOVALS ==
docker/qemu/run-x86-boot-tests.sh:239: # PRODUCTION_REAPED_ROWS) red on every boot: a frozen literal pinned the
docker/qemu/run-x86-boot-tests.sh:240: # roster's SHAPE at a moment in time instead of the roster ITSELF, the
docker/qemu/run-x86-boot-tests.sh:241: # #549/#551/#527-r1 census-not-literal lesson.
docker/qemu/run-x86-boot-tests.sh:242: # claim-lint:ok: "red on every boot" is this round's own measurement, not a
docker/qemu/run-x86-boot-tests.sh:243: # restatement of #697 (#697's own body records main as green here --
docker/qemu/run-x86-boot-tests.sh:244: # "Main emits removed=6 exactly" -- and never mentions #731): both of the 2
docker/qemu/run-x86-boot-tests.sh:245: # unpatched-main boots run this round at 509802e5 fail at this exact
docker/qemu/run-x86-boot-tests.sh:246: # assertion (docs/planning/green-program/gates/serials/697-2026-09-02/
docker/qemu/run-x86-boot-tests.sh:247: # main-unpatched/boot1-gate.txt:426-427, main-unpatched/boot2-gate.txt:407-408,
docker/qemu/run-x86-boot-tests.sh:248: # both a FAIL at :548 on this same `test` line); the branch's minimum possible
docker/qemu/run-x86-boot-tests.sh:249: # CENSUS_REMOVED value never satisfies the old literal, which is why every
docker/qemu/run-x86-boot-tests.sh:250: # boot that reaches this assertion fails it.
docker/qemu/run-x86-boot-tests.sh:251: #
docker/qemu/run-x86-boot-tests.sh:252: # It is now derived from the roster kernel_main's FIRST RING3_SMOKE block
docker/qemu/run-x86-boot-tests.sh:253: # launches: that block in kernel/src/main.rs loads its userspace test
docker/qemu/run-x86-boot-tests.sh:254: # binaries by name between the "canonical list of test binaries is in
docker/qemu/run-x86-boot-tests.sh:255: # boot::test_list::TEST_BINARIES" comment and the without_interrupts() call
docker/qemu/run-x86-boot-tests.sh:256: # that creates them -- the get_test_binary("...") argument on each line in
docker/qemu/run-x86-boot-tests.sh:257: # between is the roster. kernel_main has a SECOND, live RING3_SMOKE block
docker/qemu/run-x86-boot-tests.sh:258: # further down (same #[cfg], a single get_test_binary("hello_time") call
docker/qemu/run-x86-boot-tests.sh:259: # that creates smoke_hello_time) that sits past this awk window's end
docker/qemu/run-x86-boot-tests.sh:260: # anchor and so is not scanned -- it is not dead, only outside the window,
docker/qemu/run-x86-boot-tests.sh:261: # and missing it is safe: hello_time.rs is the same source the first
docker/qemu/run-x86-boot-tests.sh:262: # block's roster already names, has 0 fork() call sites, and would
docker/qemu/run-x86-boot-tests.sh:263: # contribute 0 to this pin whichever block created its process. Each
docker/qemu/run-x86-boot-tests.sh:264: # roster name is a userspace/programs/src/<name>.rs
docker/qemu/run-x86-boot-tests.sh:265: # source file, and every `fork()` call site introduced by `match` or by an
docker/qemu/run-x86-boot-tests.sh:266: # assignment (`=`), through zero or more `mod::` path segments, is one child
docker/qemu/run-x86-boot-tests.sh:267: # the program later reaps through a blocking waitpid() -- this recognises
docker/qemu/run-x86-boot-tests.sh:268: # every fork idiom in the tree today (R98): `match fork() { ... }`
docker/qemu/run-x86-boot-tests.sh:269: # (loopback_wake_test, bare), `let x = match fork() { ... }`
docker/qemu/run-x86-boot-tests.sh:270: # (tcp_cloexec_exec_test, assign+match), `let x = process::fork();`
docker/qemu/run-x86-boot-tests.sh:271: # (tcp_blocking_test, assign only, no roster program uses this shape yet),
docker/qemu/run-x86-boot-tests.sh:272: # `match libbreenix::process::fork() { ... }` (bsh, fully-qualified path,
docker/qemu/run-x86-boot-tests.sh:273: # no roster program uses this shape yet), and
docker/qemu/run-x86-boot-tests.sh:274: # `match fork().unwrap_or_else(..) { ... }` (sigkill_teardown_test, chained
docker/qemu/run-x86-boot-tests.sh:275: # call on the match scrutinee, no roster program uses this shape yet).
docker/qemu/run-x86-boot-tests.sh:276: # loopback_wake_test forks its reader/peer/load/watchdog children (4 call
docker/qemu/run-x86-boot-tests.sh:277: # sites) and tcp_cloexec_exec_test forks its one exec peer (1 call site),
docker/qemu/run-x86-boot-tests.sh:278: # which is exactly how this pin was 4 before #765 added the second forking
docker/qemu/run-x86-boot-tests.sh:279: # program to the roster and is 5 with it in. A roster addition that does not
docker/qemu/run-x86-boot-tests.sh:280: # fork contributes 0 and changes nothing here; one that forks+waitpids, in
docker/qemu/run-x86-boot-tests.sh:281: # any of the five idioms above, moves this count with it. The assertion
docker/qemu/run-x86-boot-tests.sh:282: # stays live either way: a kernel defect that phantom-reaps an extra row, or
docker/qemu/run-x86-boot-tests.sh:283: # fails to reap one the roster expects, still mismatches this derived total
docker/qemu/run-x86-boot-tests.sh:284: # and fails it.
docker/qemu/run-x86-boot-tests.sh:285: # claim-lint:ok: #697 -- "every ... call site ... is one child" is this
docker/qemu/run-x86-boot-tests.sh:286: # derivation's own definition (it is what the grep loop immediately below
docker/qemu/run-x86-boot-tests.sh:287: # counts, not an empirical claim about the kernel), and measured directly:
docker/qemu/run-x86-boot-tests.sh:288: # 2 of 16 current roster files match (loopback_wake_test.rs: 4 sites,
docker/qemu/run-x86-boot-tests.sh:289: # tcp_cloexec_exec_test.rs: 1 site), summing to the 5 this pin now derives;
docker/qemu/run-x86-boot-tests.sh:290: # widening the pattern to the five idioms above leaves that sum unchanged
docker/qemu/run-x86-boot-tests.sh:291: # (verified against every one of the 16 roster files plus, for the three
docker/qemu/run-x86-boot-tests.sh:292: # newly-recognised idioms, tcp_blocking_test.rs=2, bsh.rs=3,
docker/qemu/run-x86-boot-tests.sh:293: # sigkill_teardown_test.rs=4 -- none of which are on today's roster).
docker/qemu/run-x86-boot-tests.sh:294: # `|| true`: under `set -o pipefail`, a roster-comment rename or removal in
docker/qemu/run-x86-boot-tests.sh:295: # kernel/src/main.rs makes the middle `grep -oE` exit 1 with no match, which
docker/qemu/run-x86-boot-tests.sh:296: # would otherwise abort the script AT THIS ASSIGNMENT -- the ERR trap still
docker/qemu/run-x86-boot-tests.sh:297: # fires and still prints a FAIL, but it names the awk/grep/sed pipeline
docker/qemu/run-x86-boot-tests.sh:298: # rather than the `test -n "$RING3_SMOKE_ROSTER"` assertion below that is
docker/qemu/run-x86-boot-tests.sh:299: # actually making the claim (same shape as the PCI_CENSUS_LINE guard
docker/qemu/run-x86-boot-tests.sh:300: # further down). Let the assignment succeed with an empty value and let the
docker/qemu/run-x86-boot-tests.sh:301: # explicit `test -n` name the real failure.
docker/qemu/run-x86-boot-tests.sh:302: RING3_SMOKE_ROSTER=$(awk \
docker/qemu/run-x86-boot-tests.sh:303:     '/canonical list of test binaries is in boot::test_list::TEST_BINARIES/,/without_interrupts\(\|\| \{/' \
docker/qemu/run-x86-boot-tests.sh:304:     "$BREENIX_ROOT/kernel/src/main.rs" \
docker/qemu/run-x86-boot-tests.sh:305:     | grep -oE 'get_test_binary\("[a-zA-Z0-9_]+"\)' \
docker/qemu/run-x86-boot-tests.sh:306:     | sed -E 's/.*"([a-zA-Z0-9_]+)".*/\1/') || true
docker/qemu/run-x86-boot-tests.sh:307: test -n "$RING3_SMOKE_ROSTER"
docker/qemu/run-x86-boot-tests.sh:308: PRODUCTION_REAPED_ROWS=0
docker/qemu/run-x86-boot-tests.sh:309: for _ring3_smoke_name in $RING3_SMOKE_ROSTER; do
docker/qemu/run-x86-boot-tests.sh:310:     _ring3_smoke_src="$BREENIX_ROOT/userspace/programs/src/${_ring3_smoke_name}.rs"
docker/qemu/run-x86-boot-tests.sh:311:     test -f "$_ring3_smoke_src"
docker/qemu/run-x86-boot-tests.sh:312:     # `|| true`: 14 of 16 current roster programs never fork (measured --
docker/qemu/run-x86-boot-tests.sh:313:     # only loopback_wake_test.rs and tcp_cloexec_exec_test.rs match), so a
docker/qemu/run-x86-boot-tests.sh:314:     # zero-match grep here is the expected case, not a failure -- see the
docker/qemu/run-x86-boot-tests.sh:315:     # PCI_CENSUS_LINE comment below for why an unguarded pipefail would
docker/qemu/run-x86-boot-tests.sh:316:     # otherwise abort the script at this assignment instead of at a legible
docker/qemu/run-x86-boot-tests.sh:317:     # `test -n`/`-eq` assertion.
docker/qemu/run-x86-boot-tests.sh:318:     # Pattern: a `fork()` call reached via `match` or an assignment (`=`),
docker/qemu/run-x86-boot-tests.sh:319:     # through zero or more `mod::` path segments -- recognises `match
docker/qemu/run-x86-boot-tests.sh:320:     # fork() {`, `match process::fork() {`, `match libbreenix::process::
docker/qemu/run-x86-boot-tests.sh:321:     # fork() {`, `let x = process::fork();`, and `match
docker/qemu/run-x86-boot-tests.sh:322:     # fork().unwrap_or_else(..) {` alike (R98; see the comment above this
docker/qemu/run-x86-boot-tests.sh:323:     # loop for which roster/non-roster file uses which idiom).
docker/qemu/run-x86-boot-tests.sh:324:     _ring3_smoke_forks=$(grep -cE '(match|=) *([a-zA-Z_]+::)*fork\(\)' "$_ring3_smoke_src") || true
docker/qemu/run-x86-boot-tests.sh:325:     PRODUCTION_REAPED_ROWS=$(( PRODUCTION_REAPED_ROWS + _ring3_smoke_forks ))
docker/qemu/run-x86-boot-tests.sh:326: done
docker/qemu/run-x86-boot-tests.sh:327: unset _ring3_smoke_name _ring3_smoke_src _ring3_smoke_forks
docker/qemu/run-x86-boot-tests.sh:328: readonly PRODUCTION_REAPED_ROWS
docker/qemu/run-x86-boot-tests.sh:329: test "$PRODUCTION_REAPED_ROWS" -ge 1
docker/qemu/run-x86-boot-tests.sh:330: # This value is not otherwise echoed anywhere in this gate's output, so a
docker/qemu/run-x86-boot-tests.sh:331: # reader attributing a future census-assertion FAIL from the log alone
docker/qemu/run-x86-boot-tests.sh:332: # (rather than by re-running this derivation by hand) needs it on the
docker/qemu/run-x86-boot-tests.sh:333: # record (review finding F5).
docker/qemu/run-x86-boot-tests.sh:334: echo "  RING3_SMOKE fork census: PRODUCTION_REAPED_ROWS=$PRODUCTION_REAPED_ROWS"
docker/qemu/run-x86-boot-tests.sh:335: #
docker/qemu/run-x86-boot-tests.sh:336: # (1) End of the userspace phase, emitted from the `sys_exit` arm entered when no
docker/qemu/run-x86-boot-tests.sh:337: # userspace thread remains. This sample used to be pinnable as an exact literal
docker/qemu/run-x86-boot-tests.sh:338: # only BECAUSE reclamation was dead: `resident=4:removed=2` was the frozen state
docker/qemu/run-x86-boot-tests.sh:339: # of a system that had stopped retiring. With the drain live, the split between
docker/qemu/run-x86-boot-tests.sh:340: # "still a tombstone" and "already joined" at that instant depends on how many
docker/qemu/run-x86-boot-tests.sh:341: # retirements the drain happened to complete while the workload was still
docker/qemu/run-x86-boot-tests.sh:342: # running, and pinning either half would pin a race. What is timing-safe is the
docker/qemu/run-x86-boot-tests.sh:343: # conservation law: every production row the reaps claimed is either still
docker/qemu/run-x86-boot-tests.sh:344: # resident or already removed, so
docker/qemu/run-x86-boot-tests.sh:345: #   resident + (removed - TOMBSTONE_FIXTURE_REMOVALS) == PRODUCTION_REAPED_ROWS
docker/qemu/run-x86-boot-tests.sh:346: # is invariant across every scheduling of the same workload. It is asserted below
docker/qemu/run-x86-boot-tests.sh:347: # on the LAST `[TOMBSTONE_CENSUS:` line, which is this sample: the other two
docker/qemu/run-x86-boot-tests.sh:348: # census emitters on this arch (kernel_main's and the strand oracle's once-only
docker/qemu/run-x86-boot-tests.sh:349: # report) both fire earlier, and the total emission count is pinned so a deleted
docker/qemu/run-x86-boot-tests.sh:350: # sample cannot pass by leaving a stale earlier line in its place.
docker/qemu/run-x86-boot-tests.sh:351: readonly TOMBSTONE_CENSUS_EMISSIONS=3
docker/qemu/run-x86-boot-tests.sh:352: # (2) Quiesce, emitted from the idle loop once the deferred-reclaim queues are
docker/qemu/run-x86-boot-tests.sh:353: # empty or a 2000 ms backstop elapses, whichever comes first. Before #653 it was
docker/qemu/run-x86-boot-tests.sh:354: # always the backstop, and `pending` was nonzero because production reclamation
docker/qemu/run-x86-boot-tests.sh:355: # was dead by then; the field was a bounded attribution field for exactly that
docker/qemu/run-x86-boot-tests.sh:356: # reason. It is now an exact zero, and it is the load-bearing half of this pin:
docker/qemu/run-x86-boot-tests.sh:357: # `pending=0:parked=0:resident=0` is the return-to-zero evidence x86 has never
docker/qemu/run-x86-boot-tests.sh:358: # had. `removed` is the two fixture rows plus every production row
docker/qemu/run-x86-boot-tests.sh:359: # PRODUCTION_REAPED_ROWS derives (see its own comment above), because
docker/qemu/run-x86-boot-tests.sh:360: # a row can only be removed by the join after it has been both reaped and
docker/qemu/run-x86-boot-tests.sh:361: # retired. The reap-second/retire-second SPLIT is deliberately not pinned: with
docker/qemu/run-x86-boot-tests.sh:362: # the drain running during the userspace phase, a row may retire before or after
docker/qemu/run-x86-boot-tests.sh:363: # its reap and the arm that completes the join differs accordingly. Their SUM is
docker/qemu/run-x86-boot-tests.sh:364: # invariant and is asserted below.
docker/qemu/run-x86-boot-tests.sh:365: #
docker/qemu/run-x86-boot-tests.sh:366: # `pending` is NOT pinned to zero, and the reason is a measurement rather than a
docker/qemu/run-x86-boot-tests.sh:367: # concession. A boot on the fixed kernel drains seventeen of the eighteen
docker/qemu/run-x86-boot-tests.sh:368: # receipts #653 used to leak and leaves exactly one, because a page-table root
docker/qemu/run-x86-boot-tests.sh:369: # cannot be retired while it is the root the CPU currently has installed — and
docker/qemu/run-x86-boot-tests.sh:370: # after the last userspace thread exits, nothing on this uniprocessor profile
docker/qemu/run-x86-boot-tests.sh:371: # ever loads another one. That receipt is not a leak the drain could have taken;
docker/qemu/run-x86-boot-tests.sh:372: # refusing it is the root proof working. What must be pinned is that NOTHING
docker/qemu/run-x86-boot-tests.sh:373: # RETIRABLE is left behind, which is what `pend_selectable=0` and the
docker/qemu/run-x86-boot-tests.sh:374: # depth-conservation check below assert, and which the strand would have
docker/qemu/run-x86-boot-tests.sh:375: # violated with seventeen selectable receipts.
docker/qemu/run-x86-boot-tests.sh:376: readonly TOMBSTONE_JOINED_REMOVALS=$(( TOMBSTONE_FIXTURE_REMOVALS + PRODUCTION_REAPED_ROWS ))
docker/qemu/run-x86-boot-tests.sh:377: TOMBSTONE_QUIESCE_PATTERN="\\[TOMBSTONE_QUIESCE:resident=0:removed=${TOMBSTONE_JOINED_REMOVALS}:reap_second=[0-9]+:retire_second=[0-9]+:abandoned_unqueued=1:pending=[0-9]+:parked=0\\]"
docker/qemu/run-x86-boot-tests.sh:378: KSTACK_QUIESCE_LEAK_PATTERN='\[KSTACK_QUIESCE_LEAK:baseline_outstanding=[0-9]+:outstanding=[0-9]+:leaked=0\]'
docker/qemu/run-x86-boot-tests.sh:379: # (3) #653 delta (3) — the drain's own refusal counters, which existed before the
docker/qemu/run-x86-boot-tests.sh:380: # fix and were printed by nothing: a whole-boot loss of production reclamation
docker/qemu/run-x86-boot-tests.sh:381: # was inferable only three phases later from a tombstone census read alongside a
docker/qemu/run-x86-boot-tests.sh:382: # queue depth. `context_violations=0` is exact (a drain entered under the process
docker/qemu/run-x86-boot-tests.sh:383: # manager or inside a scheduler scope is a defect, not a rate). `nested=1` is
docker/qemu/run-x86-boot-tests.sh:384: # exact and is the whole point of `injected=1`: the fix keeps the nested refusal
docker/qemu/run-x86-boot-tests.sh:385: # as its fail-closed residual for a fatal fault inside an owned pass, so the arm
docker/qemu/run-x86-boot-tests.sh:386: # must still be provably live, and the boot-test injection drives it once on
docker/qemu/run-x86-boot-tests.sh:387: # purpose. A `nested=0:injected=0` line would mean the refusal path no longer
docker/qemu/run-x86-boot-tests.sh:388: # executes at all and this pin would be vacuous. `selection_capped` is the
docker/qemu/run-x86-boot-tests.sh:389: # production selection cap firing; its exact value is a property of how many
docker/qemu/run-x86-boot-tests.sh:390: # receipts happened to be ready per pass rather than of the claim, so it is
docker/qemu/run-x86-boot-tests.sh:391: # shape-pinned rather than value-pinned.
docker/qemu/run-x86-boot-tests.sh:392: #
docker/qemu/run-x86-boot-tests.sh:393: # The four `pend_*` fields attribute the settled queue depth term by term, using
docker/qemu/run-x86-boot-tests.sh:394: # the same lock-free predicate the drain uses to choose a receipt.
docker/qemu/run-x86-boot-tests.sh:395: # `pend_selectable=0` is the load-bearing one: a receipt the drain could have
docker/qemu/run-x86-boot-tests.sh:396: # taken and did not is the #653 signature, and the strand would print seventeen
docker/qemu/run-x86-boot-tests.sh:397: # of them here. The other three are the roots that are legitimately unretirable
docker/qemu/run-x86-boot-tests.sh:398: # at quiesce and are left shape-pinned, because which term holds a root is a
docker/qemu/run-x86-boot-tests.sh:399: # property of what the CPU happens to have installed.
docker/qemu/run-x86-boot-tests.sh:400: RECLAIM_DRAIN_PATTERN='\[RECLAIM_DRAIN:nested=1:context_violations=0:selection_capped=[0-9]+:injected=1:pend_epoch=[0-9]+:pend_hw=[0-9]+:pend_shadow=[0-9]+:pend_selectable=0\]'
docker/qemu/run-x86-boot-tests.sh:401: SCHED_STRAND_ORACLE_PATTERN='\[SCHED_STRAND_ORACLE:x86:samples=[1-9][0-9]*:checked=[1-9][0-9]*:stranded=0:running_shape=[0-9]+:ready_shape=[0-9]+:resolved_production=[0-9]+:resolved_exercised=[0-9]+:worst_dwell_ms=[0-9]+:overflow=[0-9]+:worst_nonprogress_ms=[0-9]+:nonprogress=[0-9]+:queued_on_nondispatching_cpu=[0-9]+:worst_queued_nondispatch_ms=[0-9]+:worst_cpu_scheduler_silence_ms=[0-9]+:worst_silence_cpu=[0-9]+\]'
docker/qemu/run-x86-boot-tests.sh:402: CENSUS_WIDEN_ORACLE_LITERAL='[CENSUS_WIDEN_ORACLE:x86:arm=none:reason=uniprocessor_no_dispatching_peer:baseline_reported=0:axes=6:SKIP]'
docker/qemu/run-x86-boot-tests.sh:403: # #796. This gate boots -smp 1, where two threads do not contend for the
docker/qemu/run-x86-boot-tests.sh:404: # process-manager lock: the dispatch path refuses to switch while it is held, so
docker/qemu/run-x86-boot-tests.sh:405: # the holder is not preempted and no second thread runs. The oracle says so in
docker/qemu/run-x86-boot-tests.sh:406: # its own marker rather than printing a PASS it did not earn; the aarch64 strict
docker/qemu/run-x86-boot-tests.sh:407: # gate pins the armed pattern, which reddens on origin/main. Pinning the SKIP
docker/qemu/run-x86-boot-tests.sh:408: # line keeps the emitter alive on this arch -- deleting the oracle would
docker/qemu/run-x86-boot-tests.sh:409: # otherwise leave this gate green.
docker/qemu/run-x86-boot-tests.sh:410: FCNTL_PM_CONTENTION_ORACLE_LITERAL='[FCNTL_PM_CONTENTION_ORACLE:x86:arm=none:reason=uniprocessor_no_pm_contention_peer:online_cpus=1:SKIP]'
docker/qemu/run-x86-boot-tests.sh:411: # #812. x86's irq_exit() runs do_softirq() only at preempt_count 0 and the
docker/qemu/run-x86-boot-tests.sh:412: # oracle's holder is preempt-disabled, so the aarch64 race has no way to fire
docker/qemu/run-x86-boot-tests.sh:413: # here; the oracle says so in its own marker rather than printing a PASS it did
docker/qemu/run-x86-boot-tests.sh:414: # not earn. Pinning the SKIP line keeps the emitter alive on this arch --
docker/qemu/run-x86-boot-tests.sh:415: # deleting the oracle would otherwise leave this gate green.
docker/qemu/run-x86-boot-tests.sh:416: IRQ_HOLD_ORACLE_LITERAL='[IRQ_HOLD_ORACLE:x86:arm=none:reason=irq_exit_gates_softirq_on_preempt_count:online_cpus=1:SKIP]'
docker/qemu/run-x86-boot-tests.sh:417: UDP_LOCK_ORACLE_LITERAL='[UDP_LOCK_ORACLE:x86:arm=none:reason=irq_exit_gates_softirq_on_preempt_count:online_cpus=1:SKIP]'
docker/qemu/run-x86-boot-tests.sh:418: UDP_PORTS_LOCK_ORACLE_LITERAL='[UDP_PORTS_LOCK_ORACLE:x86:arm=none:reason=uniprocessor_no_udp_ports_contention_peer:online_cpus=1:SKIP]'
docker/qemu/run-x86-boot-tests.sh:419: # #821. Unlike the two SKIPs above, this oracle has a real arm on x86: the
docker/qemu/run-x86-boot-tests.sh:420: # defect it measures is worse here than on aarch64, because `manager()`
docker/qemu/run-x86-boot-tests.sh:421: # performs no mask operation on this architecture, so the boot thread's
docker/qemu/run-x86-boot-tests.sh:422: # driver-test window holds PROCESS_MANAGER with IF=1 and an input interrupt
docker/qemu/run-x86-boot-tests.sh:423: # taken on top of it, on a machine that boots -smp 1, would wait for a lock its
docker/qemu/run-x86-boot-tests.sh:424: # own CPU owns.
docker/qemu/run-x86-boot-tests.sh:425: #
docker/qemu/run-x86-boot-tests.sh:426: # `pm_blocking_acquires=0` is the property: a production counter that each of
docker/qemu/run-x86-boot-tests.sh:427: # the 3 blocking PROCESS_MANAGER accessors bumps while the input IRQ entry's
docker/qemu/run-x86-boot-tests.sh:428: # no-blocking scope is open. `fg_unset_before=1` is the precondition, since the
docker/qemu/run-x86-boot-tests.sh:429: # deferring branch is only live while no foreground pgrp is set.
docker/qemu/run-x86-boot-tests.sh:430: # `pm_held_during_entry=1` and `irqs_enabled_before=1` are the pair that says
docker/qemu/run-x86-boot-tests.sh:431: # the injection really ran under a held, unmasked lock -- and on this
docker/qemu/run-x86-boot-tests.sh:432: # uniprocessor profile the entry's mere completion under that hold is the
docker/qemu/run-x86-boot-tests.sh:433: # reading, which is why the trailing arm is pinned to `local_hold`. The oracle
docker/qemu/run-x86-boot-tests.sh:434: # reports `handler_would_block` and refuses to drive that injection when its
docker/qemu/run-x86-boot-tests.sh:435: # own detector says the entry still reaches a blocking acquisition, so the
docker/qemu/run-x86-boot-tests.sh:436: # unrepaired kernel reddens this gate instead of hanging the boot.
docker/qemu/run-x86-boot-tests.sh:437: #
docker/qemu/run-x86-boot-tests.sh:438: # `entry_us` is deliberately pinned loosely here: this profile's monotonic
docker/qemu/run-x86-boot-tests.sh:439: # clock is TSC-backed only when the TSC is calibrated, and a millisecond-
docker/qemu/run-x86-boot-tests.sh:440: # resolution fallback would make a tight pin a flake rather than a reading.
docker/qemu/run-x86-boot-tests.sh:441: # The aarch64 gate carries the timed reading; this one carries the
docker/qemu/run-x86-boot-tests.sh:442: # completed-under-hold reading.
docker/qemu/run-x86-boot-tests.sh:443: TTY_IRQ_PM_ORACLE_PATTERN='\[TTY_IRQ_PM_ORACLE:x86:fg_unset_before=1:pm_blocking_acquires=0:deferred=2:pgrp_set_by_entry=0:processed=2:buffered=2:irqs_enabled_before=1:pm_held_during_entry=1:entry_us=[0-9]+:adopted=1:adopted_pgrp=821:restored=1:PASS:local_hold\]'
docker/qemu/run-x86-boot-tests.sh:444: # #822's oracle, on the same entry and the console's own foreground_pgrp
docker/qemu/run-x86-boot-tests.sh:445: # mutex. `fg_lock_touches=0` is the property, `fg_blocking_acquires=0` its
docker/qemu/run-x86-boot-tests.sh:446: # blocking subset, and `sig_calls=1:sig_pid=822:sig_num=2` is the injected
docker/qemu/run-x86-boot-tests.sh:447: # Ctrl+C still reaching the signal path with the right pgrp while a thread on
docker/qemu/run-x86-boot-tests.sh:448: # this CPU holds that mutex with IF=1. `arm=local_hold` is what says the
docker/qemu/run-x86-boot-tests.sh:449: # injection was really driven under the hold rather than refused: the x86 arm
docker/qemu/run-x86-boot-tests.sh:450: # refuses when the entry still reaches a blocking acquisition, because this
docker/qemu/run-x86-boot-tests.sh:451: # machine boots uniprocessor and the injection would take the boot with it.
docker/qemu/run-x86-boot-tests.sh:452: # `entry_us` is pinned loosely here for the reason the pattern above gives.
docker/qemu/run-x86-boot-tests.sh:453: TTY_IRQ_FG_ORACLE_PATTERN='\[TTY_IRQ_FG_ORACLE:x86:fg_known=822:target_absent=1:fg_lock_touches=0:fg_blocking_acquires=0:snapshot_reads=[1-9][0-9]*:processed=2:buffered=[1-9][0-9]*:irqs_enabled_before=1:fg_busy_probe=1:entry_us=[0-9]+:sig_calls=1:sig_pid=822:sig_num=2:snapshot_agrees=1:restored=1:PASS:local_hold\]'
docker/qemu/run-x86-boot-tests.sh:454: # Critical-path logging drain PR-1
docker/qemu/run-x86-boot-tests.sh:455: # (docs/planning/green-program/gates/CRITICAL-PATH-DEBT-PR1-2026-09-06.md).
docker/qemu/run-x86-boot-tests.sh:456: # PR-1 deleted 16 `log::*!` calls from kernel/src/interrupts/context_switch.rs;
docker/qemu/run-x86-boot-tests.sh:457: # ten of the arms had no counter of any kind, so each got one relaxed
docker/qemu/run-x86-boot-tests.sh:458: # `DispatchLogFact` counter, appended to the `[DISPATCH_STRAND_CENSUS:...]`
docker/qemu/run-x86-boot-tests.sh:459: # line as its own named field. This oracle
docker/qemu/run-x86-boot-tests.sh:460: # (kernel/src/test_framework/registry.rs, run_x86_dispatch_fact_oracle) drives
docker/qemu/run-x86-boot-tests.sh:461: # exactly one leg per fact between two forced census snapshots and reports how
docker/qemu/run-x86-boot-tests.sh:462: # many of the ten moved by EXACTLY one leg. `moved_wrong=0` is the
docker/qemu/run-x86-boot-tests.sh:463: # independence claim -- ten counters that all alias one cell would report
docker/qemu/run-x86-boot-tests.sh:464: # moved_by_one=1 -- and `irqs_enabled_before=1` is the claim that it read the
docker/qemu/run-x86-boot-tests.sh:465: # census through the reporter's real emission boundary, which refuses to run
docker/qemu/run-x86-boot-tests.sh:466: # with interrupts disabled. Pinned as an exact literal, so a FAIL emission
docker/qemu/run-x86-boot-tests.sh:467: # cannot satisfy this gate by merely being present, and pinned to an emission
docker/qemu/run-x86-boot-tests.sh:468: # count of 1 below, so a deleted call site cannot pass by silence.
docker/qemu/run-x86-boot-tests.sh:469: #
docker/qemu/run-x86-boot-tests.sh:470: # What it does NOT show: that any site in context_switch.rs calls the counter.
docker/qemu/run-x86-boot-tests.sh:471: # Seven of the ten arms are defensive arms this tree cannot reach on a running
docker/qemu/run-x86-boot-tests.sh:472: # kernel. tests/dispatch_fact_census_structure.rs pins the site-to-counter
docker/qemu/run-x86-boot-tests.sh:473: # binding at source, per site.
docker/qemu/run-x86-boot-tests.sh:474: DISPATCH_FACT_ORACLE_LITERAL='[DISPATCH_FACT_ORACLE:x86:facts=10:legs=10:moved_by_one=10:moved_wrong=0:irqs_enabled_before=1:PASS]'
docker/qemu/run-x86-boot-tests.sh:475: # The boot-test oracle deliberately drives the detector exactly once; the forbidden exact marker is separately pinned absent below.
docker/qemu/run-x86-boot-tests.sh:476: CREATION_LOCK_ORDER_INJECTED_LITERAL='[CREATION_LOCK_ORDER:INJECTED:PM_HELD]'
docker/qemu/run-x86-boot-tests.sh:477: CREATION_LOCK_ORDER_VIOLATION_LITERAL='[CREATION_LOCK_ORDER:VIOLATION:PM_HELD]'
docker/qemu/run-x86-boot-tests.sh:478: # #767 timer-scale oracle (kernel/src/time_test.rs, report_timer_scale()).
docker/qemu/run-x86-boot-tests.sh:479: # The kernel prints exactly one of these per boot, carrying the two bracketing
docker/qemu/run-x86-boot-tests.sh:480: # tick reads and the millisecond read taken between them. In THIS profile it is
docker/qemu/run-x86-boot-tests.sh:481: # emitted by run_x86_timer_scale_gate(), dispatched first in the boot_tests gate
docker/qemu/run-x86-boot-tests.sh:482: # list in kernel/src/main.rs: a measured 900 s boot of this profile emitted 0 of
docker/qemu/run-x86-boot-tests.sh:483: # these lines in 1 of 1 such boots when the only call site was
docker/qemu/run-x86-boot-tests.sh:484: # test_timer_resolution() in
docker/qemu/run-x86-boot-tests.sh:485: # kernel_main_continue(), which the test userspace preempts before it is
docker/qemu/run-x86-boot-tests.sh:486: # reached. test_timer_resolution() is the shipped (zero-feature) profile's call
docker/qemu/run-x86-boot-tests.sh:487: # site, and is what run-x86-prod-profile-boot-test.sh pins. ms_per_tick=5 is x86's own
docker/qemu/run-x86-boot-tests.sh:488: # 1000 / PIT_HZ with PIT_HZ = 200; a nonzero ticks_before is the anti-vacuity
docker/qemu/run-x86-boot-tests.sh:489: # term (a tick counter still at 0 satisfies any scale factor, so it is not
docker/qemu/run-x86-boot-tests.sh:490: # scored as a pass); in_range=1 is the conversion claim itself. Pinning the
docker/qemu/run-x86-boot-tests.sh:491: # emission count at 1 as well as the PASS line means a FAIL emission cannot
docker/qemu/run-x86-boot-tests.sh:492: # hide behind a later PASS, and a deleted call site cannot pass this gate by
docker/qemu/run-x86-boot-tests.sh:493: # silence.
docker/qemu/run-x86-boot-tests.sh:494: TIMER_SCALE_ORACLE_PREFIX='[TIMER_SCALE_ORACLE:'
docker/qemu/run-x86-boot-tests.sh:495: TIMER_SCALE_ORACLE_PASS_PATTERN='\[TIMER_SCALE_ORACLE:x86:ms_per_tick=5:ticks_before=[1-9][0-9]*:ms=[1-9][0-9]*:ticks_after=[0-9]+:ticks_nonzero=1:in_range=1:PASS\]'
docker/qemu/run-x86-boot-tests.sh:496: # failure-trace-capture PR-2: TIMER_TICK ring-depth self-check
docker/qemu/run-x86-boot-tests.sh:497: # (kernel/src/tracing/providers/irq.rs). PR-2 fix round (2026-09-05,
docker/qemu/run-x86-boot-tests.sh:498: # PR-2-2026-09-05.md section 9) replaced the original span_ms-vs-floor check
docker/qemu/run-x86-boot-tests.sh:499: # here: at the shared 1000 ms checkpoint this gate used to fire at, x86's
docker/qemu/run-x86-boot-tests.sh:500: # 200 Hz PIT tick rate (5x slower than aarch64's) meant only ~200 nominal
docker/qemu/run-x86-boot-tests.sh:501: # ticks had elapsed and the ring had not come close to wrapping in EITHER
docker/qemu/run-x86-boot-tests.sh:502: # configuration -- measured `dropped=0` for both `TICK_SAMPLE=1` (the
docker/qemu/run-x86-boot-tests.sh:503: # mutation this gate exists to catch) and `TICK_SAMPLE=16` (the fix), with
docker/qemu/run-x86-boot-tests.sh:504: # unsampled `span_ms=2677` against sampled `span_ms=3642`-`3831`: both
docker/qemu/run-x86-boot-tests.sh:505: # numbers were just "elapsed wall time so far", not a ring-wrap signal, so
docker/qemu/run-x86-boot-tests.sh:506: # a build with the sampling guard deleted passed this gate anyway -- a
docker/qemu/run-x86-boot-tests.sh:507: # vacuous mutation leg. Retuning the checkpoint later (tried out to 13 s
docker/qemu/run-x86-boot-tests.sh:508: # nominal) traded that for the SAME wall-clock-jitter sensitivity the
docker/qemu/run-x86-boot-tests.sh:509: # aarch64 strict gate hit re-testing its own floor in this same round (a
docker/qemu/run-x86-boot-tests.sh:510: # confirmed real boot on this beast host read `span_ms=17043` against a
docker/qemu/run-x86-boot-tests.sh:511: # 20000 floor calibrated from a DIFFERENT boot's `span_ms=27742` -- a ~40%
docker/qemu/run-x86-boot-tests.sh:512: # swing between two otherwise-identical GREEN boots).
docker/qemu/run-x86-boot-tests.sh:513: #
docker/qemu/run-x86-boot-tests.sh:514: # The oracle now used instead does not depend on wall-clock timing:
docker/qemu/run-x86-boot-tests.sh:515: # `ticks_total` (irq.rs's `TIMER_TICK_TOTAL.aggregate()`, incremented
docker/qemu/run-x86-boot-tests.sh:516: # unconditionally on each tick with no sampling applied) against
docker/qemu/run-x86-boot-tests.sh:517: # `tick_events` (how many TIMER_TICK entries the ring currently holds) is a
docker/qemu/run-x86-boot-tests.sh:518: # pure count ratio. Measured on this beast host (x86_64, `-smp 1`): sampled
docker/qemu/run-x86-boot-tests.sh:519: # (`TICK_SAMPLE=16`, the fix) reads a ratio of 16.67; unsampled
docker/qemu/run-x86-boot-tests.sh:520: # (`TICK_SAMPLE=1`, the mutation) reads a ratio of 1.00 (each tick recorded,
docker/qemu/run-x86-boot-tests.sh:521: # and at this checkpoint the ring had not yet evicted any of them).
docker/qemu/run-x86-boot-tests.sh:522: # RING_SPAN_RATIO_FLOOR sits inside that gap with an order of magnitude of
docker/qemu/run-x86-boot-tests.sh:523: # margin on each side.
docker/qemu/run-x86-boot-tests.sh:524: # span_ms is kept as an informational, non-gating liveness print only.
docker/qemu/run-x86-boot-tests.sh:525: RING_SPAN_PATTERN='\[RING_SPAN:cpu=0:span_ms=[0-9]+:writes=[0-9]+:dropped=[0-9]+:ticks_total=[0-9]+:tick_events=[0-9]+\]'
docker/qemu/run-x86-boot-tests.sh:526: RING_SPAN_RATIO_FLOOR=10
docker/qemu/run-x86-boot-tests.sh:527: # #766: wake-to-dispatch latency. One kthread sleeps 10 ms against an absolute
docker/qemu/run-x86-boot-tests.sh:528: # monotonic deadline while 8 CPU-bound kthreads are runnable; the oracle reports
docker/qemu/run-x86-boot-tests.sh:529: # `wake_instant - deadline`. Before the fix, `wake_expired_timers` enqueued a
docker/qemu/run-x86-boot-tests.sh:530: # thread whose deadline had already passed at the TAIL of the single x86 ready
docker/qemu/run-x86-boot-tests.sh:531: # queue, so the wake cost a full round robin -- #766 measured p90 2592 ms and
docker/qemu/run-x86-boot-tests.sh:532: # max 10318 ms over 324 trials, and #631's `clock_gettime_test` Test 3 red is
docker/qemu/run-x86-boot-tests.sh:533: # that same quantity seen from userspace. The fix enqueues at the head, which
docker/qemu/run-x86-boot-tests.sh:534: # bounds the wait by the running thread's remaining quantum plus one tick:
docker/qemu/run-x86-boot-tests.sh:535: # 10 ticks * 5 ms + 5 ms = 55 ms on this profile. `bound_ms=100` is that plus a
docker/qemu/run-x86-boot-tests.sh:536: # TCG jitter allowance; `quantum_ms` and `round_ms` are printed so the
docker/qemu/run-x86-boot-tests.sh:537: # arithmetic can be redone from the line. The remaining fields are pinned
docker/qemu/run-x86-boot-tests.sh:538: # because the marker's own PASS also requires them, so a gate that re-derives
docker/qemu/run-x86-boot-tests.sh:539: # them cannot be satisfied by a verdict that drifted.
docker/qemu/run-x86-boot-tests.sh:540: TIMER_WAKE_LATENCY_ORACLE_PREFIX='[TIMER_WAKE_LATENCY_ORACLE:'
docker/qemu/run-x86-boot-tests.sh:541: TIMER_WAKE_LATENCY_ORACLE_PASS_PATTERN='\[TIMER_WAKE_LATENCY_ORACLE:x86:sleep_ms=10:peers=8:overrun_ms=[0-9]+:bound_ms=100:quantum_ms=50:round_ms=400:wake_enqueues=[1-9][0-9]*:peers_started=8:peers_spinning=8:backstops=0:setup_ms=[0-9]+:window_ms=[0-9]+:measured=1:PASS\]'
docker/qemu/run-x86-boot-tests.sh:542: # Anti-vacuity preflights on that pattern, in the shape the aarch64 strict gate
docker/qemu/run-x86-boot-tests.sh:543: # uses for its own oracle patterns: a sample carrying the pre-fix reading must
docker/qemu/run-x86-boot-tests.sh:544: # be REJECTED, and a sample carrying a real measured reading must be ACCEPTED.
docker/qemu/run-x86-boot-tests.sh:545: # Without the first, a gate could score green on a line it did not really
docker/qemu/run-x86-boot-tests.sh:546: # constrain; without the second, this gate could not pass.
docker/qemu/run-x86-boot-tests.sh:547: timer_wake_oracle_sample() {
docker/qemu/run-x86-boot-tests.sh:548:     printf '[TIMER_WAKE_LATENCY_ORACLE:x86:sleep_ms=10:peers=8:overrun_ms=%s:bound_ms=100:quantum_ms=50:round_ms=400:wake_enqueues=1:peers_started=8:peers_spinning=8:backstops=0:setup_ms=120:window_ms=430:measured=1:%s]\n' "$1" "$2"
docker/qemu/run-x86-boot-tests.sh:549: }
docker/qemu/run-x86-boot-tests.sh:550: if timer_wake_oracle_sample 2592 FAIL | grep -qE "$TIMER_WAKE_LATENCY_ORACLE_PASS_PATTERN"; then
docker/qemu/run-x86-boot-tests.sh:551:     echo "x86 frame-custody gate preflight: TIMER_WAKE_LATENCY_ORACLE_PASS_PATTERN accepts the pre-#766 reading (overrun_ms=2592, FAIL), so this gate would score green on the round-robin wake latency it exists to catch"
docker/qemu/run-x86-boot-tests.sh:552:     false
docker/qemu/run-x86-boot-tests.sh:553: fi
docker/qemu/run-x86-boot-tests.sh:554: if ! timer_wake_oracle_sample 41 PASS | grep -qE "$TIMER_WAKE_LATENCY_ORACLE_PASS_PATTERN"; then
docker/qemu/run-x86-boot-tests.sh:555:     echo "x86 frame-custody gate preflight: TIMER_WAKE_LATENCY_ORACLE_PASS_PATTERN rejects overrun_ms=41, a reading the repaired dispatch really records, so this gate cannot pass"
docker/qemu/run-x86-boot-tests.sh:556:     false
docker/qemu/run-x86-boot-tests.sh:557: fi
docker/qemu/run-x86-boot-tests.sh:558: # Thirteen oracle/counter lines are pinned by the success chain below; fields are exact except for the bounded boot-state-dependent KSTACK_OWNER fields documented above.
docker/qemu/run-x86-boot-tests.sh:559: # Ten launched test programs, one smoke_hello_time (the RING3_SMOKE process
docker/qemu/run-x86-boot-tests.sh:560: # kernel_main_continue creates after the twelve disk-loaded ones), one
docker/qemu/run-x86-boot-tests.sh:561: # futex_handoff_oracle, one df_preempt_oracle, 64 retire-cohort children, five loopback_wake_test
docker/qemu/run-x86-boot-tests.sh:562: # processes (parent, reader, peer, load, watchdog), 16 exec-cohort children, one
docker/qemu/run-x86-boot-tests.sh:563: # clonevm_exec_test process (renamed by its second-stage exec), its phase-1
docker/qemu/run-x86-boot-tests.sh:564: # CLONE_VM child, two clone-admission oracle rows, one init designation
docker/qemu/run-x86-boot-tests.sh:565: # oracle terminated-row refusal (arm A5), and the two rows P6a PR-2's tombstone
docker/qemu/run-x86-boot-tests.sh:566: # join oracle stages — its fixture has to reach the real zombie state, so both
docker/qemu/run-x86-boot-tests.sh:567: # rows pass through terminate_minimal, which is the tally's choke point. The
docker/qemu/run-x86-boot-tests.sh:568: # init designation oracle's other synthetic rows are removed with remove_process
docker/qemu/run-x86-boot-tests.sh:569: # and contribute nothing, while its two construction-failure arms create no row
docker/qemu/run-x86-boot-tests.sh:570: # at all:
docker/qemu/run-x86-boot-tests.sh:571: # 10 + 1 + 1 + 1 + 64 + 5 + 16 + 1 + 1 + 2 + 1 + 2 = 105. The exec-detach oracle contributes
docker/qemu/run-x86-boot-tests.sh:572: # zero because its rows use the deferred-reclaim path rather than the
docker/qemu/run-x86-boot-tests.sh:573: # Process::terminate / terminate_minimal tally choke point. This is a floor,
docker/qemu/run-x86-boot-tests.sh:574: # checked >= by scripts/x86-gate-verdict.sh; the production-path arm execs the
docker/qemu/run-x86-boot-tests.sh:575: # cohort's already-inserted parent and fails without launching a new userspace
docker/qemu/run-x86-boot-tests.sh:576: # process; re-pin consciously.
docker/qemu/run-x86-boot-tests.sh:577: # claim-lint:ok: the 12 addends above are this paragraph's own enumeration,
docker/qemu/run-x86-boot-tests.sh:578: # and their sum is checked as a FLOOR (>=) by scripts/x86-gate-verdict.sh, so a
docker/qemu/run-x86-boot-tests.sh:579: # boot that exits fewer rows than the enumeration names still fails it. The
docker/qemu/run-x86-boot-tests.sh:580: # "contribute nothing" clause names rows removed with remove_process, which
docker/qemu/run-x86-boot-tests.sh:581: # never reach the Process::terminate / terminate_minimal choke point this
docker/qemu/run-x86-boot-tests.sh:582: # floor counts.
docker/qemu/run-x86-boot-tests.sh:583: #
docker/qemu/run-x86-boot-tests.sh:584: # Re-derived for P6a PR-2, and the re-derivation closed a pre-existing one-row
docker/qemu/run-x86-boot-tests.sh:585: # gap rather than only adding this PR's two: the enumeration read 101 while the
docker/qemu/run-x86-boot-tests.sh:586: # gate's own runs measured 102 (two runs, 2026-08-23) because smoke_hello_time
docker/qemu/run-x86-boot-tests.sh:587: # was never counted. 102 + this PR's two staged rows = 104, which is what the
docker/qemu/run-x86-boot-tests.sh:588: # branch's own run measures.
docker/qemu/run-x86-boot-tests.sh:589: #
docker/qemu/run-x86-boot-tests.sh:590: # 105, not 104, since the 737 direction-flag preempt oracle joined the
docker/qemu/run-x86-boot-tests.sh:591: # RING3_SMOKE roster. It is one more launched program that runs to
docker/qemu/run-x86-boot-tests.sh:592: # completion and exits once, so it moves this floor by exactly 1. It never
docker/qemu/run-x86-boot-tests.sh:593: # forks, so it contributes 0 to PRODUCTION_REAPED_ROWS above, which is
docker/qemu/run-x86-boot-tests.sh:594: # derived from fork call sites and is left untouched by this addition.
docker/qemu/run-x86-boot-tests.sh:595: # claim-lint:ok: 0 of 0 fork() call sites in
docker/qemu/run-x86-boot-tests.sh:596: # userspace/programs/src/df_preempt_oracle.rs under the same
docker/qemu/run-x86-boot-tests.sh:597: # grep -cE '(match|=) *([a-zA-Z_]+::)*fork\(\)' pattern the
docker/qemu/run-x86-boot-tests.sh:598: # PRODUCTION_REAPED_ROWS loop above runs; the +1 is the single exit of the
docker/qemu/run-x86-boot-tests.sh:599: # single process kernel/src/main.rs creates for it. #737.
docker/qemu/run-x86-boot-tests.sh:600: readonly EXPECTED_USERSPACE_EXITS=105
docker/qemu/run-x86-boot-tests.sh:601:
docker/qemu/run-x86-boot-tests.sh:602: cd "$BREENIX_ROOT"
docker/qemu/run-x86-boot-tests.sh:603: cargo build --release --features boot_tests,testing,external_test_bins --bin qemu-uefi
docker/qemu/run-x86-boot-tests.sh:604:
docker/qemu/run-x86-boot-tests.sh:605: # Binary-level guard for #791: the kernel-thread dispatch path must not allocate.
docker/qemu/run-x86-boot-tests.sh:606: # tests/dispatch_path_lock_free_structure.rs checks the same property at source
docker/qemu/run-x86-boot-tests.sh:607: # level, but only as a denylist of spellings it knows; this reads the kernel that
docker/qemu/run-x86-boot-tests.sh:608: # is about to boot. It is placed here, immediately after the build that produces
docker/qemu/run-x86-boot-tests.sh:609: # that ELF, because this is the only gate step that has the linked kernel in
docker/qemu/run-x86-boot-tests.sh:610: # hand. It fails the gate rather than warning: an allocation on that path is the
docker/qemu/run-x86-boot-tests.sh:611: # defect that wedged this very gate inside x86_retire_cohort.
docker/qemu/run-x86-boot-tests.sh:612: # claim-lint:ok: the guard is scripts/check-x86-dispatch-no-alloc.sh; its
docker/qemu/run-x86-boot-tests.sh:613: # anti-vacuity arm fails when the symbol is absent.
docker/qemu/run-x86-boot-tests.sh:614: ./scripts/check-x86-dispatch-no-alloc.sh
docker/qemu/run-x86-boot-tests.sh:615: BREENIX_PRINT_UEFI_IMAGE=1 cargo run --release \
docker/qemu/run-x86-boot-tests.sh:616:     --features boot_tests,testing,external_test_bins --bin qemu-uefi >/dev/null
docker/qemu/run-x86-boot-tests.sh:617: # create-test-disk packs userspace/programs/*.elf without rebuilding them, so
docker/qemu/run-x86-boot-tests.sh:618: # repack every run to pick up rebuilt userspace; callers must rebuild those
docker/qemu/run-x86-boot-tests.sh:619: # ELFs with ./userspace/programs/build.sh when userspace or libs/libbreenix-libc changed.
docker/qemu/run-x86-boot-tests.sh:620: rm -f target/test_binaries.img
docker/qemu/run-x86-boot-tests.sh:621: cargo run -p xtask -- create-test-disk
docker/qemu/run-x86-boot-tests.sh:622: # The ext2 image carries the same userspace binaries, so rebuild it every run:
docker/qemu/run-x86-boot-tests.sh:623: # a cached image silently boots old programs, and a fresh program execv-ing its
docker/qemu/run-x86-boot-tests.sh:624: # own installed path can land in a stale copy of itself.
docker/qemu/run-x86-boot-tests.sh:625: rm -f target/ext2.img
docker/qemu/run-x86-boot-tests.sh:626: ./scripts/create_ext2_disk.sh
docker/qemu/run-x86-boot-tests.sh:627:
docker/qemu/run-x86-boot-tests.sh:628: UEFI_IMG=$(ls -t target/release/build/breenix-*/out/breenix-uefi.img | head -1)
docker/qemu/run-x86-boot-tests.sh:629: test -n "$UEFI_IMG"
docker/qemu/run-x86-boot-tests.sh:630:
docker/qemu/run-x86-boot-tests.sh:631: for i in $(seq 1 "$COUNT"); do
docker/qemu/run-x86-boot-tests.sh:632:     OUTPUT_DIR="$BREENIX_GATE_TMP/breenix_x86_boot_tests_$i"
docker/qemu/run-x86-boot-tests.sh:633:     rm -rf "$OUTPUT_DIR"
docker/qemu/run-x86-boot-tests.sh:634:     mkdir -p "$OUTPUT_DIR"
docker/qemu/run-x86-boot-tests.sh:635:     cp target/ovmf/x64/code.fd "$OUTPUT_DIR/OVMF_CODE.fd"
docker/qemu/run-x86-boot-tests.sh:636:     cp target/ovmf/x64/vars.fd "$OUTPUT_DIR/OVMF_VARS.fd"
docker/qemu/run-x86-boot-tests.sh:637:
docker/qemu/run-x86-boot-tests.sh:638:     qemu_host_lock_acquire qemu-system-x86_64
docker/qemu/run-x86-boot-tests.sh:639:     # #827/#865: "start" is sampled here, right after the lock is held and
docker/qemu/run-x86-boot-tests.sh:640:     # right before QEMU is launched -- this is when THIS boot's own
docker/qemu/run-x86-boot-tests.sh:641:     # wall-clock window actually begins, so time spent blocked on the host
docker/qemu/run-x86-boot-tests.sh:642:     # lock is not folded into the window the guest-uptime ratio is measured
docker/qemu/run-x86-boot-tests.sh:643:     # against.
docker/qemu/run-x86-boot-tests.sh:644:     HOST_MS_START="$(gbf_host_ms_now)"
docker/qemu/run-x86-boot-tests.sh:645:     QEMU_AT_START="$(qemu_host_lock_count qemu-system-x86_64)"
docker/qemu/run-x86-boot-tests.sh:646:     LOAD_AT_START="$(gbf_load_1m)"
docker/qemu/run-x86-boot-tests.sh:647:     qemu-system-x86_64 \
docker/qemu/run-x86-boot-tests.sh:648:         -pflash "$OUTPUT_DIR/OVMF_CODE.fd" \
docker/qemu/run-x86-boot-tests.sh:649:         -pflash "$OUTPUT_DIR/OVMF_VARS.fd" \
docker/qemu/run-x86-boot-tests.sh:650:         -drive "if=none,id=hd,format=raw,readonly=on,file=$BREENIX_ROOT/$UEFI_IMG" \
docker/qemu/run-x86-boot-tests.sh:651:         -device virtio-blk-pci,drive=hd,bootindex=0,disable-modern=on,disable-legacy=off \
docker/qemu/run-x86-boot-tests.sh:652:         -drive "if=none,id=testdisk,format=raw,readonly=on,file=$BREENIX_ROOT/target/test_binaries.img" \
docker/qemu/run-x86-boot-tests.sh:653:         -device virtio-blk-pci,drive=testdisk,disable-modern=on,disable-legacy=off \
docker/qemu/run-x86-boot-tests.sh:654:         -drive "if=none,id=ext2disk,format=raw,readonly=on,file=$BREENIX_ROOT/target/ext2.img" \
docker/qemu/run-x86-boot-tests.sh:655:         -device virtio-blk-pci,drive=ext2disk,disable-modern=on,disable-legacy=off \
docker/qemu/run-x86-boot-tests.sh:656:         -machine pc,accel=tcg -cpu qemu64 -smp 1 -m 512 \
docker/qemu/run-x86-boot-tests.sh:657:         -display none -no-reboot -no-shutdown \
docker/qemu/run-x86-boot-tests.sh:658:         -device isa-debug-exit,iobase=0xf4,iosize=0x04 \
docker/qemu/run-x86-boot-tests.sh:659:         -serial "file:$OUTPUT_DIR/serial_user.txt" \
docker/qemu/run-x86-boot-tests.sh:660:         -serial "file:$OUTPUT_DIR/serial_kernel.txt" \
docker/qemu/run-x86-boot-tests.sh:661:         >"$OUTPUT_DIR/qemu.log" 2>&1 &
docker/qemu/run-x86-boot-tests.sh:662:     RUNNER_PID=$!
docker/qemu/run-x86-boot-tests.sh:663:     # F2 (#835 idiom): registers this PID with the lock's own EXIT trap so a
docker/qemu/run-x86-boot-tests.sh:664:     # SIGTERM/SIGINT delivered to just this script's own PID during the poll
docker/qemu/run-x86-boot-tests.sh:665:     # below still kills QEMU instead of orphaning it with the lock free.
docker/qemu/run-x86-boot-tests.sh:666:     qemu_host_lock_track_pid "$RUNNER_PID"
docker/qemu/run-x86-boot-tests.sh:667:
docker/qemu/run-x86-boot-tests.sh:668:     passed=false
docker/qemu/run-x86-boot-tests.sh:669:     # failure-trace-capture PR-5: cleared here, alongside `passed`, and set
docker/qemu/run-x86-boot-tests.sh:670:     # at the SAME site `passed=true` is set below -- rather than read
docker/qemu/run-x86-boot-tests.sh:671:     # `$passed` a second time after the loop (this gate's own structural
docker/qemu/run-x86-boot-tests.sh:672:     # ratchet, tests/teardown_structure.rs::validate_x86_frame_custody_harness,
docker/qemu/run-x86-boot-tests.sh:673:     # pins that read count at exactly 1) so whether this is still empty
docker/qemu/run-x86-boot-tests.sh:674:     # after the loop is the drain decision.
docker/qemu/run-x86-boot-tests.sh:675:     CAPTURE_LINES=""
docker/qemu/run-x86-boot-tests.sh:676:     # #865: which named branch of the poll loop below broke it, set inline
docker/qemu/run-x86-boot-tests.sh:677:     # at each existing break site rather than re-derived by re-grepping the
docker/qemu/run-x86-boot-tests.sh:678:     # same patterns afterward -- see the loop's own comment on why.
docker/qemu/run-x86-boot-tests.sh:679:     POLL_BREAK_REASON=""
docker/qemu/run-x86-boot-tests.sh:680:     # Four scheduling tests remain deferred on x86 until #567 is fixed:
docker/qemu/run-x86-boot-tests.sh:681:     # loopback_recv_wake_when_idle, loopback_recv_wake_under_load,
docker/qemu/run-x86-boot-tests.sh:682:     # loopback_pump_does_not_busy_spin, and tcp_final_ack_survives_accept_publish_race.
docker/qemu/run-x86-boot-tests.sh:683:     # Review finding B1: the boot-window loopback wake-loss counter gate is a
docker/qemu/run-x86-boot-tests.sh:684:     # bonus, not the proof for #545. It samples before any user process exists,
docker/qemu/run-x86-boot-tests.sh:685:     # so three of its four counters are structurally zero and it cannot go red
docker/qemu/run-x86-boot-tests.sh:686:     # for a #545 regression. The userspace recv/EOF wake marker below is the
docker/qemu/run-x86-boot-tests.sh:687:     # #545 regression marker on x86: it proves end-to-end loopback FIN delivery
docker/qemu/run-x86-boot-tests.sh:688:     # and blocked-reader wake, and goes red under a wake-path defect injection.
docker/qemu/run-x86-boot-tests.sh:689:     # It is NOT a proof that kloopbackd is necessary — syscall-path drains can
docker/qemu/run-x86-boot-tests.sh:690:     # deliver the same FIN, so the mechanism-level necessity proof is the
docker/qemu/run-x86-boot-tests.sh:691:     # aarch64 deterministic registry suite (loopback_recv_wake_when_idle /
docker/qemu/run-x86-boot-tests.sh:692:     # loopback_recv_wake_under_load), which is red on main.
docker/qemu/run-x86-boot-tests.sh:693:     # The poll loop kills QEMU the moment it breaks, so it must never break on a
docker/qemu/run-x86-boot-tests.sh:694:     # marker the kernel prints BEFORE the one the verdict needs. `TEST_TALLY:` is
docker/qemu/run-x86-boot-tests.sh:695:     # emitted first and `TEST RUNNER: All tests passed` / `TEST RUNNER: FAILED`
docker/qemu/run-x86-boot-tests.sh:696:     # last (kernel/src/syscall/handlers.rs), so breaking on the tally alone raced
docker/qemu/run-x86-boot-tests.sh:697:     # the terminal marker and scored a healthy boot as
docker/qemu/run-x86-boot-tests.sh:698:     # "nonzero=0 but the all-tests-passed marker is absent". Wait for the terminal
docker/qemu/run-x86-boot-tests.sh:699:     # verdict marker itself; either polarity ends the wait, and the failing
docker/qemu/run-x86-boot-tests.sh:700:     # polarity is still rejected downstream by scripts/x86-gate-verdict.sh.
docker/qemu/run-x86-boot-tests.sh:701:     for _ in $(seq 1 900); do
docker/qemu/run-x86-boot-tests.sh:702:         # failure-trace-capture PR-5's own forced-fail knob (unset by
docker/qemu/run-x86-boot-tests.sh:703:         # default, so an ordinary run is unaffected): keeps this
docker/qemu/run-x86-boot-tests.sh:704:         # conjunction from ever setting passed=true, so a live boot can
docker/qemu/run-x86-boot-tests.sh:705:         # exercise the drain path below deterministically instead of
docker/qemu/run-x86-boot-tests.sh:706:         # waiting on a rare fault. See
docker/qemu/run-x86-boot-tests.sh:707:         # docs/planning/green-program/failure-capture/PR-5-2026-09-06.md.
docker/qemu/run-x86-boot-tests.sh:708:         if [ -z "${BREENIX_X86_BOOT_FORCE_FAIL:-}" ] \
docker/qemu/run-x86-boot-tests.sh:709:             && grep -q '\[TEST:process:frame_custody_refusal_gate:PASS\]' \
docker/qemu/run-x86-boot-tests.sh:710:             "$OUTPUT_DIR"/serial_*.txt 2>/dev/null \
docker/qemu/run-x86-boot-tests.sh:711:             && grep -qE "$FRAME_CUSTODY_PATTERN" \
docker/qemu/run-x86-boot-tests.sh:712:                 "$OUTPUT_DIR"/serial_*.txt 2>/dev/null \
docker/qemu/run-x86-boot-tests.sh:713:             && grep -q '\[TEST:process:page_table_custody_disposition_gate:PASS\]' \
docker/qemu/run-x86-boot-tests.sh:714:                 "$OUTPUT_DIR"/serial_*.txt 2>/dev/null \
docker/qemu/run-x86-boot-tests.sh:715:             && grep -qF "$PT_CUSTODY_LITERAL" \
docker/qemu/run-x86-boot-tests.sh:716:                 "$OUTPUT_DIR"/serial_*.txt 2>/dev/null \
docker/qemu/run-x86-boot-tests.sh:717:             && grep -qE "$EXEC_FAILED_RELEASE_ORACLE_PATTERN" \
docker/qemu/run-x86-boot-tests.sh:718:                 "$OUTPUT_DIR"/serial_*.txt 2>/dev/null \
docker/qemu/run-x86-boot-tests.sh:719:             && grep -q '\[TEST:process:retirement_fence_gate:PASS\]' \
docker/qemu/run-x86-boot-tests.sh:720:                 "$OUTPUT_DIR"/serial_*.txt 2>/dev/null \
docker/qemu/run-x86-boot-tests.sh:721:             && grep -q '\[TEST:process:reclaim_progress_gate:PASS\]' \
docker/qemu/run-x86-boot-tests.sh:722:                 "$OUTPUT_DIR"/serial_*.txt 2>/dev/null \
docker/qemu/run-x86-boot-tests.sh:723:             && grep -q '\[TEST:process:x86_retire_cohort:PASS\]' \
docker/qemu/run-x86-boot-tests.sh:724:                 "$OUTPUT_DIR"/serial_*.txt 2>/dev/null \
docker/qemu/run-x86-boot-tests.sh:725:             && grep -qF "$PT_COHORT_LITERAL" \
docker/qemu/run-x86-boot-tests.sh:726:                 "$OUTPUT_DIR"/serial_*.txt 2>/dev/null \
docker/qemu/run-x86-boot-tests.sh:727:             && grep -q '\[TEST:process:x86_exec_cohort:PASS\]' \
docker/qemu/run-x86-boot-tests.sh:728:                 "$OUTPUT_DIR"/serial_*.txt 2>/dev/null \
docker/qemu/run-x86-boot-tests.sh:729:             && grep -qF "$PT_EXEC_COHORT_LITERAL" \
docker/qemu/run-x86-boot-tests.sh:730:                 "$OUTPUT_DIR"/serial_*.txt 2>/dev/null \
docker/qemu/run-x86-boot-tests.sh:731:             && grep -q '\[TEST:process:exec_detach_oracle:PASS\]' \
docker/qemu/run-x86-boot-tests.sh:732:                 "$OUTPUT_DIR"/serial_*.txt 2>/dev/null \
docker/qemu/run-x86-boot-tests.sh:733:             && grep -qF "$EXEC_DETACH_ORACLE_LITERAL" \
docker/qemu/run-x86-boot-tests.sh:734:                 "$OUTPUT_DIR"/serial_*.txt 2>/dev/null \
docker/qemu/run-x86-boot-tests.sh:735:             && grep -q '\[TEST:process:clone_admission_oracle:PASS\]' \
docker/qemu/run-x86-boot-tests.sh:736:                 "$OUTPUT_DIR"/serial_*.txt 2>/dev/null \
docker/qemu/run-x86-boot-tests.sh:737:             && grep -qF "$CLONE_ADMISSION_ORACLE_LITERAL" \
docker/qemu/run-x86-boot-tests.sh:738:                 "$OUTPUT_DIR"/serial_*.txt 2>/dev/null \
docker/qemu/run-x86-boot-tests.sh:739:             && grep -q '\[TEST:process:init_designation_oracle:PASS\]' \
docker/qemu/run-x86-boot-tests.sh:740:                 "$OUTPUT_DIR"/serial_*.txt 2>/dev/null \
docker/qemu/run-x86-boot-tests.sh:741:             && grep -qF "$INIT_DESIGNATION_ORACLE_LITERAL" \
docker/qemu/run-x86-boot-tests.sh:742:                 "$OUTPUT_DIR"/serial_*.txt 2>/dev/null \
docker/qemu/run-x86-boot-tests.sh:743:             && grep -q '\[TEST:process:init_group_refusal_oracle:PASS\]' \
docker/qemu/run-x86-boot-tests.sh:744:                 "$OUTPUT_DIR"/serial_*.txt 2>/dev/null \
docker/qemu/run-x86-boot-tests.sh:745:             && grep -qF "$INIT_GROUP_REFUSAL_ORACLE_LITERAL" \
docker/qemu/run-x86-boot-tests.sh:746:                 "$OUTPUT_DIR"/serial_*.txt 2>/dev/null \
docker/qemu/run-x86-boot-tests.sh:747:             && grep -qE "$SCHED_STRAND_ORACLE_PATTERN" \
docker/qemu/run-x86-boot-tests.sh:748:                 "$OUTPUT_DIR"/serial_*.txt 2>/dev/null \
docker/qemu/run-x86-boot-tests.sh:749:             && grep -qE "$TIMER_WAKE_LATENCY_ORACLE_PASS_PATTERN" \
docker/qemu/run-x86-boot-tests.sh:750:                 "$OUTPUT_DIR"/serial_*.txt 2>/dev/null \
docker/qemu/run-x86-boot-tests.sh:751:             && grep -qF "$CENSUS_WIDEN_ORACLE_LITERAL" \
docker/qemu/run-x86-boot-tests.sh:752:                 "$OUTPUT_DIR"/serial_*.txt 2>/dev/null \
docker/qemu/run-x86-boot-tests.sh:753:             && grep -qF "$FCNTL_PM_CONTENTION_ORACLE_LITERAL" \
docker/qemu/run-x86-boot-tests.sh:754:                 "$OUTPUT_DIR"/serial_*.txt 2>/dev/null \
docker/qemu/run-x86-boot-tests.sh:755:             && grep -qF "$IRQ_HOLD_ORACLE_LITERAL" \
docker/qemu/run-x86-boot-tests.sh:756:                 "$OUTPUT_DIR"/serial_*.txt 2>/dev/null \
docker/qemu/run-x86-boot-tests.sh:757:             && grep -qF "$UDP_LOCK_ORACLE_LITERAL" \
docker/qemu/run-x86-boot-tests.sh:758:                 "$OUTPUT_DIR"/serial_*.txt 2>/dev/null \
docker/qemu/run-x86-boot-tests.sh:759:             && grep -qF "$UDP_PORTS_LOCK_ORACLE_LITERAL" \
docker/qemu/run-x86-boot-tests.sh:760:                 "$OUTPUT_DIR"/serial_*.txt 2>/dev/null \
docker/qemu/run-x86-boot-tests.sh:761:             && grep -qE "$TTY_IRQ_PM_ORACLE_PATTERN" \
docker/qemu/run-x86-boot-tests.sh:762:                 "$OUTPUT_DIR"/serial_*.txt 2>/dev/null \
docker/qemu/run-x86-boot-tests.sh:763:             && grep -qE "$TTY_IRQ_FG_ORACLE_PATTERN" \
docker/qemu/run-x86-boot-tests.sh:764:                 "$OUTPUT_DIR"/serial_*.txt 2>/dev/null \
docker/qemu/run-x86-boot-tests.sh:765:             && grep -qF "$DISPATCH_FACT_ORACLE_LITERAL" \
docker/qemu/run-x86-boot-tests.sh:766:                 "$OUTPUT_DIR"/serial_*.txt 2>/dev/null \
docker/qemu/run-x86-boot-tests.sh:767:             && grep -qF "$EXEC_FAILED_RELEASE_PROD_LITERAL" \
docker/qemu/run-x86-boot-tests.sh:768:                 "$OUTPUT_DIR"/serial_*.txt 2>/dev/null \
docker/qemu/run-x86-boot-tests.sh:769:             && grep -qE "$KSTACK_OWNER_ORACLE_PATTERN" \
docker/qemu/run-x86-boot-tests.sh:770:                 "$OUTPUT_DIR"/serial_*.txt 2>/dev/null \
docker/qemu/run-x86-boot-tests.sh:771:             && grep -qF "$CREATION_LOCK_ORDER_INJECTED_LITERAL" \
docker/qemu/run-x86-boot-tests.sh:772:                 "$OUTPUT_DIR"/serial_*.txt 2>/dev/null \
docker/qemu/run-x86-boot-tests.sh:773:             && grep -qF "$TOMBSTONE_JOIN_ORACLE_LITERAL" \
docker/qemu/run-x86-boot-tests.sh:774:                 "$OUTPUT_DIR"/serial_*.txt 2>/dev/null \
docker/qemu/run-x86-boot-tests.sh:775:             && grep -qF '[TOMBSTONE_QUIESCE:' \
docker/qemu/run-x86-boot-tests.sh:776:                 "$OUTPUT_DIR"/serial_*.txt 2>/dev/null \
docker/qemu/run-x86-boot-tests.sh:777:             && grep -qE "$KSTACK_QUIESCE_LEAK_PATTERN" \
docker/qemu/run-x86-boot-tests.sh:778:                 "$OUTPUT_DIR"/serial_*.txt 2>/dev/null \
docker/qemu/run-x86-boot-tests.sh:779:             && grep -qF '[RECLAIM_DRAIN:' \
docker/qemu/run-x86-boot-tests.sh:780:                 "$OUTPUT_DIR"/serial_*.txt 2>/dev/null \
docker/qemu/run-x86-boot-tests.sh:781:             && grep -q '\[TEST:userspace:loopback_recv_wake:PASS\]' \
docker/qemu/run-x86-boot-tests.sh:782:                 "$OUTPUT_DIR"/serial_*.txt 2>/dev/null \
docker/qemu/run-x86-boot-tests.sh:783:             && grep -q 'TEST_TALLY:' \
docker/qemu/run-x86-boot-tests.sh:784:                 "$OUTPUT_DIR"/serial_*.txt 2>/dev/null \
docker/qemu/run-x86-boot-tests.sh:785:             && grep -qE 'TEST RUNNER: (All tests passed|FAILED)' \
docker/qemu/run-x86-boot-tests.sh:786:                 "$OUTPUT_DIR"/serial_*.txt 2>/dev/null; then
docker/qemu/run-x86-boot-tests.sh:787:             passed=true
docker/qemu/run-x86-boot-tests.sh:788:             # failure-trace-capture PR-5: set at the same site as
docker/qemu/run-x86-boot-tests.sh:789:             # `passed=true`, not read from it -- see the comment beside
docker/qemu/run-x86-boot-tests.sh:790:             # `passed=false` above.
docker/qemu/run-x86-boot-tests.sh:791:             CAPTURE_LINES="$(gcd_pass_report)"
docker/qemu/run-x86-boot-tests.sh:792:             POLL_BREAK_REASON="scored_pass"
docker/qemu/run-x86-boot-tests.sh:793:             break
docker/qemu/run-x86-boot-tests.sh:794:         fi
docker/qemu/run-x86-boot-tests.sh:795:         # #865: each branch below records its own name in POLL_BREAK_REASON
docker/qemu/run-x86-boot-tests.sh:796:         # right before the break that already existed here -- an annotation
docker/qemu/run-x86-boot-tests.sh:797:         # of which existing branch fired, not a new grep of the pattern it
docker/qemu/run-x86-boot-tests.sh:798:         # already checks. The GATE_BOOT_FACTS ended_by classification just
docker/qemu/run-x86-boot-tests.sh:799:         # below the loop reads this instead of re-grepping these same
docker/qemu/run-x86-boot-tests.sh:800:         # literal FAIL/PANIC patterns a second time, which would silently
docker/qemu/run-x86-boot-tests.sh:801:         # desync loopback_pump_structure.rs's and teardown_structure.rs's
docker/qemu/run-x86-boot-tests.sh:802:         # own exact-occurrence-count ratchets on this file's text.
docker/qemu/run-x86-boot-tests.sh:803:         if grep -qE '\[BOOT_TESTS:FAIL|KERNEL PANIC|panic!' \
docker/qemu/run-x86-boot-tests.sh:804:             "$OUTPUT_DIR"/serial_*.txt 2>/dev/null; then
docker/qemu/run-x86-boot-tests.sh:805:             POLL_BREAK_REASON="crash_marker"
docker/qemu/run-x86-boot-tests.sh:806:             break
docker/qemu/run-x86-boot-tests.sh:807:         fi
docker/qemu/run-x86-boot-tests.sh:808:         if grep -qE '\[CENSUS_WIDEN_ORACLE:x86:[^]]*:FAIL\]' \
docker/qemu/run-x86-boot-tests.sh:809:             "$OUTPUT_DIR"/serial_*.txt 2>/dev/null; then
docker/qemu/run-x86-boot-tests.sh:810:             POLL_BREAK_REASON="failure_marker"
docker/qemu/run-x86-boot-tests.sh:811:             break
docker/qemu/run-x86-boot-tests.sh:812:         fi
docker/qemu/run-x86-boot-tests.sh:813:         # The scheduler publication seam emits this prefix if it publishes while
docker/qemu/run-x86-boot-tests.sh:814:         # the process-manager lock is held on that CPU; fail early on any variant.
docker/qemu/run-x86-boot-tests.sh:815:         if grep -qF '[CREATION_LOCK_ORDER:VIOLATION' \
docker/qemu/run-x86-boot-tests.sh:816:             "$OUTPUT_DIR"/serial_*.txt 2>/dev/null; then
docker/qemu/run-x86-boot-tests.sh:817:             POLL_BREAK_REASON="failure_marker"
docker/qemu/run-x86-boot-tests.sh:818:             break
docker/qemu/run-x86-boot-tests.sh:819:         fi
docker/qemu/run-x86-boot-tests.sh:820:         if grep -qE '\[TEST:network:[^]]*:FAIL' \
docker/qemu/run-x86-boot-tests.sh:821:             "$OUTPUT_DIR"/serial_*.txt 2>/dev/null; then
docker/qemu/run-x86-boot-tests.sh:822:             POLL_BREAK_REASON="failure_marker"
docker/qemu/run-x86-boot-tests.sh:823:             break
docker/qemu/run-x86-boot-tests.sh:824:         fi
docker/qemu/run-x86-boot-tests.sh:825:         if grep -qE '\[TEST:userspace:[^]]*:FAIL' \
docker/qemu/run-x86-boot-tests.sh:826:             "$OUTPUT_DIR"/serial_*.txt 2>/dev/null; then
docker/qemu/run-x86-boot-tests.sh:827:             POLL_BREAK_REASON="failure_marker"
docker/qemu/run-x86-boot-tests.sh:828:             break
docker/qemu/run-x86-boot-tests.sh:829:         fi
docker/qemu/run-x86-boot-tests.sh:830:         if ! kill -0 "$RUNNER_PID" 2>/dev/null; then
docker/qemu/run-x86-boot-tests.sh:831:             break
docker/qemu/run-x86-boot-tests.sh:832:         fi
docker/qemu/run-x86-boot-tests.sh:833:         sleep 1
docker/qemu/run-x86-boot-tests.sh:834:     done
docker/qemu/run-x86-boot-tests.sh:835:
docker/qemu/run-x86-boot-tests.sh:836:     # failure-trace-capture PR-5: on any outcome that is not already a
docker/qemu/run-x86-boot-tests.sh:837:     # confirmed pass, drain the guest's BXCAP capture (if one is open)
docker/qemu/run-x86-boot-tests.sh:838:     # BEFORE the kill line below runs. CAPTURE_LINES is still empty here
docker/qemu/run-x86-boot-tests.sh:839:     # exactly when the loop above did not reach its passed=true site -- the
docker/qemu/run-x86-boot-tests.sh:840:     # same condition, reached without a second read of `$passed` (see the
docker/qemu/run-x86-boot-tests.sh:841:     # comment beside `passed=false`). This gate's guest writes to two serial
docker/qemu/run-x86-boot-tests.sh:842:     # files, and BXCAP output can land on either.
docker/qemu/run-x86-boot-tests.sh:843:     if [ -z "$CAPTURE_LINES" ]; then
docker/qemu/run-x86-boot-tests.sh:844:         CAPTURE_LINES="$(gcd_drain_and_report "$OUTPUT_DIR"/serial_*.txt)"
docker/qemu/run-x86-boot-tests.sh:845:     fi
docker/qemu/run-x86-boot-tests.sh:846:     # #827/#865: sampled together, immediately before this boot's own kill --
docker/qemu/run-x86-boot-tests.sh:847:     # ps has no output for a PID already gone, so qemu_cpu_seconds and the
docker/qemu/run-x86-boot-tests.sh:848:     # aliveness check below must both run before the kill line, not after.
docker/qemu/run-x86-boot-tests.sh:849:     HOST_MS_END="$(gbf_host_ms_now)"
docker/qemu/run-x86-boot-tests.sh:850:     QEMU_AT_END="$(qemu_host_lock_count qemu-system-x86_64)"
docker/qemu/run-x86-boot-tests.sh:851:     LOAD_AT_END="$(gbf_load_1m)"
docker/qemu/run-x86-boot-tests.sh:852:     QEMU_ACTUAL_PID="$(gbf_resolve_qemu_pid "$RUNNER_PID" qemu-system-x86_64)"
docker/qemu/run-x86-boot-tests.sh:853:     QEMU_CPU_S="$(gbf_qemu_cpu_seconds "$QEMU_ACTUAL_PID")"
docker/qemu/run-x86-boot-tests.sh:854:     QEMU_STILL_ALIVE=1
docker/qemu/run-x86-boot-tests.sh:855:     kill -0 "$RUNNER_PID" 2>/dev/null || QEMU_STILL_ALIVE=0
docker/qemu/run-x86-boot-tests.sh:856:
docker/qemu/run-x86-boot-tests.sh:857:     kill "$RUNNER_PID" 2>/dev/null || true
docker/qemu/run-x86-boot-tests.sh:858:     wait "$RUNNER_PID" 2>/dev/null || true
docker/qemu/run-x86-boot-tests.sh:859:     qemu_host_lock_release
docker/qemu/run-x86-boot-tests.sh:860:
docker/qemu/run-x86-boot-tests.sh:861:     # #865: ended_by names which bound in the poll loop above actually ended
docker/qemu/run-x86-boot-tests.sh:862:     # this boot -- a read taken immediately after the loop already stopped
docker/qemu/run-x86-boot-tests.sh:863:     # (the same #827 idiom the aarch64 strict gate uses), not a new stop
docker/qemu/run-x86-boot-tests.sh:864:     # condition. POLL_BREAK_REASON is set inline inside the loop above, at
docker/qemu/run-x86-boot-tests.sh:865:     # the same existing branches (including the success branch, alongside
docker/qemu/run-x86-boot-tests.sh:866:     # `passed=true`) -- deriving ended_by from a fresh re-grep of those same
docker/qemu/run-x86-boot-tests.sh:867:     # literal patterns here, or from a second read of $passed, would
docker/qemu/run-x86-boot-tests.sh:868:     # silently add a bypass-worthy extra occurrence to text
docker/qemu/run-x86-boot-tests.sh:869:     # loopback_pump_structure.rs and teardown_structure.rs both pin the
docker/qemu/run-x86-boot-tests.sh:870:     # exact occurrence count of, which is what the first version of this
docker/qemu/run-x86-boot-tests.sh:871:     # change did (caught by both ratchets going red on this branch).
docker/qemu/run-x86-boot-tests.sh:872:     ENDED_BY="poll_exhausted"
docker/qemu/run-x86-boot-tests.sh:873:     if [ -n "$POLL_BREAK_REASON" ]; then
docker/qemu/run-x86-boot-tests.sh:874:         ENDED_BY="$POLL_BREAK_REASON"
docker/qemu/run-x86-boot-tests.sh:875:     elif [ "$QEMU_STILL_ALIVE" = "0" ]; then
docker/qemu/run-x86-boot-tests.sh:876:         ENDED_BY="qemu_exited_early"
docker/qemu/run-x86-boot-tests.sh:877:     fi
docker/qemu/run-x86-boot-tests.sh:878:     GUEST_UPTIME_MS="$(gbf_last_heartbeat_uptime_ms "$OUTPUT_DIR/serial_kernel.txt")"
docker/qemu/run-x86-boot-tests.sh:879:     FACTS_LINE="$(gbf_emit_line "$i" "$HOST_MS_START" "$HOST_MS_END" \
docker/qemu/run-x86-boot-tests.sh:880:         "$QEMU_AT_START" "$LOAD_AT_START" "$QEMU_AT_END" "$LOAD_AT_END" \
docker/qemu/run-x86-boot-tests.sh:881:         "$QEMU_CPU_S" "$GUEST_UPTIME_MS" "$ENDED_BY")"
docker/qemu/run-x86-boot-tests.sh:882:     printf '%s\n' "$FACTS_LINE" > "$OUTPUT_DIR/gate_boot_facts.txt"
docker/qemu/run-x86-boot-tests.sh:883:     echo "  $FACTS_LINE"
docker/qemu/run-x86-boot-tests.sh:884:
docker/qemu/run-x86-boot-tests.sh:885:     python3 "$BREENIX_ROOT/scripts/score-softirq-deferral.py" "$OUTPUT_DIR/serial_kernel.txt" "$OUTPUT_DIR/serial_user.txt"
docker/qemu/run-x86-boot-tests.sh:886:
docker/qemu/run-x86-boot-tests.sh:887:     # Device-enumeration census leg (green arc 5, bus+NIC blended). Placed
docker/qemu/run-x86-boot-tests.sh:888:     # BEFORE the passed-flag check below (and before the ~40 marker-count
docker/qemu/run-x86-boot-tests.sh:889:     # assertions that follow it): none of those checks prove pci::enumerate()
docker/qemu/run-x86-boot-tests.sh:890:     # found the device set this script itself declared, only that the boot
docker/qemu/run-x86-boot-tests.sh:891:     # reached USERSPACE TEST COMPLETE. #702 is a silent hang inside PCI
docker/qemu/run-x86-boot-tests.sh:892:     # enumeration right after "E1000 network device found" — a boot that dies
docker/qemu/run-x86-boot-tests.sh:893:     # there sets $passed=false and prints none of the later markers, so a
docker/qemu/run-x86-boot-tests.sh:894:     # census placed after the passed-flag check would never run on exactly
docker/qemu/run-x86-boot-tests.sh:895:     # the boot it exists to name. Running it first makes that failure region
docker/qemu/run-x86-boot-tests.sh:896:     # legible on its own: the census line's mere absence is signal, and its
docker/qemu/run-x86-boot-tests.sh:897:     # counts are checked against what this script itself attached, not a
docker/qemu/run-x86-boot-tests.sh:898:     # second hand-pinned literal (the #549/#551/[[gate-target-fidelity-528]]
docker/qemu/run-x86-boot-tests.sh:899:     # census-not-literal lesson — self-count via grep on this script's own
docker/qemu/run-x86-boot-tests.sh:900:     # command array, so a future edit to the -device flags above cannot
docker/qemu/run-x86-boot-tests.sh:901:     # silently desync the assertion from what actually boots).
docker/qemu/run-x86-boot-tests.sh:902:     # Anchored to actual command-line flag lines (leading whitespace then
docker/qemu/run-x86-boot-tests.sh:903:     # `-device`), not a bare substring match: an earlier, unanchored version
docker/qemu/run-x86-boot-tests.sh:904:     # of this pattern matched its own definition on the line immediately
docker/qemu/run-x86-boot-tests.sh:905:     # below (this very line also contains the literal `-device
docker/qemu/run-x86-boot-tests.sh:906:     # virtio-blk-pci,drive=` text inside the grep pattern argument),
docker/qemu/run-x86-boot-tests.sh:907:     # self-counting 4 instead of the real 3 QEMU flags and making this
docker/qemu/run-x86-boot-tests.sh:908:     # assertion permanently false on every boot -- the same self-referential
docker/qemu/run-x86-boot-tests.sh:909:     # vacuity shape the aarch64 leg's own unanchored regex hit (see that
docker/qemu/run-x86-boot-tests.sh:910:     # leg's fix, `^[[:space:]]*-device virtio-[a-z]*-device` in
docker/qemu/run-x86-boot-tests.sh:911:     # run-aarch64-full-test.sh), just triggered by matching this script's own
docker/qemu/run-x86-boot-tests.sh:912:     # source instead of its own prose. Caught by Confirm running this gate
docker/qemu/run-x86-boot-tests.sh:913:     # for real and observing `4 != 3` on a healthy, correct boot.
docker/qemu/run-x86-boot-tests.sh:914:     EXPECTED_VIRTIO_BLOCK=$(grep -cE -- '^[[:space:]]*-device virtio-blk-pci,drive=' "${BASH_SOURCE[0]}")
docker/qemu/run-x86-boot-tests.sh:915:     test "$EXPECTED_VIRTIO_BLOCK" -ge 1
docker/qemu/run-x86-boot-tests.sh:916:     # `|| true`: under `set -o pipefail`, a census-absent boot (e.g. the
docker/qemu/run-x86-boot-tests.sh:917:     # #702 hang this leg exists to catch) makes `grep` exit 1 with no match,
docker/qemu/run-x86-boot-tests.sh:918:     # which would otherwise abort the script AT THIS ASSIGNMENT — the ERR
docker/qemu/run-x86-boot-tests.sh:919:     # trap still fires and still prints a FAIL, but it names the grep
docker/qemu/run-x86-boot-tests.sh:920:     # command rather than the `test -n "$PCI_CENSUS_LINE"` assertion below
docker/qemu/run-x86-boot-tests.sh:921:     # that is actually making the claim. Let the assignment succeed with an
docker/qemu/run-x86-boot-tests.sh:922:     # empty value and let the explicit `test -n` name the real failure.
docker/qemu/run-x86-boot-tests.sh:923:     PCI_CENSUS_LINE=$(grep -h -E 'PCI: Enumeration complete\. Found [0-9]+ devices \([0-9]+ VirtIO block, [0-9]+ network\)' \
docker/qemu/run-x86-boot-tests.sh:924:         "$OUTPUT_DIR"/serial_*.txt | tail -1) || true
docker/qemu/run-x86-boot-tests.sh:925:     test -n "$PCI_CENSUS_LINE"
docker/qemu/run-x86-boot-tests.sh:926:     CENSUS_VIRTIO_BLOCK=$(printf '%s\n' "$PCI_CENSUS_LINE" | \
docker/qemu/run-x86-boot-tests.sh:927:         sed -n 's/.*Found [0-9]* devices (\([0-9]*\) VirtIO block, [0-9]* network).*/\1/p')
docker/qemu/run-x86-boot-tests.sh:928:     CENSUS_NETWORK=$(printf '%s\n' "$PCI_CENSUS_LINE" | \
docker/qemu/run-x86-boot-tests.sh:929:         sed -n 's/.*Found [0-9]* devices ([0-9]* VirtIO block, \([0-9]*\) network).*/\1/p')
docker/qemu/run-x86-boot-tests.sh:930:     test -n "$CENSUS_VIRTIO_BLOCK"
docker/qemu/run-x86-boot-tests.sh:931:     test -n "$CENSUS_NETWORK"
docker/qemu/run-x86-boot-tests.sh:932:     test "$CENSUS_VIRTIO_BLOCK" -eq "$EXPECTED_VIRTIO_BLOCK"
docker/qemu/run-x86-boot-tests.sh:933:     # This invocation passes no -net/-netdev/-nic option at all, and QEMU
docker/qemu/run-x86-boot-tests.sh:934:     # (confirmed empirically against the beast host's QEMU 8.2, not merely
docker/qemu/run-x86-boot-tests.sh:935:     # assumed from reading this script) auto-attaches its own default NIC
docker/qemu/run-x86-boot-tests.sh:936:     # whenever none of those flags is given -- `-nic none` is required to
docker/qemu/run-x86-boot-tests.sh:937:     # suppress it, and nothing here passes that. A real e1000 device is
docker/qemu/run-x86-boot-tests.sh:938:     # therefore present on every healthy boot of this gate, so the honest
docker/qemu/run-x86-boot-tests.sh:939:     # floor is >=1.
docker/qemu/run-x86-boot-tests.sh:940:     test "$CENSUS_NETWORK" -ge 1
docker/qemu/run-x86-boot-tests.sh:941:     echo "  Device census: $PCI_CENSUS_LINE"
docker/qemu/run-x86-boot-tests.sh:942:
docker/qemu/run-x86-boot-tests.sh:943:     # Per-function PCI facts, asserted against this script's own bytes
docker/qemu/run-x86-boot-tests.sh:944:     # (green arc, docs/planning/green-program/bus/
docker/qemu/run-x86-boot-tests.sh:945:     # BUS-X86-ENUM-GATE-2026-09-04.md).
docker/qemu/run-x86-boot-tests.sh:946:     #
docker/qemu/run-x86-boot-tests.sh:947:     # The kernel prints facts and nothing else:
docker/qemu/run-x86-boot-tests.sh:948:     # kernel/src/drivers/pci.rs::dump_enumerated_functions(), called from
docker/qemu/run-x86-boot-tests.sh:949:     # drivers::init() in every x86-64 profile, emits one
docker/qemu/run-x86-boot-tests.sh:950:     #   PCI_FN <bus>:<dev>.<fn> <vendor>:<device> class=<cc>/<sub>
docker/qemu/run-x86-boot-tests.sh:951:     #     bar0=<addr>/<size> irq=<line>
docker/qemu/run-x86-boot-tests.sh:952:     # line per enumerated function plus one PCI_FN_TOTAL line. It carries no
docker/qemu/run-x86-boot-tests.sh:953:     # expected-device set and no PASS/FAIL verdict. The expectations are
docker/qemu/run-x86-boot-tests.sh:954:     # here, derived the way EXPECTED_VIRTIO_BLOCK above is derived -- by
docker/qemu/run-x86-boot-tests.sh:955:     # counting this file's own QEMU flag lines -- so a future edit to the
docker/qemu/run-x86-boot-tests.sh:956:     # -device flags cannot silently desync the assertion from what actually
docker/qemu/run-x86-boot-tests.sh:957:     # boots (#549/#551/[[gate-target-fidelity-528]]: census, never a
docker/qemu/run-x86-boot-tests.sh:958:     # hand-pinned literal list).
docker/qemu/run-x86-boot-tests.sh:959:     # claim-lint:ok: mechanical description of
docker/qemu/run-x86-boot-tests.sh:960:     # kernel/src/drivers/pci.rs::dump_enumerated_functions() and of the
docker/qemu/run-x86-boot-tests.sh:961:     # derivation immediately below, both readable in this repo; the
docker/qemu/run-x86-boot-tests.sh:962:     # measured profile visibility is in
docker/qemu/run-x86-boot-tests.sh:963:     # docs/planning/green-program/bus/BUS-X86-ENUM-GATE-2026-09-04.md.
docker/qemu/run-x86-boot-tests.sh:964:     #
docker/qemu/run-x86-boot-tests.sh:965:     # The one table in this script that maps a QEMU device model to the
docker/qemu/run-x86-boot-tests.sh:966:     # identity the kernel's PCI_FN line prints for it:
docker/qemu/run-x86-boot-tests.sh:967:     #
docker/qemu/run-x86-boot-tests.sh:968:     #   -device virtio-blk-pci,...,disable-modern=on,disable-legacy=off
docker/qemu/run-x86-boot-tests.sh:969:     #       -> 1af4:1001 class=01/00
docker/qemu/run-x86-boot-tests.sh:970:     #          disable-modern=on forces the legacy VirtIO transport, whose
docker/qemu/run-x86-boot-tests.sh:971:     #          block-device ID is 0x1001 (VIRTIO_BLOCK_DEVICE_ID_LEGACY in
docker/qemu/run-x86-boot-tests.sh:972:     #          kernel/src/drivers/pci.rs) rather than the modern 0x1042;
docker/qemu/run-x86-boot-tests.sh:973:     #          PCI class 0x01 MassStorage, subclass 0x00.
docker/qemu/run-x86-boot-tests.sh:974:     #   QEMU's implicit default NIC for -machine pc (no NIC flag; see below)
docker/qemu/run-x86-boot-tests.sh:975:     #       -> 8086:100e class=02/00
docker/qemu/run-x86-boot-tests.sh:976:     #          Intel e1000; PCI class 0x02 Network, subclass 0x00.
docker/qemu/run-x86-boot-tests.sh:977:     PCI_FN_VIRTIO_BLK_ID='1af4:1001 class=01/00'
docker/qemu/run-x86-boot-tests.sh:978:     PCI_FN_E1000_ID='8086:100e class=02/00'
docker/qemu/run-x86-boot-tests.sh:979:
docker/qemu/run-x86-boot-tests.sh:980:     # Expected e1000 count, derived from this file's bytes plus QEMU's
docker/qemu/run-x86-boot-tests.sh:981:     # implicit-default-NIC rule. QEMU auto-attaches its own default NIC for
docker/qemu/run-x86-boot-tests.sh:982:     # -machine pc whenever no -net/-netdev/-nic option is present on the
docker/qemu/run-x86-boot-tests.sh:983:     # command line -- `-nic none` is what suppresses it -- REGARDLESS of how
docker/qemu/run-x86-boot-tests.sh:984:     # many explicit `-device e1000,...` flags are also present; a -device
docker/qemu/run-x86-boot-tests.sh:985:     # flag alone never counts as a -net/-netdev/-nic option, so the implicit
docker/qemu/run-x86-boot-tests.sh:986:     # NIC and any explicit e1000 device coexist as separate functions. On
docker/qemu/run-x86-boot-tests.sh:987:     # the beast host's QEMU 8.2 that implicit default is an e1000 -- the
docker/qemu/run-x86-boot-tests.sh:988:     # same rule the CENSUS_NETWORK >= 1 leg above already relies on, here
docker/qemu/run-x86-boot-tests.sh:989:     # tightened from ">= 1 network device" to "exactly N 8086:100e". So the
docker/qemu/run-x86-boot-tests.sh:990:     # count is additive, not either/or: EXPECTED_E1000 = the explicit
docker/qemu/run-x86-boot-tests.sh:991:     # -device e1000 flag count, PLUS one whenever no -net/-netdev/-nic
docker/qemu/run-x86-boot-tests.sh:992:     # option is present. This invocation passes no -net/-netdev/-nic option
docker/qemu/run-x86-boot-tests.sh:993:     # and no explicit -device e1000 flag, so the additive formula reduces to
docker/qemu/run-x86-boot-tests.sh:994:     # 0 + 1 = 1 here; it is still derived, not pinned -- an added `-device
docker/qemu/run-x86-boot-tests.sh:995:     # e1000,netdev=...` flag raises the count with the flags on top of
docker/qemu/run-x86-boot-tests.sh:996:     # whatever the implicit-NIC term contributes, and adding a
docker/qemu/run-x86-boot-tests.sh:997:     # -net/-netdev/-nic option zeroes that term.
docker/qemu/run-x86-boot-tests.sh:998:     # `|| true` on both: grep -c prints 0 and exits 1 when nothing
docker/qemu/run-x86-boot-tests.sh:999:     # matches, and a zero count is the expected, healthy reading here -- an
docker/qemu/run-x86-boot-tests.sh:1000:     # unguarded $() would abort the script at the assignment under set -e.
docker/qemu/run-x86-boot-tests.sh:1001:     # claim-lint:ok: mechanical description of the two grep derivations on
docker/qemu/run-x86-boot-tests.sh:1002:     # the next two lines; the implicit-default-NIC rule is the same one
docker/qemu/run-x86-boot-tests.sh:1003:     # the CENSUS_NETWORK leg above already documents, and the measured
docker/qemu/run-x86-boot-tests.sh:1004:     # 8086:100e reading is in
docker/qemu/run-x86-boot-tests.sh:1005:     # docs/planning/green-program/bus/BUS-X86-ENUM-GATE-2026-09-04.md.
docker/qemu/run-x86-boot-tests.sh:1006:     EXPECTED_E1000_FLAGS=$(grep -cE -- '^[[:space:]]*-device e1000,' "${BASH_SOURCE[0]}") || true
docker/qemu/run-x86-boot-tests.sh:1007:     NIC_OPTION_FLAGS=$(grep -cE -- '^[[:space:]]*-(net|netdev|nic)[[:space:]]' "${BASH_SOURCE[0]}") || true
docker/qemu/run-x86-boot-tests.sh:1008:     if [ "$NIC_OPTION_FLAGS" -eq 0 ]; then
docker/qemu/run-x86-boot-tests.sh:1009:         EXPECTED_E1000=$((EXPECTED_E1000_FLAGS + 1))
docker/qemu/run-x86-boot-tests.sh:1010:     else
docker/qemu/run-x86-boot-tests.sh:1011:         EXPECTED_E1000="$EXPECTED_E1000_FLAGS"
docker/qemu/run-x86-boot-tests.sh:1012:     fi
docker/qemu/run-x86-boot-tests.sh:1013:
docker/qemu/run-x86-boot-tests.sh:1014:     # `|| true` on each capture for the same reason as PCI_CENSUS_LINE
docker/qemu/run-x86-boot-tests.sh:1015:     # above: let an absent line fail the explicit `test` below with a named
docker/qemu/run-x86-boot-tests.sh:1016:     # assertion, not an aborted $() at a pipefail boundary.
docker/qemu/run-x86-boot-tests.sh:1017:     PCI_FN_LINES=$(grep -h -E 'PCI_FN [0-9a-f]{2}:[0-9a-f]{2}\.[0-7] ' \
docker/qemu/run-x86-boot-tests.sh:1018:         "$OUTPUT_DIR"/serial_*.txt) || true
docker/qemu/run-x86-boot-tests.sh:1019:     test -n "$PCI_FN_LINES"
docker/qemu/run-x86-boot-tests.sh:1020:     PCI_FN_TOTAL_LINE=$(grep -h -E 'PCI_FN_TOTAL [0-9]+' \
docker/qemu/run-x86-boot-tests.sh:1021:         "$OUTPUT_DIR"/serial_*.txt | tail -1) || true
docker/qemu/run-x86-boot-tests.sh:1022:     test -n "$PCI_FN_TOTAL_LINE"
docker/qemu/run-x86-boot-tests.sh:1023:     echo "  PCI function facts ($PCI_FN_TOTAL_LINE):"
docker/qemu/run-x86-boot-tests.sh:1024:     printf '%s\n' "$PCI_FN_LINES" | sed 's/^/    /'
docker/qemu/run-x86-boot-tests.sh:1025:
docker/qemu/run-x86-boot-tests.sh:1026:     # The dump is complete in the capture: as many PCI_FN lines as the
docker/qemu/run-x86-boot-tests.sh:1027:     # kernel's own total says it printed.
docker/qemu/run-x86-boot-tests.sh:1028:     PCI_FN_TOTAL_VALUE=$(printf '%s\n' "$PCI_FN_TOTAL_LINE" | awk '{ print $2 + 0 }')
docker/qemu/run-x86-boot-tests.sh:1029:     PCI_FN_LINE_COUNT=$(printf '%s\n' "$PCI_FN_LINES" | grep -c . ) || true
docker/qemu/run-x86-boot-tests.sh:1030:     test "$PCI_FN_LINE_COUNT" -eq "$PCI_FN_TOTAL_VALUE"
docker/qemu/run-x86-boot-tests.sh:1031:
docker/qemu/run-x86-boot-tests.sh:1032:     # Per vendor:device: as many enumerated functions as flags that attach
docker/qemu/run-x86-boot-tests.sh:1033:     # one. Not a floor and not a bare "> 0" -- an equality against a count
docker/qemu/run-x86-boot-tests.sh:1034:     # this script derived from its own bytes.
docker/qemu/run-x86-boot-tests.sh:1035:     MATCHED_VIRTIO_BLK=$(printf '%s\n' "$PCI_FN_LINES" \
docker/qemu/run-x86-boot-tests.sh:1036:         | grep -c -F -- "$PCI_FN_VIRTIO_BLK_ID") || true
docker/qemu/run-x86-boot-tests.sh:1037:     MATCHED_E1000=$(printf '%s\n' "$PCI_FN_LINES" \
docker/qemu/run-x86-boot-tests.sh:1038:         | grep -c -F -- "$PCI_FN_E1000_ID") || true
docker/qemu/run-x86-boot-tests.sh:1039:     test "$EXPECTED_VIRTIO_BLOCK" -ge 1
docker/qemu/run-x86-boot-tests.sh:1040:     test "$EXPECTED_E1000" -ge 1
docker/qemu/run-x86-boot-tests.sh:1041:     test "$MATCHED_VIRTIO_BLK" -eq "$EXPECTED_VIRTIO_BLOCK"
docker/qemu/run-x86-boot-tests.sh:1042:     test "$MATCHED_E1000" -eq "$EXPECTED_E1000"
docker/qemu/run-x86-boot-tests.sh:1043:
docker/qemu/run-x86-boot-tests.sh:1044:     # Per matched function, exactly what the failure message says: BAR 0
docker/qemu/run-x86-boot-tests.sh:1045:     # decoded a non-zero size AND a non-zero address, and the interrupt line
docker/qemu/run-x86-boot-tests.sh:1046:     # is not 0xff, the PCI "unknown / not connected" sentinel. Both BAR
docker/qemu/run-x86-boot-tests.sh:1047:     # halves are checked because size>0 alone is satisfiable with
docker/qemu/run-x86-boot-tests.sh:1048:     # address==0, which is the state an unassigned BAR is in.
docker/qemu/run-x86-boot-tests.sh:1049:     # claim-lint:ok: mechanical description of the awk predicate on the
docker/qemu/run-x86-boot-tests.sh:1050:     # next lines; the mutation that reddens it is recorded in
docker/qemu/run-x86-boot-tests.sh:1051:     # docs/planning/green-program/bus/BUS-X86-ENUM-GATE-2026-09-04.md.
docker/qemu/run-x86-boot-tests.sh:1052:     PCI_FN_FACT_VIOLATIONS=$(printf '%s\n' "$PCI_FN_LINES" \
docker/qemu/run-x86-boot-tests.sh:1053:         | grep -F -e "$PCI_FN_VIRTIO_BLK_ID" -e "$PCI_FN_E1000_ID" \
docker/qemu/run-x86-boot-tests.sh:1054:         | awk '
docker/qemu/run-x86-boot-tests.sh:1055:             {
docker/qemu/run-x86-boot-tests.sh:1056:                 addr = ""; size = ""; irq = ""
docker/qemu/run-x86-boot-tests.sh:1057:                 for (i = 1; i <= NF; i++) {
docker/qemu/run-x86-boot-tests.sh:1058:                     if ($i ~ /^bar0=/) { split(substr($i, 6), a, "/"); addr = a[1]; size = a[2] }
docker/qemu/run-x86-boot-tests.sh:1059:                     else if ($i ~ /^irq=/) { irq = substr($i, 5) }
docker/qemu/run-x86-boot-tests.sh:1060:                 }
docker/qemu/run-x86-boot-tests.sh:1061:                 if (addr == "" || size == "" || irq == "") { bad++; next }
docker/qemu/run-x86-boot-tests.sh:1062:                 if (addr == "0x0" || size == "0x0" || irq == "0xff") bad++
docker/qemu/run-x86-boot-tests.sh:1063:             }
docker/qemu/run-x86-boot-tests.sh:1064:             END { print bad + 0 }') || true
docker/qemu/run-x86-boot-tests.sh:1065:     test -n "$PCI_FN_FACT_VIOLATIONS"
docker/qemu/run-x86-boot-tests.sh:1066:     test "$PCI_FN_FACT_VIOLATIONS" -eq 0
docker/qemu/run-x86-boot-tests.sh:1067:
docker/qemu/run-x86-boot-tests.sh:1068:     # Explicit assertion, not a bare boolean variable: a bare boolean value
docker/qemu/run-x86-boot-tests.sh:1069:     # executed as a command is the same silent-abort shape as the `test`
docker/qemu/run-x86-boot-tests.sh:1070:     # assertions below, and is exactly as opaque on failure without the
docker/qemu/run-x86-boot-tests.sh:1071:     # ERR trap installed above.
docker/qemu/run-x86-boot-tests.sh:1072:     test "$passed" = true
docker/qemu/run-x86-boot-tests.sh:1073:     test "$(grep -h -c '\[TEST:process:frame_custody_refusal_gate:PASS\]' \
docker/qemu/run-x86-boot-tests.sh:1074:         "$OUTPUT_DIR"/serial_*.txt | awk '{ total += $1 } END { print total + 0 }')" -eq 1
docker/qemu/run-x86-boot-tests.sh:1075:     test "$(grep -h -c '\[TEST:process:page_table_custody_disposition_gate:PASS\]' \
docker/qemu/run-x86-boot-tests.sh:1076:         "$OUTPUT_DIR"/serial_*.txt | awk '{ total += $1 } END { print total + 0 }')" -eq 1
docker/qemu/run-x86-boot-tests.sh:1077:     test "$(grep -h -c '\[TEST:process:retirement_fence_gate:PASS\]' \
docker/qemu/run-x86-boot-tests.sh:1078:         "$OUTPUT_DIR"/serial_*.txt | awk '{ total += $1 } END { print total + 0 }')" -eq 1
docker/qemu/run-x86-boot-tests.sh:1079:     test "$(grep -h -c '\[TEST:process:reclaim_progress_gate:PASS\]' \
docker/qemu/run-x86-boot-tests.sh:1080:         "$OUTPUT_DIR"/serial_*.txt | awk '{ total += $1 } END { print total + 0 }')" -eq 1
docker/qemu/run-x86-boot-tests.sh:1081:     test "$(grep -h -c '\[TEST:process:x86_retire_cohort:PASS\]' \
docker/qemu/run-x86-boot-tests.sh:1082:         "$OUTPUT_DIR"/serial_*.txt | awk '{ total += $1 } END { print total + 0 }')" -eq 1
docker/qemu/run-x86-boot-tests.sh:1083:     test "$(grep -h -c '\[TEST:process:x86_exec_cohort:PASS\]' \
docker/qemu/run-x86-boot-tests.sh:1084:         "$OUTPUT_DIR"/serial_*.txt | awk '{ total += $1 } END { print total + 0 }')" -eq 1
docker/qemu/run-x86-boot-tests.sh:1085:     test "$(grep -h -c '\[TEST:process:exec_detach_oracle:PASS\]' \
docker/qemu/run-x86-boot-tests.sh:1086:         "$OUTPUT_DIR"/serial_*.txt | awk '{ total += $1 } END { print total + 0 }')" -eq 1
docker/qemu/run-x86-boot-tests.sh:1087:     test "$(grep -h -c '\[TEST:process:clone_admission_oracle:PASS\]' \
docker/qemu/run-x86-boot-tests.sh:1088:         "$OUTPUT_DIR"/serial_*.txt | awk '{ total += $1 } END { print total + 0 }')" -eq 1
docker/qemu/run-x86-boot-tests.sh:1089:     test "$(grep -h -c '\[TEST:process:init_designation_oracle:PASS\]' \
docker/qemu/run-x86-boot-tests.sh:1090:         "$OUTPUT_DIR"/serial_*.txt | awk '{ total += $1 } END { print total + 0 }')" -eq 1
docker/qemu/run-x86-boot-tests.sh:1091:     test "$(grep -h -c '\[TEST:process:init_group_refusal_oracle:PASS\]' \
docker/qemu/run-x86-boot-tests.sh:1092:         "$OUTPUT_DIR"/serial_*.txt | awk '{ total += $1 } END { print total + 0 }')" -eq 1
docker/qemu/run-x86-boot-tests.sh:1093:     # Four scheduling tests remain deferred on x86 until #567 is fixed:
docker/qemu/run-x86-boot-tests.sh:1094:     # loopback_recv_wake_when_idle, loopback_recv_wake_under_load,
docker/qemu/run-x86-boot-tests.sh:1095:     # loopback_pump_does_not_busy_spin, and tcp_final_ack_survives_accept_publish_race.
docker/qemu/run-x86-boot-tests.sh:1096:     test "$(grep -h -c '\[TEST:userspace:loopback_recv_wake:PASS\]' \
docker/qemu/run-x86-boot-tests.sh:1097:         "$OUTPUT_DIR"/serial_*.txt | awk '{ total += $1 } END { print total + 0 }')" -eq 1
docker/qemu/run-x86-boot-tests.sh:1098:     test "$(grep -h -c 'Refusing to map' \
docker/qemu/run-x86-boot-tests.sh:1099:         "$OUTPUT_DIR"/serial_*.txt | awk '{ total += $1 } END { print total + 0 }')" -eq 1
docker/qemu/run-x86-boot-tests.sh:1100:     test "$(grep -h -E -c "$FRAME_CUSTODY_PATTERN" \
docker/qemu/run-x86-boot-tests.sh:1101:         "$OUTPUT_DIR"/serial_*.txt | awk '{ total += $1 } END { print total + 0 }')" -eq 1
docker/qemu/run-x86-boot-tests.sh:1102:     test "$(grep -h -F -c "$PT_CUSTODY_LITERAL" \
docker/qemu/run-x86-boot-tests.sh:1103:         "$OUTPUT_DIR"/serial_*.txt | awk '{ total += $1 } END { print total + 0 }')" -eq 1
docker/qemu/run-x86-boot-tests.sh:1104:     test "$(grep -h -E -c "$EXEC_FAILED_RELEASE_ORACLE_PATTERN" \
docker/qemu/run-x86-boot-tests.sh:1105:         "$OUTPUT_DIR"/serial_*.txt | awk '{ total += $1 } END { print total + 0 }')" -eq 1
docker/qemu/run-x86-boot-tests.sh:1106:     test "$(grep -h -F -c "$PT_COHORT_LITERAL" \
docker/qemu/run-x86-boot-tests.sh:1107:         "$OUTPUT_DIR"/serial_*.txt | awk '{ total += $1 } END { print total + 0 }')" -eq 1
docker/qemu/run-x86-boot-tests.sh:1108:     test "$(grep -h -F -c "$PT_EXEC_COHORT_LITERAL" \
docker/qemu/run-x86-boot-tests.sh:1109:         "$OUTPUT_DIR"/serial_*.txt | awk '{ total += $1 } END { print total + 0 }')" -eq 1
docker/qemu/run-x86-boot-tests.sh:1110:     test "$(grep -h -F -c "$EXEC_DETACH_ORACLE_LITERAL" \
docker/qemu/run-x86-boot-tests.sh:1111:         "$OUTPUT_DIR"/serial_*.txt | awk '{ total += $1 } END { print total + 0 }')" -eq 1
docker/qemu/run-x86-boot-tests.sh:1112:     test "$(grep -h -F -c "$CLONE_ADMISSION_ORACLE_LITERAL" \
docker/qemu/run-x86-boot-tests.sh:1113:         "$OUTPUT_DIR"/serial_*.txt | awk '{ total += $1 } END { print total + 0 }')" -eq 1
docker/qemu/run-x86-boot-tests.sh:1114:     test "$(grep -h -F -c "$INIT_DESIGNATION_ORACLE_LITERAL" \
docker/qemu/run-x86-boot-tests.sh:1115:         "$OUTPUT_DIR"/serial_*.txt | awk '{ total += $1 } END { print total + 0 }')" -eq 1
docker/qemu/run-x86-boot-tests.sh:1116:     test "$(grep -h -F -c "$INIT_GROUP_REFUSAL_ORACLE_LITERAL" \
docker/qemu/run-x86-boot-tests.sh:1117:         "$OUTPUT_DIR"/serial_*.txt | awk '{ total += $1 } END { print total + 0 }')" -eq 1
docker/qemu/run-x86-boot-tests.sh:1118:     test "$(grep -h -E -c "$SCHED_STRAND_ORACLE_PATTERN" \
docker/qemu/run-x86-boot-tests.sh:1119:         "$OUTPUT_DIR"/serial_*.txt | awk '{ total += $1 } END { print total + 0 }')" -ge 1
docker/qemu/run-x86-boot-tests.sh:1120:     test "$(grep -h -F -c "$CENSUS_WIDEN_ORACLE_LITERAL" \
docker/qemu/run-x86-boot-tests.sh:1121:         "$OUTPUT_DIR"/serial_*.txt | awk '{ total += $1 } END { print total + 0 }')" -eq 1
docker/qemu/run-x86-boot-tests.sh:1122:     test "$(grep -h -E -c "$FUTEX_HANDOFF_ORACLE_PATTERN" \
docker/qemu/run-x86-boot-tests.sh:1123:         "$OUTPUT_DIR"/serial_*.txt | awk '{ total += $1 } END { print total + 0 }')" -eq 1
docker/qemu/run-x86-boot-tests.sh:1124:     test "$(grep -h -F -c 'CLONEVM_EXEC_TEST: post-exec rendezvous complete' \
docker/qemu/run-x86-boot-tests.sh:1125:         "$OUTPUT_DIR"/serial_*.txt | \
docker/qemu/run-x86-boot-tests.sh:1126:         awk '{ total += $1 } END { print total + 0 }')" -eq 1
docker/qemu/run-x86-boot-tests.sh:1127:     test "$(grep -h -F -c "$EXEC_FAILED_RELEASE_PROD_LITERAL" \
docker/qemu/run-x86-boot-tests.sh:1128:         "$OUTPUT_DIR"/serial_*.txt | awk '{ total += $1 } END { print total + 0 }')" -eq 1
docker/qemu/run-x86-boot-tests.sh:1129:     test "$(grep -h -E -c "$KSTACK_OWNER_ORACLE_PATTERN" \
docker/qemu/run-x86-boot-tests.sh:1130:         "$OUTPUT_DIR"/serial_*.txt | awk '{ total += $1 } END { print total + 0 }')" -eq 1
docker/qemu/run-x86-boot-tests.sh:1131:     test "$(grep -h -F -c "$CREATION_LOCK_ORDER_INJECTED_LITERAL" \
docker/qemu/run-x86-boot-tests.sh:1132:         "$OUTPUT_DIR"/serial_*.txt | awk '{ total += $1 } END { print total + 0 }')" -eq 1
docker/qemu/run-x86-boot-tests.sh:1133:     # The one assertion in this file that expects ZERO matches, and therefore
docker/qemu/run-x86-boot-tests.sh:1134:     # the one that has to survive grep's no-match exit status. Under
docker/qemu/run-x86-boot-tests.sh:1135:     # `set -o pipefail` a grep that matches nothing exits 1, that status
docker/qemu/run-x86-boot-tests.sh:1136:     # becomes the pipeline's, and the ERR trap fires inside the command
docker/qemu/run-x86-boot-tests.sh:1137:     # substitution - so report_gate_failure's own output lands in the
docker/qemu/run-x86-boot-tests.sh:1138:     # substitution and `test` is handed 400 lines of serial instead of a
docker/qemu/run-x86-boot-tests.sh:1139:     # count. The gate then failed with "integer expression expected" on every
docker/qemu/run-x86-boot-tests.sh:1140:     # healthy boot, i.e. exactly when this violation was correctly absent.
docker/qemu/run-x86-boot-tests.sh:1141:     # `|| test $? -eq 1` accepts no-match and nothing else: a real grep error
docker/qemu/run-x86-boot-tests.sh:1142:     # (exit 2) still aborts.
docker/qemu/run-x86-boot-tests.sh:1143:     test "$( { grep -h -F -c "$CREATION_LOCK_ORDER_VIOLATION_LITERAL" \
docker/qemu/run-x86-boot-tests.sh:1144:         "$OUTPUT_DIR"/serial_*.txt || test $? -eq 1; } | \
docker/qemu/run-x86-boot-tests.sh:1145:         awk '{ total += $1 } END { print total + 0 }')" -eq 0
docker/qemu/run-x86-boot-tests.sh:1146:     test "$(grep -h -F -c "$TOMBSTONE_JOIN_ORACLE_LITERAL" \
docker/qemu/run-x86-boot-tests.sh:1147:         "$OUTPUT_DIR"/serial_*.txt | awk '{ total += $1 } END { print total + 0 }')" -eq 1
docker/qemu/run-x86-boot-tests.sh:1148:     # (1) The userspace-end census, pinned by conservation rather than by a race.
docker/qemu/run-x86-boot-tests.sh:1149:     # The poll loop deliberately waits on marker PRESENCE, not on these field
docker/qemu/run-x86-boot-tests.sh:1150:     # values: a field the fix makes timing-dependent must never be able to turn a
docker/qemu/run-x86-boot-tests.sh:1151:     # real regression into a 900-second poll timeout instead of a legible
docker/qemu/run-x86-boot-tests.sh:1152:     # assertion failure here.
docker/qemu/run-x86-boot-tests.sh:1153:     test "$(grep -h -F -c '[TOMBSTONE_CENSUS:' \
docker/qemu/run-x86-boot-tests.sh:1154:         "$OUTPUT_DIR"/serial_*.txt | awk '{ total += $1 } END { print total + 0 }')" \
docker/qemu/run-x86-boot-tests.sh:1155:         -eq "$TOMBSTONE_CENSUS_EMISSIONS"
docker/qemu/run-x86-boot-tests.sh:1156:     TOMBSTONE_CENSUS_USERSPACE_END_LINE=$(grep -h -F '[TOMBSTONE_CENSUS:' \
docker/qemu/run-x86-boot-tests.sh:1157:         "$OUTPUT_DIR"/serial_*.txt | tail -1)
docker/qemu/run-x86-boot-tests.sh:1158:     CENSUS_RESIDENT=$(printf '%s\n' "$TOMBSTONE_CENSUS_USERSPACE_END_LINE" | \
docker/qemu/run-x86-boot-tests.sh:1159:         sed -n 's/.*\[TOMBSTONE_CENSUS:resident=\([0-9][0-9]*\):.*/\1/p')
docker/qemu/run-x86-boot-tests.sh:1160:     CENSUS_REMOVED=$(printf '%s\n' "$TOMBSTONE_CENSUS_USERSPACE_END_LINE" | \
docker/qemu/run-x86-boot-tests.sh:1161:         sed -n 's/.*\[TOMBSTONE_CENSUS:resident=[0-9][0-9]*:removed=\([0-9][0-9]*\):.*/\1/p')
docker/qemu/run-x86-boot-tests.sh:1162:     test -n "$CENSUS_RESIDENT"
docker/qemu/run-x86-boot-tests.sh:1163:     test -n "$CENSUS_REMOVED"
docker/qemu/run-x86-boot-tests.sh:1164:     test "$CENSUS_RESIDENT" -le "$PRODUCTION_REAPED_ROWS"
docker/qemu/run-x86-boot-tests.sh:1165:     test "$CENSUS_REMOVED" -ge "$TOMBSTONE_FIXTURE_REMOVALS"
docker/qemu/run-x86-boot-tests.sh:1166:     test "$(( CENSUS_RESIDENT + CENSUS_REMOVED - TOMBSTONE_FIXTURE_REMOVALS ))" \
docker/qemu/run-x86-boot-tests.sh:1167:         -eq "$PRODUCTION_REAPED_ROWS"
docker/qemu/run-x86-boot-tests.sh:1168:     # (2) Quiesce: return to zero, plus the join-arm sum the split cannot pin.
docker/qemu/run-x86-boot-tests.sh:1169:     test "$(grep -h -E -c "$TOMBSTONE_QUIESCE_PATTERN" \
docker/qemu/run-x86-boot-tests.sh:1170:         "$OUTPUT_DIR"/serial_*.txt | awk '{ total += $1 } END { print total + 0 }')" -eq 1
docker/qemu/run-x86-boot-tests.sh:1171:     QUIESCE_LINE=$(grep -h -E "$TOMBSTONE_QUIESCE_PATTERN" \
docker/qemu/run-x86-boot-tests.sh:1172:         "$OUTPUT_DIR"/serial_*.txt | tail -1)
docker/qemu/run-x86-boot-tests.sh:1173:     QUIESCE_REAP_SECOND=$(printf '%s\n' "$QUIESCE_LINE" | \
docker/qemu/run-x86-boot-tests.sh:1174:         sed -n 's/.*:reap_second=\([0-9][0-9]*\):.*/\1/p')
docker/qemu/run-x86-boot-tests.sh:1175:     QUIESCE_RETIRE_SECOND=$(printf '%s\n' "$QUIESCE_LINE" | \
docker/qemu/run-x86-boot-tests.sh:1176:         sed -n 's/.*:retire_second=\([0-9][0-9]*\):.*/\1/p')
docker/qemu/run-x86-boot-tests.sh:1177:     test "$(( QUIESCE_REAP_SECOND + QUIESCE_RETIRE_SECOND ))" -eq "$TOMBSTONE_JOINED_REMOVALS"
docker/qemu/run-x86-boot-tests.sh:1178:     test "$(grep -h -E -c "$KSTACK_QUIESCE_LEAK_PATTERN" \
docker/qemu/run-x86-boot-tests.sh:1179:         "$OUTPUT_DIR"/serial_*.txt | awk '{ total += $1 } END { print total + 0 }')" -eq 1
docker/qemu/run-x86-boot-tests.sh:1180:     # (3) The drain's refusal counters, with the injected arm proving the refusal
docker/qemu/run-x86-boot-tests.sh:1181:     # path still executes.
docker/qemu/run-x86-boot-tests.sh:1182:     test "$(grep -h -E -c "$RECLAIM_DRAIN_PATTERN" \
docker/qemu/run-x86-boot-tests.sh:1183:         "$OUTPUT_DIR"/serial_*.txt | awk '{ total += $1 } END { print total + 0 }')" -eq 1
docker/qemu/run-x86-boot-tests.sh:1184:     RECLAIM_DRAIN_LINE=$(grep -h -E "$RECLAIM_DRAIN_PATTERN" \
docker/qemu/run-x86-boot-tests.sh:1185:         "$OUTPUT_DIR"/serial_*.txt | tail -1)
docker/qemu/run-x86-boot-tests.sh:1186:     # Depth conservation: every receipt still queued at quiesce is named by a
docker/qemu/run-x86-boot-tests.sh:1187:     # root-proof term. An unattributed receipt is a receipt the drain left behind
docker/qemu/run-x86-boot-tests.sh:1188:     # for a reason nothing in this serial states, which is the condition #653 was
docker/qemu/run-x86-boot-tests.sh:1189:     # filed under and is gate-failing here.
docker/qemu/run-x86-boot-tests.sh:1190:     QUIESCE_PENDING=$(printf '%s\n' "$QUIESCE_LINE" | \
docker/qemu/run-x86-boot-tests.sh:1191:         sed -n 's/.*:pending=\([0-9][0-9]*\):.*/\1/p')
docker/qemu/run-x86-boot-tests.sh:1192:     PEND_EPOCH=$(printf '%s\n' "$RECLAIM_DRAIN_LINE" | \
docker/qemu/run-x86-boot-tests.sh:1193:         sed -n 's/.*:pend_epoch=\([0-9][0-9]*\):.*/\1/p')
docker/qemu/run-x86-boot-tests.sh:1194:     PEND_HW=$(printf '%s\n' "$RECLAIM_DRAIN_LINE" | \
docker/qemu/run-x86-boot-tests.sh:1195:         sed -n 's/.*:pend_hw=\([0-9][0-9]*\):.*/\1/p')
docker/qemu/run-x86-boot-tests.sh:1196:     PEND_SHADOW=$(printf '%s\n' "$RECLAIM_DRAIN_LINE" | \
docker/qemu/run-x86-boot-tests.sh:1197:         sed -n 's/.*:pend_shadow=\([0-9][0-9]*\):.*/\1/p')
docker/qemu/run-x86-boot-tests.sh:1198:     test "$QUIESCE_PENDING" -eq "$(( PEND_EPOCH + PEND_HW + PEND_SHADOW ))"
docker/qemu/run-x86-boot-tests.sh:1199:     # x86 has no production designated init, so the runtime refusal never fires
docker/qemu/run-x86-boot-tests.sh:1200:     # and the whole-boot walk is legitimately zero here; this is the `None`-arm
docker/qemu/run-x86-boot-tests.sh:1201:     # evidence, not the whole-boot-walk evidence, and it becomes non-zero only
docker/qemu/run-x86-boot-tests.sh:1202:     # when a phase gives x86 a real init.
docker/qemu/run-x86-boot-tests.sh:1203:     INIT_GROUP_WALK_COUNT=$(awk 'index($0, "[INIT_GROUP_WALK") { count++ } END { print count + 0 }' \
docker/qemu/run-x86-boot-tests.sh:1204:         "$OUTPUT_DIR"/serial_*.txt)
docker/qemu/run-x86-boot-tests.sh:1205:     test "$INIT_GROUP_WALK_COUNT" -eq 0
docker/qemu/run-x86-boot-tests.sh:1206:     # (3b) critical-path logging drain PR-1: the dispatch-fact oracle, emitted
docker/qemu/run-x86-boot-tests.sh:1207:     # once and passing.
docker/qemu/run-x86-boot-tests.sh:1208:     test "$(grep -h -F -c "$DISPATCH_FACT_ORACLE_LITERAL" \
docker/qemu/run-x86-boot-tests.sh:1209:         "$OUTPUT_DIR"/serial_*.txt | awk '{ total += $1 } END { print total + 0 }')" -eq 1
docker/qemu/run-x86-boot-tests.sh:1210:     # And no site in the dispatch path printed any of the sixteen strings PR-1
docker/qemu/run-x86-boot-tests.sh:1211:     # deleted. The census ratchet says the CALLS are gone at source; this says
docker/qemu/run-x86-boot-tests.sh:1212:     # the BYTES are gone from the capture, which is the property the drain is
docker/qemu/run-x86-boot-tests.sh:1213:     # for.
docker/qemu/run-x86-boot-tests.sh:1214:     test "$(grep -h -c -e 'Context switch aborted' \
docker/qemu/run-x86-boot-tests.sh:1215:         -e 'has no main_thread for thread' \
docker/qemu/run-x86-boot-tests.sh:1216:         -e 'Could not find process for thread' \
docker/qemu/run-x86-boot-tests.sh:1217:         -e 'Process manager is None' \
docker/qemu/run-x86-boot-tests.sh:1218:         -e 'Failed to switch TLS for thread' \
docker/qemu/run-x86-boot-tests.sh:1219:         -e 'has pending signals - delivering' \
docker/qemu/run-x86-boot-tests.sh:1220:         -e 'Restored userspace context for signal delivery' \
docker/qemu/run-x86-boot-tests.sh:1221:         -e 'Signal terminated process, thread' \
docker/qemu/run-x86-boot-tests.sh:1222:         -e 'Signal termination in blocked_in_syscall path' \
docker/qemu/run-x86-boot-tests.sh:1223:         -e 'Signal delivered to thread' \
docker/qemu/run-x86-boot-tests.sh:1224:         -e 'Failed to acquire lock to restore kernel context' \
docker/qemu/run-x86-boot-tests.sh:1225:         -e "Failed to get idle thread's kernel stack" \
docker/qemu/run-x86-boot-tests.sh:1226:         -e 'KTHREAD_SWITCH: Failed to get thread info' \
docker/qemu/run-x86-boot-tests.sh:1227:         -e 'Refusing userspace restore of kernel frame' \
docker/qemu/run-x86-boot-tests.sh:1228:         -e 'has no kernel stack!' \
docker/qemu/run-x86-boot-tests.sh:1229:         -e 'Signal delivery check: process' \
docker/qemu/run-x86-boot-tests.sh:1230:         "$OUTPUT_DIR"/serial_*.txt | awk '{ total += $1 } END { print total + 0 }')" -eq 0
docker/qemu/run-x86-boot-tests.sh:1231:     # (4) #767: the timer-scale oracle, emitted once and passing.
docker/qemu/run-x86-boot-tests.sh:1232:     test "$(grep -h -F -c -- "$TIMER_SCALE_ORACLE_PREFIX" \
docker/qemu/run-x86-boot-tests.sh:1233:         "$OUTPUT_DIR"/serial_*.txt | awk '{ total += $1 } END { print total + 0 }')" -eq 1
docker/qemu/run-x86-boot-tests.sh:1234:     test "$(grep -h -E -c "$TIMER_SCALE_ORACLE_PASS_PATTERN" \
docker/qemu/run-x86-boot-tests.sh:1235:         "$OUTPUT_DIR"/serial_*.txt | awk '{ total += $1 } END { print total + 0 }')" -eq 1
docker/qemu/run-x86-boot-tests.sh:1236:     # (5) the ring-span self-check: present, and its sampling ratio (a pure
docker/qemu/run-x86-boot-tests.sh:1237:     # count relationship, immune to wall-clock jitter -- see the comment at
docker/qemu/run-x86-boot-tests.sh:1238:     # this script's RING_SPAN_RATIO_FLOOR definition) clears the floor.
docker/qemu/run-x86-boot-tests.sh:1239:     RING_SPAN_LINE=$(grep -h -oE "$RING_SPAN_PATTERN" \
docker/qemu/run-x86-boot-tests.sh:1240:         "$OUTPUT_DIR"/serial_*.txt | tail -1)
docker/qemu/run-x86-boot-tests.sh:1241:     test -n "$RING_SPAN_LINE"
docker/qemu/run-x86-boot-tests.sh:1242:     RING_SPAN_TICKS_TOTAL=$(printf '%s\n' "$RING_SPAN_LINE" | \
docker/qemu/run-x86-boot-tests.sh:1243:         sed -n 's/.*:ticks_total=\([0-9][0-9]*\):.*/\1/p')
docker/qemu/run-x86-boot-tests.sh:1244:     RING_SPAN_TICK_EVENTS=$(printf '%s\n' "$RING_SPAN_LINE" | \
docker/qemu/run-x86-boot-tests.sh:1245:         sed -n 's/.*:tick_events=\([0-9][0-9]*\)\].*/\1/p')
docker/qemu/run-x86-boot-tests.sh:1246:     test -n "$RING_SPAN_TICKS_TOTAL"
docker/qemu/run-x86-boot-tests.sh:1247:     test -n "$RING_SPAN_TICK_EVENTS"
docker/qemu/run-x86-boot-tests.sh:1248:     test "$RING_SPAN_TICK_EVENTS" -gt 0
docker/qemu/run-x86-boot-tests.sh:1249:     test "$RING_SPAN_TICKS_TOTAL" -ge "$((RING_SPAN_TICK_EVENTS * RING_SPAN_RATIO_FLOOR))"
docker/qemu/run-x86-boot-tests.sh:1250:     # claim-lint:ok: tests/tracing_provider_gate_structure.rs exercises the extracted assertion.
docker/qemu/run-x86-boot-tests.sh:1251:     # (5a) tracing framework: the deferred-fault-ring overflow provider test,
docker/qemu/run-x86-boot-tests.sh:1252:     # called directly from kernel/src/main.rs right after the ring-span
docker/qemu/run-x86-boot-tests.sh:1253:     # self-check above (same shipping boot_tests profile, x86_staged_registry
docker/qemu/run-x86-boot-tests.sh:1254:     # still off). Exactly one START, exactly one PASS, and zero FAIL for this
docker/qemu/run-x86-boot-tests.sh:1255:     # test's marker family in the same boot. Scored against serial_user.txt
docker/qemu/run-x86-boot-tests.sh:1256:     # ALONE, not the serial_*.txt glob every other check above uses: COM1 is
docker/qemu/run-x86-boot-tests.sh:1257:     # the only port `serial_println!` writes to (kernel/src/serial.rs), and
docker/qemu/run-x86-boot-tests.sh:1258:     # COM1 is what this script's QEMU invocation maps to serial_user.txt
docker/qemu/run-x86-boot-tests.sh:1259:     # above -- summing it against the COM2 kernel log as well would risk
docker/qemu/run-x86-boot-tests.sh:1260:     # double-scoring the same event if a future change ever also logged to
docker/qemu/run-x86-boot-tests.sh:1261:     # COM2. No `if` wraps this: its nonzero exit reaches the ERR trap
docker/qemu/run-x86-boot-tests.sh:1262:     # installed at the top of this script, the same as every other `test`
docker/qemu/run-x86-boot-tests.sh:1263:     # assertion in this loop.
docker/qemu/run-x86-boot-tests.sh:1264:     test -s "$OUTPUT_DIR/serial_user.txt"
docker/qemu/run-x86-boot-tests.sh:1265:     awk '
docker/qemu/run-x86-boot-tests.sh:1266:         index($0, "[TEST:process:deferred_fault_ring_overflow_injection:START]") { started++ }
docker/qemu/run-x86-boot-tests.sh:1267:         index($0, "[TEST:process:deferred_fault_ring_overflow_injection:PASS]") { passed++ }
docker/qemu/run-x86-boot-tests.sh:1268:         index($0, "[TEST:process:deferred_fault_ring_overflow_injection:FAIL:") { failed++ }
docker/qemu/run-x86-boot-tests.sh:1269:         END { exit !(started == 1 && passed == 1 && failed == 0) }
docker/qemu/run-x86-boot-tests.sh:1270:     ' "$OUTPUT_DIR/serial_user.txt"
docker/qemu/run-x86-boot-tests.sh:1271:     # (6) #766: the wake-to-dispatch latency oracle, emitted once and passing.
docker/qemu/run-x86-boot-tests.sh:1272:     # Pinning the emission count at 1 as well as the PASS line means a FAIL
docker/qemu/run-x86-boot-tests.sh:1273:     # emission cannot hide behind a later PASS, and a deleted call site cannot
docker/qemu/run-x86-boot-tests.sh:1274:     # pass this gate by silence.
docker/qemu/run-x86-boot-tests.sh:1275:     test "$(grep -h -F -c -- "$TIMER_WAKE_LATENCY_ORACLE_PREFIX" \
docker/qemu/run-x86-boot-tests.sh:1276:         "$OUTPUT_DIR"/serial_*.txt | awk '{ total += $1 } END { print total + 0 }')" -eq 1
docker/qemu/run-x86-boot-tests.sh:1277:     test "$(grep -h -E -c "$TIMER_WAKE_LATENCY_ORACLE_PASS_PATTERN" \
docker/qemu/run-x86-boot-tests.sh:1278:         "$OUTPUT_DIR"/serial_*.txt | awk '{ total += $1 } END { print total + 0 }')" -eq 1
docker/qemu/run-x86-boot-tests.sh:1279:     EXPECTED_EXITS="$EXPECTED_USERSPACE_EXITS" \
docker/qemu/run-x86-boot-tests.sh:1280:         "$BREENIX_ROOT/scripts/x86-gate-verdict.sh" "$OUTPUT_DIR"/serial_*.txt
docker/qemu/run-x86-boot-tests.sh:1281:     COUNTER_LINE=$(grep -hE "$FRAME_CUSTODY_PATTERN" \
docker/qemu/run-x86-boot-tests.sh:1282:         "$OUTPUT_DIR"/serial_*.txt | tail -1)
docker/qemu/run-x86-boot-tests.sh:1283:     KSTACK_OWNER_LINE=$(grep -hE "$KSTACK_OWNER_ORACLE_PATTERN" \
docker/qemu/run-x86-boot-tests.sh:1284:         "$OUTPUT_DIR"/serial_*.txt | tail -1)
docker/qemu/run-x86-boot-tests.sh:1285:     echo "$COUNTER_LINE"
docker/qemu/run-x86-boot-tests.sh:1286:     echo "$PT_CUSTODY_LITERAL"
docker/qemu/run-x86-boot-tests.sh:1287:     echo "$PT_COHORT_LITERAL"
docker/qemu/run-x86-boot-tests.sh:1288:     echo "$PT_EXEC_COHORT_LITERAL"
docker/qemu/run-x86-boot-tests.sh:1289:     echo "$EXEC_DETACH_ORACLE_LITERAL"
docker/qemu/run-x86-boot-tests.sh:1290:     echo "$CLONE_ADMISSION_ORACLE_LITERAL"
docker/qemu/run-x86-boot-tests.sh:1291:     echo "$INIT_DESIGNATION_ORACLE_LITERAL"
docker/qemu/run-x86-boot-tests.sh:1292:     echo "$INIT_GROUP_REFUSAL_ORACLE_LITERAL"
docker/qemu/run-x86-boot-tests.sh:1293:     SCHED_STRAND_ORACLE_LINE=$(grep -h -E "$SCHED_STRAND_ORACLE_PATTERN" \
docker/qemu/run-x86-boot-tests.sh:1294:         "$OUTPUT_DIR"/serial_*.txt | tail -1)
docker/qemu/run-x86-boot-tests.sh:1295:     echo "$SCHED_STRAND_ORACLE_LINE"
docker/qemu/run-x86-boot-tests.sh:1296:     CENSUS_WIDEN_ORACLE_LINE=$(grep -h -F "$CENSUS_WIDEN_ORACLE_LITERAL" \
docker/qemu/run-x86-boot-tests.sh:1297:         "$OUTPUT_DIR"/serial_*.txt | tail -1)
docker/qemu/run-x86-boot-tests.sh:1298:     echo "$CENSUS_WIDEN_ORACLE_LINE"
docker/qemu/run-x86-boot-tests.sh:1299:     # Surfaced for the same reason its sibling above is: the wait predicate
docker/qemu/run-x86-boot-tests.sh:1300:     # already requires this literal fixed-string, so a run that reaches here
docker/qemu/run-x86-boot-tests.sh:1301:     # matched it. Until this echo existed the gate printed its sibling oracle
docker/qemu/run-x86-boot-tests.sh:1302:     # lines and not this one, so a gate log could not be read as a receipt for
docker/qemu/run-x86-boot-tests.sh:1303:     # what the uniprocessor arm said -- and a round doc cited a gate log for
docker/qemu/run-x86-boot-tests.sh:1304:     # exactly that. #796 and #812 both pass this gate by pinning a SKIP line
docker/qemu/run-x86-boot-tests.sh:1305:     # the && chain above requires, but neither line was echoed here either,
docker/qemu/run-x86-boot-tests.sh:1306:     # so a preserved copy of this driver's stdout showed the verdict and not
docker/qemu/run-x86-boot-tests.sh:1307:     # the evidence behind it.
docker/qemu/run-x86-boot-tests.sh:1308:     # claim-lint:ok: the citation and its correction are recorded in
docker/qemu/run-x86-boot-tests.sh:1309:     # docs/planning/green-program/syscalls/819-ORACLE-ARMING-2026-09-05.md
docker/qemu/run-x86-boot-tests.sh:1310:     FCNTL_PM_CONTENTION_ORACLE_LINE=$(grep -h -F "$FCNTL_PM_CONTENTION_ORACLE_LITERAL" \
docker/qemu/run-x86-boot-tests.sh:1311:         "$OUTPUT_DIR"/serial_*.txt | tail -1)
docker/qemu/run-x86-boot-tests.sh:1312:     echo "$FCNTL_PM_CONTENTION_ORACLE_LINE"
docker/qemu/run-x86-boot-tests.sh:1313:     IRQ_HOLD_ORACLE_LINE=$(grep -h -F "$IRQ_HOLD_ORACLE_LITERAL" \
docker/qemu/run-x86-boot-tests.sh:1314:         "$OUTPUT_DIR"/serial_*.txt | tail -1)
docker/qemu/run-x86-boot-tests.sh:1315:     echo "$IRQ_HOLD_ORACLE_LINE"
docker/qemu/run-x86-boot-tests.sh:1316:     UDP_LOCK_ORACLE_LINE=$(grep -h -F "$UDP_LOCK_ORACLE_LITERAL" \
docker/qemu/run-x86-boot-tests.sh:1317:         "$OUTPUT_DIR"/serial_*.txt | tail -1)
docker/qemu/run-x86-boot-tests.sh:1318:     echo "$UDP_LOCK_ORACLE_LINE"
docker/qemu/run-x86-boot-tests.sh:1319:     UDP_PORTS_LOCK_ORACLE_LINE=$(grep -h -F "$UDP_PORTS_LOCK_ORACLE_LITERAL" \
docker/qemu/run-x86-boot-tests.sh:1320:         "$OUTPUT_DIR"/serial_*.txt | tail -1)
docker/qemu/run-x86-boot-tests.sh:1321:     echo "$UDP_PORTS_LOCK_ORACLE_LINE"
docker/qemu/run-x86-boot-tests.sh:1322:     TTY_IRQ_PM_ORACLE_LINE=$(grep -h -E "$TTY_IRQ_PM_ORACLE_PATTERN" \
docker/qemu/run-x86-boot-tests.sh:1323:         "$OUTPUT_DIR"/serial_*.txt | tail -1)
docker/qemu/run-x86-boot-tests.sh:1324:     echo "$TTY_IRQ_PM_ORACLE_LINE"
docker/qemu/run-x86-boot-tests.sh:1325:     TTY_IRQ_FG_ORACLE_LINE=$(grep -h -E "$TTY_IRQ_FG_ORACLE_PATTERN" \
docker/qemu/run-x86-boot-tests.sh:1326:         "$OUTPUT_DIR"/serial_*.txt | tail -1)
docker/qemu/run-x86-boot-tests.sh:1327:     echo "$TTY_IRQ_FG_ORACLE_LINE"
docker/qemu/run-x86-boot-tests.sh:1328:     FUTEX_HANDOFF_ORACLE_LINE=$(grep -h -E "$FUTEX_HANDOFF_ORACLE_PATTERN" \
docker/qemu/run-x86-boot-tests.sh:1329:         "$OUTPUT_DIR"/serial_*.txt | tail -1)
docker/qemu/run-x86-boot-tests.sh:1330:     echo "$FUTEX_HANDOFF_ORACLE_LINE"
docker/qemu/run-x86-boot-tests.sh:1331:     echo "$EXEC_FAILED_RELEASE_PROD_LITERAL"
docker/qemu/run-x86-boot-tests.sh:1332:     echo "$KSTACK_OWNER_LINE"
docker/qemu/run-x86-boot-tests.sh:1333:     echo "$CREATION_LOCK_ORDER_INJECTED_LITERAL"
docker/qemu/run-x86-boot-tests.sh:1334:     echo "$TOMBSTONE_JOIN_ORACLE_LITERAL"
docker/qemu/run-x86-boot-tests.sh:1335:     echo "$TOMBSTONE_CENSUS_USERSPACE_END_LINE"
docker/qemu/run-x86-boot-tests.sh:1336:     echo "$QUIESCE_LINE"
docker/qemu/run-x86-boot-tests.sh:1337:     echo "$RECLAIM_DRAIN_LINE"
docker/qemu/run-x86-boot-tests.sh:1338:     TIMER_SCALE_ORACLE_LINE=$(grep -h -F -- "$TIMER_SCALE_ORACLE_PREFIX" \
docker/qemu/run-x86-boot-tests.sh:1339:         "$OUTPUT_DIR"/serial_*.txt | tail -1)
docker/qemu/run-x86-boot-tests.sh:1340:     echo "$TIMER_SCALE_ORACLE_LINE"
docker/qemu/run-x86-boot-tests.sh:1341:     echo "$RING_SPAN_LINE"
docker/qemu/run-x86-boot-tests.sh:1342:     TIMER_WAKE_LATENCY_ORACLE_LINE=$(grep -h -F -- "$TIMER_WAKE_LATENCY_ORACLE_PREFIX" \
docker/qemu/run-x86-boot-tests.sh:1343:         "$OUTPUT_DIR"/serial_*.txt | tail -1)
docker/qemu/run-x86-boot-tests.sh:1344:     echo "$TIMER_WAKE_LATENCY_ORACLE_LINE"
docker/qemu/run-x86-boot-tests.sh:1345:     if grep -qE '\[BOOT_TESTS:FAIL|KERNEL PANIC|panic!' \
docker/qemu/run-x86-boot-tests.sh:1346:         "$OUTPUT_DIR"/serial_*.txt; then
docker/qemu/run-x86-boot-tests.sh:1347:         echo "x86 frame-custody gate run $i: FAIL (BOOT_TESTS:FAIL, KERNEL PANIC, or panic! marker present)"
docker/qemu/run-x86-boot-tests.sh:1348:         false
docker/qemu/run-x86-boot-tests.sh:1349:     fi
docker/qemu/run-x86-boot-tests.sh:1350:     if grep -qE '\[CENSUS_WIDEN_ORACLE:x86:[^]]*:FAIL\]' \
docker/qemu/run-x86-boot-tests.sh:1351:         "$OUTPUT_DIR"/serial_*.txt; then
docker/qemu/run-x86-boot-tests.sh:1352:         echo "x86 frame-custody gate run $i: FAIL (CENSUS_WIDEN_ORACLE:FAIL marker present)"
docker/qemu/run-x86-boot-tests.sh:1353:         false
docker/qemu/run-x86-boot-tests.sh:1354:     fi
docker/qemu/run-x86-boot-tests.sh:1355:     if grep -qE '\[TEST:network:[^]]*:FAIL' \
docker/qemu/run-x86-boot-tests.sh:1356:         "$OUTPUT_DIR"/serial_*.txt; then
docker/qemu/run-x86-boot-tests.sh:1357:         echo "x86 frame-custody gate run $i: FAIL (TEST:network:*:FAIL marker present)"
docker/qemu/run-x86-boot-tests.sh:1358:         false
docker/qemu/run-x86-boot-tests.sh:1359:     fi
docker/qemu/run-x86-boot-tests.sh:1360:     if grep -qE '\[TEST:userspace:[^]]*:FAIL' \
docker/qemu/run-x86-boot-tests.sh:1361:         "$OUTPUT_DIR"/serial_*.txt; then
docker/qemu/run-x86-boot-tests.sh:1362:         echo "x86 frame-custody gate run $i: FAIL (TEST:userspace:*:FAIL marker present)"
docker/qemu/run-x86-boot-tests.sh:1363:         false
docker/qemu/run-x86-boot-tests.sh:1364:     fi
docker/qemu/run-x86-boot-tests.sh:1365:     # Absence is meaningful because KSTACK_OWNER_ORACLE pins a nonzero
docker/qemu/run-x86-boot-tests.sh:1366:     # sched_publications driver and the injected marker proves the detector fires.
docker/qemu/run-x86-boot-tests.sh:1367:     if grep -qF '[CREATION_LOCK_ORDER:VIOLATION' \
docker/qemu/run-x86-boot-tests.sh:1368:         "$OUTPUT_DIR"/serial_*.txt; then
docker/qemu/run-x86-boot-tests.sh:1369:         echo "x86 frame-custody gate run $i: FAIL (CREATION_LOCK_ORDER:VIOLATION marker present)"
docker/qemu/run-x86-boot-tests.sh:1370:         false
docker/qemu/run-x86-boot-tests.sh:1371:     fi
docker/qemu/run-x86-boot-tests.sh:1372:     echo "x86 frame-custody gate run $i: PASS"
docker/qemu/run-x86-boot-tests.sh:1373:     printf '%s\n' "$CAPTURE_LINES"
docker/qemu/run-x86-boot-tests.sh:1374:     breenix_runs_import_nonfatal "$OUTPUT_DIR" x86_64 boot-tests PASS 0 "$HOST_MS_START" "${BREENIX_RUNS_GATE_ARGV[@]}" || :
docker/qemu/run-x86-boot-tests.sh:1375: done

FILE: kernel/src/task/softirq_tests.rs
kernel/src/task/softirq_tests.rs:1: //! Shared softirq tests for x86_64 and ARM64.
kernel/src/task/softirq_tests.rs:2: //!
kernel/src/task/softirq_tests.rs:3: //! Tests the Linux-style softirq implementation:
kernel/src/task/softirq_tests.rs:4: //! 1. Softirq handler registration
kernel/src/task/softirq_tests.rs:5: //! 2. raise_softirq() marks softirq as pending
kernel/src/task/softirq_tests.rs:6: //! 3. do_softirq() invokes registered handlers
kernel/src/task/softirq_tests.rs:7: //! 4. Priority ordering (Timer before NetRx)
kernel/src/task/softirq_tests.rs:8: //! 5. Nested interrupt rejection
kernel/src/task/softirq_tests.rs:9: //! 6. Iteration limit and ksoftirqd deferral
kernel/src/task/softirq_tests.rs:10: //! 7. ksoftirqd initialization verification
kernel/src/task/softirq_tests.rs:11:
kernel/src/task/softirq_tests.rs:12: use crate::task::softirqd::{do_softirq, raise_softirq, register_softirq_handler, SoftirqType};
kernel/src/task/softirq_tests.rs:13: use crate::{arch_enable_interrupts, arch_halt};
kernel/src/task/softirq_tests.rs:14: use core::sync::atomic::{AtomicBool, AtomicU32, AtomicU64, Ordering};
kernel/src/task/softirq_tests.rs:15:
kernel/src/task/softirq_tests.rs:16: #[cfg(feature = "testing")]
kernel/src/task/softirq_tests.rs:17: pub fn test_softirq() {
kernel/src/task/softirq_tests.rs:18:     static TIMER_HANDLER_CALLED: AtomicU32 = AtomicU32::new(0);
kernel/src/task/softirq_tests.rs:19:     static NET_RX_HANDLER_CALLED: AtomicU32 = AtomicU32::new(0);
kernel/src/task/softirq_tests.rs:20:
kernel/src/task/softirq_tests.rs:21:     // Reset counters
kernel/src/task/softirq_tests.rs:22:     TIMER_HANDLER_CALLED.store(0, Ordering::SeqCst);
kernel/src/task/softirq_tests.rs:23:     NET_RX_HANDLER_CALLED.store(0, Ordering::SeqCst);
kernel/src/task/softirq_tests.rs:24:
kernel/src/task/softirq_tests.rs:25:     log::info!("=== SOFTIRQ TEST: Starting softirq test ===");
kernel/src/task/softirq_tests.rs:26:
kernel/src/task/softirq_tests.rs:27:     // Test 1: Register handlers
kernel/src/task/softirq_tests.rs:28:     log::info!("SOFTIRQ_TEST: Testing handler registration...");
kernel/src/task/softirq_tests.rs:29:     register_softirq_handler(SoftirqType::Timer, |_softirq| {
kernel/src/task/softirq_tests.rs:30:         TIMER_HANDLER_CALLED.fetch_add(1, Ordering::SeqCst);
kernel/src/task/softirq_tests.rs:31:     });
kernel/src/task/softirq_tests.rs:32:     register_softirq_handler(SoftirqType::NetRx, |_softirq| {
kernel/src/task/softirq_tests.rs:33:         NET_RX_HANDLER_CALLED.fetch_add(1, Ordering::SeqCst);
kernel/src/task/softirq_tests.rs:34:     });
kernel/src/task/softirq_tests.rs:35:     log::info!("SOFTIRQ_TEST: handler registration passed");
kernel/src/task/softirq_tests.rs:36:
kernel/src/task/softirq_tests.rs:37:     // Test 2: Raise and process Timer softirq
kernel/src/task/softirq_tests.rs:38:     log::info!("SOFTIRQ_TEST: Testing Timer softirq...");
kernel/src/task/softirq_tests.rs:39:     raise_softirq(SoftirqType::Timer);
kernel/src/task/softirq_tests.rs:40:
kernel/src/task/softirq_tests.rs:41:     // Check that softirq is pending
kernel/src/task/softirq_tests.rs:42:     let pending = crate::per_cpu::softirq_pending();
kernel/src/task/softirq_tests.rs:43:     assert!(
kernel/src/task/softirq_tests.rs:44:         (pending & (1 << SoftirqType::Timer.as_nr())) != 0,
kernel/src/task/softirq_tests.rs:45:         "Timer softirq should be pending"
kernel/src/task/softirq_tests.rs:46:     );
kernel/src/task/softirq_tests.rs:47:
kernel/src/task/softirq_tests.rs:48:     // Process softirqs (we're in thread context, not interrupt context)
kernel/src/task/softirq_tests.rs:49:     do_softirq();
kernel/src/task/softirq_tests.rs:50:
kernel/src/task/softirq_tests.rs:51:     let timer_count = TIMER_HANDLER_CALLED.load(Ordering::SeqCst);
kernel/src/task/softirq_tests.rs:52:     assert_eq!(timer_count, 1, "Timer handler should have been called once");
kernel/src/task/softirq_tests.rs:53:     log::info!("SOFTIRQ_TEST: Timer softirq passed");
kernel/src/task/softirq_tests.rs:54:
kernel/src/task/softirq_tests.rs:55:     // Test 3: Raise and process NetRx softirq
kernel/src/task/softirq_tests.rs:56:     log::info!("SOFTIRQ_TEST: Testing NetRx softirq...");
kernel/src/task/softirq_tests.rs:57:     raise_softirq(SoftirqType::NetRx);
kernel/src/task/softirq_tests.rs:58:     do_softirq();
kernel/src/task/softirq_tests.rs:59:
kernel/src/task/softirq_tests.rs:60:     let net_rx_count = NET_RX_HANDLER_CALLED.load(Ordering::SeqCst);
kernel/src/task/softirq_tests.rs:61:     assert_eq!(
kernel/src/task/softirq_tests.rs:62:         net_rx_count, 1,
kernel/src/task/softirq_tests.rs:63:         "NetRx handler should have been called once"
kernel/src/task/softirq_tests.rs:64:     );
kernel/src/task/softirq_tests.rs:65:     log::info!("SOFTIRQ_TEST: NetRx softirq passed");
kernel/src/task/softirq_tests.rs:66:
kernel/src/task/softirq_tests.rs:67:     // Test 4: Raise multiple softirqs at once
kernel/src/task/softirq_tests.rs:68:     log::info!("SOFTIRQ_TEST: Testing multiple softirqs...");
kernel/src/task/softirq_tests.rs:69:     raise_softirq(SoftirqType::Timer);
kernel/src/task/softirq_tests.rs:70:     raise_softirq(SoftirqType::NetRx);
kernel/src/task/softirq_tests.rs:71:     do_softirq();
kernel/src/task/softirq_tests.rs:72:
kernel/src/task/softirq_tests.rs:73:     let timer_count = TIMER_HANDLER_CALLED.load(Ordering::SeqCst);
kernel/src/task/softirq_tests.rs:74:     let net_rx_count = NET_RX_HANDLER_CALLED.load(Ordering::SeqCst);
kernel/src/task/softirq_tests.rs:75:     assert_eq!(
kernel/src/task/softirq_tests.rs:76:         timer_count, 2,
kernel/src/task/softirq_tests.rs:77:         "Timer handler should have been called twice"
kernel/src/task/softirq_tests.rs:78:     );
kernel/src/task/softirq_tests.rs:79:     assert_eq!(
kernel/src/task/softirq_tests.rs:80:         net_rx_count, 2,
kernel/src/task/softirq_tests.rs:81:         "NetRx handler should have been called twice"
kernel/src/task/softirq_tests.rs:82:     );
kernel/src/task/softirq_tests.rs:83:     log::info!("SOFTIRQ_TEST: multiple softirqs passed");
kernel/src/task/softirq_tests.rs:84:
kernel/src/task/softirq_tests.rs:85:     // Test 5: Priority order verification
kernel/src/task/softirq_tests.rs:86:     // Timer (priority 1) should execute BEFORE NetRx (priority 3)
kernel/src/task/softirq_tests.rs:87:     log::info!("SOFTIRQ_TEST: Testing priority order...");
kernel/src/task/softirq_tests.rs:88:     static EXECUTION_ORDER: AtomicU32 = AtomicU32::new(0);
kernel/src/task/softirq_tests.rs:89:     static TIMER_EXEC_ORDER: AtomicU32 = AtomicU32::new(0);
kernel/src/task/softirq_tests.rs:90:     static NETRX_EXEC_ORDER: AtomicU32 = AtomicU32::new(0);
kernel/src/task/softirq_tests.rs:91:
kernel/src/task/softirq_tests.rs:92:     EXECUTION_ORDER.store(0, Ordering::SeqCst);
kernel/src/task/softirq_tests.rs:93:     TIMER_EXEC_ORDER.store(0, Ordering::SeqCst);
kernel/src/task/softirq_tests.rs:94:     NETRX_EXEC_ORDER.store(0, Ordering::SeqCst);
kernel/src/task/softirq_tests.rs:95:
kernel/src/task/softirq_tests.rs:96:     // Register new handlers that track execution order
kernel/src/task/softirq_tests.rs:97:     register_softirq_handler(SoftirqType::Timer, |_softirq| {
kernel/src/task/softirq_tests.rs:98:         let order = EXECUTION_ORDER.fetch_add(1, Ordering::SeqCst);
kernel/src/task/softirq_tests.rs:99:         TIMER_EXEC_ORDER.store(order + 1, Ordering::SeqCst);
kernel/src/task/softirq_tests.rs:100:     });
kernel/src/task/softirq_tests.rs:101:     register_softirq_handler(SoftirqType::NetRx, |_softirq| {
kernel/src/task/softirq_tests.rs:102:         let order = EXECUTION_ORDER.fetch_add(1, Ordering::SeqCst);
kernel/src/task/softirq_tests.rs:103:         NETRX_EXEC_ORDER.store(order + 1, Ordering::SeqCst);
kernel/src/task/softirq_tests.rs:104:     });
kernel/src/task/softirq_tests.rs:105:
kernel/src/task/softirq_tests.rs:106:     // Raise NetRx first, then Timer - Timer should still execute first due to priority
kernel/src/task/softirq_tests.rs:107:     raise_softirq(SoftirqType::NetRx);
kernel/src/task/softirq_tests.rs:108:     raise_softirq(SoftirqType::Timer);
kernel/src/task/softirq_tests.rs:109:     do_softirq();
kernel/src/task/softirq_tests.rs:110:
kernel/src/task/softirq_tests.rs:111:     let timer_order = TIMER_EXEC_ORDER.load(Ordering::SeqCst);
kernel/src/task/softirq_tests.rs:112:     let netrx_order = NETRX_EXEC_ORDER.load(Ordering::SeqCst);
kernel/src/task/softirq_tests.rs:113:     assert!(
kernel/src/task/softirq_tests.rs:114:         timer_order < netrx_order,
kernel/src/task/softirq_tests.rs:115:         "Timer (priority 1) should execute before NetRx (priority 3): timer={}, netrx={}",
kernel/src/task/softirq_tests.rs:116:         timer_order,
kernel/src/task/softirq_tests.rs:117:         netrx_order
kernel/src/task/softirq_tests.rs:118:     );
kernel/src/task/softirq_tests.rs:119:     log::info!(
kernel/src/task/softirq_tests.rs:120:         "SOFTIRQ_TEST: priority order passed (Timer={}, NetRx={})",
kernel/src/task/softirq_tests.rs:121:         timer_order,
kernel/src/task/softirq_tests.rs:122:         netrx_order
kernel/src/task/softirq_tests.rs:123:     );
kernel/src/task/softirq_tests.rs:124:
kernel/src/task/softirq_tests.rs:125:     // Test 6: Nested interrupt rejection
kernel/src/task/softirq_tests.rs:126:     // do_softirq() should return false when already in interrupt context
kernel/src/task/softirq_tests.rs:127:     log::info!("SOFTIRQ_TEST: Testing nested interrupt rejection...");
kernel/src/task/softirq_tests.rs:128:     crate::per_cpu::softirq_enter(); // Simulate being in softirq context
kernel/src/task/softirq_tests.rs:129:     raise_softirq(SoftirqType::Timer);
kernel/src/task/softirq_tests.rs:130:     let processed = do_softirq();
kernel/src/task/softirq_tests.rs:131:     assert!(
kernel/src/task/softirq_tests.rs:132:         !processed,
kernel/src/task/softirq_tests.rs:133:         "do_softirq() should return false when in interrupt context"
kernel/src/task/softirq_tests.rs:134:     );
kernel/src/task/softirq_tests.rs:135:     crate::per_cpu::softirq_exit();
kernel/src/task/softirq_tests.rs:136:     // Now process the pending softirq outside interrupt context
kernel/src/task/softirq_tests.rs:137:     let processed = do_softirq();
kernel/src/task/softirq_tests.rs:138:     assert!(
kernel/src/task/softirq_tests.rs:139:         processed,
kernel/src/task/softirq_tests.rs:140:         "do_softirq() should return true when not in interrupt context"
kernel/src/task/softirq_tests.rs:141:     );
kernel/src/task/softirq_tests.rs:142:     log::info!("SOFTIRQ_TEST: nested interrupt rejection passed");
kernel/src/task/softirq_tests.rs:143:
kernel/src/task/softirq_tests.rs:144:     let deferral_ok = test_deferral();
kernel/src/task/softirq_tests.rs:145:
kernel/src/task/softirq_tests.rs:146:     // Test 8: Verify ksoftirqd is initialized (keep original test)
kernel/src/task/softirq_tests.rs:147:     log::info!("SOFTIRQ_TEST: Verifying ksoftirqd is initialized...");
kernel/src/task/softirq_tests.rs:148:     assert!(
kernel/src/task/softirq_tests.rs:149:         crate::task::softirqd::is_initialized(),
kernel/src/task/softirq_tests.rs:150:         "Softirq subsystem should be initialized"
kernel/src/task/softirq_tests.rs:151:     );
kernel/src/task/softirq_tests.rs:152:     log::info!("SOFTIRQ_TEST: ksoftirqd verification passed");
kernel/src/task/softirq_tests.rs:153:
kernel/src/task/softirq_tests.rs:154:     if deferral_ok {
kernel/src/task/softirq_tests.rs:155:         log::info!("SOFTIRQ_TEST: all tests passed");
kernel/src/task/softirq_tests.rs:156:     }
kernel/src/task/softirq_tests.rs:157:
kernel/src/task/softirq_tests.rs:158:     // CRITICAL: Restore the real network softirq handler!
kernel/src/task/softirq_tests.rs:159:     // The tests above registered test handlers that override the real ones.
kernel/src/task/softirq_tests.rs:160:     // Without this, network packets won't be processed after the tests.
kernel/src/task/softirq_tests.rs:161:     crate::net::register_net_softirq();
kernel/src/task/softirq_tests.rs:162:     log::info!("SOFTIRQ_TEST: Restored network softirq handler");
kernel/src/task/softirq_tests.rs:163:
kernel/src/task/softirq_tests.rs:164:     log::info!("=== SOFTIRQ TEST: Completed ===");
kernel/src/task/softirq_tests.rs:165: }
kernel/src/task/softirq_tests.rs:166:
kernel/src/task/softirq_tests.rs:167: // This probe owns Tasklet until ACTIVE is cleared. Interrupt exits may service
kernel/src/task/softirq_tests.rs:168: // it, but cannot complete the probe: a callback from the daemon is required.
kernel/src/task/softirq_tests.rs:169: static ACTIVE: AtomicBool = AtomicBool::new(false);
kernel/src/task/softirq_tests.rs:170: static GUEST_DONE: AtomicBool = AtomicBool::new(false);
kernel/src/task/softirq_tests.rs:171: static ITERATIONS: AtomicU32 = AtomicU32::new(0);
kernel/src/task/softirq_tests.rs:172: static DISPATCH_BASE: AtomicU64 = AtomicU64::new(0);
kernel/src/task/softirq_tests.rs:173: static WAITED_TICKS: AtomicU64 = AtomicU64::new(0);
kernel/src/task/softirq_tests.rs:174: static WAITED_NS: AtomicU64 = AtomicU64::new(0);
kernel/src/task/softirq_tests.rs:175: static DISPATCHES: AtomicU64 = AtomicU64::new(0);
kernel/src/task/softirq_tests.rs:176: static PROBE_CPU: AtomicU64 = AtomicU64::new(0);
kernel/src/task/softirq_tests.rs:177: static VERDICT: AtomicU32 = AtomicU32::new(0);
kernel/src/task/softirq_tests.rs:178: const TARGET_ITERATIONS: u32 = 25;
kernel/src/task/softirq_tests.rs:179: const WAIT_TICKS: u64 = 250;
kernel/src/task/softirq_tests.rs:180: const WALL_LIMIT_NS: u64 = 15_000_000_000;
kernel/src/task/softirq_tests.rs:181:
kernel/src/task/softirq_tests.rs:182: fn counter_ns() -> u64 {
kernel/src/task/softirq_tests.rs:183:     crate::tracing::timestamp_to_nanos(crate::tracing::trace_timestamp())
kernel/src/task/softirq_tests.rs:184: }
kernel/src/task/softirq_tests.rs:185:
kernel/src/task/softirq_tests.rs:186: fn deferral_handler(_softirq: SoftirqType) {
kernel/src/task/softirq_tests.rs:187:     if !ACTIVE.load(Ordering::Acquire) {
kernel/src/task/softirq_tests.rs:188:         return;
kernel/src/task/softirq_tests.rs:189:     }
kernel/src/task/softirq_tests.rs:190:     let iterations = ITERATIONS.fetch_add(1, Ordering::Relaxed) + 1;
kernel/src/task/softirq_tests.rs:191:     let dispatches = crate::task::softirqd::KSOFTIRQD_TASKLET_DISPATCHES
kernel/src/task/softirq_tests.rs:192:         .get_cpu(crate::task::softirqd::current_cpu())
kernel/src/task/softirq_tests.rs:193:         .wrapping_sub(DISPATCH_BASE.load(Ordering::Relaxed));
kernel/src/task/softirq_tests.rs:194:     if !(dispatches > 0 && iterations >= TARGET_ITERATIONS) {
kernel/src/task/softirq_tests.rs:195:         raise_softirq(SoftirqType::Tasklet);
kernel/src/task/softirq_tests.rs:196:     }
kernel/src/task/softirq_tests.rs:197: }
kernel/src/task/softirq_tests.rs:198:
kernel/src/task/softirq_tests.rs:199: fn deferral_probe() {
kernel/src/task/softirq_tests.rs:200:     use crate::task::softirqd::{current_cpu, KSOFTIRQD_TASKLET_DISPATCHES};
kernel/src/task/softirq_tests.rs:201:     use crate::tracing::providers::counters::TIMER_TICK_TOTAL;
kernel/src/task/softirq_tests.rs:202:     if !ACTIVE.load(Ordering::Acquire) {
kernel/src/task/softirq_tests.rs:203:         return;
kernel/src/task/softirq_tests.rs:204:     }
kernel/src/task/softirq_tests.rs:205:     let cpu = current_cpu();
kernel/src/task/softirq_tests.rs:206:     PROBE_CPU.store(cpu as u64, Ordering::Relaxed);
kernel/src/task/softirq_tests.rs:207:     let base = KSOFTIRQD_TASKLET_DISPATCHES.get_cpu(cpu);
kernel/src/task/softirq_tests.rs:208:     DISPATCH_BASE.store(base, Ordering::Relaxed);
kernel/src/task/softirq_tests.rs:209:     let ticks = TIMER_TICK_TOTAL.get_cpu(cpu);
kernel/src/task/softirq_tests.rs:210:     let wall = counter_ns();
kernel/src/task/softirq_tests.rs:211:     // Keep the initial limit observation together: IRQ-exit service must not
kernel/src/task/softirq_tests.rs:212:     // race the count read immediately following the explicit do_softirq call.
kernel/src/task/softirq_tests.rs:213:     let initial = crate::arch_without_interrupts(|| {
kernel/src/task/softirq_tests.rs:214:         raise_softirq(SoftirqType::Tasklet);
kernel/src/task/softirq_tests.rs:215:         do_softirq();
kernel/src/task/softirq_tests.rs:216:         ITERATIONS.load(Ordering::Relaxed)
kernel/src/task/softirq_tests.rs:217:     });
kernel/src/task/softirq_tests.rs:218:     unsafe {
kernel/src/task/softirq_tests.rs:219:         arch_enable_interrupts();
kernel/src/task/softirq_tests.rs:220:     }
kernel/src/task/softirq_tests.rs:221:     loop {
kernel/src/task/softirq_tests.rs:222:         let elapsed_ticks = TIMER_TICK_TOTAL.get_cpu(cpu).wrapping_sub(ticks);
kernel/src/task/softirq_tests.rs:223:         let elapsed_ns = counter_ns().saturating_sub(wall);
kernel/src/task/softirq_tests.rs:224:         let dispatches = KSOFTIRQD_TASKLET_DISPATCHES.get_cpu(cpu).wrapping_sub(base);
kernel/src/task/softirq_tests.rs:225:         let iterations = ITERATIONS.load(Ordering::Acquire);
kernel/src/task/softirq_tests.rs:226:         WAITED_TICKS.store(elapsed_ticks, Ordering::Relaxed);
kernel/src/task/softirq_tests.rs:227:         WAITED_NS.store(elapsed_ns, Ordering::Relaxed);
kernel/src/task/softirq_tests.rs:228:         DISPATCHES.store(dispatches, Ordering::Relaxed);
kernel/src/task/softirq_tests.rs:229:         if initial != 10 {
kernel/src/task/softirq_tests.rs:230:             VERDICT.store(2, Ordering::Relaxed);
kernel/src/task/softirq_tests.rs:231:             break;
kernel/src/task/softirq_tests.rs:232:         }
kernel/src/task/softirq_tests.rs:233:         if dispatches > 0 && iterations >= TARGET_ITERATIONS {
kernel/src/task/softirq_tests.rs:234:             VERDICT.store(1, Ordering::Relaxed);
kernel/src/task/softirq_tests.rs:235:             break;
kernel/src/task/softirq_tests.rs:236:         }
kernel/src/task/softirq_tests.rs:237:         // Delivered local timer interrupts are guest execution evidence. A
kernel/src/task/softirq_tests.rs:238:         // host pause cannot spend this budget merely by advancing the TSC/CNTVCT.
kernel/src/task/softirq_tests.rs:239:         if elapsed_ticks >= WAIT_TICKS {
kernel/src/task/softirq_tests.rs:240:             VERDICT.store(2, Ordering::Relaxed);
kernel/src/task/softirq_tests.rs:241:             break;
kernel/src/task/softirq_tests.rs:242:         }
kernel/src/task/softirq_tests.rs:243:         if elapsed_ns >= WALL_LIMIT_NS || !ACTIVE.load(Ordering::Acquire) {
kernel/src/task/softirq_tests.rs:244:             VERDICT.store(3, Ordering::Relaxed);
kernel/src/task/softirq_tests.rs:245:             break;
kernel/src/task/softirq_tests.rs:246:         }
kernel/src/task/softirq_tests.rs:247:         crate::task::scheduler::yield_current();
kernel/src/task/softirq_tests.rs:248:         arch_halt();
kernel/src/task/softirq_tests.rs:249:     }
kernel/src/task/softirq_tests.rs:250:     ACTIVE.store(false, Ordering::Release);
kernel/src/task/softirq_tests.rs:251:     crate::per_cpu::clear_softirq(SoftirqType::Tasklet.as_nr());
kernel/src/task/softirq_tests.rs:252:     GUEST_DONE.store(true, Ordering::Release);
kernel/src/task/softirq_tests.rs:253: }
kernel/src/task/softirq_tests.rs:254:
kernel/src/task/softirq_tests.rs:255: /// Emit a non-panicking deferral verdict. The host scorer rejects `lost` and
kernel/src/task/softirq_tests.rs:256: /// reports `starved` as an infrastructure outcome, without a kernel-red marker.
kernel/src/task/softirq_tests.rs:257: pub fn test_deferral() -> bool {
kernel/src/task/softirq_tests.rs:258:     ITERATIONS.store(0, Ordering::Relaxed);
kernel/src/task/softirq_tests.rs:259:     GUEST_DONE.store(false, Ordering::Relaxed);
kernel/src/task/softirq_tests.rs:260:     WAITED_TICKS.store(0, Ordering::Relaxed);
kernel/src/task/softirq_tests.rs:261:     WAITED_NS.store(0, Ordering::Relaxed);
kernel/src/task/softirq_tests.rs:262:     DISPATCHES.store(0, Ordering::Relaxed);
kernel/src/task/softirq_tests.rs:263:     VERDICT.store(0, Ordering::Relaxed);
kernel/src/task/softirq_tests.rs:264:     ACTIVE.store(true, Ordering::Release);
kernel/src/task/softirq_tests.rs:265:     register_softirq_handler(SoftirqType::Tasklet, deferral_handler);
kernel/src/task/softirq_tests.rs:266:     let start = counter_ns();
kernel/src/task/softirq_tests.rs:267:     #[cfg(target_arch = "aarch64")]
kernel/src/task/softirq_tests.rs:268:     {
kernel/src/task/softirq_tests.rs:269:         // CPU0 is still the unschedulable boot stack in the testing profile.
kernel/src/task/softirq_tests.rs:270:         // Exercise local ownership on a schedulable CPU using a real pinned
kernel/src/task/softirq_tests.rs:271:         // kthread, without moving the loader or boot sequence to a new stack.
kernel/src/task/softirq_tests.rs:272:         if crate::arch_impl::aarch64::smp::cpus_online() > 1 {
kernel/src/task/softirq_tests.rs:273:             if crate::task::kthread::kthread_run_on_cpu(deferral_probe, "softirq-probe", 1).is_err()
kernel/src/task/softirq_tests.rs:274:             {
kernel/src/task/softirq_tests.rs:275:                 VERDICT.store(2, Ordering::Relaxed);
kernel/src/task/softirq_tests.rs:276:                 GUEST_DONE.store(true, Ordering::Release);
kernel/src/task/softirq_tests.rs:277:             }
kernel/src/task/softirq_tests.rs:278:         }
kernel/src/task/softirq_tests.rs:279:         while !GUEST_DONE.load(Ordering::Acquire)
kernel/src/task/softirq_tests.rs:280:             && counter_ns().saturating_sub(start) < WALL_LIMIT_NS
kernel/src/task/softirq_tests.rs:281:         {
kernel/src/task/softirq_tests.rs:282:             core::hint::spin_loop();
kernel/src/task/softirq_tests.rs:283:         }
kernel/src/task/softirq_tests.rs:284:     }
kernel/src/task/softirq_tests.rs:285:     #[cfg(target_arch = "x86_64")]
kernel/src/task/softirq_tests.rs:286:     deferral_probe();
kernel/src/task/softirq_tests.rs:287:     if !GUEST_DONE.load(Ordering::Acquire) {
kernel/src/task/softirq_tests.rs:288:         ACTIVE.store(false, Ordering::Release);
kernel/src/task/softirq_tests.rs:289:         VERDICT.store(3, Ordering::Relaxed);
kernel/src/task/softirq_tests.rs:290:     }
kernel/src/task/softirq_tests.rs:291:     let verdict = match VERDICT.load(Ordering::Acquire) {
kernel/src/task/softirq_tests.rs:292:         1 => "ok",
kernel/src/task/softirq_tests.rs:293:         2 => "lost",
kernel/src/task/softirq_tests.rs:294:         _ => "starved",
kernel/src/task/softirq_tests.rs:295:     };
kernel/src/task/softirq_tests.rs:296:     crate::serial_println!(
kernel/src/task/softirq_tests.rs:297:         "[SOFTIRQ_DEFERRAL_ORACLE:arch={}:cpu={}:budget_ticks={}:wait_ticks={}:wait_ns={}:dispatches={}:iterations={}:verdict={}]",
kernel/src/task/softirq_tests.rs:298:         if cfg!(target_arch = "aarch64") { "aarch64" } else { "x86" },
kernel/src/task/softirq_tests.rs:299:         PROBE_CPU.load(Ordering::Relaxed), WAIT_TICKS,
kernel/src/task/softirq_tests.rs:300:         WAITED_TICKS.load(Ordering::Relaxed),
kernel/src/task/softirq_tests.rs:301:         counter_ns().saturating_sub(start).max(WAITED_NS.load(Ordering::Relaxed)),
kernel/src/task/softirq_tests.rs:302:         DISPATCHES.load(Ordering::Relaxed), ITERATIONS.load(Ordering::Relaxed), verdict
kernel/src/task/softirq_tests.rs:303:     );
kernel/src/task/softirq_tests.rs:304:     verdict == "ok"
kernel/src/task/softirq_tests.rs:305: }
