[ram] 6 regions:
[ram]   0x40000000 - 0xffff0000 (3071 MB)
[ram]   0x100000000 - 0x140000000 (1024 MB)
[ram]   0x140026000 - 0x23be0f000 (4029 MB)
[ram]   0x23c000000 - 0x23c020000 (0 MB)
[ram]   0x23c080000 - 0x23f550000 (52 MB)
[ram]   0x23f930000 - 0x240000000 (6 MB)
[kern] entry_phys=0x40401a48 load=0x40080000-0x50104000
[gop-serial] UART: base=0x2110000 type=0 (PL011)
[gop-serial] Enumerating GOP display modes:
[gop-serial]   Mode 0: 1024x768 format=BGR
[gop-serial] 1 modes total, best=786432 pixels
[gop-serial] Already at best mode: 1024x768
[gop-serial] Selected: 1024x768 stride=1024 base=0x10000000 size=0x300000
ZZ0000000040401a48BDMTIVL!J>12KPHEOS
========================================
  Breenix ARM64 Kernel Starting
  BUILD_ID: 006a9e71592494
========================================

[boot] DIAG_MARKER_XHCI_A
[boot] DIAG_MARKER_XHCI_B
[boot] DIAG_MARKER_XHCI_C
[boot] loader xhci_hcrst_raw=0x0 ecam=0x2300000
[boot] Current exception level: EL1
[boot] MMU already enabled (high-half kernel)
[boot] Initializing memory management (0x44000000-0x50000000)...
[boot] Memory management ready
[boot] Initializing Generic Timer...
[boot] Timer frequency: 24000000 Hz (24 MHz)
[boot] Initializing PL031 RTC...
[boot] Current timestamp: 24637162
[boot] Initializing GIC...
[gic] GICR probe 0x02500000: WAKER=0x00000000 <<< VALID
[gic] GICD_CTLR wrote 0x53, readback=0x53
[gic] GICR_IGROUPR0: wrote 0xFFFFFFFF, readback=0xffffffff
[gic] EOImode=1 (split EOI/DIR) - non-VMware path
[gic] ICC_CTLR_EL1: 0x40400 -> 0x40402 (EOImode=1)
[boot] GIC initialized (version 3)
[boot] Enabling UART interrupts...
[boot] Enabling GIC IRQ 33 (UART0)...
[uart] IMSC: 0x0 -> 0x50 (verify: 0x50)
[uart] FR=0x90 (RXFE=1), RIS=0x20
[gic] IRQ 33 state (GICv3):
  enabled=true, group1=true, pending=false
  priority=0xa0, GICD_CTLR=0x53
  ICC_PMR=0xf0
[boot] UART interrupts enabled
[boot] Enabling interrupts...
[boot] Interrupts enabled: true
[boot] Initializing device drivers...
[drivers] Initializing driver subsystem...
[drivers] PCI ECAM at 0x2300000, enumerating PCI bus...
[drivers] Found 7 PCI devices
[pci] 00:01.0 [8086:293e] class=04/03
[pci]   BAR0: 0x18008000 (16384)
[pci] 00:02.0 [8086:265c] class=0c/03
[pci]   BAR0: 0x18012000 (4096)
[pci]   BAR1: 0x0 (4096)
[pci]   BAR2: 0x0 (4096)
[pci]   BAR3: 0x0 (4096)
[pci]   BAR4: 0x0 (4096)
[pci]   BAR5: 0x0 (4096)
[pci] 00:03.0 [1033:0194] class=0c/03
[pci]   BAR0: 0x18011000 (4096)
[pci]   BAR1: 0x0 (4096)
[pci]   BAR2: 0x0 (4096)
[pci]   BAR3: 0x0 (4096)
[pci]   BAR4: 0x0 (4096)
[pci]   BAR5: 0x0 (4096)
[pci] 00:05.0 [1af4:1000] class=02/00
[pci]   BAR0: 0x18010000 (4096)
[pci]   BAR1: 0x1800f000 (4096)
[pci] 00:09.0 [1ab8:4000] class=ff/00
[pci]   BAR0: 0x1800e000 (4096)
[pci] 00:0a.0 [1af4:1050] class=03/00
[pci]   BAR0: 0x10000000 (134217728)
[pci]   BAR1: 0x1800d000 (4096)
[pci]   BAR4: 0x18004000 (16384)
[pci] 00:0e.0 [1af4:1053] class=07/80
[pci]   BAR1: 0x1800c000 (4096)
[pci]   BAR4: 0x18000000 (16384)
[drivers] Found 2 VirtIO PCI devices
[virtio-gpu-pci] Device features: 0x0000000100000001
[virtio-gpu-pci] VIRGL offered: true
[virtio-gpu-pci] Negotiated: 0x0000000100000001 (VIRGL=true)
[virtio-gpu-pci] VIRGL_ENABLED stored=true, readback=true, addr=0xffff00004127a204
[pci] 00:0a.0: capabilities:
  cap 0x11 (MSI-X) @ 0xb0: dw0=0x0001bc11 dw1=0x00000001
  cap 0x09 (?) @ 0xbc: dw0=0x0410cc09 dw1=0x00000004
  cap 0x09 (?) @ 0xcc: dw0=0x0310dc09 dw1=0x00000004
  cap 0x09 (?) @ 0xdc: dw0=0x0214f009 dw1=0x00000004
  cap 0x09 (?) @ 0xf0: dw0=0x01100009 dw1=0x00000004
[gicv2m] MSI_TYPER raw=0x80350040 -> base_spi=53, num_spi=64
[virtio-gpu-pci] MSI-X cap at 0xb0: 2 vectors
[virtio-gpu-pci] MSI-X diag: cap=0xb0 table_bar=1 table_off=0x0 doorbell=0x2250040 vectors=2
[virtio-gpu-pci] MSI-X entry0: addr_hi=0x0 addr_lo=0x2250040 data=0x35 vector_ctrl=0x0
[virtio-gpu-pci] MSI-X entry1: addr_hi=0x0 addr_lo=0x2250040 data=0x36 vector_ctrl=0x0
[virtio-gpu-pci] MSI-X enabled: config_spi=53 queue_spi=54 doorbell=0x2250040 vectors=2
[virtio-gpu-pci] config_msix_vector: wrote=0x0 readback=0x0
[virtio-gpu-pci] Device has 2 queues
[virtio-gpu-pci] Queue 0 msix_vector: wrote=0x1 readback=0x1
[virtio-gpu-pci] Queue 1 msix_vector: wrote=0x1 readback=0x1
[virtio-gpu-pci] Cursor queue (q1) set up: size=16
[virtio-gpu-pci] Config: num_scanouts=16, num_capsets=1
[virtio-gpu-pci] Clearing pending DISPLAY event (events_read=0x1)
[virtio-gpu-pci] MSI-X active: config_spi=53 queue_spi=54 queue_vector=1
[virtio-gpu-pci] Capset 0: id=2, max_ver=2, max_size=768
[virtio-gpu-pci] GET_CAPSET(id=2, ver=2): resp=0x1103
[virtio-gpu-pci] Display reports: 1280x960
[virtio-gpu-pci] Resolution: 1280x960 (display=1280x960, GOP=1024x768, min=1280x960)
[virtio-gpu-pci] 2D framebuffer backing: heap ptr=0xffff0000502e2000, phys=0x502e2000, size=4915200
[virgl] attach_backing: phys=0x502e2000, len=4915200, nr_pages=1200
[virgl] attach_backing: sending 3-desc chain: hdr=0x41271000(32B), entries=0x50792000(19200B)
[virgl] attach_backing: OK (1200 pages attached)
[virtio-gpu-pci] 2D resource created and scanout set
[virtio-gpu-pci] Initialized: 1280x960
[drivers] VirtIO GPU (PCI) initialized
[virgl] Initializing VirGL 3D pipeline...
[virgl] 3D framebuffer backing: heap ptr=0xffff000050792000, phys=0x50792000, size=4915200
[virgl] Step 1: context created
[virgl] Step 2: 3D resource created (1280x960, bind=0x0014000a)
[virgl] attach_backing: phys=0x50792000, len=4915200, nr_pages=1200
[virgl] attach_backing: sending 3-desc chain: hdr=0x41271000(32B), entries=0x50c42000(19200B)
[virgl] attach_backing: OK (1200 pages attached)
[virgl] Step 3: backing attached
[virgl] Step 4: resource attached to context
[virgl] Step 5: resource primed
[virgl] SUBMIT_3D OK: id=1 used_len=0 resp_flags=0x1 resp_fence=1
[virgl] Step 6: VirGL CLEAR (cornflower blue)
[virgl] Step 7: SET_SCANOUT + RESOURCE_FLUSH done
[virgl] Step 7: VB resource created (no backing, INLINE_WRITE only)
[virgl-composite] Texture backing: heap ptr=0xffff000050c42000, phys=0x50c42000, 1280x960 (4915200B, 1200 pages)
[virgl] attach_backing: phys=0x50c42000, len=4915200, nr_pages=1200
[virgl] attach_backing: sending 3-desc chain: hdr=0x41271000(32B), entries=0x510f2000(19200B)
[virgl] attach_backing: OK (1200 pages attached)
[virgl-composite] Texture resource initialized (id=5)
[virgl] attach_backing: phys=0x510f2000, len=4915200, nr_pages=1200
[virgl] attach_backing: sending 3-desc chain: hdr=0x41271000(32B), entries=0x515a2000(19200B)
[virgl] attach_backing: OK (1200 pages attached)
[virgl-pool] Pre-allocated slot=0 res_id=10 1280x960
[virgl] attach_backing: phys=0x515a2000, len=4915200, nr_pages=1200
[virgl] attach_backing: sending 3-desc chain: hdr=0x41271000(32B), entries=0x51a52000(19200B)
[virgl] attach_backing: OK (1200 pages attached)
[virgl-pool] Pre-allocated slot=1 res_id=11 1280x960
[virgl] attach_backing: phys=0x51a52000, len=4915200, nr_pages=1200
[virgl] attach_backing: sending 3-desc chain: hdr=0x41271000(32B), entries=0x51f02000(19200B)
[virgl] attach_backing: OK (1200 pages attached)
[virgl-pool] Pre-allocated slot=2 res_id=12 1280x960
[virgl] attach_backing: phys=0x51f02000, len=4915200, nr_pages=1200
[virgl] attach_backing: sending 3-desc chain: hdr=0x41271000(32B), entries=0x523b2000(19200B)
[virgl] attach_backing: OK (1200 pages attached)
[virgl-pool] Pre-allocated slot=3 res_id=13 1280x960
[virgl] attach_backing: phys=0x523b2000, len=4915200, nr_pages=1200
[virgl] attach_backing: sending 3-desc chain: hdr=0x41271000(32B), entries=0x52862000(19200B)
[virgl] attach_backing: OK (1200 pages attached)
[virgl-pool] Pre-allocated slot=4 res_id=14 1280x960
[virgl] attach_backing: phys=0x52862000, len=4915200, nr_pages=1200
[virgl] attach_backing: sending 3-desc chain: hdr=0x41271000(32B), entries=0x52d12000(19200B)
[virgl] attach_backing: OK (1200 pages attached)
[virgl-pool] Pre-allocated slot=5 res_id=15 1280x960
[virgl] attach_backing: phys=0x52d12000, len=4915200, nr_pages=1200
[virgl] attach_backing: sending 3-desc chain: hdr=0x41271000(32B), entries=0x531c2000(19200B)
[virgl] attach_backing: OK (1200 pages attached)
[virgl-pool] Pre-allocated slot=6 res_id=16 1280x960
[virgl] attach_backing: phys=0x531c2000, len=4915200, nr_pages=1200
[virgl] attach_backing: sending 3-desc chain: hdr=0x41271000(32B), entries=0x53672000(19200B)
[virgl] attach_backing: OK (1200 pages attached)
[virgl-pool] Pre-allocated slot=7 res_id=17 1280x960
[virgl] attach_backing: phys=0x53672000, len=8192, nr_pages=2
[virgl] attach_backing: sending 3-desc chain: hdr=0x41271000(32B), entries=0x502e0080(32B)
[virgl] attach_backing: OK (2 pages attached)
[virgl-cursor] Cursor texture initialized (id=6, 16x80, 5 shapes)
[virgl] attach_backing: phys=0x53674000, len=4096, nr_pages=1
[virgl] attach_backing: sending 3-desc chain: hdr=0x41271000(32B), entries=0x502e0080(16B)
[virgl] attach_backing: OK (1 pages attached)
[virgl-dimmer] Dimmer texture initialized (id=7, 4x4)
[virgl] Step 8: Compositor texture initialized
[virgl] Step 9: full pipeline+draw batch (191 DWORDs)
[virgl] SUBMIT_3D OK: id=2 used_len=0 resp_flags=0x1 resp_fence=2
[virgl] Step 10: SET_SCANOUT + RESOURCE_FLUSH
[virgl] VirGL 3D pipeline initialized successfully
[drivers] VirGL 3D acceleration active
[drivers] Compositor backend: VirGL
[virtio-gpu-pci] GPU command waits use scheduler waitqueue
[virtio-net-pci] Searching for VirtIO network device on PCI bus...
[virtio-net-pci] Found at 00:05.0 [1af4:1000]
[virtio-net-pci] BAR0: phys=0x18010000 virt=0xffff000018010000 size=4096
[virtio-net-pci] Device features: 0x6187bfa3
[virtio-net-pci] MAC: 00:1c:42:80:8f:24
[virtio-net-pci] Queue 0 max size: 256
[virtio-net-pci] RX init window stage=after_rx_ring_zero pfn=0x0 vector=0x8042 status=0xb avail_flags=0x0 avail_idx=0 used_flags=0x0 used_idx=0
[virtio-net-pci] Queue 0 PFN=0x4123b (phys=0x4123b000)
[virtio-net-pci] RX init window stage=after_rx_pfn_window pfn=0x4123b vector=0x8042 status=0xb avail_flags=0x0 avail_idx=0 used_flags=0x0 used_idx=0
[virtio-net-pci] RX queue activation stage=after_rx_pfn transport=legacy pfn=0x4123b size=256 vector=0x8042 status=0xb isr=0x0 avail_flags=0x0 avail_idx=0 used_idx=0
[virtio-net-pci] Queue 1 max size: 256
[virtio-net-pci] Queue 1 PFN=0x4123e (phys=0x4123e000)
[pci] 00:05.0: capabilities:
  cap 0x10 (PCIe) @ 0x48: dw0=0x00024010 dw1=0x00000fc0
  cap 0x01 (PM) @ 0x40: dw0=0x0022f401 dw1=0x00000000
  cap 0x11 (MSI-X) @ 0xf4: dw0=0x00020011 dw1=0x00000001
[virtio-net-pci] MSI-X cap at 0xf4: 3 vectors
[virtio-net-pci] MSI-X vector assignments: cfg=0xffff rx=0x0
[virtio-net-pci] RX queue activation stage=after_msix_vector transport=legacy pfn=0x4123b size=256 vector=0x0 status=0xb isr=0x0 avail_flags=0x0 avail_idx=0 used_idx=0
[virtio-net-pci] MSI-X diag: cap=0xf4 table_bar=1 table_off=0x0 doorbell=0x2250040 spi=55 vectors=3 msg_ctrl=0x8002 command=0x407 cfg_vec=0xffff rx_vec=0x0
[virtio-net-pci] MSI-X entry0: addr_hi=0x0 addr_lo=0x2250040 data=0x37 vector_ctrl=0x0
[virtio-net-pci] MSI-X entry1: addr_hi=0x0 addr_lo=0x2250040 data=0x37 vector_ctrl=0x0
[virtio-net-pci] MSI-X entry2: addr_hi=0x0 addr_lo=0x2250040 data=0x37 vector_ctrl=0x0
[virtio-net-pci] MSI-X enabled: SPI 55 doorbell=0x2250040 vectors=3
[virtio-net-pci] RX init window stage=before_driver_ok pfn=0x4123b vector=0x0 status=0xb avail_flags=0x0 avail_idx=0 used_flags=0x0 used_idx=0
[virtio-net-pci] RX init window stage=after_driver_ok pfn=0x4123b vector=0x0 status=0xf avail_flags=0x0 avail_idx=0 used_flags=0x1 used_idx=0
[virtio-net-pci] RX queue activation stage=after_driver_ok transport=legacy pfn=0x4123b size=256 vector=0x0 status=0xf isr=0x0 avail_flags=0x0 avail_idx=0 used_idx=0
[virtio-net-pci] RX init window stage=after_rx_desc0 pfn=0x4123b vector=0x0 status=0xf avail_flags=0x0 avail_idx=0 used_flags=0x1 used_idx=0
[virtio-net-pci] RX init window stage=after_rx_desc1 pfn=0x4123b vector=0x0 status=0xf avail_flags=0x0 avail_idx=0 used_flags=0x1 used_idx=0
[virtio-net-pci] RX init window stage=after_rx_desc2 pfn=0x4123b vector=0x0 status=0xf avail_flags=0x0 avail_idx=0 used_flags=0x1 used_idx=0
[virtio-net-pci] RX init window stage=after_rx_desc3 pfn=0x4123b vector=0x0 status=0xf avail_flags=0x0 avail_idx=0 used_flags=0x1 used_idx=0
[virtio-net-pci] RX init window stage=before_rx_avail_idx pfn=0x4123b vector=0x0 status=0xf avail_flags=0x0 avail_idx=0 used_flags=0x1 used_idx=0
[virtio-net-pci] RX init window stage=after_rx_avail_idx pfn=0x4123b vector=0x0 status=0xf avail_flags=0x0 avail_idx=4 used_flags=0x1 used_idx=0
[virtio-net-pci] RX init window stage=before_rx_notify pfn=0x4123b vector=0x0 status=0xf avail_flags=0x0 avail_idx=4 used_flags=0x1 used_idx=0
[virtio-net-pci] RX init window stage=after_rx_notify_window pfn=0x4123b vector=0x0 status=0xf avail_flags=0x0 avail_idx=4 used_flags=0x1 used_idx=0
[virtio-net-pci] RX init window stage=first_used_not_observed pfn=0x4123b vector=0x0 status=0xf avail_flags=0x0 avail_idx=4 used_flags=0x1 used_idx=0
[virtio-net-pci] RX queue activation stage=after_rx_notify transport=legacy pfn=0x4123b size=256 vector=0x0 status=0xf isr=0x0 avail_flags=0x0 avail_idx=4 used_idx=0
[virtio-net-pci] Network device initialized successfully
[drivers] VirtIO network (PCI) initialized
[drivers] SVGA3 init skipped: SVGA3 device not found
[drivers] Found XHCI at 00:03.0 [1033:0194]
[xhci] DMA addrs: DCBAA=0x40855000 CMD_RING=0x40856000 EVT_RING=0x40866000 ERST=0x41199200
[xhci] Regs: USBCMD=0x5 USBSTS=0x0 CRCR=0x0 DCBAAP=0x40855000
[xhci] IR0: IMAN=0x2 ERDP=0x40866000 ERSTBA=0x41199200
[xhci] Port scan: 14 ports
[xhci]   port 1: PORTSC=0x00021203 CCS=1 PED=1 speed=4
[xhci]   port 2: PORTSC=0x00021203 CCS=1 PED=1 speed=4
[xhci]   port 3: PORTSC=0x00021203 CCS=1 PED=1 speed=4
[xhci]   port 4: PORTSC=0x000002a0 CCS=0 PED=0 speed=0
[xhci]   port 5: PORTSC=0x000002a0 CCS=0 PED=0 speed=0
[xhci]   port 6: PORTSC=0x000002a0 CCS=0 PED=0 speed=0
[xhci]   port 7: PORTSC=0x000002a0 CCS=0 PED=0 speed=0
[xhci]   port 8: PORTSC=0x000002a0 CCS=0 PED=0 speed=0
[xhci]   port 9: PORTSC=0x000002a0 CCS=0 PED=0 speed=0
[xhci]   port 10: PORTSC=0x000002a0 CCS=0 PED=0 speed=0
[xhci]   port 11: PORTSC=0x000002a0 CCS=0 PED=0 speed=0
[xhci]   port 12: PORTSC=0x000002a0 CCS=0 PED=0 speed=0
[xhci]   port 13: PORTSC=0x000002a0 CCS=0 PED=0 speed=0
[xhci]   port 14: PORTSC=0x000002a0 CCS=0 PED=0 speed=0
[xhci] port 1 connected: PORTSC=0x00001203 PED=1 speed=4
[xhci] port 1 EnableSlot -> slot 1
[xhci] port 1 AddressDevice OK (slot 1)
[xhci] slot1: vid=0x203a pid=0xfffc class=0x00/0x00/0x00
[xhci] slot1 iface0: class=0x03 sub=0x00 proto=0x02 numEP=1
[xhci] HID iface: proto=2 subclass=0 -> mouse (hid_idx=1)
[xhci] slot1 iface1: class=0x03 sub=0x00 proto=0x02 numEP=1
[xhci] HID iface: proto=2 subclass=0 -> mouse (hid_idx=3)
[xhci] port 2 connected: PORTSC=0x00001203 PED=1 speed=4
[xhci] port 2 EnableSlot -> slot 2
[xhci] port 2 AddressDevice OK (slot 2)
[xhci] slot2: vid=0x203a pid=0xfffb class=0x00/0x00/0x00
[xhci] slot2 iface0: class=0x03 sub=0x01 proto=0x01 numEP=1
[xhci] HID iface: proto=1 subclass=1 -> keyboard (hid_idx=0)
[xhci] slot2 iface1: class=0x03 sub=0x00 proto=0x00 numEP=1
[xhci] HID iface: proto=0 subclass=0 -> NKRO (hid_idx=2)
[xhci] port 3 connected: PORTSC=0x00001203 PED=1 speed=4
[xhci] port 3 EnableSlot -> slot 3
[xhci] port 3 AddressDevice OK (slot 3)
[xhci] slot3: vid=0x203a pid=0xfff9 class=0xef/0x02/0x01
[xhci] slot3 iface0: class=0x0e sub=0x01 proto=0x00 numEP=0
[xhci] slot3 iface1: class=0x0e sub=0x02 proto=0x00 numEP=1
[xhci] start_hid_polling: kbd=slot2/dci3 nkro=dci5 mouse=slot1/dci3 mouse2=dci5
[xhci] Initialized: 32 slots, MSI irq=56
[drivers] XHCI USB controller initialized
[ahci] Platform AHCI at phys 0x2140000, virt 0xffff000002140000
[ahci] HBA version 1.256, 6 ports, 32 cmd slots, PI=0x0000003f
[ahci] Port 0: Sata, 131072 sectors (64 MB)
[ahci] Port 1: Sata, 524288 sectors (256 MB)
[ahci] IRQ probe: using port 0 dma_index 0
[ahci] IRQ probe: ISPENDR before=[0x00000000, 0x00000000, 0x00000000] after=[0x00000004, 0x00000000, 0x00000000]
[ahci] IRQ probe: PORT_IS=0x00000001 (should have D2H bit set)
[ahci] Platform IRQ probe: discovered SPI 34
[ahci] Platform IRQ enabled: SPI 34 (wired, level-triggered, CPU0)
[drivers] AHCI initialized (platform MMIO): 2 SATA device(s)
[drivers] Driver subsystem initialized (PCI)
[boot] Found 7 devices
[drivers] Running post-init self-tests...
[drivers] VirtIO block self-test skipped: no VirtIO MMIO block device on Parallels; using AHCI
[boot] Initializing network stack...
[net] Initializing network stack...
[net] Using VirtIO net PCI driver (Parallels)
[net] MAC address: 00:1c:42:80:8f:24
NET: IP address: 10.211.55.100
NET: Gateway: 10.211.55.1
Network stack initialized
NET: Sending ARP request for gateway 10.211.55.1
ARP request sent successfully
NET: Gateway ARP not resolved during init; will resolve via IRQ path
NET: Sending ICMP echo request to gateway 10.211.55.1
NET: ARP cache miss for 10.211.55.1, sending ARP request
NET: Failed to send ping: ArpMiss: reply will populate cache via IRQ
NET: Network initialization complete
[virtio-net-pci] manual-gicv2m-test irq=55 doorbell=0x2250040 before_pend=0x0 after_write_pend=0x800000 after_wait_pend=0x0 ack_before=0 ack_after=1 msi_before=0 msi_after=1
[virtio-net-pci] MSI-X SPI 55 enabled (post-init)
[virtio-net-pci] MSI-X GIC enable diag: spi=55 last_irq=0 cpu=0 gicv=0 affinity=0x0 router_rb=0x0 isenabler_rb=0x0 retries=0 outcome=0
[virtio-net-pci] MSI-X GIC state: spi=55 isenabler_bit=0x800000 ispendr_bit=0x0 isactiver_bit=0x0 icfgr_reg=0x2a800 irouter=0x0
NET: synchronously cleared virtio callback suppression
NET: pre-primed NetRx softirq for bootstrap callback re-enable
[boot] Initializing filesystem...
[ext2] No VirtIO block device, trying AHCI...
[ext2] AHCI device 0: 131072 sectors (64 MB)
[ext2] AHCI device 0: not ext2 (magic=0x0064)
[ext2] AHCI device 1: 524288 sectors (256 MB)
[ext2] Found ext2 superblock on AHCI device 1
[boot] ext2 root filesystem mounted
[boot] No home filesystem: No home block device available (expected at device index 3 or 1) (continuing)
[boot] devfs initialized at /dev
[boot] devptsfs initialized at /dev/pts
[boot] CPU detected: ARM Unknown
[boot] procfs initialized at /proc
[boot] TTY subsystem initialized
[boot] Initializing graphics...
[boot] VirGL active — skipping GOP framebuffer init (2D resource already set up in gpu_pci::init)
[boot] FB_INFO_CACHE populated for VirGL display (1280x960)
[boot] USB HID input active via XHCI IRQ
[boot] Initializing per-CPU data...
[boot] Per-CPU data initialized
[boot] Initializing process manager...
[boot] Process manager initialized
[boot] Initializing scheduler...
[boot] Scheduler initialized
[boot] Workqueue subsystem initialized
[boot] Softirq subsystem initialized
[boot] Render thread skipped — VirGL owns the display
[boot] Tracing subsystem initialized and enabled
[boot] Pre-loading /sbin/init from ext2 (before timer)...
[net] ICMP echo reply received from 10.211.55.1 seq=1
[boot] Init binary pre-loaded: 298616 bytes
[xhci] activate_msi_if_ready: source=system-ready spi=56 DIAG_SPI_ENABLE_COUNT=1
[xhci] post-activation: MSI_EVENT_COUNT=55 EVENT_COUNT=0 POLL_COUNT=0 SPI_ACTIVATED=true
[boot] Initializing timer interrupt...
[timer] Timer configured for ~1000 Hz (24000 ticks per interrupt)
[timer] Using virtual timer (PPI 27)
[boot] Timer interrupt initialized
[smp] CPU 0 MPIDR=0x80000000, stack_base=0x43000000
[smp] GICR covers 8 redistributors, probing CPUs 1..8
[smp] Probing secondary CPUs via PSCI...
[smp] 1@1CPAUBC D1Ee:FG P1SCI CPU_ON success (raw_status=0)
[gic]2 @1EAOBICDmEoeFdGe=21 (split EOI/DIR) - non-VMware path
[gic] ICC_CTLR_EL1: 0x40400 -> 0x40402 (EOImode=1)
[smp] CPU 2: PSCI CPU_ON success (raw_status=0)
[T1gic] E3@O1IAmBCDoEedFGe=31 (split EOI/DIR) - non-VMware path
[gic] ICC_CTLR_EL1: 0x40400 -> 0x40402 (EOImode=1)
[gic] EOImode=1 (split EOI/DIR) - non-VMware path
[gic] ICC_CTLR_EL1: 0x40400 -> 0x40402 (EOImode=1)
[smp] CPU 3: PSCI CPU_ON success (raw_status=0)
[4@s1AmBpCD]Ee FCGPU4 4: PSCI CPU_ON success (raw_status=0)
[g5i@c1A]BC DEEeOFGIm5ode=1 (split EOI/DIR) - non-VMware path
[gic] ICC_CTLR_EL1: 0x40400 -> 0x40402 (EOImode=1)
[smp] CPU 5: PSCI CPU_ON success (raw_status=0)
[T2gic6@]1A BCEDEOeIFGm6ode=1 (split EOI/DIR) - non-VMware path
[gic] ICC_CTLR_EL1: 0x40400 -> 0x40402 (EOImode=1)
[smp] CPU 6: PSCI CPU_ON success (raw_status=0)
[gi7c@1]A BECODEIeFmGod7e=1 (split EOI/DIR) - non-VMware path
[gic] ICC_CTLR_EL1: 0x40400 -> 0x40402 (EOImode=1)
[smp] CPU 7: PSCI CPU_ON success (raw_status=0)
[gic] EOImode=1 (spT3lit EOI/DIR) - non-VMware path
[gic] ICC_CTLR_EL1: 0x40400 -> 0x40402 (EOImode=1)
[smp] 8 CPUs online
[PT_ROOT_CUSTODY:no_proof=0:no_arch=0:terminated=0:undecided=0:mid_retire=0:retired=0]
[TOMBSTONE_CENSUS:resident=0:removed=0:reap_second=0:retire_second=0:abandoned_unqueued=0]
[TTBR0_ASID_CENSUS:untagged=0:tagged=0:kernel=1:cleared=1]
T4[PINNED_HOME_CPU_UNAVAILABLE:count=0:publish_discarded=0:hold_pen_migrated=0:delivered=0:migration_refused=0:stack_home_conflict=0]

========================================
  Breenix ARM64 Boot Complete!
========================================

Hello from ARM64!

[boot] Launching init from pre-loaded ELF...
manager.create_process_with_argv [ARM64]: ENTRY - name='init', elf_size=298616, argc=1
manager.create_process_with_argv [ARM64]: Generated PID 1
manager.create_process_with_argv [ARM64]: Creating ProcessPageTable
manager.create_process_with_argv [ARM64]: Loading ELF into page table
manager.create_process_with_argv [ARM64]: ELF loaded, entry=0x4000f5d0
manager.create_process_with_argv [ARM64]: Allocating user stack
manager.create_process_with_argv [ARM64]: User stack will be at 0xfffffeff0000-0xffffff000000
manager.create_process_with_argv [ARM64]: argc/argv set up on stack, SP=0xfffffefffed0
manager.create_process_with_argv [ARM64]: SUCCESS - returning PID 1
[INIT_DESIGNATION:aarch64:designated_pid=1:reserved_collisions=0]
[ahci-poll-attrib] total=76 post_reg=74 pre_sched=74 post_sched=0
[boot] Reset 8 idle thread contexts (CPUs online: 8)
T5T6EL0_SYSCALL: First syscall from userspace (SPSR confirms EL0)
[ OK ] syscall path verified
[init] Breenix init starting (PID 1)
[spawn] path='/bin/heartbeat'
manager.create_process_with_argv [ARM64]: ENTRY - name='heartbeat', elf_size=303560, argc=1
manager.create_process_with_argv [ARM64]: Generated PID 2
manager.create_process_with_argv [ARM64]: Creating ProcessPageTable
manager.create_process_with_argv [ARM64]: Loading ELF into page table
manager.create_process_with_argv [ARM64]: ELF loaded, entry=0x4000f85c
manager.create_process_with_argv [ARM64]: Allocating user stack
manager.create_process_with_argv [ARM64]: User stack will be at 0xfffffeff0000-0xffffff000000
manager.create_process_with_argv [ARM64]: argc/argv set up on stack, SP=0xfffffefffed0
manager.create_process_with_argv [ARM64]: SUCCESS - returning PID 2
[spawn] Created child PID 2 for parent PID 1
T7[spawn] Success: child PID 2 scheduled
[heartbeat] tid=12 uptime_ms=1194 kbd_nonzero=0
T8[init] heartbeat started (PID 2)
[INIT_GROUP_REFUSAL:aarch64:phase=early:probe1=-22:probe2=-22:expected=-22]
[spawn] path='/bin/block_eintr_oracle'
manager.create_process_with_argv [ARM64]: ENTRY - name='block_eintr_oracle', elf_size=304704, argc=1
manager.create_process_with_argv [ARM64]: Generated PID 3
manager.create_process_with_argv [ARM64]: Creating ProcessPageTable
manager.create_process_with_argv [ARM64]: Loading ELF into page table
manager.create_process_with_argv [ARM64]: ELF loaded, entry=0x4000f938
manager.create_process_with_argv [ARM64]: Allocating user stack
manager.create_process_with_argv [ARM64]: User stack will be at 0xfffffeff0000-0xffffff000000
manager.create_process_with_argv [ARM64]: argc/argv set up on stack, SP=0xfffffefffed0
manager.create_process_with_argv [ARM64]: SUCCESS - returning PID 3
[spawn] Created child PID 3 for parent PID 1
T9[Fs12p3a4w56n] Success: chi7ld89 SPID 3C scheduled
T0[syscall] exit(0) pid=4 name=block_eintr_oracle_child_4
[TTBR0_ASID_CENSUS:untagged=0:tagged=1071:kernel=1021:cleared=2044]
F123456789SC[syscall] exit(0) pid=5 name=block_eintr_oracle_child_5
[TTBR0_ASID_CENSUS:untagged=0:tagged=1829:kernel=1736:cleared=3480]
[BLOCK_EINTR_ORACLE:PASS:stages=2:reads=4:short=0:eintr=0:handled=1]
[BLOCK_EINTR_ORACLE:PASS:stages=2:reads=4:short=0:eintr=0:handled=1]
[syscall] exit(0) pid=3 name=block_eintr_oracle
[TTBR0_ASID_CENSUS:untagged=0:tagged=2014:kernel=1915:cleared=3841]
[init] block_eintr_oracle exited pid=3 code=0
[spawn] path='/bin/futex_handoff_oracle'
manager.create_process_with_argv [ARM64]: ENTRY - name='futex_handoff_oracle', elf_size=296032, argc=1
manager.create_process_with_argv [ARM64]: Generated PID 6
manager.create_process_with_argv [ARM64]: Creating ProcessPageTable
manager.create_process_with_argv [ARM64]: Loading ELF into page table
manager.create_process_with_argv [ARM64]: ELF loaded, entry=0x4000ef08
manager.create_process_with_argv [ARM64]: Allocating user stack
manager.create_process_with_argv [ARM64]: User stack will be at 0xfffffeff0000-0xffffff000000
manager.create_process_with_argv [ARM64]: argc/argv set up on stack, SP=0xfffffefffec0
manager.create_process_with_argv [ARM64]: SUCCESS - returning PID 6
[spawn] Created child PID 6 for parent PID 1
[spawn] Success: child PID 6 scheduled
[FUTEX_HANDOFF_ORACLE_DRIVER:seam_absent:probe=-110]
[syscall] exit(0) pid=6 name=futex_handoff_oracle
[TTBR0_ASID_CENSUS:untagged=0:tagged=2095:kernel=1984:cleared=3985]
[init] futex_handoff_oracle exited pid=6 code=0
[spawn] path='/bin/poll_tcp_oracle'
manager.create_process_with_argv [ARM64]: ENTRY - name='poll_tcp_oracle', elf_size=320872, argc=1
manager.create_process_with_argv [ARM64]: Generated PID 7
manager.create_process_with_argv [ARM64]: Creating ProcessPageTable
manager.create_process_with_argv [ARM64]: Loading ELF into page table
manager.create_process_with_argv [ARM64]: ELF loaded, entry=0x40011694
manager.create_process_with_argv [ARM64]: Allocating user stack
manager.create_process_with_argv [ARM64]: User stack will be at 0xfffffeff0000-0xffffff000000
manager.create_process_with_argv [ARM64]: argc/argv set up on stack, SP=0xfffffefffed0
manager.create_process_with_argv [ARM64]: SUCCESS - returning PID 7
[spawn] Created child PID 7 for parent PID 1
[spawn] Success: child PID 7 scheduled
[POLL_TCP_TIMEOUT] fd=4 timeout_ms=120 publish=none_in_window rx_len=0 revents=0x0000
F123456789SC[POLL_TCP_ORACLE:PEER:branch=sent:n=23 want=23 anchor=1654 token_ms=1656 write_ms=1735 delay_ms=80]
[POLL_TCP_ORACLE:PEER:branch=sent:n=23 want=23 anchor=1654 token_ms=1656 write_ms=1735 delay_ms=80]
[syscall] exit(0) pid=8 name=poll_tcp_oracle_child_8
[TTBR0_ASID_CENSUS:untagged=0:tagged=2406:kernel=2225:cleared=4514]
F123456789SC[POLL_TCP_TIMEOUT] fd=4 timeout_ms=150 publish=none_in_window rx_len=0 revents=0x0000
[POLL_TCP_ORACLE:LOSTWAKE_PROBE:probe_ms=1900 rescan_ready=0 rescan_revents=0x0000 nbread_err=EAGAIN]
[POLL_TCP_ORACLE:LOSTWAKE_PROBE:probe_ms=1900 rescan_ready=0 rescan_revents=0x0000 nbread_err=EAGAIN]
[heartbeat] tid=12 uptime_ms=2195 kbd_nonzero=0
[POLL_TCP_ORACLE:PEER:branch=sent:n=23 want=23 anchor=1744 token_ms=1745 write_ms=2245 delay_ms=500]
[POLL_TCP_ORACLE:PEER:branch=sent:n=23 want=23 anchor=1744 token_ms=1745 write_ms=2245 delay_ms=500]
[syscall] exit(0) pid=9 name=poll_tcp_oracle_child_9
[TTBR0_ASID_CENSUS:untagged=0:tagged=2545:kernel=2309:cleared=4728]
[POLL_TCP_ORACLE:LATE_PUBLISH:stage=forced decided=published_after_deadline anchor=1744 entry=1745 deadline=1895 returned=1900 write_ms=2245 late_by_ms=350 delay_ms=500 timeout=150]
[POLL_TCP_ORACLE:LATE_PUBLISH:stage=forced decided=published_after_deadline anchor=1744 entry=1745 deadline=1895 returned=1900 write_ms=2245 late_by_ms=350 delay_ms=500 timeout=150]
[POLL_TCP_ORACLE:PASS:stages=4:idle_ms=128:late_ms=81:park_ms=80:forced_ms=155:forced_late_by_ms=350]
[POLL_TCP_ORACLE:PASS:stages=4:idle_ms=128:late_ms=81:park_ms=80:forced_ms=155:forced_late_by_ms=350]
[syscall] exit(0) pid=7 name=poll_tcp_oracle
[TTBR0_ASID_CENSUS:untagged=0:tagged=2552:kernel=2314:cleared=4740]
[init] poll_tcp_oracle exited pid=7 code=0
[spawn] path='/bin/tty_oracle'
manager.create_process_with_argv [ARM64]: ENTRY - name='tty_oracle', elf_size=338224, argc=1
manager.create_process_with_argv [ARM64]: Generated PID 10
manager.create_process_with_argv [ARM64]: Creating ProcessPageTable
manager.create_process_with_argv [ARM64]: Loading ELF into page table
manager.create_process_with_argv [ARM64]: ELF loaded, entry=0x40012b34
manager.create_process_with_argv [ARM64]: Allocating user stack
manager.create_process_with_argv [ARM64]: User stack will be at 0xfffffeff0000-0xffffff000000
manager.create_process_with_argv [ARM64]: argc/argv set up on stack, SP=0xfffffefffed0
manager.create_process_with_argv [ARM64]: SUCCESS - returning PID 10
[spawn] Created child PID 10 for parent PID 1
[spawn] Success: child PID 10 scheduled
[pty] sys_posix_openpt(flags=0x902)
[pty] Created master fd=3 (pty 0)
[pty] Unlocked PTY 0 (fd 3)
[TTY_ORACLE:openpt:verdict=PASS:slave=/dev/pts/0:locked_open_refused=1]
[TTY_ORACLE:openpt:verdict=PASS:slave=/dev/pts/0:locked_open_refused=1]
[TTY_ORACLE:nonblock_open:verdict=PASS:master_fl=0x800:slave_fl=0x800:both_eagain=1]
[TTY_ORACLE:nonblock_open:verdict=PASS:master_fl=0x800:slave_fl=0x800:both_eagain=1]
[TTY_ORACLE:isatty:verdict=PASS:master=1:slave=1:regular_file=0]
[TTY_ORACLE:isatty:verdict=PASS:master=1:slave=1:regular_file=0]
[TTY_ORACLE:termios_roundtrip:verdict=PASS:default_lflag=0x803b:modified_lflag=0x8023:restored=1]
[TTY_ORACLE:termios_roundtrip:verdict=PASS:default_lflag=0x803b:modified_lflag=0x8023:restored=1]
[TTY_ORACLE:canonical_line:verdict=PASS:withheld_unterminated=1:delivered_on_newline=6]
[TTY_ORACLE:canonical_line:verdict=PASS:withheld_unterminated=1:delivered_on_newline=6]
[TTY_ORACLE:icrnl:verdict=PASS:cr_to_nl=1:cleared_icrnl_holds=1]
[TTY_ORACLE:icrnl:verdict=PASS:cr_to_nl=1:cleared_icrnl_holds=1]
[TTY_ORACLE:raw_passthrough:verdict=PASS:unterminated_delivered=2]
[TTY_ORACLE:raw_passthrough:verdict=PASS:unterminated_delivered=2]
[TTY_ORACLE:echo:verdict=PASS:echo_on_bytes=3:echo_off_bytes=0]
[TTY_ORACLE:echo:verdict=PASS:echo_on_bytes=3:echo_off_bytes=0]
[TTY_ORACLE:onlcr:verdict=PASS:onlcr_expanded=3:opost_off_passthrough=2]
[TTY_ORACLE:onlcr:verdict=PASS:onlcr_expanded=3:opost_off_passthrough=2]
[TTY_ORACLE:winsize:verdict=PASS:default=24x80:set=41x133:crossed_ends=1]
[TTY_ORACLE:winsize:verdict=PASS:default=24x80:set=41x133:crossed_ends=1]
[TTY_ORACLE:foreground_pgrp:verdict=PASS:pgrp=10:crossed_ends=1]
[TTY_ORACLE:foreground_pgrp:verdict=PASS:pgrp=10:crossed_ends=1]
[TTY_ORACLE:hangup:verdict=PASS:eagain_while_open=1:eof_after_close=1]
[TTY_ORACLE:hangup:verdict=PASS:eagain_while_open=1:eof_after_close=1]
[pty] sys_posix_openpt(flags=0x902)
[pty] Created master fd=4 (pty 1)
[pty] Unlocked PTY 1 (fd 4)
[TTY_ORACLE:ctty:verdict=PASS:dev_tty_aliased_slave=1:survived_alias_close=1:eof_after_last_slave_close=1]
[TTY_ORACLE:ctty:verdict=PASS:dev_tty_aliased_slave=1:survived_alias_close=1:eof_after_last_slave_close=1]
[pty] sys_posix_openpt(flags=0x902)
[pty] Created master fd=4 (pty 1)
[pty] Unlocked PTY 1 (fd 4)
F123456789SC[EXEC_LOCK_ORDER:FIRST_COMMIT]
[syscall] exit(0) pid=11 name=/bin/tty_oracle
[TTBR0_ASID_CENSUS:untagged=0:tagged=2911:kernel=2646:cleared=5408]
[TTY_ORACLE:cloexec_exec:verdict=PASS:cloexec_survived_fork=1:eof_after_parent_close=1]
[TTY_ORACLE:cloexec_exec:verdict=PASS:cloexec_survived_fork=1:eof_after_parent_close=1]
[TTY_ORACLE:COMPLETE:pass=14:fail=0]
[TTY_ORACLE:COMPLETE:pass=14:fail=0]
[syscall] exit(0) pid=10 name=tty_oracle
[TTBR0_ASID_CENSUS:untagged=0:tagged=2915:kernel=2647:cleared=5414]
[init] tty_oracle exited pid=10 code=0
[spawn] path='/bin/exec_smoke'
manager.create_process_with_argv [ARM64]: ENTRY - name='exec_smoke', elf_size=290880, argc=1
manager.create_process_with_argv [ARM64]: Generated PID 12
manager.create_process_with_argv [ARM64]: Creating ProcessPageTable
manager.create_process_with_argv [ARM64]: Loading ELF into page table
manager.create_process_with_argv [ARM64]: ELF loaded, entry=0x4000eb40
manager.create_process_with_argv [ARM64]: Allocating user stack
manager.create_process_with_argv [ARM64]: User stack will be at 0xfffffeff0000-0xffffff000000
manager.create_process_with_argv [ARM64]: argc/argv set up on stack, SP=0xfffffefffed0
manager.create_process_with_argv [ARM64]: SUCCESS - returning PID 12
[spawn] Created child PID 12 for parent PID 1
[spawn] Success: child PID 12 scheduled
[EXEC_SMOKE:LAUNCH]
[EXEC_SMOKE:TARGET_ENTER argc=2]
[EXEC_SMOKE:TARGET_OK]
[syscall] exit(0) pid=12 name=/bin/exec_smoke_target
[TTBR0_ASID_CENSUS:untagged=0:tagged=3077:kernel=2782:cleared=5691]
[EXEC_SMOKE:LAUNCHER_EXIT code=0]
[spawn] path='/usr/local/test/bin/clonevm_exec_test'
manager.create_process_with_argv [ARM64]: ENTRY - name='clonevm_exec_test', elf_size=289632, argc=1
manager.create_process_with_argv [ARM64]: Generated PID 13
manager.create_process_with_argv [ARM64]: Creating ProcessPageTable
manager.create_process_with_argv [ARM64]: Loading ELF into page table
manager.create_process_with_argv [ARM64]: ELF loaded, entry=0x4000f63c
manager.create_process_with_argv [ARM64]: Allocating user stack
manager.create_process_with_argv [ARM64]: User stack will be at 0xfffffeff0000-0xffffff000000
manager.create_process_with_argv [ARM64]: argc/argv set up on stack, SP=0xfffffefffec0
manager.create_process_with_argv [ARM64]: SUCCESS - returning PID 13
[spawn] Created child PID 13 for parent PID 1
[spawn] Success: child PID 13 scheduled
CLONEVM_EXEC_TEST: start
CLONEVM_EXEC_TEST: child live
CLONEVM_EXEC_TEST: live sibling refused exec
[syscall] exit(0) pid=14 name=thread-14
CLONEVM_EXEC_TEST: child exited
[TTBR0_ASID_CENSUS:untagged=0:tagged=3286:kernel=2957:cleared=6047]
CLONEVM_EXEC_TEST: second stage
[syscall] exit(0) pid=15 name=thread-15
CLONEVM_EXEC_TEST: post-exec rendezvous complete
[TTBR0_ASID_CENSUS:untagged=0:tagged=3398:kernel=3048:cleared=6236]
CLONEVM_EXEC_TEST: post-exec futex keys derived
CLONEVM_EXEC_TEST: PASS
[syscall] exit(0) pid=13 name=/usr/local/test/bin/clonevm_exec_test
[TTBR0_ASID_CENSUS:untagged=0:tagged=3399:kernel=3049:cleared=6240]
[init] clonevm_exec_test exited pid=13 code=0
[init] wait_stress enabled; starting 60s waitqueue stress
[spawn] path='/bin/wait_stress'
manager.create_process_with_argv [ARM64]: ENTRY - name='wait_stress', elf_size=306256, argc=2
manager.create_process_with_argv [ARM64]: Generated PID 16
manager.create_process_with_argv [ARM64]: Creating ProcessPageTable
manager.create_process_with_argv [ARM64]: Loading ELF into page table
manager.create_process_with_argv [ARM64]: ELF loaded, entry=0x40010000
manager.create_process_with_argv [ARM64]: Allocating user stack
manager.create_process_with_argv [ARM64]: User stack will be at 0xfffffeff0000-0xffffff000000
manager.create_process_with_argv [ARM64]: argc/argv set up on stack, SP=0xfffffefffed0
manager.create_process_with_argv [ARM64]: SUCCESS - returning PID 16
[spawn] Created child PID 16 for parent PID 1
[spawn] Success: child PID 16 scheduled
WAIT_STRESS_START duration=60s sample=100ms
F123456789SCWAIT_STRESS: forked waiter pid=17
F123456789SCWAIT_STRESS: forked waker pid=18

[CTX596_ELR_DIVERGENCE] tid=32 cpu=4 prev_elr=0xffff000040411d44 x30=0xffff0000405899ec ctx_elr=0xffff0000405899ec

[INLINE_SAVE_OVERWRITE] tid=32 sp=0xffff000054265830 old_sp=0xffff000054265830 saved_sp=0xffff000054265830 delta=0x0 saved_lr=0xffff000040438ed0 saved_slot20=0xffff000040438ed0 slot20=0xffff000040438ed0 elr=0xffff0000405899ec x30=0xffff0000405899ec

[CTX596_ELR_DIVERGENCE] tid=32 cpu=6 prev_elr=0xffff000040411d44 x30=0xffff0000405899ec ctx_elr=0xffff0000405899ec
[heartbeat] tid=12 uptime_ms=3195 kbd_nonzero=0

[CTX596_ELR_DIVERGENCE] tid=32 cpu=1 prev_elr=0xffff000040541d8c x30=0xffff0000405899ec ctx_elr=0xffff0000405899ec

[INLINE_SAVE_OVERWRITE] tid=32 sp=0xffff000054265850 old_sp=0xffff000054265830 saved_sp=0xffff000054265830 delta=0x20 saved_lr=0xffff000040438ed0 saved_slot20=0xffff000054265ef8 slot20=0xffff000040438ecc elr=0xffff000040411d44 x30=0xffff000040411d38

[CTX596_ELR_DIVERGENCE] tid=32 cpu=4 prev_elr=0xffff000040541d8c x30=0xffff0000405899ec ctx_elr=0xffff0000405899ec

[INLINE_SAVE_OVERWRITE] tid=32 sp=0xffff000054265850 old_sp=0xffff000054265830 saved_sp=0xffff000054265830 delta=0x20 saved_lr=0xffff000040438ed0 saved_slot20=0xffff000054265ef8 slot20=0xffff000040438ecc elr=0xffff000040411d44 x30=0xffff000040411d38

[CTX596_ELR_DIVERGENCE] tid=32 cpu=1 prev_elr=0xffff000040411d44 x30=0xffff0000405899ec ctx_elr=0xffff0000405899ec

[INLINE_SAVE_OVERWRITE] tid=32 sp=0xffff000054265830 old_sp=0xffff000054265830 saved_sp=0xffff000054265830 delta=0x0 saved_lr=0xffff000040438ed0 saved_slot20=0xffff000040438ed0 slot20=0xffff000040438ed0 elr=0xffff0000405899ec x30=0xffff0000405899ec
WAIT_STRESS_PROGRESS sample=10 entered=661 returned=660 wakes=1103717 waiters=0

[INLINE_SAVE_OVERWRITE] tid=32 sp=0xffff000054265850 old_sp=0xffff000054265830 saved_sp=0xffff000054265830 delta=0x20 saved_lr=0xffff000040438ed0 saved_slot20=0xffff000054265ef8 slot20=0xffff000040438ecc elr=0xffff000040411d44 x30=0xffff000040411d38

[INLINE_SAVE_OVERWRITE] tid=32 sp=0xffff000054265850 old_sp=0xffff000054265830 saved_sp=0xffff000054265830 delta=0x20 saved_lr=0xffff000040438ed0 saved_slot20=0xffff000054265ef8 slot20=0xffff000040438ecc elr=0xffff000040411d44 x30=0xffff000040411d38

[CTX596_ELR_DIVERGENCE] tid=32 cpu=4 prev_elr=0xffff000040411d44 x30=0xffff0000405899ec ctx_elr=0xffff0000405899ec

[INLINE_SAVE_OVERWRITE] tid=32 sp=0xffff000054265830 old_sp=0xffff000054265830 saved_sp=0xffff000054265830 delta=0x0 saved_lr=0xffff000040438ed0 saved_slot20=0xffff000040438ed0 slot20=0xffff000040438ed0 elr=0xffff0000405899ec x30=0xffff0000405899ec

[CTX596_ELR_DIVERGENCE] tid=32 cpu=7 prev_elr=0xffff000040411d44 x30=0xffff0000405899ec ctx_elr=0xffff0000405899ec
[heartbeat] tid=12 uptime_ms=4197 kbd_nonzero=0

[CTX596_ELR_DIVERGENCE] tid=32 cpu=4 prev_elr=0xffff000040411d44 x30=0xffff0000405899ec ctx_elr=0xffff0000405899ec

[INLINE_SAVE_OVERWRITE] tid=32 sp=0xffff000054265830 old_sp=0xffff000054265830 saved_sp=0xffff000054265830 delta=0x0 saved_lr=0xffff000040438ed0 saved_slot20=0xffff000040438ed0 slot20=0xffff000040438ed0 elr=0xffff0000405899ec x30=0xffff0000405899ec
WAIT_STRESS_PROGRESS sample=20 entered=1642 returned=1641 wakes=2186304 waiters=0

[INLINE_SAVE_OVERWRITE] tid=32 sp=0xffff000054265830 old_sp=0xffff000054265830 saved_sp=0xffff000054265830 delta=0x0 saved_lr=0xffff000040438ed0 saved_slot20=0xffff000040438ed0 slot20=0xffff000040438ed0 elr=0xffff0000405899ec x30=0xffff0000405899ec

[INLINE_SAVE_OVERWRITE] tid=32 sp=0xffff000054265850 old_sp=0xffff000054265830 saved_sp=0xffff000054265830 delta=0x20 saved_lr=0xffff000040438ed0 saved_slot20=0xffff000054265ef8 slot20=0xffff000040438ecc elr=0xffff000040411d44 x30=0xffff000040411d38

[INLINE_SAVE_OVERWRITE] tid=32 sp=0xffff000054265830 old_sp=0xffff000054265830 saved_sp=0xffff000054265830 delta=0x0 saved_lr=0xffff000040438ed0 saved_slot20=0xffff000040438ed0 slot20=0xffff000040438ed0 elr=0xffff0000405899ec x30=0xffff0000405899ec

[INLINE_SAVE_OVERWRITE] tid=32 sp=0xffff000054265830 old_sp=0xffff000054265830 saved_sp=0xffff000054265830 delta=0x0 saved_lr=0xffff000040438ed0 saved_slot20=0xffff000040438ed0 slot20=0xffff000040438ed0 elr=0xffff0000405899ec x30=0xffff0000405899ec
[heartbeat] tid=12 uptime_ms=5198 kbd_nonzero=0

[INLINE_SAVE_OVERWRITE] tid=32 sp=0xffff000054265830 old_sp=0xffff000054265830 saved_sp=0xffff000054265830 delta=0x0 saved_lr=0xffff000040438ed0 saved_slot20=0xffff000040438ed0 slot20=0xffff000040438ed0 elr=0xffff0000405899ec x30=0xffff0000405899ec
WAIT_STRESS_PROGRESS sample=30 entered=3523 returned=3522 wakes=3289085 waiters=0

[INLINE_SAVE_OVERWRITE] tid=32 sp=0xffff000054265830 old_sp=0xffff000054265830 saved_sp=0xffff000054265830 delta=0x0 saved_lr=0xffff000040438ed0 saved_slot20=0xffff000040438ed0 slot20=0xffff000040438ed0 elr=0xffff0000405899ec x30=0xffff0000405899ec
[heartbeat] tid=12 uptime_ms=6200 kbd_nonzero=0
WAIT_STRESS_PROGRESS sample=40 entered=6563 returned=6562 wakes=4407181 waiters=0

[INLINE_SAVE_OVERWRITE] tid=32 sp=0xffff000054265830 old_sp=0xffff000054265830 saved_sp=0xffff000054265830 delta=0x0 saved_lr=0xffff000040438ed0 saved_slot20=0xffff000040438ed0 slot20=0xffff000040438ed0 elr=0xffff0000405899ec x30=0xffff0000405899ec

[INLINE_SAVE_OVERWRITE] tid=32 sp=0xffff0000542658a0 old_sp=0xffff000054265830 saved_sp=0xffff000054265830 delta=0x70 saved_lr=0xffff000040438ed0 saved_slot20=0xffff0000542659a8 slot20=0x0 elr=0xffff000040599c48 x30=0xffff00004048c1b0
[heartbeat] tid=12 uptime_ms=7202 kbd_nonzero=0

[INLINE_SAVE_OVERWRITE] tid=32 sp=0xffff000054265830 old_sp=0xffff000054265830 saved_sp=0xffff000054265830 delta=0x0 saved_lr=0xffff000040438ed0 saved_slot20=0xffff000040438ed0 slot20=0xffff000040438ed0 elr=0xffff0000405899ec x30=0xffff0000405899ec
WAIT_STRESS_PROGRESS sample=50 entered=9027 returned=9027 wakes=5544814 waiters=0
[heartbeat] tid=12 uptime_ms=8203 kbd_nonzero=0
WAIT_STRESS_PROGRESS sample=60 entered=11445 returned=11445 wakes=6684685 waiters=0

[INLINE_SAVE_OVERWRITE] tid=32 sp=0xffff000054265830 old_sp=0xffff000054265830 saved_sp=0xffff000054265830 delta=0x0 saved_lr=0xffff000040438ed0 saved_slot20=0xffff000040438ed0 slot20=0xffff000040438ed0 elr=0xffff0000405899ec x30=0xffff0000405899ec

[INLINE_SAVE_OVERWRITE] tid=32 sp=0xffff000054265850 old_sp=0xffff000054265830 saved_sp=0xffff000054265830 delta=0x20 saved_lr=0xffff000040438ed0 saved_slot20=0xffff000054265ef8 slot20=0xffff000040438ecc elr=0xffff000040411d44 x30=0xffff000040411d38
[heartbeat] tid=12 uptime_ms=9205 kbd_nonzero=0

[INLINE_SAVE_OVERWRITE] tid=32 sp=0xffff000054265850 old_sp=0xffff000054265830 saved_sp=0xffff000054265830 delta=0x20 saved_lr=0xffff000040438ed0 saved_slot20=0xffff000054265ef8 slot20=0xffff000040438ecc elr=0xffff000040411d44 x30=0xffff000040411d38
WAIT_STRESS_PROGRESS sample=70 entered=14015 returned=14014 wakes=7794810 waiters=0

[INLINE_SAVE_OVERWRITE] tid=32 sp=0xffff000054265830 old_sp=0xffff000054265830 saved_sp=0xffff000054265830 delta=0x0 saved_lr=0xffff000040438ed0 saved_slot20=0xffff000040438ed0 slot20=0xffff000040438ed0 elr=0xffff0000405899ec x30=0xffff0000405899ec

[INLINE_SAVE_OVERWRITE] tid=32 sp=0xffff000054265850 old_sp=0xffff000054265830 saved_sp=0xffff000054265830 delta=0x20 saved_lr=0xffff000040438ed0 saved_slot20=0xffff000054265ef8 slot20=0xffff000040438ecc elr=0xffff000040411d44 x30=0xffff000040411d38
[RESUME_PC_CENSUS:cpu=0:source=el1-restore-frame-elr:text=78:kstack=0:uva=0:smallint=0:other=0]
[RESUME_PC_CENSUS:cpu=0:source=el0-restore-frame-elr:text=0:kstack=0:uva=56:smallint=0:other=0]
[RESUME_PC_CENSUS:cpu=0:source=ctx-x30:text=2617:kstack=0:uva=49:smallint=7:other=0]
[RESUME_PC_CENSUS:cpu=0:source=ctx-elr-el1:text=2617:kstack=0:uva=0:smallint=0:other=0]
[RESUME_PC_CENSUS:cpu=0:source=lr-save-el1:text=75:kstack=0:uva=0:smallint=0:other=0]
[RESUME_PC_CENSUS:cpu=0:source=lr-restore-el1:text=78:kstack=0:uva=0:smallint=0:other=0]
[RESUME_PC_CENSUS:cpu=0:source=lr-save-el0:text=0:kstack=0:uva=98:smallint=9:other=0]
[RESUME_PC_CENSUS:cpu=0:source=lr-restore-el0:text=0:kstack=0:uva=49:smallint=7:other=0]
[RESUME_PC_CENSUS:cpu=1:source=el1-restore-frame-elr:text=2045:kstack=0:uva=0:smallint=0:other=0]
[RESUME_PC_CENSUS:cpu=1:source=el0-restore-frame-elr:text=0:kstack=0:uva=380:smallint=0:other=0]
[RESUME_PC_CENSUS:cpu=1:source=el0-first-entry-frame-elr:text=0:kstack=0:uva=4:smallint=0:other=0]
[RESUME_PC_CENSUS:cpu=1:source=ctx-x30:text=4435:kstack=0:uva=378:smallint=2:other=0]
[RESUME_PC_CENSUS:cpu=1:source=ctx-elr-el1:text=4435:kstack=0:uva=0:smallint=0:other=0]
[RESUME_PC_CENSUS:cpu=1:source=lr-save-el1:text=2022:kstack=0:uva=0:smallint=0:other=0]
[RESUME_PC_CENSUS:cpu=1:source=lr-restore-el1:text=2045:kstack=0:uva=0:smallint=0:other=0]
[RESUME_PC_CENSUS:cpu=1:source=lr-save-el0:text=0:kstack=0:uva=367:smallint=1:other=0]
[RESUME_PC_CENSUS:cpu=1:source=lr-restore-el0:text=0:kstack=0:uva=378:smallint=2:other=0]
[RESUME_PC_CENSUS:cpu=2:source=el1-restore-frame-elr:text=27:kstack=0:uva=0:smallint=0:other=0]
[RESUME_PC_CENSUS:cpu=2:source=el0-restore-frame-elr:text=0:kstack=0:uva=39:smallint=0:other=0]
[RESUME_PC_CENSUS:cpu=2:source=el0-first-entry-frame-elr:text=0:kstack=0:uva=3:smallint=0:other=0]
[RESUME_PC_CENSUS:cpu=2:source=ctx-x30:text=41:kstack=0:uva=34:smallint=5:other=0]
[RESUME_PC_CENSUS:cpu=2:source=ctx-elr-el1:text=41:kstack=0:uva=0:smallint=0:other=0]
[RESUME_PC_CENSUS:cpu=2:source=lr-save-el1:text=24:kstack=0:uva=0:smallint=0:other=0]
[RESUME_PC_CENSUS:cpu=2:source=lr-restore-el1:text=27:kstack=0:uva=0:smallint=0:other=0]
[RESUME_PC_CENSUS:cpu=2:source=lr-save-el0:text=0:kstack=0:uva=19:smallint=2:other=0]
[RESUME_PC_CENSUS:cpu=2:source=lr-restore-el0:text=0:kstack=0:uva=34:smallint=5:other=0]
[RESUME_PC_CENSUS:cpu=3:source=el1-restore-frame-elr:text=164:kstack=0:uva=0:smallint=0:other=0]
[RESUME_PC_CENSUS:cpu=3:source=el0-restore-frame-elr:text=0:kstack=0:uva=50:smallint=0:other=0]
[RESUME_PC_CENSUS:cpu=3:source=el0-first-entry-frame-elr:text=0:kstack=0:uva=1:smallint=0:other=0]
[RESUME_PC_CENSUS:cpu=3:source=ctx-x30:text=346:kstack=0:uva=45:smallint=5:other=0]
[RESUME_PC_CENSUS:cpu=3:source=ctx-elr-el1:text=346:kstack=0:uva=0:smallint=0:other=0]
[RESUME_PC_CENSUS:cpu=3:source=lr-save-el1:text=142:kstack=0:uva=0:smallint=0:other=0]
[RESUME_PC_CENSUS:cpu=3:source=lr-restore-el1:text=164:kstack=0:uva=0:smallint=0:other=0]
[RESUME_PC_CENSUS:cpu=3:source=lr-save-el0:text=0:kstack=0:uva=27:smallint=5:other=0]
[RESUME_PC_CENSUS:cpu=3:source=lr-restore-el0:text=0:kstack=0:uva=45:smallint=5:other=0]
[RESUME_PC_CENSUS:cpu=4:source=el1-restore-frame-elr:text=428:kstack=0:uva=0:smallint=0:other=0]
[RESUME_PC_CENSUS:cpu=4:source=el0-restore-frame-elr:text=0:kstack=0:uva=68:smallint=0:other=0]
[RESUME_PC_CENSUS:cpu=4:source=ctx-x30:text=2369:kstack=0:uva=64:smallint=4:other=0]
[RESUME_PC_CENSUS:cpu=4:source=ctx-elr-el1:text=2369:kstack=0:uva=0:smallint=0:other=0]
[RESUME_PC_CENSUS:cpu=4:source=lr-save-el1:text=424:kstack=0:uva=0:smallint=0:other=0]
[RESUME_PC_CENSUS:cpu=4:source=lr-restore-el1:text=428:kstack=0:uva=0:smallint=0:other=0]
[RESUME_PC_CENSUS:cpu=4:source=lr-save-el0:text=0:kstack=0:uva=59:smallint=4:other=0]
[RESUME_PC_CENSUS:cpu=4:source=lr-restore-el0:text=0:kstack=0:uva=64:smallint=4:other=0]
[RESUME_PC_CENSUS:cpu=5:source=el1-restore-frame-elr:text=483:kstack=0:uva=0:smallint=0:other=0]
[RESUME_PC_CENSUS:cpu=5:source=el0-restore-frame-elr:text=0:kstack=0:uva=67:smallint=0:other=0]
[RESUME_PC_CENSUS:cpu=5:source=ctx-x30:text=4709:kstack=0:uva=66:smallint=1:other=0]
[RESUME_PC_CENSUS:cpu=5:source=ctx-elr-el1:text=4709:kstack=0:uva=0:smallint=0:other=0]
[RESUME_PC_CENSUS:cpu=5:source=lr-save-el1:text=436:kstack=0:uva=0:smallint=0:other=0]
[RESUME_PC_CENSUS:cpu=5:source=lr-restore-el1:text=483:kstack=0:uva=0:smallint=0:other=0]
[RESUME_PC_CENSUS:cpu=5:source=lr-save-el0:text=0:kstack=0:uva=55:smallint=1:other=0]
[RESUME_PC_CENSUS:cpu=5:source=lr-restore-el0:text=0:kstack=0:uva=66:smallint=1:other=0]
[RESUME_PC_CENSUS:cpu=6:source=el1-restore-frame-elr:text=211:kstack=0:uva=0:smallint=0:other=0]
[RESUME_PC_CENSUS:cpu=6:source=el0-restore-frame-elr:text=0:kstack=0:uva=40:smallint=0:other=0]
[RESUME_PC_CENSUS:cpu=6:source=ctx-x30:text=4346:kstack=0:uva=40:smallint=0:other=0]
[RESUME_PC_CENSUS:cpu=6:source=ctx-elr-el1:text=4346:kstack=0:uva=0:smallint=0:other=0]
[RESUME_PC_CENSUS:cpu=6:source=lr-save-el1:text=120:kstack=0:uva=0:smallint=0:other=0]
[RESUME_PC_CENSUS:cpu=6:source=lr-restore-el1:text=211:kstack=0:uva=0:smallint=0:other=0]
[RESUME_PC_CENSUS:cpu=6:source=lr-save-el0:text=0:kstack=0:uva=23:smallint=0:other=0]
[RESUME_PC_CENSUS:cpu=6:source=lr-restore-el0:text=0:kstack=0:uva=40:smallint=0:other=0]
[RESUME_PC_CENSUS:cpu=7:source=el1-restore-frame-elr:text=1380:kstack=0:uva=0:smallint=0:other=0]
[RESUME_PC_CENSUS:cpu=7:source=el0-restore-frame-elr:text=0:kstack=0:uva=227:smallint=0:other=0]
[RESUME_PC_CENSUS:cpu=7:source=ctx-x30:text=3357:kstack=0:uva=227:smallint=0:other=0]
[RESUME_PC_CENSUS:cpu=7:source=ctx-elr-el1:text=3357:kstack=0:uva=0:smallint=0:other=0]
[RESUME_PC_CENSUS:cpu=7:source=lr-save-el1:text=1487:kstack=0:uva=0:smallint=0:other=0]
[RESUME_PC_CENSUS:cpu=7:source=lr-restore-el1:text=1381:kstack=0:uva=0:smallint=0:other=0]
[RESUME_PC_CENSUS:cpu=7:source=lr-save-el0:text=0:kstack=0:uva=245:smallint=0:other=0]
[RESUME_PC_CENSUS:cpu=7:source=lr-restore-el0:text=0:kstack=0:uva=227:smallint=0:other=0]

[INLINE_SAVE_OVERWRITE] tid=32 sp=0xffff000054265850 old_sp=0xffff000054265830 saved_sp=0xffff000054265830 delta=0x20 saved_lr=0xffff000040438ed0 saved_slot20=0xffff000054265ef8 slot20=0xffff000040438ecc elr=0xffff000040411d44 x30=0xffff000040411d38

[INLINE_SAVE_OVERWRITE] tid=32 sp=0xffff000054265830 old_sp=0xffff000054265830 saved_sp=0xffff000054265830 delta=0x0 saved_lr=0xffff000040438ed0 saved_slot20=0xffff000040438ed0 slot20=0xffff000040438ed0 elr=0xffff0000405899ec x30=0xffff0000405899ec
[heartbeat] tid=12 uptime_ms=10205 kbd_nonzero=0

[INLINE_SAVE_OVERWRITE] tid=32 sp=0xffff000054265850 old_sp=0xffff000054265830 saved_sp=0xffff000054265830 delta=0x20 saved_lr=0xffff000040438ed0 saved_slot20=0xffff000054265ef8 slot20=0xffff000040438ecc elr=0xffff000040411d44 x30=0xffff000040411d38

[INLINE_SAVE_OVERWRITE] tid=32 sp=0xffff000054265830 old_sp=0xffff000054265830 saved_sp=0xffff000054265830 delta=0x0 saved_lr=0xffff000040438ed0 saved_slot20=0xffff000040438ed0 slot20=0xffff000040438ed0 elr=0xffff0000405899ec x30=0xffff0000405899ec

[INLINE_SAVE_OVERWRITE] tid=32 sp=0xffff000054265850 old_sp=0xffff000054265830 saved_sp=0xffff000054265830 delta=0x20 saved_lr=0xffff000040438ed0 saved_slot20=0xffff000054265ef8 slot20=0xffff000040438ecc elr=0xffff000040411d44 x30=0xffff000040411d38
WAIT_STRESS_PROGRESS sample=80 entered=16380 returned=16380 wakes=8876425 waiters=0

[INLINE_SAVE_OVERWRITE] tid=32 sp=0xffff000054265830 old_sp=0xffff000054265830 saved_sp=0xffff000054265830 delta=0x0 saved_lr=0xffff000040438ed0 saved_slot20=0xffff000040438ed0 slot20=0xffff000040438ed0 elr=0xffff0000405899ec x30=0xffff0000405899ec
[heartbeat] tid=12 uptime_ms=11206 kbd_nonzero=0

[INLINE_SAVE_OVERWRITE] tid=32 sp=0xffff000054265830 old_sp=0xffff000054265830 saved_sp=0xffff000054265830 delta=0x0 saved_lr=0xffff000040438ed0 saved_slot20=0xffff000040438ed0 slot20=0xffff000040438ed0 elr=0xffff0000405899ec x30=0xffff0000405899ec
WAIT_STRESS_PROGRESS sample=90 entered=18829 returned=18828 wakes=10006621 waiters=0

[INLINE_SAVE_OVERWRITE] tid=32 sp=0xffff000054265850 old_sp=0xffff000054265830 saved_sp=0xffff000054265830 delta=0x20 saved_lr=0xffff000040438ed0 saved_slot20=0xffff000054265ef8 slot20=0xffff000040438ecc elr=0xffff000040411d44 x30=0xffff000040411d38

[INLINE_SAVE_OVERWRITE] tid=32 sp=0xffff000054265830 old_sp=0xffff000054265830 saved_sp=0xffff000054265830 delta=0x0 saved_lr=0xffff000040438ed0 saved_slot20=0xffff000040438ed0 slot20=0xffff000040438ed0 elr=0xffff0000405899ec x30=0xffff0000405899ec

[INLINE_SAVE_OVERWRITE] tid=32 sp=0xffff000054265850 old_sp=0xffff000054265830 saved_sp=0xffff000054265830 delta=0x20 saved_lr=0xffff000040438ed0 saved_slot20=0xffff000054265ef8 slot20=0xffff000040438ecc elr=0xffff000040411d44 x30=0xffff000040411d38

[INLINE_SAVE_OVERWRITE] tid=32 sp=0xffff000054265830 old_sp=0xffff000054265830 saved_sp=0xffff000054265830 delta=0x0 saved_lr=0xffff000040438ed0 saved_slot20=0xffff000040438ed0 slot20=0xffff000040438ed0 elr=0xffff0000405899ec x30=0xffff0000405899ec
[heartbeat] tid=12 uptime_ms=12207 kbd_nonzero=0

[INLINE_SAVE_OVERWRITE] tid=32 sp=0xffff000054265830 old_sp=0xffff000054265830 saved_sp=0xffff000054265830 delta=0x0 saved_lr=0xffff000040438ed0 saved_slot20=0xffff000040438ed0 slot20=0xffff000040438ed0 elr=0xffff0000405899ec x30=0xffff0000405899ec

[INLINE_SAVE_OVERWRITE] tid=32 sp=0xffff000054265850 old_sp=0xffff000054265830 saved_sp=0xffff000054265830 delta=0x20 saved_lr=0xffff000040438ed0 saved_slot20=0xffff000054265ef8 slot20=0xffff000040438ecc elr=0xffff000040411d44 x30=0xffff000040411d38

[INLINE_SAVE_OVERWRITE] tid=32 sp=0xffff000054265830 old_sp=0xffff000054265830 saved_sp=0xffff000054265830 delta=0x0 saved_lr=0xffff000040438ed0 saved_slot20=0xffff000040438ed0 slot20=0xffff000040438ed0 elr=0xffff0000405899ec x30=0xffff0000405899ec

[INLINE_SAVE_OVERWRITE] tid=32 sp=0xffff000054265850 old_sp=0xffff000054265830 saved_sp=0xffff000054265830 delta=0x20 saved_lr=0xffff000040438ed0 saved_slot20=0xffff000054265ef8 slot20=0xffff000040438ecc elr=0xffff000040411d44 x30=0xffff000040411d38

[INLINE_SAVE_OVERWRITE] tid=32 sp=0xffff000054265850 old_sp=0xffff000054265830 saved_sp=0xffff000054265830 delta=0x20 saved_lr=0xffff000040438ed0 saved_slot20=0xffff000054265ef8 slot20=0xffff000040438ecc elr=0xffff000040411d44 x30=0xffff000040411d38

[INLINE_SAVE_OVERWRITE] tid=32 sp=0xffff000054265850 old_sp=0xffff000054265830 saved_sp=0xffff000054265830 delta=0x20 saved_lr=0xffff000040438ed0 saved_slot20=0xffff000054265ef8 slot20=0xffff000040438ecc elr=0xffff000040411d44 x30=0xffff000040411d38

[INLINE_SAVE_OVERWRITE] tid=32 sp=0xffff000054265850 old_sp=0xffff000054265830 saved_sp=0xffff000054265830 delta=0x20 saved_lr=0xffff000040438ed0 saved_slot20=0xffff000054265ef8 slot20=0xffff000040438ecc elr=0xffff000040411d44 x30=0xffff000040411d38
WAIT_STRESS_PROGRESS sample=100 entered=21372 returned=21371 wakes=11079730 waiters=0

[INLINE_SAVE_OVERWRITE] tid=32 sp=0xffff000054265850 old_sp=0xffff000054265830 saved_sp=0xffff000054265830 delta=0x20 saved_lr=0xffff000040438ed0 saved_slot20=0xffff000054265ef8 slot20=0xffff000040438ecc elr=0xffff000040411d44 x30=0xffff000040411d38

[INLINE_SAVE_OVERWRITE] tid=32 sp=0xffff000054265830 old_sp=0xffff000054265830 saved_sp=0xffff000054265830 delta=0x0 saved_lr=0xffff000040438ed0 saved_slot20=0xffff000040438ed0 slot20=0xffff000040438ed0 elr=0xffff0000405899ec x30=0xffff0000405899ec

[INLINE_SAVE_OVERWRITE] tid=32 sp=0xffff000054265830 old_sp=0xffff000054265830 saved_sp=0xffff000054265830 delta=0x0 saved_lr=0xffff000040438ed0 saved_slot20=0xffff000040438ed0 slot20=0xffff000040438ed0 elr=0xffff0000405899ec x30=0xffff0000405899ec
[heartbeat] tid=12 uptime_ms=13207 kbd_nonzero=0

[INLINE_SAVE_OVERWRITE] tid=32 sp=0xffff000054265850 old_sp=0xffff000054265830 saved_sp=0xffff000054265830 delta=0x20 saved_lr=0xffff000040438ed0 saved_slot20=0xffff000054265ef8 slot20=0xffff000040438ecc elr=0xffff000040411d44 x30=0xffff000040411d38

[INLINE_SAVE_OVERWRITE] tid=32 sp=0xffff000054265830 old_sp=0xffff000054265830 saved_sp=0xffff000054265830 delta=0x0 saved_lr=0xffff000040438ed0 saved_slot20=0xffff000040438ed0 slot20=0xffff000040438ed0 elr=0xffff0000405899ec x30=0xffff0000405899ec
WAIT_STRESS_PROGRESS sample=110 entered=23656 returned=23655 wakes=12182976 waiters=0
[heartbeat] tid=12 uptime_ms=14209 kbd_nonzero=0

[INLINE_SAVE_OVERWRITE] tid=32 sp=0xffff000054265850 old_sp=0xffff000054265830 saved_sp=0xffff000054265830 delta=0x20 saved_lr=0xffff000040438ed0 saved_slot20=0xffff000054265ef8 slot20=0xffff000040438ecc elr=0xffff000040411d44 x30=0xffff000040411d38

[INLINE_SAVE_OVERWRITE] tid=32 sp=0xffff000054265830 old_sp=0xffff000054265830 saved_sp=0xffff000054265830 delta=0x0 saved_lr=0xffff000040438ed0 saved_slot20=0xffff000040438ed0 slot20=0xffff000040438ed0 elr=0xffff0000405899ec x30=0xffff0000405899ec
WAIT_STRESS_PROGRESS sample=120 entered=26303 returned=26303 wakes=13347917 waiters=0
[heartbeat] tid=12 uptime_ms=15209 kbd_nonzero=0

[INLINE_SAVE_OVERWRITE] tid=32 sp=0xffff000054265850 old_sp=0xffff000054265830 saved_sp=0xffff000054265830 delta=0x20 saved_lr=0xffff000040438ed0 saved_slot20=0xffff000054265ef8 slot20=0xffff000040438ecc elr=0xffff000040411d44 x30=0xffff000040411d38
WAIT_STRESS_PROGRESS sample=130 entered=28874 returned=28874 wakes=14462030 waiters=0
[heartbeat] tid=12 uptime_ms=16211 kbd_nonzero=0

[INLINE_SAVE_OVERWRITE] tid=32 sp=0xffff000054265830 old_sp=0xffff000054265830 saved_sp=0xffff000054265830 delta=0x0 saved_lr=0xffff000040438ed0 saved_slot20=0xffff000040438ed0 slot20=0xffff000040438ed0 elr=0xffff0000405899ec x30=0xffff0000405899ec
WAIT_STRESS_PROGRESS sample=140 entered=31461 returned=31461 wakes=15553785 waiters=0
[heartbeat] tid=12 uptime_ms=17212 kbd_nonzero=0

[INLINE_SAVE_OVERWRITE] tid=32 sp=0xffff000054265850 old_sp=0xffff000054265830 saved_sp=0xffff000054265830 delta=0x20 saved_lr=0xffff000040438ed0 saved_slot20=0xffff000054265ef8 slot20=0xffff000040438ecc elr=0xffff000040411d44 x30=0xffff000040411d38

[INLINE_SAVE_OVERWRITE] tid=32 sp=0xffff000054265830 old_sp=0xffff000054265830 saved_sp=0xffff000054265830 delta=0x0 saved_lr=0xffff000040438ed0 saved_slot20=0xffff000040438ec4 slot20=0xffff000040438ec4 elr=0xffff00004053d3a0 x30=0xffff000040438ec4
WAIT_STRESS_PROGRESS sample=150 entered=34062 returned=34061 wakes=16724883 waiters=0

[INLINE_SAVE_OVERWRITE] tid=32 sp=0xffff000054265850 old_sp=0xffff000054265830 saved_sp=0xffff000054265830 delta=0x20 saved_lr=0xffff000040438ed0 saved_slot20=0xffff000054265ef8 slot20=0xffff000040438ecc elr=0xffff000040411d44 x30=0xffff000040411d38
[heartbeat] tid=12 uptime_ms=18213 kbd_nonzero=0

[INLINE_SAVE_OVERWRITE] tid=32 sp=0xffff000054265850 old_sp=0xffff000054265830 saved_sp=0xffff000054265830 delta=0x20 saved_lr=0xffff000040438ed0 saved_slot20=0xffff000054265ef8 slot20=0xffff000040438ecc elr=0xffff000040411d44 x30=0xffff000040411d38

[INLINE_SAVE_OVERWRITE] tid=32 sp=0xffff000054265850 old_sp=0xffff000054265830 saved_sp=0xffff000054265830 delta=0x20 saved_lr=0xffff000040438ed0 saved_slot20=0xffff000054265ef8 slot20=0xffff000040438ecc elr=0xffff000040411d44 x30=0xffff000040411d38

[INLINE_SAVE_OVERWRITE] tid=32 sp=0xffff000054265850 old_sp=0xffff000054265830 saved_sp=0xffff000054265830 delta=0x20 saved_lr=0xffff000040438ed0 saved_slot20=0xffff000054265ef8 slot20=0xffff000040438ecc elr=0xffff000040411d44 x30=0xffff000040411d38

[INLINE_SAVE_OVERWRITE] tid=32 sp=0xffff000054265830 old_sp=0xffff000054265830 saved_sp=0xffff000054265830 delta=0x0 saved_lr=0xffff000040438ed0 saved_slot20=0xffff000040438ec4 slot20=0xffff000040438ec4 elr=0xffff00004053d2a0 x30=0xffff000040438ec4

[INLINE_SAVE_OVERWRITE] tid=32 sp=0xffff000054265830 old_sp=0xffff000054265830 saved_sp=0xffff000054265830 delta=0x0 saved_lr=0xffff000040438ed0 saved_slot20=0xffff000040438ec4 slot20=0xffff000040438ec4 elr=0xffff00004053d198 x30=0xffff000040438ec4

[INLINE_SAVE_OVERWRITE] tid=32 sp=0xffff000054265850 old_sp=0xffff000054265830 saved_sp=0xffff000054265830 delta=0x20 saved_lr=0xffff000040438ed0 saved_slot20=0xffff000054265ef8 slot20=0xffff000040438ecc elr=0xffff000040411d44 x30=0xffff000040411d38
WAIT_STRESS_PROGRESS sample=160 entered=36812 returned=36811 wakes=17880002 waiters=1

[INLINE_SAVE_OVERWRITE] tid=32 sp=0xffff000054265850 old_sp=0xffff000054265830 saved_sp=0xffff000054265830 delta=0x20 saved_lr=0xffff000040438ed0 saved_slot20=0xffff000054265ef8 slot20=0xffff000040438ecc elr=0xffff000040411d44 x30=0xffff000040411d38

[INLINE_SAVE_OVERWRITE] tid=32 sp=0xffff000054265850 old_sp=0xffff000054265830 saved_sp=0xffff000054265830 delta=0x20 saved_lr=0xffff000040438ed0 saved_slot20=0xffff000054265ef8 slot20=0xffff000040438ecc elr=0xffff000040411d44 x30=0xffff000040411d38
[heartbeat] tid=12 uptime_ms=19214 kbd_nonzero=0

[INLINE_SAVE_OVERWRITE] tid=32 sp=0xffff000054265850 old_sp=0xffff000054265830 saved_sp=0xffff000054265830 delta=0x20 saved_lr=0xffff000040438ed0 saved_slot20=0xffff000054265ef8 slot20=0xffff000040438ecc elr=0xffff000040411d44 x30=0xffff000040411d38

[INLINE_SAVE_OVERWRITE] tid=32 sp=0xffff000054265850 old_sp=0xffff000054265830 saved_sp=0xffff000054265830 delta=0x20 saved_lr=0xffff000040438ed0 saved_slot20=0xffff000054265ef8 slot20=0xffff000040438ecc elr=0xffff000040411d44 x30=0xffff000040411d38
WAIT_STRESS_PROGRESS sample=170 entered=39408 returned=39407 wakes=19003804 waiters=0

[INLINE_SAVE_OVERWRITE] tid=32 sp=0xffff000054265850 old_sp=0xffff000054265830 saved_sp=0xffff000054265830 delta=0x20 saved_lr=0xffff000040438ed0 saved_slot20=0xffff000054265ef8 slot20=0xffff000040438ecc elr=0xffff000040411d44 x30=0xffff000040411d38
[RESUME_PC_CENSUS:cpu=0:source=el1-restore-frame-elr:text=78:kstack=0:uva=0:smallint=0:other=0]
[RESUME_PC_CENSUS:cpu=0:source=el0-restore-frame-elr:text=0:kstack=0:uva=56:smallint=0:other=0]
[RESUME_PC_CENSUS:cpu=0:source=ctx-x30:text=2617:kstack=0:uva=49:smallint=7:other=0]
[RESUME_PC_CENSUS:cpu=0:source=ctx-elr-el1:text=2617:kstack=0:uva=0:smallint=0:other=0]
[RESUME_PC_CENSUS:cpu=0:source=lr-save-el1:text=75:kstack=0:uva=0:smallint=0:other=0]
[RESUME_PC_CENSUS:cpu=0:source=lr-restore-el1:text=78:kstack=0:uva=0:smallint=0:other=0]
[RESUME_PC_CENSUS:cpu=0:source=lr-save-el0:text=0:kstack=0:uva=98:smallint=9:other=0]
[RESUME_PC_CENSUS:cpu=0:source=lr-restore-el0:text=0:kstack=0:uva=49:smallint=7:other=0]
[RESUME_PC_CENSUS:cpu=1:source=el1-restore-frame-elr:text=3613:kstack=0:uva=0:smallint=0:other=0]
[RESUME_PC_CENSUS:cpu=1:source=el0-restore-frame-elr:text=0:kstack=0:uva=761:smallint=0:other=0]
[RESUME_PC_CENSUS:cpu=1:source=el0-first-entry-frame-elr:text=0:kstack=0:uva=4:smallint=0:other=0]
[RESUME_PC_CENSUS:cpu=1:source=ctx-x30:text=13094:kstack=0:uva=759:smallint=2:other=0]
[RESUME_PC_CENSUS:cpu=1:source=ctx-elr-el1:text=13094:kstack=0:uva=0:smallint=0:other=0]
[RESUME_PC_CENSUS:cpu=1:source=lr-save-el1:text=3566:kstack=0:uva=0:smallint=0:other=0]
[RESUME_PC_CENSUS:cpu=1:source=lr-restore-el1:text=3613:kstack=0:uva=0:smallint=0:other=0]
[RESUME_PC_CENSUS:cpu=1:source=lr-save-el0:text=0:kstack=0:uva=748:smallint=1:other=0]
[RESUME_PC_CENSUS:cpu=1:source=lr-restore-el0:text=0:kstack=0:uva=759:smallint=2:other=0]
[RESUME_PC_CENSUS:cpu=2:source=el1-restore-frame-elr:text=27:kstack=0:uva=0:smallint=0:other=0]
[RESUME_PC_CENSUS:cpu=2:source=el0-restore-frame-elr:text=0:kstack=0:uva=39:smallint=0:other=0]
[RESUME_PC_CENSUS:cpu=2:source=el0-first-entry-frame-elr:text=0:kstack=0:uva=3:smallint=0:other=0]
[RESUME_PC_CENSUS:cpu=2:source=ctx-x30:text=41:kstack=0:uva=34:smallint=5:other=0]
[RESUME_PC_CENSUS:cpu=2:source=ctx-elr-el1:text=41:kstack=0:uva=0:smallint=0:other=0]
[RESUME_PC_CENSUS:cpu=2:source=lr-save-el1:text=24:kstack=0:uva=0:smallint=0:other=0]
[RESUME_PC_CENSUS:cpu=2:source=lr-restore-el1:text=27:kstack=0:uva=0:smallint=0:other=0]
[RESUME_PC_CENSUS:cpu=2:source=lr-save-el0:text=0:kstack=0:uva=19:smallint=2:other=0]
[RESUME_PC_CENSUS:cpu=2:source=lr-restore-el0:text=0:kstack=0:uva=34:smallint=5:other=0]
[RESUME_PC_CENSUS:cpu=3:source=el1-restore-frame-elr:text=164:kstack=0:uva=0:smallint=0:other=0]
[RESUME_PC_CENSUS:cpu=3:source=el0-restore-frame-elr:text=0:kstack=0:uva=50:smallint=0:other=0]
[RESUME_PC_CENSUS:cpu=3:source=el0-first-entry-frame-elr:text=0:kstack=0:uva=1:smallint=0:other=0]
[RESUME_PC_CENSUS:cpu=3:source=ctx-x30:text=346:kstack=0:uva=45:smallint=5:other=0]
[RESUME_PC_CENSUS:cpu=3:source=ctx-elr-el1:text=346:kstack=0:uva=0:smallint=0:other=0]
[RESUME_PC_CENSUS:cpu=3:source=lr-save-el1:text=142:kstack=0:uva=0:smallint=0:other=0]
[RESUME_PC_CENSUS:cpu=3:source=lr-restore-el1:text=164:kstack=0:uva=0:smallint=0:other=0]
[RESUME_PC_CENSUS:cpu=3:source=lr-save-el0:text=0:kstack=0:uva=27:smallint=5:other=0]
[RESUME_PC_CENSUS:cpu=3:source=lr-restore-el0:text=0:kstack=0:uva=45:smallint=5:other=0]
[RESUME_PC_CENSUS:cpu=4:source=el1-restore-frame-elr:text=428:kstack=0:uva=0:smallint=0:other=0]
[RESUME_PC_CENSUS:cpu=4:source=el0-restore-frame-elr:text=0:kstack=0:uva=68:smallint=0:other=0]
[RESUME_PC_CENSUS:cpu=4:source=ctx-x30:text=2369:kstack=0:uva=64:smallint=4:other=0]
[RESUME_PC_CENSUS:cpu=4:source=ctx-elr-el1:text=2369:kstack=0:uva=0:smallint=0:other=0]
[RESUME_PC_CENSUS:cpu=4:source=lr-save-el1:text=424:kstack=0:uva=0:smallint=0:other=0]
[RESUME_PC_CENSUS:cpu=4:source=lr-restore-el1:text=428:kstack=0:uva=0:smallint=0:other=0]
[RESUME_PC_CENSUS:cpu=4:source=lr-save-el0:text=0:kstack=0:uva=59:smallint=4:other=0]
[RESUME_PC_CENSUS:cpu=4:source=lr-restore-el0:text=0:kstack=0:uva=64:smallint=4:other=0]
[RESUME_PC_CENSUS:cpu=5:source=el1-restore-frame-elr:text=786:kstack=0:uva=0:smallint=0:other=0]
[RESUME_PC_CENSUS:cpu=5:source=el0-restore-frame-elr:text=0:kstack=0:uva=129:smallint=0:other=0]
[RESUME_PC_CENSUS:cpu=5:source=ctx-x30:text=12532:kstack=0:uva=128:smallint=1:other=0]
[RESUME_PC_CENSUS:cpu=5:source=ctx-elr-el1:text=12532:kstack=0:uva=0:smallint=0:other=0]
[RESUME_PC_CENSUS:cpu=5:source=lr-save-el1:text=604:kstack=0:uva=0:smallint=0:other=0]
[RESUME_PC_CENSUS:cpu=5:source=lr-restore-el1:text=786:kstack=0:uva=0:smallint=0:other=0]
[RESUME_PC_CENSUS:cpu=5:source=lr-save-el0:text=0:kstack=0:uva=95:smallint=1:other=0]
[RESUME_PC_CENSUS:cpu=5:source=lr-restore-el0:text=0:kstack=0:uva=128:smallint=1:other=0]
[RESUME_PC_CENSUS:cpu=6:source=el1-restore-frame-elr:text=1249:kstack=0:uva=0:smallint=0:other=0]
[RESUME_PC_CENSUS:cpu=6:source=el0-restore-frame-elr:text=0:kstack=0:uva=312:smallint=0:other=0]
[RESUME_PC_CENSUS:cpu=6:source=ctx-x30:text=11350:kstack=0:uva=312:smallint=0:other=0]
[RESUME_PC_CENSUS:cpu=6:source=ctx-elr-el1:text=11350:kstack=0:uva=0:smallint=0:other=0]
[RESUME_PC_CENSUS:cpu=6:source=lr-save-el1:text=1120:kstack=0:uva=0:smallint=0:other=0]
[RESUME_PC_CENSUS:cpu=6:source=lr-restore-el1:text=1250:kstack=0:uva=0:smallint=0:other=0]
[RESUME_PC_CENSUS:cpu=6:source=lr-save-el0:text=0:kstack=0:uva=295:smallint=0:other=0]
[RESUME_PC_CENSUS:cpu=6:source=lr-restore-el0:text=0:kstack=0:uva=312:smallint=0:other=0]
[RESUME_PC_CENSUS:cpu=7:source=el1-restore-frame-elr:text=4129:kstack=0:uva=0:smallint=0:other=0]
[RESUME_PC_CENSUS:cpu=7:source=el0-restore-frame-elr:text=0:kstack=0:uva=890:smallint=0:other=0]
[RESUME_PC_CENSUS:cpu=7:source=ctx-x30:text=10128:kstack=0:uva=890:smallint=0:other=0]
[RESUME_PC_CENSUS:cpu=7:source=ctx-elr-el1:text=10128:kstack=0:uva=0:smallint=0:other=0]
[RESUME_PC_CENSUS:cpu=7:source=lr-save-el1:text=4305:kstack=0:uva=0:smallint=0:other=0]
[RESUME_PC_CENSUS:cpu=7:source=lr-restore-el1:text=4130:kstack=0:uva=0:smallint=0:other=0]
[RESUME_PC_CENSUS:cpu=7:source=lr-save-el0:text=0:kstack=0:uva=920:smallint=0:other=0]
[RESUME_PC_CENSUS:cpu=7:source=lr-restore-el0:text=0:kstack=0:uva=890:smallint=0:other=0]
[heartbeat] tid=1
2[ INuLIpNEt_SiAVmE_eOV_ERms=WR2IT0E]2 t15id =3k2 bspd=0_xnffoffn0000542658z30er oold=_s0p=
0xffff000054265830 saved_sp=0xffff000054265830 delta=0x0 saved_lr=0xffff000040438ed0 saved_slot20=0xffff000040438ec4 slot20=0xffff000040438ec4 elr=0xffff00004053d214 x30=0xffff000040438ec4
[PT_ROOT_CUSTODY:no_proof=11:no_arch=0:terminated=0:undecided=0:mid_retire=0:retired=3]
[TOMBSTONE_CENSUS:resident=0:removed=9:reap_second=9:retire_second=0:abandoned_unqueued=0]
[TTBR0_ASID_CENSUS:untagged=0:tagged=98598:kernel=55519:cleared=151783]
[net-rx-counters] sample=1 begin
[net-rx-counters] sample=1 NET_RX_MSI_TOTAL: 2 (cpu0=2)
[net-rx-counters] sample=1 NET_RX_RING_DRAIN_TOTAL: 3 (cpu0=3)
[net-rx-counters] sample=1 NET_RX_FRAME_TOTAL: 3 (cpu0=3)
[net-rx-counters] sample=1 NET_RX_ARP_TOTAL: 2 (cpu0=2)
[net-rx-counters] sample=1 NET_RX_ETHERTYPE_OTHER_TOTAL: 0
[net-rx-counters] sample=1 NET_RX_SOFTIRQ_ENTRY_TOTAL: 12 (cpu0=5, cpu1=3, cpu2=2, cpu3=1, cpu5=1)
[net-rx-counters] sample=1 NET_RX_SOFTIRQ_EXIT_TOTAL: 12 (cpu0=5, cpu1=3, cpu2=2, cpu3=1, cpu5=1)
[net-rx-counters] sample=1 NET_RX_REENTRANT_SKIP_TOTAL: 0
[net-rx-counters] sample=1 NET_RX_GUARD_RELEASE_TOTAL: 13 (cpu0=6, cpu1=3, cpu2=2, cpu3=1, cpu5=1)
[net-rx-counters] sample=1 NET_RX_REARM_CHECK_TOTAL: 13 (cpu0=6, cpu1=3, cpu2=2, cpu3=1, cpu5=1)
[net-rx-counters] sample=1 NET_RX_REARM_RACE_TOTAL: 0
[net-rx-counters] sample=1 NET_RX_REARM_ARMED_TOTAL: 13 (cpu0=6, cpu1=3, cpu2=2, cpu3=1, cpu5=1)
[net-rx-counters] sample=1 NET_PCI_IRQ_RAISED_NETRX: 2 (cpu0=2)
[net-rx-counters] sample=1 GIC_SPI55_ACK_TOTAL: 2 (cpu0=2)
[net-rx-counters] sample=1 GICV2M_BASE_PHYS: 0x2250000
[net-rx-counters] sample=1 GICV2M_DOORBELL_PHYS: 0x2250040
[net-rx-counters] sample=1 GICV2M_MSI_TYPER: 0x80350040
[net-rx-counters] sample=1 GICV2M_SPI_BASE: 53
[net-rx-counters] sample=1 GICV2M_SPI_COUNT: 64
[net-rx-counters] sample=1 GICV2M_NEXT_INDEX: 4
[net-rx-counters] sample=1 GIC_SPI54_IRQ: 54
[net-rx-counters] sample=1 GIC_SPI54_VERSION: 3
[net-rx-counters] sample=1 GIC_SPI54_ISENABLER_BIT: 0x400000
[net-rx-counters] sample=1 GIC_SPI54_ISPENDR_BIT: 0x0
[net-rx-counters] sample=1 GIC_SPI54_ISACTIVER_BIT: 0x0
[net-rx-counters] sample=1 GIC_SPI54_IGROUPR_BIT: 0x400000
[net-rx-counters] sample=1 GIC_SPI54_PRIORITY: 0xa0
[net-rx-counters] sample=1 GIC_SPI54_ICFGR_REG: 0x2a800
[net-rx-counters] sample=1 GIC_SPI54_IROUTER: 0x0
[net-rx-counters] sample=1 GIC_SPI54_ITARGETSR_BYTE: 0x0
[net-rx-counters] sample=1 GIC_SPI54_GICD_CTLR: 0x53
[net-rx-counters] sample=1 GIC_SPI55_IRQ: 55
[net-rx-counters] sample=1 GIC_SPI55_VERSION: 3
[net-rx-counters] sample=1 GIC_SPI55_ISENABLER_BIT: 0x800000
[net-rx-counters] sample=1 GIC_SPI55_ISPENDR_BIT: 0x0
[net-rx-counters] sample=1 GIC_SPI55_ISACTIVER_BIT: 0x0
[net-rx-counters] sample=1 GIC_SPI55_IGROUPR_BIT: 0x800000
[net-rx-counters] sample=1 GIC_SPI55_PRIORITY: 0xa0
[net-rx-counters] sample=1 GIC_SPI55_ICFGR_REG: 0x2a800
[net-rx-counters] sample=1 GIC_SPI55_IROUTER: 0x0
[net-rx-counters] sample=1 GIC_SPI55_ITARGETSR_BYTE: 0x0
[net-rx-counters] sample=1 GIC_SPI55_GICD_CTLR: 0x53
[net-rx-counters] sample=1 MANUAL_GICV2M_TEST_DONE: 1
[net-rx-counters] sample=1 MANUAL_GICV2M_TEST_IRQ: 55
[net-rx-counters] sample=1 MANUAL_GICV2M_TEST_DOORBELL: 0x2250040
[net-rx-counters] sample=1 MANUAL_GICV2M_TEST_BEFORE_PEND: 0x0
[net-rx-counters] sample=1 MANUAL_GICV2M_TEST_AFTER_WRITE_PEND: 0x800000
[net-rx-counters] sample=1 MANUAL_GICV2M_TEST_AFTER_WAIT_PEND: 0x0
[net-rx-counters] sample=1 MANUAL_GICV2M_TEST_ACK_BEFORE: 0
[net-rx-counters] sample=1 MANUAL_GICV2M_TEST_ACK_AFTER: 1
[net-rx-counters] sample=1 MANUAL_GICV2M_TEST_MSI_BEFORE: 0
[net-rx-counters] sample=1 MANUAL_GICV2M_TEST_MSI_AFTER: 1
[net-rx-counters] sample=1 NET_PCI_DEVICE_STATUS: 0xf
[net-rx-counters] sample=1 NET_PCI_ISR_STATUS: 0x0
[net-rx-counters] sample=1 NET_PCI_DEVICE_FEATURES: 0x6187bfa3
[net-rx-counters] sample=1 NET_PCI_GUEST_FEATURES: 0x10020
[net-rx-counters] sample=1 NET_PCI_RX_QUEUE_PFN: 0x4123b
[net-rx-counters] sample=1 NET_PCI_TX_QUEUE_PFN: 0x4123e
[net-rx-counters] sample=1 NET_PCI_RX_QUEUE_SIZE: 256
[net-rx-counters] sample=1 NET_PCI_TX_QUEUE_SIZE: 256
[net-rx-counters] sample=1 NET_PCI_RX_QUEUE_ALIGN: 4096
[net-rx-counters] sample=1 NET_PCI_RX_QUEUE_VECTOR: 0x0
[net-rx-counters] sample=1 NET_PCI_TX_QUEUE_VECTOR: 0xffff
[net-rx-counters] sample=1 NET_PCI_RX_AVAIL_FLAGS: 0x0
[net-rx-counters] sample=1 NET_PCI_RX_AVAIL_IDX: 12
[net-rx-counters] sample=1 NET_PCI_RX_USED_FLAGS: 0x1
[net-rx-counters] sample=1 NET_PCI_RX_USED_IDX: 3
[net-rx-counters] sample=1 NET_PCI_RX_LAST_USED_IDX: 3
[net-rx-counters] sample=1 NET_PCI_RX_POSTED_GAP: 9
[net-rx-counters] sample=1 NET_PCI_RX_DESC0: addr=0x4126aa00 len=1524 flags=0x2
[net-rx-counters] sample=1 NET_PCI_RX_DESC1: addr=0x4126b000 len=1524 flags=0x2
[net-rx-counters] sample=1 NET_PCI_RX_DESC2: addr=0x4126b600 len=1524 flags=0x2
[net-rx-counters] sample=1 NET_PCI_RX_DESC3: addr=0x4126bc00 len=1524 flags=0x2
[net-rx-counters] sample=1 NET_PCI_RX_RING_HEADS: 0,1,2,3
[net-rx-counters] sample=1 NET_RX_PROCESSING_HELD: 0
[net-rx-counters] sample=1 NET_RX_PENDING_WHILE_PROCESSING: 0
[net-rx-counters] sample=1 NET_PCI_RX_REARM_SAMPLE_SEQ: 13
[net-rx-counters] sample=1 NET_PCI_RX_REARM_SAMPLE0: used_idx=3 last_used_idx=3 avail_flags=0x0 raced=0
[net-rx-counters] sample=1 NET_PCI_RX_REARM_SAMPLE1: used_idx=3 last_used_idx=3 avail_flags=0x0 raced=0
[net-rx-counters] sample=1 NET_PCI_RX_REARM_SAMPLE2: used_idx=3 last_used_idx=3 avail_flags=0x0 raced=0
[net-rx-counters] sample=1 NET_PCI_RX_REARM_SAMPLE3: used_idx=3 last_used_idx=3 avail_flags=0x0 raced=0
[net-rx-counters] sample=1 NET_PCI_RX_SOFTIRQ_ENTRY_SAMPLE: used_idx=3 last_used_idx=3 avail_flags=0x0 raced=0
[net-rx-counters] sample=1 NET_PCI_RX_SOFTIRQ_EXIT_SAMPLE: used_idx=3 last_used_idx=3 avail_flags=0x0 raced=0
[net-rx-counters] sample=1 end
WAIT_STRESS_PROGRESS sample=180 entered=41923 returned=41922 wakes=20140458 waiters=0

[INLINE_SAVE_OVERWRITE] tid=32 sp=0xffff000054265830 old_sp=0xffff000054265830 saved_sp=0xffff000054265830 delta=0x0 saved_lr=0xffff000040438ed0 saved_slot20=0xffff000040438ed0 slot20=0xffff000040438ed0 elr=0xffff0000405899ec x30=0xffff0000405899ec

[INLINE_SAVE_OVERWRITE] tid=32 sp=0xffff000054265830 old_sp=0xffff000054265830 saved_sp=0xffff000054265830 delta=0x0 saved_lr=0xffff000040438ed0 saved_slot20=0xffff000040438ed0 slot20=0xffff000040438ed0 elr=0xffff0000405899ec x30=0xffff0000405899ec
[heartbeat] tid=12 uptime_ms=21236 kbd_nonzero=0

[INLINE_SAVE_OVERWRITE] tid=32 sp=0xffff000054265850 old_sp=0xffff000054265830 saved_sp=0xffff000054265830 delta=0x20 saved_lr=0xffff000040438ed0 saved_slot20=0xffff000054265ef8 slot20=0xffff000040438ecc elr=0xffff000040411d44 x30=0xffff000040411d38

[INLINE_SAVE_OVERWRITE] tid=32 sp=0xffff000054265850 old_sp=0xffff000054265830 saved_sp=0xffff000054265830 delta=0x20 saved_lr=0xffff000040438ed0 saved_slot20=0xffff000054265ef8 slot20=0xffff000040438ecc elr=0xffff000040411d44 x30=0xffff000040411d38

[INLINE_SAVE_OVERWRITE] tid=32 sp=0xffff000054265830 old_sp=0xffff000054265830 saved_sp=0xffff000054265830 delta=0x0 saved_lr=0xffff000040438ed0 saved_slot20=0xffff000040438ed0 slot20=0xffff000040438ed0 elr=0xffff0000405899ec x30=0xffff0000405899ec
WAIT_STRESS_PROGRESS sample=190 entered=44237 returned=44236 wakes=21267107 waiters=0

[INLINE_SAVE_OVERWRITE] tid=32 sp=0xffff000054265830 old_sp=0xffff000054265830 saved_sp=0xffff000054265830 delta=0x0 saved_lr=0xffff000040438ed0 saved_slot20=0xffff000040438ed0 slot20=0xffff000040438ed0 elr=0xffff0000405899ec x30=0xffff0000405899ec
[heartbeat] tid=12 uptime_ms=22237 kbd_nonzero=0
WAIT_STRESS_PROGRESS sample=200 entered=59388 returned=59387 wakes=22105761 waiters=0
[heartbeat] tid=12 uptime_ms=23238 kbd_nonzero=0
WAIT_STRESS_PROGRESS sample=210 entered=101435 returned=101434 wakes=22352933 waiters=0
[heartbeat] tid=12 uptime_ms=24240 kbd_nonzero=0
WAIT_STRESS_PROGRESS sample=220 entered=143648 returned=143647 wakes=22600683 waiters=0
[heartbeat] tid=12 uptime_ms=25240 kbd_nonzero=0
WAIT_STRESS_PROGRESS sample=230 entered=186493 returned=186493 wakes=22851801 waiters=0
[heartbeat] tid=12 uptime_ms=26242 kbd_nonzero=0
WAIT_STRESS_PROGRESS sample=240 entered=229728 returned=229727 wakes=23105531 waiters=1
[heartbeat] tid=12 uptime_ms=27243 kbd_nonzero=0
WAIT_STRESS_PROGRESS sample=250 entered=272493 returned=272492 wakes=23355665 waiters=0
[heartbeat] tid=12 uptime_ms=28243 kbd_nonzero=0
WAIT_STRESS_PROGRESS sample=260 entered=314683 returned=314682 wakes=23602509 waiters=0
[heartbeat] tid=12 uptime_ms=29244 kbd_nonzero=0
WAIT_STRESS_PROGRESS sample=270 entered=356782 returned=356781 wakes=23850737 waiters=0
[RESUME_PC_CENSUS:cpu=0:source=el1-restore-frame-elr:text=78:kstack=0:uva=0:smallint=0:other=0]
[RESUME_PC_CENSUS:cpu=0:source=el0-restore-frame-elr:text=0:kstack=0:uva=56:smallint=0:other=0]
[RESUME_PC_CENSUS:cpu=0:source=ctx-x30:text=2617:kstack=0:uva=49:smallint=7:other=0]
[RESUME_PC_CENSUS:cpu=0:source=ctx-elr-el1:text=2617:kstack=0:uva=0:smallint=0:other=0]
[RESUME_PC_CENSUS:cpu=0:source=lr-save-el1:text=75:kstack=0:uva=0:smallint=0:other=0]
[RESUME_PC_CENSUS:cpu=0:source=lr-restore-el1:text=78:kstack=0:uva=0:smallint=0:other=0]
[RESUME_PC_CENSUS:cpu=0:source=lr-save-el0:text=0:kstack=0:uva=98:smallint=9:other=0]
[RESUME_PC_CENSUS:cpu=0:source=lr-restore-el0:text=0:kstack=0:uva=49:smallint=7:other=0]
[RESUME_PC_CENSUS:cpu=1:source=el1-restore-frame-elr:text=3903:kstack=0:uva=0:smallint=0:other=0]
[RESUME_PC_CENSUS:cpu=1:source=el0-restore-frame-elr:text=0:kstack=0:uva=766:smallint=0:other=0]
[RESUME_PC_CENSUS:cpu=1:source=el0-first-entry-frame-elr:text=0:kstack=0:uva=4:smallint=0:other=0]
[RESUME_PC_CENSUS:cpu=1:source=ctx-x30:text=75775:kstack=0:uva=764:smallint=2:other=0]
[RESUME_PC_CENSUS:cpu=1:source=ctx-elr-el1:text=75775:kstack=0:uva=0:smallint=0:other=0]
[RESUME_PC_CENSUS:cpu=1:source=lr-save-el1:text=3566:kstack=0:uva=0:smallint=0:other=0]
[RESUME_PC_CENSUS:cpu=1:source=lr-restore-el1:text=3903:kstack=0:uva=0:smallint=0:other=0]
[RESUME_PC_CENSUS:cpu=1:source=lr-save-el0:text=0:kstack=0:uva=748:smallint=1:other=0]
[RESUME_PC_CENSUS:cpu=1:source=lr-restore-el0:text=0:kstack=0:uva=764:smallint=2:other=0]
[RESUME_PC_CENSUS:cpu=2:source=el1-restore-frame-elr:text=27:kstack=0:uva=0:smallint=0:other=0]
[RESUME_PC_CENSUS:cpu=2:source=el0-restore-frame-elr:text=0:kstack=0:uva=39:smallint=0:other=0]
[RESUME_PC_CENSUS:cpu=2:source=el0-first-entry-frame-elr:text=0:kstack=0:uva=3:smallint=0:other=0]
[RESUME_PC_CENSUS:cpu=2:source=ctx-x30:text=41:kstack=0:uva=34:smallint=5:other=0]
[RESUME_PC_CENSUS:cpu=2:source=ctx-elr-el1:text=41:kstack=0:uva=0:smallint=0:other=0]
[RESUME_PC_CENSUS:cpu=2:source=lr-save-el1:text=24:kstack=0:uva=0:smallint=0:other=0]
[RESUME_PC_CENSUS:cpu=2:source=lr-restore-el1:text=27:kstack=0:uva=0:smallint=0:other=0]
[RESUME_PC_CENSUS:cpu=2:source=lr-save-el0:text=0:kstack=0:uva=19:smallint=2:other=0]
[RESUME_PC_CENSUS:cpu=2:source=lr-restore-el0:text=0:kstack=0:uva=34:smallint=5:other=0]
[RESUME_PC_CENSUS:cpu=3:source=el1-restore-frame-elr:text=164:kstack=0:uva=0:smallint=0:other=0]
[RESUME_PC_CENSUS:cpu=3:source=el0-restore-frame-elr:text=0:kstack=0:uva=50:smallint=0:other=0]
[RESUME_PC_CENSUS:cpu=3:source=el0-first-entry-frame-elr:text=0:kstack=0:uva=1:smallint=0:other=0]
[RESUME_PC_CENSUS:cpu=3:source=ctx-x30:text=346:kstack=0:uva=45:smallint=5:other=0]
[RESUME_PC_CENSUS:cpu=3:source=ctx-elr-el1:text=346:kstack=0:uva=0:smallint=0:other=0]
[RESUME_PC_CENSUS:cpu=3:source=lr-save-el1:text=142:kstack=0:uva=0:smallint=0:other=0]
[RESUME_PC_CENSUS:cpu=3:source=lr-restore-el1:text=164:kstack=0:uva=0:smallint=0:other=0]
[RESUME_PC_CENSUS:cpu=3:source=lr-save-el0:text=0:kstack=0:uva=27:smallint=5:other=0]
[RESUME_PC_CENSUS:cpu=3:source=lr-restore-el0:text=0:kstack=0:uva=45:smallint=5:other=0]
[RESUME_PC_CENSUS:cpu=4:source=el1-restore-frame-elr:text=428:kstack=0:uva=0:smallint=0:other=0]
[RESUME_PC_CENSUS:cpu=4:source=el0-restore-frame-elr:text=0:kstack=0:uva=68:smallint=0:other=0]
[RESUME_PC_CENSUS:cpu=4:source=ctx-x30:text=2369:kstack=0:uva=64:smallint=4:other=0]
[RESUME_PC_CENSUS:cpu=4:source=ctx-elr-el1:text=2369:kstack=0:uva=0:smallint=0:other=0]
[RESUME_PC_CENSUS:cpu=4:source=lr-save-el1:text=424:kstack=0:uva=0:smallint=0:other=0]
[RESUME_PC_CENSUS:cpu=4:source=lr-restore-el1:text=428:kstack=0:uva=0:smallint=0:other=0]
[RESUME_PC_CENSUS:cpu=4:source=lr-save-el0:text=0:kstack=0:uva=59:smallint=4:other=0]
[RESUME_PC_CENSUS:cpu=4:source=lr-restore-el0:text=0:kstack=0:uva=64:smallint=4:other=0]
[RESUME_PC_CENSUS:cpu=5:source=el1-restore-frame-elr:text=1393:kstack=0:uva=0:smallint=0:other=0]
[RESUME_PC_CENSUS:cpu=5:source=el0-restore-frame-elr:text=0:kstack=0:uva=250:smallint=0:other=0]
[RESUME_PC_CENSUS:cpu=5:source=ctx-x30:text=78911:kstack=0:uva=249:smallint=1:other=0]
[RESUME_PC_CENSUS:cpu=5:source=ctx-elr-el1:text=78915:kstack=0:uva=0:smallint=0:other=0]
[RESUME_PC_CENSUS:cpu=5:source=lr-save-el1:text=1022:kstack=0:uva=0:smallint=0:other=0]
[RESUME_PC_CENSUS:cpu=5:source=lr-restore-el1:text=1393:kstack=0:uva=0:smallint=0:other=0]
[RESUME_PC_CENSUS:cpu=5:source=lr-save-el0:text=0:kstack=0:uva=218:smallint=1:other=0]
[RESUME_PC_CENSUS:cpu=5:source=lr-restore-el0:text=0:kstack=0:uva=249:smallint=1:other=0]
[RESUME_PC_CENSUS:cpu=6:source=el1-restore-frame-elr:text=2142:kstack=0:uva=0:smallint=0:other=0]
[RESUME_PC_CENSUS:cpu=6:source=el0-restore-frame-elr:text=0:kstack=0:uva=489:smallint=0:other=0]
[RESUME_PC_CENSUS:cpu=6:source=ctx-x30:text=96823:kstack=0:uva=489:smallint=0:other=0]
[RESUME_PC_CENSUS:cpu=6:source=ctx-elr-el1:text=96823:kstack=0:uva=0:smallint=0:other=0]
[RESUME_PC_CENSUS:cpu=6:source=lr-save-el1:text=1778:kstack=0:uva=0:smallint=0:other=0]
[RESUME_PC_CENSUS:cpu=6:source=lr-restore-el1:text=2142:kstack=0:uva=0:smallint=0:other=0]
[RESUME_PC_CENSUS:cpu=6:source=lr-save-el0:text=0:kstack=0:uva=471:smallint=0:other=0]
[RESUME_PC_CENSUS:cpu=6:source=lr-restore-el0:text=0:kstack=0:uva=489:smallint=0:other=0]
[RESUME_PC_CENSUS:cpu=7:source=el1-restore-frame-elr:text=4641:kstack=0:uva=0:smallint=0:other=0]
[RESUME_PC_CENSUS:cpu=7:source=el0-restore-frame-elr:text=0:kstack=0:uva=956:smallint=0:other=0]
[RESUME_PC_CENSUS:cpu=7:source=ctx-x30:text=114458:kstack=0:uva=956:smallint=0:other=0]
[RESUME_PC_CENSUS:cpu=7:source=ctx-elr-el1:text=114463:kstack=0:uva=0:smallint=0:other=0]
[RESUME_PC_CENSUS:cpu=7:source=lr-save-el1:text=4532:kstack=0:uva=0:smallint=0:other=0]
[RESUME_PC_CENSUS:cpu=7:source=lr-restore-el1:text=4641:kstack=0:uva=0:smallint=0:other=0]
[RESUME_PC_CENSUS:cpu=7:source=lr-save-el0:text=0:kstack=0:uva=989:smallint=0:other=0]
[RESUME_PC_CENSUS:cpu=7:source=lr-restore-el0:text=0:kstack=0:uva=956:smallint=0:other=0]
[heartbeat] tid=12 uptime_ms=30245 kbd_nonzero=0
[PT_ROOT_CUSTODY:no_proof=11:no_arch=0:terminated=0:undecided=0:mid_retire=0:retired=3]
[TOMBSTONE_CENSUS:resident=0:removed=9:reap_second=9:retire_second=0:abandoned_unqueued=0]
[TTBR0_ASID_CENSUS:untagged=0:tagged=760756:kernel=383401:cleared=1141488]
[net-rx-counters] sample=2 begin
[net-rx-counters] sample=2 NET_RX_MSI_TOTAL: 3 (cpu0=3)
[net-rx-counters] sample=2 NET_RX_RING_DRAIN_TOTAL: 4 (cpu0=4)
[net-rx-counters] sample=2 NET_RX_FRAME_TOTAL: 4 (cpu0=4)
[net-rx-counters] sample=2 NET_RX_ARP_TOTAL: 2 (cpu0=2)
[net-rx-counters] sample=2 NET_RX_ETHERTYPE_OTHER_TOTAL: 0
[net-rx-counters] sample=2 NET_RX_SOFTIRQ_ENTRY_TOTAL: 13 (cpu0=6, cpu1=3, cpu2=2, cpu3=1, cpu5=1)
[net-rx-counters] sample=2 NET_RX_SOFTIRQ_EXIT_TOTAL: 13 (cpu0=6, cpu1=3, cpu2=2, cpu3=1, cpu5=1)
[net-rx-counters] sample=2 NET_RX_REENTRANT_SKIP_TOTAL: 0
[net-rx-counters] sample=2 NET_RX_GUARD_RELEASE_TOTAL: 14 (cpu0=7, cpu1=3, cpu2=2, cpu3=1, cpu5=1)
[net-rx-counters] sample=2 NET_RX_REARM_CHECK_TOTAL: 14 (cpu0=7, cpu1=3, cpu2=2, cpu3=1, cpu5=1)
[net-rx-counters] sample=2 NET_RX_REARM_RACE_TOTAL: 0
[net-rx-counters] sample=2 NET_RX_REARM_ARMED_TOTAL: 14 (cpu0=7, cpu1=3, cpu2=2, cpu3=1, cpu5=1)
[net-rx-counters] sample=2 NET_PCI_IRQ_RAISED_NETRX: 3 (cpu0=3)
[net-rx-counters] sample=2 GIC_SPI55_ACK_TOTAL: 3 (cpu0=3)
[net-rx-counters] sample=2 GICV2M_BASE_PHYS: 0x2250000
[net-rx-counters] sample=2 GICV2M_DOORBELL_PHYS: 0x2250040
[net-rx-counters] sample=2 GICV2M_MSI_TYPER: 0x80350040
[net-rx-counters] sample=2 GICV2M_SPI_BASE: 53
[net-rx-counters] sample=2 GICV2M_SPI_COUNT: 64
[net-rx-counters] sample=2 GICV2M_NEXT_INDEX: 4
[net-rx-counters] sample=2 GIC_SPI54_IRQ: 54
[net-rx-counters] sample=2 GIC_SPI54_VERSION: 3
[net-rx-counters] sample=2 GIC_SPI54_ISENABLER_BIT: 0x400000
[net-rx-counters] sample=2 GIC_SPI54_ISPENDR_BIT: 0x0
[net-rx-counters] sample=2 GIC_SPI54_ISACTIVER_BIT: 0x0
[net-rx-counters] sample=2 GIC_SPI54_IGROUPR_BIT: 0x400000
[net-rx-counters] sample=2 GIC_SPI54_PRIORITY: 0xa0
[net-rx-counters] sample=2 GIC_SPI54_ICFGR_REG: 0x2a800
[net-rx-counters] sample=2 GIC_SPI54_IROUTER: 0x0
[net-rx-counters] sample=2 GIC_SPI54_ITARGETSR_BYTE: 0x0
[net-rx-counters] sample=2 GIC_SPI54_GICD_CTLR: 0x53
[net-rx-counters] sample=2 GIC_SPI55_IRQ: 55
[net-rx-counters] sample=2 GIC_SPI55_VERSION: 3
[net-rx-counters] sample=2 GIC_SPI55_ISENABLER_BIT: 0x800000
[net-rx-counters] sample=2 GIC_SPI55_ISPENDR_BIT: 0x0
[net-rx-counters] sample=2 GIC_SPI55_ISACTIVER_BIT: 0x0
[net-rx-counters] sample=2 GIC_SPI55_IGROUPR_BIT: 0x800000
[net-rx-counters] sample=2 GIC_SPI55_PRIORITY: 0xa0
[net-rx-counters] sample=2 GIC_SPI55_ICFGR_REG: 0x2a800
[net-rx-counters] sample=2 GIC_SPI55_IROUTER: 0x0
[net-rx-counters] sample=2 GIC_SPI55_ITARGETSR_BYTE: 0x0
[net-rx-counters] sample=2 GIC_SPI55_GICD_CTLR: 0x53
[net-rx-counters] sample=2 MANUAL_GICV2M_TEST_DONE: 1
[net-rx-counters] sample=2 MANUAL_GICV2M_TEST_IRQ: 55
[net-rx-counters] sample=2 MANUAL_GICV2M_TEST_DOORBELL: 0x2250040
[net-rx-counters] sample=2 MANUAL_GICV2M_TEST_BEFORE_PEND: 0x0
[net-rx-counters] sample=2 MANUAL_GICV2M_TEST_AFTER_WRITE_PEND: 0x800000
[net-rx-counters] sample=2 MANUAL_GICV2M_TEST_AFTER_WAIT_PEND: 0x0
[net-rx-counters] sample=2 MANUAL_GICV2M_TEST_ACK_BEFORE: 0
[net-rx-counters] sample=2 MANUAL_GICV2M_TEST_ACK_AFTER: 1
[net-rx-counters] sample=2 MANUAL_GICV2M_TEST_MSI_BEFORE: 0
[net-rx-counters] sample=2 MANUAL_GICV2M_TEST_MSI_AFTER: 1
[net-rx-counters] sample=2 NET_PCI_DEVICE_STATUS: 0xf
[net-rx-counters] sample=2 NET_PCI_ISR_STATUS: 0x0
[net-rx-counters] sample=2 NET_PCI_DEVICE_FEATURES: 0x6187bfa3
[net-rx-counters] sample=2 NET_PCI_GUEST_FEATURES: 0x10020
[net-rx-counters] sample=2 NET_PCI_RX_QUEUE_PFN: 0x4123b
[net-rx-counters] sample=2 NET_PCI_TX_QUEUE_PFN: 0x4123e
[net-rx-counters] sample=2 NET_PCI_RX_QUEUE_SIZE: 256
[net-rx-counters] sample=2 NET_PCI_TX_QUEUE_SIZE: 256
[net-rx-counters] sample=2 NET_PCI_RX_QUEUE_ALIGN: 4096
[net-rx-counters] sample=2 NET_PCI_RX_QUEUE_VECTOR: 0x0
[net-rx-counters] sample=2 NET_PCI_TX_QUEUE_VECTOR: 0xffff
[net-rx-counters] sample=2 NET_PCI_RX_AVAIL_FLAGS: 0x0
[net-rx-counters] sample=2 NET_PCI_RX_AVAIL_IDX: 16
[net-rx-counters] sample=2 NET_PCI_RX_USED_FLAGS: 0x1
[net-rx-counters] sample=2 NET_PCI_RX_USED_IDX: 4
[net-rx-counters] sample=2 NET_PCI_RX_LAST_USED_IDX: 4
[net-rx-counters] sample=2 NET_PCI_RX_POSTED_GAP: 12
[net-rx-counters] sample=2 NET_PCI_RX_DESC0: addr=0x4126aa00 len=1524 flags=0x2
[net-rx-counters] sample=2 NET_PCI_RX_DESC1: addr=0x4126b000 len=1524 flags=0x2
[net-rx-counters] sample=2 NET_PCI_RX_DESC2: addr=0x4126b600 len=1524 flags=0x2
[net-rx-counters] sample=2 NET_PCI_RX_DESC3: addr=0x4126bc00 len=1524 flags=0x2
[net-rx-counters] sample=2 NET_PCI_RX_RING_HEADS: 0,1,2,3
[net-rx-counters] sample=2 NET_RX_PROCESSING_HELD: 0
[net-rx-counters] sample=2 NET_RX_PENDING_WHILE_PROCESSING: 0
[net-rx-counters] sample=2 NET_PCI_RX_REARM_SAMPLE_SEQ: 14
[net-rx-counters] sample=2 NET_PCI_RX_REARM_SAMPLE0: used_idx=3 last_used_idx=3 avail_flags=0x0 raced=0
[net-rx-counters] sample=2 NET_PCI_RX_REARM_SAMPLE1: used_idx=4 last_used_idx=4 avail_flags=0x0 raced=0
[net-rx-counters] sample=2 NET_PCI_RX_REARM_SAMPLE2: used_idx=3 last_used_idx=3 avail_flags=0x0 raced=0
[net-rx-counters] sample=2 NET_PCI_RX_REARM_SAMPLE3: used_idx=3 last_used_idx=3 avail_flags=0x0 raced=0
[net-rx-counters] sample=2 NET_PCI_RX_SOFTIRQ_ENTRY_SAMPLE: used_idx=4 last_used_idx=3 avail_flags=0x1 raced=0
[net-rx-counters] sample=2 NET_PCI_RX_SOFTIRQ_EXIT_SAMPLE: used_idx=4 last_used_idx=4 avail_flags=0x0 raced=0
[net-rx-counters] sample=2 end
WAIT_STRESS_PROGRESS sample=280 entered=398973 returned=398972 wakes=24107515 waiters=0
[heartbeat] tid=12 uptime_ms=31270 kbd_nonzero=0
WAIT_STRESS_PROGRESS sample=290 entered=441311 returned=441310 wakes=24357455 waiters=0
[heartbeat] tid=12 uptime_ms=32271 kbd_nonzero=0
WAIT_STRESS_PROGRESS sample=300 entered=483507 returned=483506 wakes=24607122 waiters=0
[heartbeat] tid=12 uptime_ms=33273 kbd_nonzero=0
WAIT_STRESS_PROGRESS sample=310 entered=525703 returned=525703 wakes=24856209 waiters=0
[heartbeat] tid=12 uptime_ms=34274 kbd_nonzero=0
WAIT_STRESS_PROGRESS sample=320 entered=566580 returned=566579 wakes=25103607 waiters=0
[heartbeat] tid=12 uptime_ms=35274 kbd_nonzero=0
WAIT_STRESS_PROGRESS sample=330 entered=608509 returned=608508 wakes=25352899 waiters=0
[heartbeat] tid=12 uptime_ms=36276 kbd_nonzero=0
WAIT_STRESS_PROGRESS sample=340 entered=650381 returned=650380 wakes=25600910 waiters=0
[heartbeat] tid=12 uptime_ms=37277 kbd_nonzero=0
WAIT_STRESS_PROGRESS sample=350 entered=692552 returned=692551 wakes=25847728 waiters=0
[heartbeat] tid=12 uptime_ms=38277 kbd_nonzero=0
WAIT_STRESS_PROGRESS sample=360 entered=734811 returned=734810 wakes=26095939 waiters=0
[heartbeat] tid=12 uptime_ms=39278 kbd_nonzero=0
WAIT_STRESS_PROGRESS sample=370 entered=777097 returned=777096 wakes=26343861 waiters=0
[RESUME_PC_CENSUS:cpu=0:source=el1-restore-frame-elr:text=78:kstack=0:uva=0:smallint=0:other=0]
[RESUME_PC_CENSUS:cpu=0:source=el0-restore-frame-elr:text=0:kstack=0:uva=56:smallint=0:other=0]
[RESUME_PC_CENSUS:cpu=0:source=ctx-x30:text=2617:kstack=0:uva=49:smallint=7:other=0]
[RESUME_PC_CENSUS:cpu=0:source=ctx-elr-el1:text=2617:kstack=0:uva=0:smallint=0:other=0]
[RESUME_PC_CENSUS:cpu=0:source=lr-save-el1:text=75:kstack=0:uva=0:smallint=0:other=0]
[RESUME_PC_CENSUS:cpu=0:source=lr-restore-el1:text=78:kstack=0:uva=0:smallint=0:other=0]
[RESUME_PC_CENSUS:cpu=0:source=lr-save-el0:text=0:kstack=0:uva=98:smallint=9:other=0]
[RESUME_PC_CENSUS:cpu=0:source=lr-restore-el0:text=0:kstack=0:uva=49:smallint=7:other=0]
[RESUME_PC_CENSUS:cpu=1:source=el1-restore-frame-elr:text=4221:kstack=0:uva=0:smallint=0:other=0]
[RESUME_PC_CENSUS:cpu=1:source=el0-restore-frame-elr:text=0:kstack=0:uva=766:smallint=0:other=0]
[RESUME_PC_CENSUS:cpu=1:source=el0-first-entry-frame-elr:text=0:kstack=0:uva=4:smallint=0:other=0]
[RESUME_PC_CENSUS:cpu=1:source=ctx-x30:text=157813:kstack=0:uva=764:smallint=2:other=0]
[RESUME_PC_CENSUS:cpu=1:source=ctx-elr-el1:text=157813:kstack=0:uva=0:smallint=0:other=0]
[RESUME_PC_CENSUS:cpu=1:source=lr-save-el1:text=3566:kstack=0:uva=0:smallint=0:other=0]
[RESUME_PC_CENSUS:cpu=1:source=lr-restore-el1:text=4221:kstack=0:uva=0:smallint=0:other=0]
[RESUME_PC_CENSUS:cpu=1:source=lr-save-el0:text=0:kstack=0:uva=748:smallint=1:other=0]
[RESUME_PC_CENSUS:cpu=1:source=lr-restore-el0:text=0:kstack=0:uva=764:smallint=2:other=0]
[RESUME_PC_CENSUS:cpu=2:source=el1-restore-frame-elr:text=27:kstack=0:uva=0:smallint=0:other=0]
[RESUME_PC_CENSUS:cpu=2:source=el0-restore-frame-elr:text=0:kstack=0:uva=39:smallint=0:other=0]
[RESUME_PC_CENSUS:cpu=2:source=el0-first-entry-frame-elr:text=0:kstack=0:uva=3:smallint=0:other=0]
[RESUME_PC_CENSUS:cpu=2:source=ctx-x30:text=41:kstack=0:uva=34:smallint=5:other=0]
[RESUME_PC_CENSUS:cpu=2:source=ctx-elr-el1:text=41:kstack=0:uva=0:smallint=0:other=0]
[RESUME_PC_CENSUS:cpu=2:source=lr-save-el1:text=24:kstack=0:uva=0:smallint=0:other=0]
[RESUME_PC_CENSUS:cpu=2:source=lr-restore-el1:text=27:kstack=0:uva=0:smallint=0:other=0]
[RESUME_PC_CENSUS:cpu=2:source=lr-save-el0:text=0:kstack=0:uva=19:smallint=2:other=0]
[RESUME_PC_CENSUS:cpu=2:source=lr-restore-el0:text=0:kstack=0:uva=34:smallint=5:other=0]
[RESUME_PC_CENSUS:cpu=3:source=el1-restore-frame-elr:text=164:kstack=0:uva=0:smallint=0:other=0]
[RESUME_PC_CENSUS:cpu=3:source=el0-restore-frame-elr:text=0:kstack=0:uva=50:smallint=0:other=0]
[RESUME_PC_CENSUS:cpu=3:source=el0-first-entry-frame-elr:text=0:kstack=0:uva=1:smallint=0:other=0]
[RESUME_PC_CENSUS:cpu=3:source=ctx-x30:text=346:kstack=0:uva=45:smallint=5:other=0]
[RESUME_PC_CENSUS:cpu=3:source=ctx-elr-el1:text=346:kstack=0:uva=0:smallint=0:other=0]
[RESUME_PC_CENSUS:cpu=3:source=lr-save-el1:text=142:kstack=0:uva=0:smallint=0:other=0]
[RESUME_PC_CENSUS:cpu=3:source=lr-restore-el1:text=164:kstack=0:uva=0:smallint=0:other=0]
[RESUME_PC_CENSUS:cpu=3:source=lr-save-el0:text=0:kstack=0:uva=27:smallint=5:other=0]
[RESUME_PC_CENSUS:cpu=3:source=lr-restore-el0:text=0:kstack=0:uva=45:smallint=5:other=0]
[RESUME_PC_CENSUS:cpu=4:source=el1-restore-frame-elr:text=428:kstack=0:uva=0:smallint=0:other=0]
[RESUME_PC_CENSUS:cpu=4:source=el0-restore-frame-elr:text=0:kstack=0:uva=68:smallint=0:other=0]
[RESUME_PC_CENSUS:cpu=4:source=ctx-x30:text=2369:kstack=0:uva=64:smallint=4:other=0]
[RESUME_PC_CENSUS:cpu=4:source=ctx-elr-el1:text=2369:kstack=0:uva=0:smallint=0:other=0]
[RESUME_PC_CENSUS:cpu=4:source=lr-save-el1:text=424:kstack=0:uva=0:smallint=0:other=0]
[RESUME_PC_CENSUS:cpu=4:source=lr-restore-el1:text=428:kstack=0:uva=0:smallint=0:other=0]
[RESUME_PC_CENSUS:cpu=4:source=lr-save-el0:text=0:kstack=0:uva=59:smallint=4:other=0]
[RESUME_PC_CENSUS:cpu=4:source=lr-restore-el0:text=0:kstack=0:uva=64:smallint=4:other=0]
[RESUME_PC_CENSUS:cpu=5:source=el1-restore-frame-elr:text=1638:kstack=0:uva=0:smallint=0:other=0]
[RESUME_PC_CENSUS:cpu=5:source=el0-restore-frame-elr:text=0:kstack=0:uva=250:smallint=0:other=0]
[RESUME_PC_CENSUS:cpu=5:source=ctx-x30:text=164156:kstack=0:uva=249:smallint=1:other=0]
[RESUME_PC_CENSUS:cpu=5:source=ctx-elr-el1:text=164156:kstack=0:uva=0:smallint=0:other=0]
[RESUME_PC_CENSUS:cpu=5:source=lr-save-el1:text=1022:kstack=0:uva=0:smallint=0:other=0]
[RESUME_PC_CENSUS:cpu=5:source=lr-restore-el1:text=1638:kstack=0:uva=0:smallint=0:other=0]
[RESUME_PC_CENSUS:cpu=5:source=lr-save-el0:text=0:kstack=0:uva=218:smallint=1:other=0]
[RESUME_PC_CENSUS:cpu=5:source=lr-restore-el0:text=0:kstack=0:uva=249:smallint=1:other=0]
[RESUME_PC_CENSUS:cpu=6:source=el1-restore-frame-elr:text=2461:kstack=0:uva=0:smallint=0:other=0]
[RESUME_PC_CENSUS:cpu=6:source=el0-restore-frame-elr:text=0:kstack=0:uva=489:smallint=0:other=0]
[RESUME_PC_CENSUS:cpu=6:source=ctx-x30:text=203234:kstack=0:uva=489:smallint=0:other=0]
[RESUME_PC_CENSUS:cpu=6:source=ctx-elr-el1:text=203234:kstack=0:uva=0:smallint=0:other=0]
[RESUME_PC_CENSUS:cpu=6:source=lr-save-el1:text=1778:kstack=0:uva=0:smallint=0:other=0]
[RESUME_PC_CENSUS:cpu=6:source=lr-restore-el1:text=2461:kstack=0:uva=0:smallint=0:other=0]
[RESUME_PC_CENSUS:cpu=6:source=lr-save-el0:text=0:kstack=0:uva=471:smallint=0:other=0]
[RESUME_PC_CENSUS:cpu=6:source=lr-restore-el0:text=0:kstack=0:uva=489:smallint=0:other=0]
[RESUME_PC_CENSUS:cpu=7:source=el1-restore-frame-elr:text=4990:kstack=0:uva=0:smallint=0:other=0]
[RESUME_PC_CENSUS:cpu=7:source=el0-restore-frame-elr:text=0:kstack=0:uva=956:smallint=0:other=0]
[RESUME_PC_CENSUS:cpu=7:source=ctx-x30:text=248337:kstack=0:uva=956:smallint=0:other=0]
[RESUME_PC_CENSUS:cpu=7:source=ctx-elr-el1:text=248337:kstack=0:uva=0:smallint=0:other=0]
[RESUME_PC_CENSUS:cpu=7:source=lr-save-el1:text=4532:kstack=0:uva=0:smallint=0:other=0]
[RESUME_PC_CENSUS:cpu=7:source=lr-restore-el1:text=4990:kstack=0:uva=0:smallint=0:other=0]
[RESUME_PC_CENSUS:cpu=7:source=lr-save-el0:text=0:kstack=0:uva=989:smallint=0:other=0]
[RESUME_PC_CENSUS:cpu=7:source=lr-restore-el0:text=0:kstack=0:uva=956:smallint=0:other=0]
[heartbeat] tid=12 uptime_ms=40279 kbd_nonzero=0
[PT_ROOT_CUSTODY:no_proof=11:no_arch=0:terminated=0:undecided=0:mid_retire=0:retired=3]
[TOMBSTONE_CENSUS:resident=0:removed=9:reap_second=9:retire_second=0:abandoned_unqueued=0]
[TTBR0_ASID_CENSUS:untagged=0:tagged=1587548:kernel=792295:cleared=2377174]
[net-rx-counters] sample=3 begin
[net-rx-counters] sample=3 NET_RX_MSI_TOTAL: 7 (cpu0=7)
[net-rx-counters] sample=3 NET_RX_RING_DRAIN_TOTAL: 8 (cpu0=8)
[net-rx-counters] sample=3 NET_RX_FRAME_TOTAL: 8 (cpu0=8)
[net-rx-counters] sample=3 NET_RX_ARP_TOTAL: 2 (cpu0=2)
[net-rx-counters] sample=3 NET_RX_ETHERTYPE_OTHER_TOTAL: 0
[net-rx-counters] sample=3 NET_RX_SOFTIRQ_ENTRY_TOTAL: 17 (cpu0=10, cpu1=3, cpu2=2, cpu3=1, cpu5=1)
[net-rx-counters] sample=3 NET_RX_SOFTIRQ_EXIT_TOTAL: 17 (cpu0=10, cpu1=3, cpu2=2, cpu3=1, cpu5=1)
[net-rx-counters] sample=3 NET_RX_REENTRANT_SKIP_TOTAL: 0
[net-rx-counters] sample=3 NET_RX_GUARD_RELEASE_TOTAL: 18 (cpu0=11, cpu1=3, cpu2=2, cpu3=1, cpu5=1)
[net-rx-counters] sample=3 NET_RX_REARM_CHECK_TOTAL: 18 (cpu0=11, cpu1=3, cpu2=2, cpu3=1, cpu5=1)
[net-rx-counters] sample=3 NET_RX_REARM_RACE_TOTAL: 0
[net-rx-counters] sample=3 NET_RX_REARM_ARMED_TOTAL: 18 (cpu0=11, cpu1=3, cpu2=2, cpu3=1, cpu5=1)
[net-rx-counters] sample=3 NET_PCI_IRQ_RAISED_NETRX: 7 (cpu0=7)
[net-rx-counters] sample=3 GIC_SPI55_ACK_TOTAL: 7 (cpu0=7)
[net-rx-counters] sample=3 GICV2M_BASE_PHYS: 0x2250000
[net-rx-counters] sample=3 GICV2M_DOORBELL_PHYS: 0x2250040
[net-rx-counters] sample=3 GICV2M_MSI_TYPER: 0x80350040
[net-rx-counters] sample=3 GICV2M_SPI_BASE: 53
[net-rx-counters] sample=3 GICV2M_SPI_COUNT: 64
[net-rx-counters] sample=3 GICV2M_NEXT_INDEX: 4
[net-rx-counters] sample=3 GIC_SPI54_IRQ: 54
[net-rx-counters] sample=3 GIC_SPI54_VERSION: 3
[net-rx-counters] sample=3 GIC_SPI54_ISENABLER_BIT: 0x400000
[net-rx-counters] sample=3 GIC_SPI54_ISPENDR_BIT: 0x0
[net-rx-counters] sample=3 GIC_SPI54_ISACTIVER_BIT: 0x0
[net-rx-counters] sample=3 GIC_SPI54_IGROUPR_BIT: 0x400000
[net-rx-counters] sample=3 GIC_SPI54_PRIORITY: 0xa0
[net-rx-counters] sample=3 GIC_SPI54_ICFGR_REG: 0x2a800
[net-rx-counters] sample=3 GIC_SPI54_IROUTER: 0x0
[net-rx-counters] sample=3 GIC_SPI54_ITARGETSR_BYTE: 0x0
[net-rx-counters] sample=3 GIC_SPI54_GICD_CTLR: 0x53
[net-rx-counters] sample=3 GIC_SPI55_IRQ: 55
[net-rx-counters] sample=3 GIC_SPI55_VERSION: 3
[net-rx-counters] sample=3 GIC_SPI55_ISENABLER_BIT: 0x800000
[net-rx-counters] sample=3 GIC_SPI55_ISPENDR_BIT: 0x0
[net-rx-counters] sample=3 GIC_SPI55_ISACTIVER_BIT: 0x0
[net-rx-counters] sample=3 GIC_SPI55_IGROUPR_BIT: 0x800000
[net-rx-counters] sample=3 GIC_SPI55_PRIORITY: 0xa0
[net-rx-counters] sample=3 GIC_SPI55_ICFGR_REG: 0x2a800
[net-rx-counters] sample=3 GIC_SPI55_IROUTER: 0x0
[net-rx-counters] sample=3 GIC_SPI55_ITARGETSR_BYTE: 0x0
[net-rx-counters] sample=3 GIC_SPI55_GICD_CTLR: 0x53
[net-rx-counters] sample=3 MANUAL_GICV2M_TEST_DONE: 1
[net-rx-counters] sample=3 MANUAL_GICV2M_TEST_IRQ: 55
[net-rx-counters] sample=3 MANUAL_GICV2M_TEST_DOORBELL: 0x2250040
[net-rx-counters] sample=3 MANUAL_GICV2M_TEST_BEFORE_PEND: 0x0
[net-rx-counters] sample=3 MANUAL_GICV2M_TEST_AFTER_WRITE_PEND: 0x800000
[net-rx-counters] sample=3 MANUAL_GICV2M_TEST_AFTER_WAIT_PEND: 0x0
[net-rx-counters] sample=3 MANUAL_GICV2M_TEST_ACK_BEFORE: 0
[net-rx-counters] sample=3 MANUAL_GICV2M_TEST_ACK_AFTER: 1
[net-rx-counters] sample=3 MANUAL_GICV2M_TEST_MSI_BEFORE: 0
[net-rx-counters] sample=3 MANUAL_GICV2M_TEST_MSI_AFTER: 1
[net-rx-counters] sample=3 NET_PCI_DEVICE_STATUS: 0xf
[net-rx-counters] sample=3 NET_PCI_ISR_STATUS: 0x0
[net-rx-counters] sample=3 NET_PCI_DEVICE_FEATURES: 0x6187bfa3
[net-rx-counters] sample=3 NET_PCI_GUEST_FEATURES: 0x10020
[net-rx-counters] sample=3 NET_PCI_RX_QUEUE_PFN: 0x4123b
[net-rx-counters] sample=3 NET_PCI_TX_QUEUE_PFN: 0x4123e
[net-rx-counters] sample=3 NET_PCI_RX_QUEUE_SIZE: 256
[net-rx-counters] sample=3 NET_PCI_TX_QUEUE_SIZE: 256
[net-rx-counters] sample=3 NET_PCI_RX_QUEUE_ALIGN: 4096
[net-rx-counters] sample=3 NET_PCI_RX_QUEUE_VECTOR: 0x0
[net-rx-counters] sample=3 NET_PCI_TX_QUEUE_VECTOR: 0xffff
[net-rx-counters] sample=3 NET_PCI_RX_AVAIL_FLAGS: 0x0
[net-rx-counters] sample=3 NET_PCI_RX_AVAIL_IDX: 32
[net-rx-counters] sample=3 NET_PCI_RX_USED_FLAGS: 0x1
[net-rx-counters] sample=3 NET_PCI_RX_USED_IDX: 8
[net-rx-counters] sample=3 NET_PCI_RX_LAST_USED_IDX: 8
[net-rx-counters] sample=3 NET_PCI_RX_POSTED_GAP: 24
[net-rx-counters] sample=3 NET_PCI_RX_DESC0: addr=0x4126aa00 len=1524 flags=0x2
[net-rx-counters] sample=3 NET_PCI_RX_DESC1: addr=0x4126b000 len=1524 flags=0x2
[net-rx-counters] sample=3 NET_PCI_RX_DESC2: addr=0x4126b600 len=1524 flags=0x2
[net-rx-counters] sample=3 NET_PCI_RX_DESC3: addr=0x4126bc00 len=1524 flags=0x2
[net-rx-counters] sample=3 NET_PCI_RX_RING_HEADS: 0,1,2,3
[net-rx-counters] sample=3 NET_RX_PROCESSING_HELD: 0
[net-rx-counters] sample=3 NET_RX_PENDING_WHILE_PROCESSING: 0
[net-rx-counters] sample=3 NET_PCI_RX_REARM_SAMPLE_SEQ: 18
[net-rx-counters] sample=3 NET_PCI_RX_REARM_SAMPLE0: used_idx=7 last_used_idx=7 avail_flags=0x0 raced=0
[net-rx-counters] sample=3 NET_PCI_RX_REARM_SAMPLE1: used_idx=8 last_used_idx=8 avail_flags=0x0 raced=0
[net-rx-counters] sample=3 NET_PCI_RX_REARM_SAMPLE2: used_idx=5 last_used_idx=5 avail_flags=0x0 raced=0
[net-rx-counters] sample=3 NET_PCI_RX_REARM_SAMPLE3: used_idx=6 last_used_idx=6 avail_flags=0x0 raced=0
[net-rx-counters] sample=3 NET_PCI_RX_SOFTIRQ_ENTRY_SAMPLE: used_idx=8 last_used_idx=7 avail_flags=0x1 raced=0
[net-rx-counters] sample=3 NET_PCI_RX_SOFTIRQ_EXIT_SAMPLE: used_idx=8 last_used_idx=8 avail_flags=0x0 raced=0
[net-rx-counters] sample=3 end
WAIT_STRESS_PROGRESS sample=380 entered=818702 returned=818701 wakes=26612967 waiters=1
[heartbeat] tid=12 uptime_ms=41303 kbd_nonzero=0
WAIT_STRESS_PROGRESS sample=390 entered=860887 returned=860886 wakes=26862734 waiters=0
[heartbeat] tid=12 uptime_ms=42304 kbd_nonzero=0
WAIT_STRESS_PROGRESS sample=400 entered=903264 returned=903263 wakes=27112591 waiters=0
[heartbeat] tid=12 uptime_ms=43306 kbd_nonzero=0
WAIT_STRESS_PROGRESS sample=410 entered=945535 returned=945534 wakes=27362998 waiters=0
[heartbeat] tid=12 uptime_ms=44307 kbd_nonzero=0
WAIT_STRESS_PROGRESS sample=420 entered=987964 returned=987963 wakes=27611842 waiters=0
[heartbeat] tid=12 uptime_ms=45307 kbd_nonzero=0
WAIT_STRESS_PROGRESS sample=430 entered=1030269 returned=1030268 wakes=27860875 waiters=0
[heartbeat] tid=12 uptime_ms=46308 kbd_nonzero=0
WAIT_STRESS_PROGRESS sample=440 entered=1072561 returned=1072560 wakes=28109103 waiters=0
[heartbeat] tid=12 uptime_ms=47309 kbd_nonzero=0
WAIT_STRESS_PROGRESS sample=450 entered=1114956 returned=1114956 wakes=28358987 waiters=0
[heartbeat] tid=12 uptime_ms=48310 kbd_nonzero=0
WAIT_STRESS_PROGRESS sample=460 entered=1157236 returned=1157235 wakes=28608076 waiters=0
[heartbeat] tid=12 uptime_ms=49312 kbd_nonzero=0
WAIT_STRESS_PROGRESS sample=470 entered=1199699 returned=1199698 wakes=28858223 waiters=0
[RESUME_PC_CENSUS:cpu=0:source=el1-restore-frame-elr:text=78:kstack=0:uva=0:smallint=0:other=0]
[RESUME_PC_CENSUS:cpu=0:source=el0-restore-frame-elr:text=0:kstack=0:uva=56:smallint=0:other=0]
[RESUME_PC_CENSUS:cpu=0:source=ctx-x30:text=2617:kstack=0:uva=49:smallint=7:other=0]
[RESUME_PC_CENSUS:cpu=0:source=ctx-elr-el1:text=2617:kstack=0:uva=0:smallint=0:other=0]
[RESUME_PC_CENSUS:cpu=0:source=lr-save-el1:text=75:kstack=0:uva=0:smallint=0:other=0]
[RESUME_PC_CENSUS:cpu=0:source=lr-restore-el1:text=78:kstack=0:uva=0:smallint=0:other=0]
[RESUME_PC_CENSUS:cpu=0:source=lr-save-el0:text=0:kstack=0:uva=98:smallint=9:other=0]
[RESUME_PC_CENSUS:cpu=0:source=lr-restore-el0:text=0:kstack=0:uva=49:smallint=7:other=0]
[RESUME_PC_CENSUS:cpu=1:source=el1-restore-frame-elr:text=4574:kstack=0:uva=0:smallint=0:other=0]
[RESUME_PC_CENSUS:cpu=1:source=el0-restore-frame-elr:text=0:kstack=0:uva=766:smallint=0:other=0]
[RESUME_PC_CENSUS:cpu=1:source=el0-first-entry-frame-elr:text=0:kstack=0:uva=4:smallint=0:other=0]
[RESUME_PC_CENSUS:cpu=1:source=ctx-x30:text=240464:kstack=0:uva=764:smallint=2:other=0]
[RESUME_PC_CENSUS:cpu=1:source=ctx-elr-el1:text=240469:kstack=0:uva=0:smallint=0:other=0]
[RESUME_PC_CENSUS:cpu=1:source=lr-save-el1:text=3566:kstack=0:uva=0:smallint=0:other=0]
[RESUME_PC_CENSUS:cpu=1:source=lr-restore-el1:text=4574:kstack=0:uva=0:smallint=0:other=0]
[RESUME_PC_CENSUS:cpu=1:source=lr-save-el0:text=0:kstack=0:uva=748:smallint=1:other=0]
[RESUME_PC_CENSUS:cpu=1:source=lr-restore-el0:text=0:kstack=0:uva=764:smallint=2:other=0]
[RESUME_PC_CENSUS:cpu=2:source=el1-restore-frame-elr:text=27:kstack=0:uva=0:smallint=0:other=0]
[RESUME_PC_CENSUS:cpu=2:source=el0-restore-frame-elr:text=0:kstack=0:uva=39:smallint=0:other=0]
[RESUME_PC_CENSUS:cpu=2:source=el0-first-entry-frame-elr:text=0:kstack=0:uva=3:smallint=0:other=0]
[RESUME_PC_CENSUS:cpu=2:source=ctx-x30:text=41:kstack=0:uva=34:smallint=5:other=0]
[RESUME_PC_CENSUS:cpu=2:source=ctx-elr-el1:text=41:kstack=0:uva=0:smallint=0:other=0]
[RESUME_PC_CENSUS:cpu=2:source=lr-save-el1:text=24:kstack=0:uva=0:smallint=0:other=0]
[RESUME_PC_CENSUS:cpu=2:source=lr-restore-el1:text=27:kstack=0:uva=0:smallint=0:other=0]
[RESUME_PC_CENSUS:cpu=2:source=lr-save-el0:text=0:kstack=0:uva=19:smallint=2:other=0]
[RESUME_PC_CENSUS:cpu=2:source=lr-restore-el0:text=0:kstack=0:uva=34:smallint=5:other=0]
[RESUME_PC_CENSUS:cpu=3:source=el1-restore-frame-elr:text=164:kstack=0:uva=0:smallint=0:other=0]
[RESUME_PC_CENSUS:cpu=3:source=el0-restore-frame-elr:text=0:kstack=0:uva=50:smallint=0:other=0]
[RESUME_PC_CENSUS:cpu=3:source=el0-first-entry-frame-elr:text=0:kstack=0:uva=1:smallint=0:other=0]
[RESUME_PC_CENSUS:cpu=3:source=ctx-x30:text=346:kstack=0:uva=45:smallint=5:other=0]
[RESUME_PC_CENSUS:cpu=3:source=ctx-elr-el1:text=346:kstack=0:uva=0:smallint=0:other=0]
[RESUME_PC_CENSUS:cpu=3:source=lr-save-el1:text=142:kstack=0:uva=0:smallint=0:other=0]
[RESUME_PC_CENSUS:cpu=3:source=lr-restore-el1:text=164:kstack=0:uva=0:smallint=0:other=0]
[RESUME_PC_CENSUS:cpu=3:source=lr-save-el0:text=0:kstack=0:uva=27:smallint=5:other=0]
[RESUME_PC_CENSUS:cpu=3:source=lr-restore-el0:text=0:kstack=0:uva=45:smallint=5:other=0]
[RESUME_PC_CENSUS:cpu=4:source=el1-restore-frame-elr:text=428:kstack=0:uva=0:smallint=0:other=0]
[RESUME_PC_CENSUS:cpu=4:source=el0-restore-frame-elr:text=0:kstack=0:uva=68:smallint=0:other=0]
[RESUME_PC_CENSUS:cpu=4:source=ctx-x30:text=2369:kstack=0:uva=64:smallint=4:other=0]
[RESUME_PC_CENSUS:cpu=4:source=ctx-elr-el1:text=2369:kstack=0:uva=0:smallint=0:other=0]
[RESUME_PC_CENSUS:cpu=4:source=lr-save-el1:text=424:kstack=0:uva=0:smallint=0:other=0]
[RESUME_PC_CENSUS:cpu=4:source=lr-restore-el1:text=428:kstack=0:uva=0:smallint=0:other=0]
[RESUME_PC_CENSUS:cpu=4:source=lr-save-el0:text=0:kstack=0:uva=59:smallint=4:other=0]
[RESUME_PC_CENSUS:cpu=4:source=lr-restore-el0:text=0:kstack=0:uva=64:smallint=4:other=0]
[RESUME_PC_CENSUS:cpu=5:source=el1-restore-frame-elr:text=1878:kstack=0:uva=0:smallint=0:other=0]
[RESUME_PC_CENSUS:cpu=5:source=el0-restore-frame-elr:text=0:kstack=0:uva=250:smallint=0:other=0]
[RESUME_PC_CENSUS:cpu=5:source=ctx-x30:text=248909:kstack=0:uva=249:smallint=1:other=0]
[RESUME_PC_CENSUS:cpu=5:source=ctx-elr-el1:text=248920:kstack=0:uva=0:smallint=0:other=0]
[RESUME_PC_CENSUS:cpu=5:source=lr-save-el1:text=1022:kstack=0:uva=0:smallint=0:other=0]
[RESUME_PC_CENSUS:cpu=5:source=lr-restore-el1:text=1878:kstack=0:uva=0:smallint=0:other=0]
[RESUME_PC_CENSUS:cpu=5:source=lr-save-el0:text=0:kstack=0:uva=218:smallint=1:other=0]
[RESUME_PC_CENSUS:cpu=5:source=lr-restore-el0:text=0:kstack=0:uva=249:smallint=1:other=0]
[RESUME_PC_CENSUS:cpu=6:source=el1-restore-frame-elr:text=2754:kstack=0:uva=0:smallint=0:other=0]
[RESUME_PC_CENSUS:cpu=6:source=el0-restore-frame-elr:text=0:kstack=0:uva=489:smallint=0:other=0]
[RESUME_PC_CENSUS:cpu=6:source=ctx-x30:text=312030:kstack=0:uva=489:smallint=0:other=0]
[RESUME_PC_CENSUS:cpu=6:source=ctx-elr-el1:text=312036:kstack=0:uva=0:smallint=0:other=0]
[RESUME_PC_CENSUS:cpu=6:source=lr-save-el1:text=1778:kstack=0:uva=0:smallint=0:other=0]
[RESUME_PC_CENSUS:cpu=6:source=lr-restore-el1:text=2754:kstack=0:uva=0:smallint=0:other=0]
[RESUME_PC_CENSUS:cpu=6:source=lr-save-el0:text=0:kstack=0:uva=471:smallint=0:other=0]
[RESUME_PC_CENSUS:cpu=6:source=lr-restore-el0:text=0:kstack=0:uva=489:smallint=0:other=0]
[RESUME_PC_CENSUS:cpu=7:source=el1-restore-frame-elr:text=5347:kstack=0:uva=0:smallint=0:other=0]
[RESUME_PC_CENSUS:cpu=7:source=el0-restore-frame-elr:text=0:kstack=0:uva=956:smallint=0:other=0]
[RESUME_PC_CENSUS:cpu=7:source=ctx-x30:text=382821:kstack=0:uva=956:smallint=0:other=0]
[RESUME_PC_CENSUS:cpu=7:source=ctx-elr-el1:text=382821:kstack=0:uva=0:smallint=0:other=0]
[RESUME_PC_CENSUS:cpu=7:source=lr-save-el1:text=4532:kstack=0:uva=0:smallint=0:other=0]
[RESUME_PC_CENSUS:cpu=7:source=lr-restore-el1:text=5347:kstack=0:uva=0:smallint=0:other=0]
[RESUME_PC_CENSUS:cpu=7:source=lr-save-el0:text=0:kstack=0:uva=989:smallint=0:other=0]
[RESUME_PC_CENSUS:cpu=7:source=lr-restore-el0:text=0:kstack=0:uva=956:smallint=0:other=0]
[heartbeat] tid=12 uptime_ms=50312 kbd_nonzero=0
[PT_ROOT_CUSTODY:no_proof=11:no_arch=0:terminated=0:undecided=0:mid_retire=0:retired=3]
[TOMBSTONE_CENSUS:resident=0:removed=9:reap_second=9:retire_second=0:abandoned_unqueued=0]
[TTBR0_ASID_CENSUS:untagged=0:tagged=2421330:kernel=1204644:cleared=3623305]
[net-rx-counters] sample=4 begin
[net-rx-counters] sample=4 NET_RX_MSI_TOTAL: 7 (cpu0=7)
[net-rx-counters] sample=4 NET_RX_RING_DRAIN_TOTAL: 8 (cpu0=8)
[net-rx-counters] sample=4 NET_RX_FRAME_TOTAL: 8 (cpu0=8)
[net-rx-counters] sample=4 NET_RX_ARP_TOTAL: 2 (cpu0=2)
[net-rx-counters] sample=4 NET_RX_ETHERTYPE_OTHER_TOTAL: 0
[net-rx-counters] sample=4 NET_RX_SOFTIRQ_ENTRY_TOTAL: 17 (cpu0=10, cpu1=3, cpu2=2, cpu3=1, cpu5=1)
[net-rx-counters] sample=4 NET_RX_SOFTIRQ_EXIT_TOTAL: 17 (cpu0=10, cpu1=3, cpu2=2, cpu3=1, cpu5=1)
[net-rx-counters] sample=4 NET_RX_REENTRANT_SKIP_TOTAL: 0
[net-rx-counters] sample=4 NET_RX_GUARD_RELEASE_TOTAL: 18 (cpu0=11, cpu1=3, cpu2=2, cpu3=1, cpu5=1)
[net-rx-counters] sample=4 NET_RX_REARM_CHECK_TOTAL: 18 (cpu0=11, cpu1=3, cpu2=2, cpu3=1, cpu5=1)
[net-rx-counters] sample=4 NET_RX_REARM_RACE_TOTAL: 0
[net-rx-counters] sample=4 NET_RX_REARM_ARMED_TOTAL: 18 (cpu0=11, cpu1=3, cpu2=2, cpu3=1, cpu5=1)
[net-rx-counters] sample=4 NET_PCI_IRQ_RAISED_NETRX: 7 (cpu0=7)
[net-rx-counters] sample=4 GIC_SPI55_ACK_TOTAL: 7 (cpu0=7)
[net-rx-counters] sample=4 GICV2M_BASE_PHYS: 0x2250000
[net-rx-counters] sample=4 GICV2M_DOORBELL_PHYS: 0x2250040
[net-rx-counters] sample=4 GICV2M_MSI_TYPER: 0x80350040
[net-rx-counters] sample=4 GICV2M_SPI_BASE: 53
[net-rx-counters] sample=4 GICV2M_SPI_COUNT: 64
[net-rx-counters] sample=4 GICV2M_NEXT_INDEX: 4
[net-rx-counters] sample=4 GIC_SPI54_IRQ: 54
[net-rx-counters] sample=4 GIC_SPI54_VERSION: 3
[net-rx-counters] sample=4 GIC_SPI54_ISENABLER_BIT: 0x400000
[net-rx-counters] sample=4 GIC_SPI54_ISPENDR_BIT: 0x0
[net-rx-counters] sample=4 GIC_SPI54_ISACTIVER_BIT: 0x0
[net-rx-counters] sample=4 GIC_SPI54_IGROUPR_BIT: 0x400000
[net-rx-counters] sample=4 GIC_SPI54_PRIORITY: 0xa0
[net-rx-counters] sample=4 GIC_SPI54_ICFGR_REG: 0x2a800
[net-rx-counters] sample=4 GIC_SPI54_IROUTER: 0x0
[net-rx-counters] sample=4 GIC_SPI54_ITARGETSR_BYTE: 0x0
[net-rx-counters] sample=4 GIC_SPI54_GICD_CTLR: 0x53
[net-rx-counters] sample=4 GIC_SPI55_IRQ: 55
[net-rx-counters] sample=4 GIC_SPI55_VERSION: 3
[net-rx-counters] sample=4 GIC_SPI55_ISENABLER_BIT: 0x800000
[net-rx-counters] sample=4 GIC_SPI55_ISPENDR_BIT: 0x0
[net-rx-counters] sample=4 GIC_SPI55_ISACTIVER_BIT: 0x0
[net-rx-counters] sample=4 GIC_SPI55_IGROUPR_BIT: 0x800000
[net-rx-counters] sample=4 GIC_SPI55_PRIORITY: 0xa0
[net-rx-counters] sample=4 GIC_SPI55_ICFGR_REG: 0x2a800
[net-rx-counters] sample=4 GIC_SPI55_IROUTER: 0x0
[net-rx-counters] sample=4 GIC_SPI55_ITARGETSR_BYTE: 0x0
[net-rx-counters] sample=4 GIC_SPI55_GICD_CTLR: 0x53
[net-rx-counters] sample=4 MANUAL_GICV2M_TEST_DONE: 1
[net-rx-counters] sample=4 MANUAL_GICV2M_TEST_IRQ: 55
[net-rx-counters] sample=4 MANUAL_GICV2M_TEST_DOORBELL: 0x2250040
[net-rx-counters] sample=4 MANUAL_GICV2M_TEST_BEFORE_PEND: 0x0
[net-rx-counters] sample=4 MANUAL_GICV2M_TEST_AFTER_WRITE_PEND: 0x800000
[net-rx-counters] sample=4 MANUAL_GICV2M_TEST_AFTER_WAIT_PEND: 0x0
[net-rx-counters] sample=4 MANUAL_GICV2M_TEST_ACK_BEFORE: 0
[net-rx-counters] sample=4 MANUAL_GICV2M_TEST_ACK_AFTER: 1
[net-rx-counters] sample=4 MANUAL_GICV2M_TEST_MSI_BEFORE: 0
[net-rx-counters] sample=4 MANUAL_GICV2M_TEST_MSI_AFTER: 1
[net-rx-counters] sample=4 NET_PCI_DEVICE_STATUS: 0xf
[net-rx-counters] sample=4 NET_PCI_ISR_STATUS: 0x0
[net-rx-counters] sample=4 NET_PCI_DEVICE_FEATURES: 0x6187bfa3
[net-rx-counters] sample=4 NET_PCI_GUEST_FEATURES: 0x10020
[net-rx-counters] sample=4 NET_PCI_RX_QUEUE_PFN: 0x4123b
[net-rx-counters] sample=4 NET_PCI_TX_QUEUE_PFN: 0x4123e
[net-rx-counters] sample=4 NET_PCI_RX_QUEUE_SIZE: 256
[net-rx-counters] sample=4 NET_PCI_TX_QUEUE_SIZE: 256
[net-rx-counters] sample=4 NET_PCI_RX_QUEUE_ALIGN: 4096
[net-rx-counters] sample=4 NET_PCI_RX_QUEUE_VECTOR: 0x0
[net-rx-counters] sample=4 NET_PCI_TX_QUEUE_VECTOR: 0xffff
[net-rx-counters] sample=4 NET_PCI_RX_AVAIL_FLAGS: 0x0
[net-rx-counters] sample=4 NET_PCI_RX_AVAIL_IDX: 32
[net-rx-counters] sample=4 NET_PCI_RX_USED_FLAGS: 0x1
[net-rx-counters] sample=4 NET_PCI_RX_USED_IDX: 8
[net-rx-counters] sample=4 NET_PCI_RX_LAST_USED_IDX: 8
[net-rx-counters] sample=4 NET_PCI_RX_POSTED_GAP: 24
[net-rx-counters] sample=4 NET_PCI_RX_DESC0: addr=0x4126aa00 len=1524 flags=0x2
[net-rx-counters] sample=4 NET_PCI_RX_DESC1: addr=0x4126b000 len=1524 flags=0x2
[net-rx-counters] sample=4 NET_PCI_RX_DESC2: addr=0x4126b600 len=1524 flags=0x2
[net-rx-counters] sample=4 NET_PCI_RX_DESC3: addr=0x4126bc00 len=1524 flags=0x2
[net-rx-counters] sample=4 NET_PCI_RX_RING_HEADS: 0,1,2,3
[net-rx-counters] sample=4 NET_RX_PROCESSING_HELD: 0
[net-rx-counters] sample=4 NET_RX_PENDING_WHILE_PROCESSING: 0
[net-rx-counters] sample=4 NET_PCI_RX_REARM_SAMPLE_SEQ: 18
[net-rx-counters] sample=4 NET_PCI_RX_REARM_SAMPLE0: used_idx=7 last_used_idx=7 avail_flags=0x0 raced=0
[net-rx-counters] sample=4 NET_PCI_RX_REARM_SAMPLE1: used_idx=8 last_used_idx=8 avail_flags=0x0 raced=0
[net-rx-counters] sample=4 NET_PCI_RX_REARM_SAMPLE2: used_idx=5 last_used_idx=5 avail_flags=0x0 raced=0
[net-rx-counters] sample=4 NET_PCI_RX_REARM_SAMPLE3: used_idx=6 last_used_idx=6 avail_flags=0x0 raced=0
[net-rx-counters] sample=4 NET_PCI_RX_SOFTIRQ_ENTRY_SAMPLE: used_idx=8 last_used_idx=7 avail_flags=0x1 raced=0
[net-rx-counters] sample=4 NET_PCI_RX_SOFTIRQ_EXIT_SAMPLE: used_idx=8 last_used_idx=8 avail_flags=0x0 raced=0
[net-rx-counters] sample=4 end
WAIT_STRESS_PROGRESS sample=480 entered=1241940 returned=1241939 wakes=29109839 waiters=0
[heartbeat] tid=12 uptime_ms=51337 kbd_nonzero=0
WAIT_STRESS_PROGRESS sample=490 entered=1284090 returned=1284089 wakes=29357874 waiters=0
[heartbeat] tid=12 uptime_ms=52339 kbd_nonzero=0
WAIT_STRESS_PROGRESS sample=500 entered=1326620 returned=1326619 wakes=29607445 waiters=0
[heartbeat] tid=12 uptime_ms=53339 kbd_nonzero=0
WAIT_STRESS_PROGRESS sample=510 entered=1369141 returned=1369141 wakes=29856166 waiters=0
[heartbeat] tid=12 uptime_ms=54341 kbd_nonzero=0
WAIT_STRESS_PROGRESS sample=520 entered=1411517 returned=1411517 wakes=30103735 waiters=0
[heartbeat] tid=12 uptime_ms=55342 kbd_nonzero=0
WAIT_STRESS_PROGRESS sample=530 entered=1453886 returned=1453885 wakes=30353345 waiters=0
[heartbeat] tid=12 uptime_ms=56343 kbd_nonzero=0
WAIT_STRESS_PROGRESS sample=540 entered=1496148 returned=1496147 wakes=30601762 waiters=0
[heartbeat] tid=12 uptime_ms=57343 kbd_nonzero=0
WAIT_STRESS_PROGRESS sample=550 entered=1538449 returned=1538448 wakes=30850535 waiters=0
[heartbeat] tid=12 uptime_ms=58344 kbd_nonzero=0
WAIT_STRESS_PROGRESS sample=560 entered=1580735 returned=1580734 wakes=31100365 waiters=1
[heartbeat] tid=12 uptime_ms=59344 kbd_nonzero=0
[RESUME_PC_CENSUS:cpu=0:source=el1-restore-frame-elr:text=78:kstack=0:uva=0:smallint=0:other=0]
[RESUME_PC_CENSUS:cpu=0:source=el0-restore-frame-elr:text=0:kstack=0:uva=56:smallint=0:other=0]
[RESUME_PC_CENSUS:cpu=0:source=ctx-x30:text=2617:kstack=0:uva=49:smallint=7:other=0]
[RESUME_PC_CENSUS:cpu=0:source=ctx-elr-el1:text=2617:kstack=0:uva=0:smallint=0:other=0]
[RESUME_PC_CENSUS:cpu=0:source=lr-save-el1:text=75:kstack=0:uva=0:smallint=0:other=0]
[RESUME_PC_CENSUS:cpu=0:source=lr-restore-el1:text=78:kstack=0:uva=0:smallint=0:other=0]
[RESUME_PC_CENSUS:cpu=0:source=lr-save-el0:text=0:kstack=0:uva=98:smallint=9:other=0]
[RESUME_PC_CENSUS:cpu=0:source=lr-restore-el0:text=0:kstack=0:uva=49:smallint=7:other=0]
[RESUME_PC_CENSUS:cpu=1:source=el1-restore-frame-elr:text=4917:kstack=0:uva=0:smallint=0:other=0]
[RESUME_PC_CENSUS:cpu=1:source=el0-restore-frame-elr:text=0:kstack=0:uva=766:smallint=0:other=0]
[RESUME_PC_CENSUS:cpu=1:source=el0-first-entry-frame-elr:text=0:kstack=0:uva=4:smallint=0:other=0]
[RESUME_PC_CENSUS:cpu=1:source=ctx-x30:text=322583:kstack=0:uva=764:smallint=2:other=0]
[RESUME_PC_CENSUS:cpu=1:source=ctx-elr-el1:text=322583:kstack=0:uva=0:smallint=0:other=0]
[RESUME_PC_CENSUS:cpu=1:source=lr-save-el1:text=3566:kstack=0:uva=0:smallint=0:other=0]
[RESUME_PC_CENSUS:cpu=1:source=lr-restore-el1:text=4917:kstack=0:uva=0:smallint=0:other=0]
[RESUME_PC_CENSUS:cpu=1:source=lr-save-el0:text=0:kstack=0:uva=748:smallint=1:other=0]
[RESUME_PC_CENSUS:cpu=1:source=lr-restore-el0:text=0:kstack=0:uva=764:smallint=2:other=0]
[RESUME_PC_CENSUS:cpu=2:source=el1-restore-frame-elr:text=27:kstack=0:uva=0:smallint=0:other=0]
[RESUME_PC_CENSUS:cpu=2:source=el0-restore-frame-elr:text=0:kstack=0:uva=39:smallint=0:other=0]
[RESUME_PC_CENSUS:cpu=2:source=el0-first-entry-frame-elr:text=0:kstack=0:uva=3:smallint=0:other=0]
[RESUME_PC_CENSUS:cpu=2:source=ctx-x30:text=41:kstack=0:uva=34:smallint=5:other=0]
[RESUME_PC_CENSUS:cpu=2:source=ctx-elr-el1:text=41:kstack=0:uva=0:smallint=0:other=0]
[RESUME_PC_CENSUS:cpu=2:source=lr-save-el1:text=24:kstack=0:uva=0:smallint=0:other=0]
[RESUME_PC_CENSUS:cpu=2:source=lr-restore-el1:text=27:kstack=0:uva=0:smallint=0:other=0]
[RESUME_PC_CENSUS:cpu=2:source=lr-save-el0:text=0:kstack=0:uva=19:smallint=2:other=0]
[RESUME_PC_CENSUS:cpu=2:source=lr-restore-el0:text=0:kstack=0:uva=34:smallint=5:other=0]
[RESUME_PC_CENSUS:cpu=3:source=el1-restore-frame-elr:text=164:kstack=0:uva=0:smallint=0:other=0]
[RESUME_PC_CENSUS:cpu=3:source=el0-restore-frame-elr:text=0:kstack=0:uva=50:smallint=0:other=0]
[RESUME_PC_CENSUS:cpu=3:source=el0-first-entry-frame-elr:text=0:kstack=0:uva=1:smallint=0:other=0]
[RESUME_PC_CENSUS:cpu=3:source=ctx-x30:text=346:kstack=0:uva=45:smallint=5:other=0]
[RESUME_PC_CENSUS:cpu=3:source=ctx-elr-el1:text=346:kstack=0:uva=0:smallint=0:other=0]
[RESUME_PC_CENSUS:cpu=3:source=lr-save-el1:text=142:kstack=0:uva=0:smallint=0:other=0]
[RESUME_PC_CENSUS:cpu=3:source=lr-restore-el1:text=164:kstack=0:uva=0:smallint=0:other=0]
[RESUME_PC_CENSUS:cpu=3:source=lr-save-el0:text=0:kstack=0:uva=27:smallint=5:other=0]
[RESUME_PC_CENSUS:cpu=3:source=lr-restore-el0:text=0:kstack=0:uva=45:smallint=5:other=0]
[RESUME_PC_CENSUS:cpu=4:source=el1-restore-frame-elr:text=428:kstack=0:uva=0:smallint=0:other=0]
[RESUME_PC_CENSUS:cpu=4:source=el0-restore-frame-elr:text=0:kstack=0:uva=68:smallint=0:other=0]
[RESUME_PC_CENSUS:cpu=4:source=ctx-x30:text=2369:kstack=0:uva=64:smallint=4:other=0]
[RESUME_PC_CENSUS:cpu=4:source=ctx-elr-el1:text=2369:kstack=0:uva=0:smallint=0:other=0]
[RESUME_PC_CENSUS:cpu=4:source=lr-save-el1:text=424:kstack=0:uva=0:smallint=0:other=0]
[RESUME_PC_CENSUS:cpu=4:source=lr-restore-el1:text=428:kstack=0:uva=0:smallint=0:other=0]
[RESUME_PC_CENSUS:cpu=4:source=lr-save-el0:text=0:kstack=0:uva=59:smallint=4:other=0]
[RESUME_PC_CENSUS:cpu=4:source=lr-restore-el0:text=0:kstack=0:uva=64:smallint=4:other=0]
[RESUME_PC_CENSUS:cpu=5:source=el1-restore-frame-elr:text=2106:kstack=0:uva=0:smallint=0:other=0]
[RESUME_PC_CENSUS:cpu=5:source=el0-restore-frame-elr:text=0:kstack=0:uva=250:smallint=0:other=0]
[RESUME_PC_CENSUS:cpu=5:source=ctx-x30:text=333953:kstack=0:uva=249:smallint=1:other=0]
[RESUME_PC_CENSUS:cpu=5:source=ctx-elr-el1:text=333958:kstack=0:uva=0:smallint=0:other=0]
[RESUME_PC_CENSUS:cpu=5:source=lr-save-el1:text=1022:kstack=0:uva=0:smallint=0:other=0]
[RESUME_PC_CENSUS:cpu=5:source=lr-restore-el1:text=2106:kstack=0:uva=0:smallint=0:other=0]
[RESUME_PC_CENSUS:cpu=5:source=lr-save-el0:text=0:kstack=0:uva=218:smallint=1:other=0]
[RESUME_PC_CENSUS:cpu=5:source=lr-restore-el0:text=0:kstack=0:uva=249:smallint=1:other=0]
[RESUME_PC_CENSUS:cpu=6:source=el1-restore-frame-elr:text=3083:kstack=0:uva=0:smallint=0:other=0]
[RESUME_PC_CENSUS:cpu=6:source=el0-restore-frame-elr:text=0:kstack=0:uva=489:smallint=0:other=0]
[RESUME_PC_CENSUS:cpu=6:source=ctx-x30:text=419734:kstack=0:uva=489:smallint=0:other=0]
[RESUME_PC_CENSUS:cpu=6:source=ctx-elr-el1:text=419743:kstack=0:uva=0:smallint=0:other=0]
[RESUME_PC_CENSUS:cpu=6:source=lr-save-el1:text=1778:kstack=0:uva=0:smallint=0:other=0]
[RESUME_PC_CENSUS:cpu=6:source=lr-restore-el1:text=3083:kstack=0:uva=0:smallint=0:other=0]
[RESUME_PC_CENSUS:cpu=6:source=lr-save-el0:text=0:kstack=0:uva=471:smallint=0:other=0]
[RESUME_PC_CENSUS:cpu=6:source=lr-restore-el0:text=0:kstack=0:uva=489:smallint=0:other=0]
[RESUME_PC_CENSUS:cpu=7:source=el1-restore-frame-elr:text=5694:kstack=0:uva=0:smallint=0:other=0]
[RESUME_PC_CENSUS:cpu=7:source=el0-restore-frame-elr:text=0:kstack=0:uva=956:smallint=0:other=0]
[RESUME_PC_CENSUS:cpu=7:source=ctx-x30:text=518405:kstack=0:uva=956:smallint=0:other=0]
[RESUME_PC_CENSUS:cpu=7:source=ctx-elr-el1:text=518405:kstack=0:uva=0:smallint=0:other=0]
[RESUME_PC_CENSUS:cpu=7:source=lr-save-el1:text=4532:kstack=0:uva=0:smallint=0:other=0]
[RESUME_PC_CENSUS:cpu=7:source=lr-restore-el1:text=5694:kstack=0:uva=0:smallint=0:other=0]
[RESUME_PC_CENSUS:cpu=7:source=lr-save-el0:text=0:kstack=0:uva=989:smallint=0:other=0]
[RESUME_PC_CENSUS:cpu=7:source=lr-restore-el0:text=0:kstack=0:uva=956:smallint=0:other=0]
WAIT_STRESS_PROGRESS sample=570 entered=1622996 returned=1622996 wakes=31350616 waiters=0
[heartbeat] tid=12 uptime_ms=60345 kbd_nonzero=0
[PT_ROOT_CUSTODY:no_proof=11:no_arch=0:terminated=0:undecided=0:mid_retire=0:retired=3]
[TOMBSTONE_CENSUS:resident=0:removed=9:reap_second=9:retire_second=0:abandoned_unqueued=0]
[TTBR0_ASID_CENSUS:untagged=0:tagged=3254735:kernel=1616738:cleared=4868804]
[net-rx-counters] sample=5 begin
[net-rx-counters] sample=5 NET_RX_MSI_TOTAL: 8 (cpu0=8)
[net-rx-counters] sample=5 NET_RX_RING_DRAIN_TOTAL: 9 (cpu0=9)
[net-rx-counters] sample=5 NET_RX_FRAME_TOTAL: 9 (cpu0=9)
[net-rx-counters] sample=5 NET_RX_ARP_TOTAL: 2 (cpu0=2)
[net-rx-counters] sample=5 NET_RX_ETHERTYPE_OTHER_TOTAL: 0
[net-rx-counters] sample=5 NET_RX_SOFTIRQ_ENTRY_TOTAL: 18 (cpu0=11, cpu1=3, cpu2=2, cpu3=1, cpu5=1)
[net-rx-counters] sample=5 NET_RX_SOFTIRQ_EXIT_TOTAL: 18 (cpu0=11, cpu1=3, cpu2=2, cpu3=1, cpu5=1)
[net-rx-counters] sample=5 NET_RX_REENTRANT_SKIP_TOTAL: 0
[net-rx-counters] sample=5 NET_RX_GUARD_RELEASE_TOTAL: 19 (cpu0=12, cpu1=3, cpu2=2, cpu3=1, cpu5=1)
[net-rx-counters] sample=5 NET_RX_REARM_CHECK_TOTAL: 19 (cpu0=12, cpu1=3, cpu2=2, cpu3=1, cpu5=1)
[net-rx-counters] sample=5 NET_RX_REARM_RACE_TOTAL: 0
[net-rx-counters] sample=5 NET_RX_REARM_ARMED_TOTAL: 19 (cpu0=12, cpu1=3, cpu2=2, cpu3=1, cpu5=1)
[net-rx-counters] sample=5 NET_PCI_IRQ_RAISED_NETRX: 8 (cpu0=8)
[net-rx-counters] sample=5 GIC_SPI55_ACK_TOTAL: 8 (cpu0=8)
[net-rx-counters] sample=5 GICV2M_BASE_PHYS: 0x2250000
[net-rx-counters] sample=5 GICV2M_DOORBELL_PHYS: 0x2250040
[net-rx-counters] sample=5 GICV2M_MSI_TYPER: 0x80350040
[net-rx-counters] sample=5 GICV2M_SPI_BASE: 53
[net-rx-counters] sample=5 GICV2M_SPI_COUNT: 64
[net-rx-counters] sample=5 GICV2M_NEXT_INDEX: 4
[net-rx-counters] sample=5 GIC_SPI54_IRQ: 54
[net-rx-counters] sample=5 GIC_SPI54_VERSION: 3
[net-rx-counters] sample=5 GIC_SPI54_ISENABLER_BIT: 0x400000
[net-rx-counters] sample=5 GIC_SPI54_ISPENDR_BIT: 0x0
[net-rx-counters] sample=5 GIC_SPI54_ISACTIVER_BIT: 0x0
[net-rx-counters] sample=5 GIC_SPI54_IGROUPR_BIT: 0x400000
[net-rx-counters] sample=5 GIC_SPI54_PRIORITY: 0xa0
[net-rx-counters] sample=5 GIC_SPI54_ICFGR_REG: 0x2a800
[net-rx-counters] sample=5 GIC_SPI54_IROUTER: 0x0
[net-rx-counters] sample=5 GIC_SPI54_ITARGETSR_BYTE: 0x0
[net-rx-counters] sample=5 GIC_SPI54_GICD_CTLR: 0x53
[net-rx-counters] sample=5 GIC_SPI55_IRQ: 55
[net-rx-counters] sample=5 GIC_SPI55_VERSION: 3
[net-rx-counters] sample=5 GIC_SPI55_ISENABLER_BIT: 0x800000
[net-rx-counters] sample=5 GIC_SPI55_ISPENDR_BIT: 0x0
[net-rx-counters] sample=5 GIC_SPI55_ISACTIVER_BIT: 0x0
[net-rx-counters] sample=5 GIC_SPI55_IGROUPR_BIT: 0x800000
[net-rx-counters] sample=5 GIC_SPI55_PRIORITY: 0xa0
[net-rx-counters] sample=5 GIC_SPI55_ICFGR_REG: 0x2a800
[net-rx-counters] sample=5 GIC_SPI55_IROUTER: 0x0
[net-rx-counters] sample=5 GIC_SPI55_ITARGETSR_BYTE: 0x0
[net-rx-counters] sample=5 GIC_SPI55_GICD_CTLR: 0x53
[net-rx-counters] sample=5 MANUAL_GICV2M_TEST_DONE: 1
[net-rx-counters] sample=5 MANUAL_GICV2M_TEST_IRQ: 55
[net-rx-counters] sample=5 MANUAL_GICV2M_TEST_DOORBELL: 0x2250040
[net-rx-counters] sample=5 MANUAL_GICV2M_TEST_BEFORE_PEND: 0x0
[net-rx-counters] sample=5 MANUAL_GICV2M_TEST_AFTER_WRITE_PEND: 0x800000
[net-rx-counters] sample=5 MANUAL_GICV2M_TEST_AFTER_WAIT_PEND: 0x0
[net-rx-counters] sample=5 MANUAL_GICV2M_TEST_ACK_BEFORE: 0
[net-rx-counters] sample=5 MANUAL_GICV2M_TEST_ACK_AFTER: 1
[net-rx-counters] sample=5 MANUAL_GICV2M_TEST_MSI_BEFORE: 0
[net-rx-counters] sample=5 MANUAL_GICV2M_TEST_MSI_AFTER: 1
[net-rx-counters] sample=5 NET_PCI_DEVICE_STATUS: 0xf
[net-rx-counters] sample=5 NET_PCI_ISR_STATUS: 0x0
[net-rx-counters] sample=5 NET_PCI_DEVICE_FEATURES: 0x6187bfa3
[net-rx-counters] sample=5 NET_PCI_GUEST_FEATURES: 0x10020
[net-rx-counters] sample=5 NET_PCI_RX_QUEUE_PFN: 0x4123b
[net-rx-counters] sample=5 NET_PCI_TX_QUEUE_PFN: 0x4123e
[net-rx-counters] sample=5 NET_PCI_RX_QUEUE_SIZE: 256
[net-rx-counters] sample=5 NET_PCI_TX_QUEUE_SIZE: 256
[net-rx-counters] sample=5 NET_PCI_RX_QUEUE_ALIGN: 4096
[net-rx-counters] sample=5 NET_PCI_RX_QUEUE_VECTOR: 0x0
[net-rx-counters] sample=5 NET_PCI_TX_QUEUE_VECTOR: 0xffff
[net-rx-counters] sample=5 NET_PCI_RX_AVAIL_FLAGS: 0x0
[net-rx-counters] sample=5 NET_PCI_RX_AVAIL_IDX: 36
[net-rx-counters] sample=5 NET_PCI_RX_USED_FLAGS: 0x1
[net-rx-counters] sample=5 NET_PCI_RX_USED_IDX: 9
[net-rx-counters] sample=5 NET_PCI_RX_LAST_USED_IDX: 9
[net-rx-counters] sample=5 NET_PCI_RX_POSTED_GAP: 27
[net-rx-counters] sample=5 NET_PCI_RX_DESC0: addr=0x4126aa00 len=1524 flags=0x2
[net-rx-counters] sample=5 NET_PCI_RX_DESC1: addr=0x4126b000 len=1524 flags=0x2
[net-rx-counters] sample=5 NET_PCI_RX_DESC2: addr=0x4126b600 len=1524 flags=0x2
[net-rx-counters] sample=5 NET_PCI_RX_DESC3: addr=0x4126bc00 len=1524 flags=0x2
[net-rx-counters] sample=5 NET_PCI_RX_RING_HEADS: 0,1,2,3
[net-rx-counters] sample=5 NET_RX_PROCESSING_HELD: 0
[net-rx-counters] sample=5 NET_RX_PENDING_WHILE_PROCESSING: 0
[net-rx-counters] sample=5 NET_PCI_RX_REARM_SAMPLE_SEQ: 19
[net-rx-counters] sample=5 NET_PCI_RX_REARM_SAMPLE0: used_idx=7 last_used_idx=7 avail_flags=0x0 raced=0
[net-rx-counters] sample=5 NET_PCI_RX_REARM_SAMPLE1: used_idx=8 last_used_idx=8 avail_flags=0x0 raced=0
[net-rx-counters] sample=5 NET_PCI_RX_REARM_SAMPLE2: used_idx=9 last_used_idx=9 avail_flags=0x0 raced=0
[net-rx-counters] sample=5 NET_PCI_RX_REARM_SAMPLE3: used_idx=6 last_used_idx=6 avail_flags=0x0 raced=0
[net-rx-counters] sample=5 NET_PCI_RX_SOFTIRQ_ENTRY_SAMPLE: used_idx=9 last_used_idx=8 avail_flags=0x1 raced=0
[net-rx-counters] sample=5 NET_PCI_RX_SOFTIRQ_EXIT_SAMPLE: used_idx=9 last_used_idx=9 avail_flags=0x0 raced=0
[net-rx-counters] sample=5 end
WAIT_STRESS_PROGRESS sample=580 entered=1666250 returned=1666249 wakes=31602923 waiters=0
[heartbeat] tid=12 uptime_ms=61370 kbd_nonzero=0
WAIT_STRESS_PROGRESS sample=590 entered=1709960 returned=1709959 wakes=31854606 waiters=0
[heartbeat] tid=12 uptime_ms=62370 kbd_nonzero=0
WAIT_STRESS_PROGRESS sample=600 entered=1753456 returned=1753455 wakes=32103912 waiters=1
WAIT_STRESS_PASS entered=1753472 returned=1753471 wakes=32103998 waiters=1
[syscall] exit(0) pid=16 name=wait_stress
[TTBR0_ASID_CENSUS:untagged=0:tagged=3489960:kernel=1733168:cleared=5220461]
[init] wait_stress exited pid=16 code=0
[spawn] path='/bin/bsshd'
manager.create_process_with_argv [ARM64]: ENTRY - name='bsshd', elf_size=455152, argc=1
manager.create_process_with_argv [ARM64]: Generated PID 19
manager.create_process_with_argv [ARM64]: Creating ProcessPageTable
manager.create_process_with_argv [ARM64]: Loading ELF into page table
manager.create_process_with_argv [ARM64]: ELF loaded, entry=0x4001d6c0
manager.create_process_with_argv [ARM64]: Allocating user stack
manager.create_process_with_argv [ARM64]: User stack will be at 0xfffffeff0000-0xffffff000000
manager.create_process_with_argv [ARM64]: argc/argv set up on stack, SP=0xfffffefffed0
manager.create_process_with_argv [ARM64]: SUCCESS - returning PID 19
[spawn] Created child PID 19 for parent PID 1
[spawn] Success: child PID 19 scheduled
bsshd: starting on port 2222
[init] bsshd started (PID 19)
bsshd: listening on 0.0.0.0:2222
[spawn] path='/bin/xhci_counters'
manager.create_process_with_argv [ARM64]: ENTRY - name='xhci_counters', elf_size=292216, argc=1
manager.create_process_with_argv [ARM64]: Generated PID 20
manager.create_process_with_argv [ARM64]: Creating ProcessPageTable
manager.create_process_with_argv [ARM64]: Loading ELF into page table
manager.create_process_with_argv [ARM64]: ELF loaded, entry=0x4000f140
manager.create_process_with_argv [ARM64]: Allocating user stack
manager.create_process_with_argv [ARM64]: User stack will be at 0xfffffeff0000-0xffffff000000
manager.create_process_with_argv [ARM64]: argc/argv set up on stack, SP=0xfffffefffed0
manager.create_process_with_argv [ARM64]: SUCCESS - returning PID 20
[spawn] Created child PID 20 for parent PID 1
[spawn] Success: child PID 20 scheduled
[xhci-counters] XHCI_MSI_EVENT_TOTAL=56
[spawn] path='/bin/bwm'
[xhci-counters] XHCI_IRQ_ENTRY_TOTAL=56
[xhci-counters] XHCI_LOCK_CONTENDED_TOTAL=0
[xhci-counters] KBD_NONZERO_TOTAL=0
[syscall] exit(0) pid=20 name=xhci_counters
[TTBR0_ASID_CENSUS:untagged=0:tagged=3490411:kernel=1733610:cleared=5221349]
manager.create_process_with_argv [ARM64]: ENTRY - name='bwm', elf_size=432088, argc=1
manager.create_process_with_argv [ARM64]: Generated PID 21
manager.create_process_with_argv [ARM64]: Creating ProcessPageTable
manager.create_process_with_argv [ARM64]: Loading ELF into page table
manager.create_process_with_argv [ARM64]: ELF loaded, entry=0x40018be4
manager.create_process_with_argv [ARM64]: Allocating user stack
manager.create_process_with_argv [ARM64]: User stack will be at 0xfffffeff0000-0xffffff000000
manager.create_process_with_argv [ARM64]: argc/argv set up on stack, SP=0xfffffefffee0
manager.create_process_with_argv [ARM64]: SUCCESS - returning PID 21
[spawn] Created child PID 21 for parent PID 1
[spawn] Success: child PID 21 scheduled
[bwm] Breenix Window Manager starting... (v2-chromeless-skip)
[spawn] path='/sbin/telnetd'
[virgl-composite] Frame #0: 1x1 → 1280x960 display (first1k: 1 nonzero, first=0xff000000)
manager.create_process_with_argv [ARM64]: ENTRY - name='telnetd', elf_size=298184, argc=1
manager.create_process_with_argv [ARM64]: Generated PID 22
manager.create_process_with_argv [ARM64]: Creating ProcessPageTable
manager.create_process_with_argv [ARM64]: Loading ELF into page table
manager.create_process_with_argv [ARM64]: ELF loaded, entry=0x4000f930
manager.create_process_with_argv [ARM64]: Allocating user stack
manager.create_process_with_argv [ARM64]: User stack will be at 0xfffffeff0000-0xffffff000000
manager.create_process_with_argv [ARM64]: argc/argv set up on stack, SP=0xfffffefffed0
manager.create_process_with_argv [ARM64]: SUCCESS - returning PID 22
[spawn] Created child PID 22 for parent PID 1
[spawn] Success: child PID 22 scheduled
TELNETD_STARTING
[bwm] GPU compositing mode (VirGL), display: 1280x960
[init] Boot script completed
TELNETD_LISTENING
[spawn] path='/bin/bounce'
[compositor] Mapped compositor buffer into process: virt=0x7ffffdb4e000, 1280x960, 1200 pages (backend=VirGL)
[bwm] Direct compositor mapping: 1280x960 at 0x7ffffdb4e000
[bwm] using bitmap font fallback for early boot
[bwm] hotkeys: using built-in defaults for early boot
[composite-win] frame=0 bg_dirty=true windows=0 bg=1280x960
[BUILD-CANARY] gpu_pci.rs version=10 dimmer-fix
[composite-submit] frame=0 windows=0 dwords=342 vb_offset=256 draw_idx=8
[virgl] SUBMIT_3D OK: id=3 used_len=0 resp_flags=0x1 resp_fence=3
[composite-win] frame=0 complete
[composite-win] frame=1 bg_dirty=true windows=0 bg=1280x960
[composite-submit] frame=1 windows=0 dwords=342 vb_offset=256 draw_idx=8
[virgl] SUBMIT_3D OK: id=4 used_len=0 resp_flags=0x1 resp_fence=4
[composite-win] frame=1 complete
manager.create_process_with_argv [ARM64]: ENTRY - name='bounce', elf_size=388040, argc=1
manager.create_process_with_argv [ARM64]: Generated PID 23
manager.create_process_with_argv [ARM64]: Creating ProcessPageTable
manager.create_process_with_argv [ARM64]: Loading ELF into page table
manager.create_process_with_argv [ARM64]: ELF loaded, entry=0x400188e0
manager.create_process_with_argv [ARM64]: Allocating user stack
manager.create_process_with_argv [ARM64]: User stack will be at 0xfffffeff0000-0xffffff000000
manager.create_process_with_argv [ARM64]: argc/argv set up on stack, SP=0xfffffefffed0
manager.create_process_with_argv [ARM64]: SUCCESS - returning PID 23
[spawn] Created child PID 23 for parent PID 1
[spawn] Success: child PID 23 scheduled
Bounce spheres demo starting (for Gus!) [boot_id=0000000eb61793d1]
[init] bounce started (PID 23)
[window] create_window_buffer: 400x300 (480000 bytes, 118 pages)
[INIT_GROUP_REFUSAL:aarch64:phase=quiesce:probe1=-22:probe2=-22:expected=-22]
[window] Created buffer id=1 for pid=23: 400x300 at virt=0x7ffffdf86000 phys=0x442b9000
[init] Process 4 exited (code 0)
[bounce] Window mode: id=1 400x300 [boot_id=0000000eb61793d1]
[bwm] Discovered window 'Bounce' (id=1, 400x300) at (30,38)
[init] Process 5 exited (code 0)
[init] Process 14 exited (code 0)
[init] Process 15 exited (code 0)
[init] Process 20 exited (code 0)
[composite-win] frame=2 bg_dirty=true windows=1 bg=1280x960
[GPU-WIN] frame=2 win[0] res=10 content=(32,72)-(400x300) frame=(30,38)-(434,374)
[composite-submit] frame=2 windows=1 dwords=662 vb_offset=896 draw_idx=28
[virgl] SUBMIT_3D OK: id=5 used_len=0 resp_flags=0x1 resp_fence=5
[composite-win] frame=2 complete
[composite-win] frame=3 bg_dirty=false windows=1 bg=1280x960
[composite-win] frame=4 bg_dirty=false windows=1 bg=1280x960
[composite-win] frame=4 complete
[heartbeat] tid=12 uptime_ms=63372 kbd_nonzero=0
[bwm-fps] frames_since_last=233 elapsed_ms=1002 instantaneous_fps=232
[heartbeat] tid=12 uptime_ms=64373 kbd_nonzero=0
[bwm-fps] frames_since_last=194 elapsed_ms=1003 instantaneous_fps=193
[heartbeat] tid=12 uptime_ms=65375 kbd_nonzero=0
[bwm-fps] frames_since_last=198 elapsed_ms=1005 instantaneous_fps=197
[heartbeat] tid=12 uptime_ms=66376 kbd_nonzero=0
[bwm-fps] frames_since_last=191 elapsed_ms=1003 instantaneous_fps=190
[heartbeat] tid=12 uptime_ms=67376 kbd_nonzero=0
[bwm-fps] frames_since_last=197 elapsed_ms=1001 instantaneous_fps=196
[heartbeat] tid=12 uptime_ms=68378 kbd_nonzero=0
[bwm-fps] frames_since_last=188 elapsed_ms=1001 instantaneous_fps=187
[heartbeat] tid=12 uptime_ms=69378 kbd_nonzero=0
[bwm-fps] frames_since_last=193 elapsed_ms=1004 instantaneous_fps=192
[heartbeat] tid=12 uptime_ms=70380 kbd_nonzero=0
[PT_ROOT_CUSTODY:no_proof=13:no_arch=0:terminated=0:undecided=0:mid_retire=0:retired=4]
[TOMBSTONE_CENSUS:resident=1:removed=16:reap_second=15:retire_second=1:abandoned_unqueued=0]
[TTBR0_ASID_CENSUS:untagged=0:tagged=3505869:kernel=1740761:cleared=5241076]
[net-rx-counters] sample=6 begin
[net-rx-counters] sample=6 NET_RX_MSI_TOTAL: 8 (cpu0=8)
[net-rx-counters] sample=6 NET_RX_RING_DRAIN_TOTAL: 9 (cpu0=9)
[net-rx-counters] sample=6 NET_RX_FRAME_TOTAL: 9 (cpu0=9)
[net-rx-counters] sample=6 NET_RX_ARP_TOTAL: 2 (cpu0=2)
[net-rx-counters] sample=6 NET_RX_ETHERTYPE_OTHER_TOTAL: 0
[net-rx-counters] sample=6 NET_RX_SOFTIRQ_ENTRY_TOTAL: 18 (cpu0=11, cpu1=3, cpu2=2, cpu3=1, cpu5=1)
[net-rx-counters] sample=6 NET_RX_SOFTIRQ_EXIT_TOTAL: 18 (cpu0=11, cpu1=3, cpu2=2, cpu3=1, cpu5=1)
[net-rx-counters] sample=6 NET_RX_REENTRANT_SKIP_TOTAL: 0
[net-rx-counters] sample=6 NET_RX_GUARD_RELEASE_TOTAL: 19 (cpu0=12, cpu1=3, cpu2=2, cpu3=1, cpu5=1)
[net-rx-counters] sample=6 NET_RX_REARM_CHECK_TOTAL: 19 (cpu0=12, cpu1=3, cpu2=2, cpu3=1, cpu5=1)
[net-rx-counters] sample=6 NET_RX_REARM_RACE_TOTAL: 0
[net-rx-counters] sample=6 NET_RX_REARM_ARMED_TOTAL: 19 (cpu0=12, cpu1=3, cpu2=2, cpu3=1, cpu5=1)
[net-rx-counters] sample=6 NET_PCI_IRQ_RAISED_NETRX: 8 (cpu0=8)
[net-rx-counters] sample=6 GIC_SPI55_ACK_TOTAL: 8 (cpu0=8)
[net-rx-counters] sample=6 GICV2M_BASE_PHYS: 0x2250000
[net-rx-counters] sample=6 GICV2M_DOORBELL_PHYS: 0x2250040
[net-rx-counters] sample=6 GICV2M_MSI_TYPER: 0x80350040
[net-rx-counters] sample=6 GICV2M_SPI_BASE: 53
[net-rx-counters] sample=6 GICV2M_SPI_COUNT: 64
[net-rx-counters] sample=6 GICV2M_NEXT_INDEX: 4
[net-rx-counters] sample=6 GIC_SPI54_IRQ: 54
[net-rx-counters] sample=6 GIC_SPI54_VERSION: 3
[net-rx-counters] sample=6 GIC_SPI54_ISENABLER_BIT: 0x400000
[net-rx-counters] sample=6 GIC_SPI54_ISPENDR_BIT: 0x0
[net-rx-counters] sample=6 GIC_SPI54_ISACTIVER_BIT: 0x0
[net-rx-counters] sample=6 GIC_SPI54_IGROUPR_BIT: 0x400000
[net-rx-counters] sample=6 GIC_SPI54_PRIORITY: 0xa0
[net-rx-counters] sample=6 GIC_SPI54_ICFGR_REG: 0x2a800
[net-rx-counters] sample=6 GIC_SPI54_IROUTER: 0x0
[net-rx-counters] sample=6 GIC_SPI54_ITARGETSR_BYTE: 0x0
[net-rx-counters] sample=6 GIC_SPI54_GICD_CTLR: 0x53
[net-rx-counters] sample=6 GIC_SPI55_IRQ: 55
[net-rx-counters] sample=6 GIC_SPI55_VERSION: 3
[net-rx-counters] sample=6 GIC_SPI55_ISENABLER_BIT: 0x800000
[net-rx-counters] sample=6 GIC_SPI55_ISPENDR_BIT: 0x0
[net-rx-counters] sample=6 GIC_SPI55_ISACTIVER_BIT: 0x0
[net-rx-counters] sample=6 GIC_SPI55_IGROUPR_BIT: 0x800000
[net-rx-counters] sample=6 GIC_SPI55_PRIORITY: 0xa0
[net-rx-counters] sample=6 GIC_SPI55_ICFGR_REG: 0x2a800
[net-rx-counters] sample=6 GIC_SPI55_IROUTER: 0x0
[net-rx-counters] sample=6 GIC_SPI55_ITARGETSR_BYTE: 0x0
[net-rx-counters] sample=6 GIC_SPI55_GICD_CTLR: 0x53
[net-rx-counters] sample=6 MANUAL_GICV2M_TEST_DONE: 1
[net-rx-counters] sample=6 MANUAL_GICV2M_TEST_IRQ: 55
[net-rx-counters] sample=6 MANUAL_GICV2M_TEST_DOORBELL: 0x2250040
[net-rx-counters] sample=6 MANUAL_GICV2M_TEST_BEFORE_PEND: 0x0
[net-rx-counters] sample=6 MANUAL_GICV2M_TEST_AFTER_WRITE_PEND: 0x800000
[net-rx-counters] sample=6 MANUAL_GICV2M_TEST_AFTER_WAIT_PEND: 0x0
[net-rx-counters] sample=6 MANUAL_GICV2M_TEST_ACK_BEFORE: 0
[net-rx-counters] sample=6 MANUAL_GICV2M_TEST_ACK_AFTER: 1
[net-rx-counters] sample=6 MANUAL_GICV2M_TEST_MSI_BEFORE: 0
[net-rx-counters] sample=6 MANUAL_GICV2M_TEST_MSI_AFTER: 1
[net-rx-counters] sample=6 NET_PCI_DEVICE_STATUS: 0xf
[net-rx-counters] sample=6 NET_PCI_ISR_STATUS: 0x0
[net-rx-counters] sample=6 NET_PCI_DEVICE_FEATURES: 0x6187bfa3
[net-rx-counters] sample=6 NET_PCI_GUEST_FEATURES: 0x10020
[net-rx-counters] sample=6 NET_PCI_RX_QUEUE_PFN: 0x4123b
[net-rx-counters] sample=6 NET_PCI_TX_QUEUE_PFN: 0x4123e
[net-rx-counters] sample=6 NET_PCI_RX_QUEUE_SIZE: 256
[net-rx-counters] sample=6 NET_PCI_TX_QUEUE_SIZE: 256
[net-rx-counters] sample=6 NET_PCI_RX_QUEUE_ALIGN: 4096
[net-rx-counters] sample=6 NET_PCI_RX_QUEUE_VECTOR: 0x0
[net-rx-counters] sample=6 NET_PCI_TX_QUEUE_VECTOR: 0xffff
[net-rx-counters] sample=6 NET_PCI_RX_AVAIL_FLAGS: 0x0
[net-rx-counters] sample=6 NET_PCI_RX_AVAIL_IDX: 36
[net-rx-counters] sample=6 NET_PCI_RX_USED_FLAGS: 0x1
[net-rx-counters] sample=6 NET_PCI_RX_USED_IDX: 9
[net-rx-counters] sample=6 NET_PCI_RX_LAST_USED_IDX: 9
[net-rx-counters] sample=6 NET_PCI_RX_POSTED_GAP: 27
[net-rx-counters] sample=6 NET_PCI_RX_DESC0: addr=0x4126aa00 len=1524 flags=0x2
[net-rx-counters] sample=6 NET_PCI_RX_DESC1: addr=0x4126b000 len=1524 flags=0x2
[net-rx-counters] sample=6 NET_PCI_RX_DESC2: addr=0x4126b600 len=1524 flags=0x2
[net-rx-counters] sample=6 NET_PCI_RX_DESC3: addr=0x4126bc00 len=1524 flags=0x2
[net-rx-counters] sample=6 NET_PCI_RX_RING_HEADS: 0,1,2,3
[net-rx-counters] sample=6 NET_RX_PROCESSING_HELD: 0
[net-rx-counters] sample=6 NET_RX_PENDING_WHILE_PROCESSING: 0
[net-rx-counters] sample=6 NET_PCI_RX_REARM_SAMPLE_SEQ: 19
[net-rx-counters] sample=6 NET_PCI_RX_REARM_SAMPLE0: used_idx=7 last_used_idx=7 avail_flags=0x0 raced=0
[net-rx-counters] sample=6 NET_PCI_RX_REARM_SAMPLE1: used_idx=8 last_used_idx=8 avail_flags=0x0 raced=0
[net-rx-counters] sample=6 NET_PCI_RX_REARM_SAMPLE2: used_idx=9 last_used_idx=9 avail_flags=0x0 raced=0
[net-rx-counters] sample=6 NET_PCI_RX_REARM_SAMPLE3: used_idx=6 last_used_idx=6 avail_flags=0x0 raced=0
[net-rx-counters] sample=6 NET_PCI_RX_SOFTIRQ_ENTRY_SAMPLE: used_idx=9 last_used_idx=8 avail_flags=0x1 raced=0
[net-rx-counters] sample=6 NET_PCI_RX_SOFTIRQ_EXIT_SAMPLE: used_idx=9 last_used_idx=9 avail_flags=0x0 raced=0
[net-rx-counters] sample=6 end
[bwm-fps] frames_since_last=184 elapsed_ms=1000 instantaneous_fps=184
[heartbeat] tid=12 uptime_ms=71404 kbd_nonzero=0
[bwm-fps] frames_since_last=192 elapsed_ms=1006 instantaneous_fps=190
[heartbeat] tid=12 uptime_ms=72404 kbd_nonzero=0
[bwm-fps] frames_since_last=188 elapsed_ms=1003 instantaneous_fps=187
[heartbeat] tid=12 uptime_ms=73405 kbd_nonzero=0
[bwm-fps] frames_since_last=188 elapsed_ms=1002 instantaneous_fps=187
[heartbeat] tid=12 uptime_ms=74405 kbd_nonzero=0
[bwm-fps] frames_since_last=193 elapsed_ms=1004 instantaneous_fps=192
[heartbeat] tid=12 uptime_ms=75407 kbd_nonzero=0
[bwm-fps] frames_since_last=184 elapsed_ms=1003 instantaneous_fps=183
[heartbeat] tid=12 uptime_ms=76409 kbd_nonzero=0
[bwm-fps] frames_since_last=191 elapsed_ms=1001 instantaneous_fps=190
[heartbeat] tid=12 uptime_ms=77410 kbd_nonzero=0
[bwm-fps] frames_since_last=187 elapsed_ms=1003 instantaneous_fps=186
[heartbeat] tid=12 uptime_ms=78412 kbd_nonzero=0
[bwm-fps] frames_since_last=186 elapsed_ms=1001 instantaneous_fps=185
[heartbeat] tid=12 uptime_ms=79412 kbd_nonzero=0
[bwm-fps] frames_since_last=183 elapsed_ms=1005 instantaneous_fps=182
[heartbeat] tid=12 uptime_ms=80414 kbd_nonzero=0
[PT_ROOT_CUSTODY:no_proof=13:no_arch=0:terminated=0:undecided=0:mid_retire=0:retired=4]
[TOMBSTONE_CENSUS:resident=1:removed=16:reap_second=15:retire_second=1:abandoned_unqueued=0]
[TTBR0_ASID_CENSUS:untagged=0:tagged=3526753:kernel=1750695:cleared=5268138]
[net-rx-counters] sample=7 begin
[net-rx-counters] sample=7 NET_RX_MSI_TOTAL: 8 (cpu0=8)
[net-rx-counters] sample=7 NET_RX_RING_DRAIN_TOTAL: 9 (cpu0=9)
[net-rx-counters] sample=7 NET_RX_FRAME_TOTAL: 9 (cpu0=9)
[net-rx-counters] sample=7 NET_RX_ARP_TOTAL: 2 (cpu0=2)
[net-rx-counters] sample=7 NET_RX_ETHERTYPE_OTHER_TOTAL: 0
[net-rx-counters] sample=7 NET_RX_SOFTIRQ_ENTRY_TOTAL: 18 (cpu0=11, cpu1=3, cpu2=2, cpu3=1, cpu5=1)
[net-rx-counters] sample=7 NET_RX_SOFTIRQ_EXIT_TOTAL: 18 (cpu0=11, cpu1=3, cpu2=2, cpu3=1, cpu5=1)
[net-rx-counters] sample=7 NET_RX_REENTRANT_SKIP_TOTAL: 0
[net-rx-counters] sample=7 NET_RX_GUARD_RELEASE_TOTAL: 19 (cpu0=12, cpu1=3, cpu2=2, cpu3=1, cpu5=1)
[net-rx-counters] sample=7 NET_RX_REARM_CHECK_TOTAL: 19 (cpu0=12, cpu1=3, cpu2=2, cpu3=1, cpu5=1)
[net-rx-counters] sample=7 NET_RX_REARM_RACE_TOTAL: 0
[net-rx-counters] sample=7 NET_RX_REARM_ARMED_TOTAL: 19 (cpu0=12, cpu1=3, cpu2=2, cpu3=1, cpu5=1)
[net-rx-counters] sample=7 NET_PCI_IRQ_RAISED_NETRX: 8 (cpu0=8)
[net-rx-counters] sample=7 GIC_SPI55_ACK_TOTAL: 8 (cpu0=8)
[net-rx-counters] sample=7 GICV2M_BASE_PHYS: 0x2250000
[net-rx-counters] sample=7 GICV2M_DOORBELL_PHYS: 0x2250040
[net-rx-counters] sample=7 GICV2M_MSI_TYPER: 0x80350040
[net-rx-counters] sample=7 GICV2M_SPI_BASE: 53
[net-rx-counters] sample=7 GICV2M_SPI_COUNT: 64
[net-rx-counters] sample=7 GICV2M_NEXT_INDEX: 4
[net-rx-counters] sample=7 GIC_SPI54_IRQ: 54
[net-rx-counters] sample=7 GIC_SPI54_VERSION: 3
[net-rx-counters] sample=7 GIC_SPI54_ISENABLER_BIT: 0x400000
[net-rx-counters] sample=7 GIC_SPI54_ISPENDR_BIT: 0x0
[net-rx-counters] sample=7 GIC_SPI54_ISACTIVER_BIT: 0x0
[net-rx-counters] sample=7 GIC_SPI54_IGROUPR_BIT: 0x400000
[net-rx-counters] sample=7 GIC_SPI54_PRIORITY: 0xa0
[net-rx-counters] sample=7 GIC_SPI54_ICFGR_REG: 0x2a800
[net-rx-counters] sample=7 GIC_SPI54_IROUTER: 0x0
[net-rx-counters] sample=7 GIC_SPI54_ITARGETSR_BYTE: 0x0
[net-rx-counters] sample=7 GIC_SPI54_GICD_CTLR: 0x53
[net-rx-counters] sample=7 GIC_SPI55_IRQ: 55
[net-rx-counters] sample=7 GIC_SPI55_VERSION: 3
[net-rx-counters] sample=7 GIC_SPI55_ISENABLER_BIT: 0x800000
[net-rx-counters] sample=7 GIC_SPI55_ISPENDR_BIT: 0x0
[net-rx-counters] sample=7 GIC_SPI55_ISACTIVER_BIT: 0x0
[net-rx-counters] sample=7 GIC_SPI55_IGROUPR_BIT: 0x800000
[net-rx-counters] sample=7 GIC_SPI55_PRIORITY: 0xa0
[net-rx-counters] sample=7 GIC_SPI55_ICFGR_REG: 0x2a800
[net-rx-counters] sample=7 GIC_SPI55_IROUTER: 0x0
[net-rx-counters] sample=7 GIC_SPI55_ITARGETSR_BYTE: 0x0
[net-rx-counters] sample=7 GIC_SPI55_GICD_CTLR: 0x53
[net-rx-counters] sample=7 MANUAL_GICV2M_TEST_DONE: 1
[net-rx-counters] sample=7 MANUAL_GICV2M_TEST_IRQ: 55
[net-rx-counters] sample=7 MANUAL_GICV2M_TEST_DOORBELL: 0x2250040
[net-rx-counters] sample=7 MANUAL_GICV2M_TEST_BEFORE_PEND: 0x0
[net-rx-counters] sample=7 MANUAL_GICV2M_TEST_AFTER_WRITE_PEND: 0x800000
[net-rx-counters] sample=7 MANUAL_GICV2M_TEST_AFTER_WAIT_PEND: 0x0
[net-rx-counters] sample=7 MANUAL_GICV2M_TEST_ACK_BEFORE: 0
[net-rx-counters] sample=7 MANUAL_GICV2M_TEST_ACK_AFTER: 1
[net-rx-counters] sample=7 MANUAL_GICV2M_TEST_MSI_BEFORE: 0
[net-rx-counters] sample=7 MANUAL_GICV2M_TEST_MSI_AFTER: 1
[net-rx-counters] sample=7 NET_PCI_DEVICE_STATUS: 0xf
[net-rx-counters] sample=7 NET_PCI_ISR_STATUS: 0x0
[net-rx-counters] sample=7 NET_PCI_DEVICE_FEATURES: 0x6187bfa3
[net-rx-counters] sample=7 NET_PCI_GUEST_FEATURES: 0x10020
[net-rx-counters] sample=7 NET_PCI_RX_QUEUE_PFN: 0x4123b
[net-rx-counters] sample=7 NET_PCI_TX_QUEUE_PFN: 0x4123e
[net-rx-counters] sample=7 NET_PCI_RX_QUEUE_SIZE: 256
[net-rx-counters] sample=7 NET_PCI_TX_QUEUE_SIZE: 256
[net-rx-counters] sample=7 NET_PCI_RX_QUEUE_ALIGN: 4096
[net-rx-counters] sample=7 NET_PCI_RX_QUEUE_VECTOR: 0x0
[net-rx-counters] sample=7 NET_PCI_TX_QUEUE_VECTOR: 0xffff
[net-rx-counters] sample=7 NET_PCI_RX_AVAIL_FLAGS: 0x0
[net-rx-counters] sample=7 NET_PCI_RX_AVAIL_IDX: 36
[net-rx-counters] sample=7 NET_PCI_RX_USED_FLAGS: 0x1
[net-rx-counters] sample=7 NET_PCI_RX_USED_IDX: 9
[net-rx-counters] sample=7 NET_PCI_RX_LAST_USED_IDX: 9
[net-rx-counters] sample=7 NET_PCI_RX_POSTED_GAP: 27
[net-rx-counters] sample=7 NET_PCI_RX_DESC0: addr=0x4126aa00 len=1524 flags=0x2
[net-rx-counters] sample=7 NET_PCI_RX_DESC1: addr=0x4126b000 len=1524 flags=0x2
[net-rx-counters] sample=7 NET_PCI_RX_DESC2: addr=0x4126b600 len=1524 flags=0x2
[net-rx-counters] sample=7 NET_PCI_RX_DESC3: addr=0x4126bc00 len=1524 flags=0x2
[net-rx-counters] sample=7 NET_PCI_RX_RING_HEADS: 0,1,2,3
[net-rx-counters] sample=7 NET_RX_PROCESSING_HELD: 0
[net-rx-counters] sample=7 NET_RX_PENDING_WHILE_PROCESSING: 0
[net-rx-counters] sample=7 NET_PCI_RX_REARM_SAMPLE_SEQ: 19
[net-rx-counters] sample=7 NET_PCI_RX_REARM_SAMPLE0: used_idx=7 last_used_idx=7 avail_flags=0x0 raced=0
[net-rx-counters] sample=7 NET_PCI_RX_REARM_SAMPLE1: used_idx=8 last_used_idx=8 avail_flags=0x0 raced=0
[net-rx-counters] sample=7 NET_PCI_RX_REARM_SAMPLE2: used_idx=9 last_used_idx=9 avail_flags=0x0 raced=0
[net-rx-counters] sample=7 NET_PCI_RX_REARM_SAMPLE3: used_idx=6 last_used_idx=6 avail_flags=0x0 raced=0
[net-rx-counters] sample=7 NET_PCI_RX_SOFTIRQ_ENTRY_SAMPLE: used_idx=9 last_used_idx=8 avail_flags=0x1 raced=0
[net-rx-counters] sample=7 NET_PCI_RX_SOFTIRQ_EXIT_SAMPLE: used_idx=9 last_used_idx=9 avail_flags=0x0 raced=0
[net-rx-counters] sample=7 end
[bwm-fps] frames_since_last=189 elapsed_ms=1002 instantaneous_fps=188
[heartbeat] tid=12 uptime_ms=81438 kbd_nonzero=0
[bwm-fps] frames_since_last=191 elapsed_ms=1004 instantaneous_fps=190
[heartbeat] tid=12 uptime_ms=82438 kbd_nonzero=0
[bwm-fps] frames_since_last=189 elapsed_ms=1004 instantaneous_fps=188
[heartbeat] tid=12 uptime_ms=83439 kbd_nonzero=0
[bwm-fps] frames_since_last=189 elapsed_ms=1003 instantaneous_fps=188
[heartbeat] tid=12 uptime_ms=84441 kbd_nonzero=0
[bwm-fps] frames_since_last=187 elapsed_ms=1000 instantaneous_fps=187
[heartbeat] tid=12 uptime_ms=85442 kbd_nonzero=0
[bwm-fps] frames_since_last=181 elapsed_ms=1001 instantaneous_fps=180
[heartbeat] tid=12 uptime_ms=86442 kbd_nonzero=0
[bwm-fps] frames_since_last=192 elapsed_ms=1003 instantaneous_fps=191
[heartbeat] tid=12 uptime_ms=87443 kbd_nonzero=0
[bwm-fps] frames_since_last=196 elapsed_ms=1001 instantaneous_fps=195
[heartbeat] tid=12 uptime_ms=88445 kbd_nonzero=0
[bwm-fps] frames_since_last=181 elapsed_ms=1001 instantaneous_fps=180
[heartbeat] tid=12 uptime_ms=89446 kbd_nonzero=0
[bwm-fps] frames_since_last=183 elapsed_ms=1004 instantaneous_fps=182
[heartbeat] tid=12 uptime_ms=90447 kbd_nonzero=0
[PT_ROOT_CUSTODY:no_proof=13:no_arch=0:terminated=0:undecided=0:mid_retire=0:retired=4]
[TOMBSTONE_CENSUS:resident=1:removed=16:reap_second=15:retire_second=1:abandoned_unqueued=0]
[TTBR0_ASID_CENSUS:untagged=0:tagged=3547625:kernel=1760625:cleared=5295186]
[net-rx-counters] sample=8 begin
[net-rx-counters] sample=8 NET_RX_MSI_TOTAL: 9 (cpu0=9)
[net-rx-counters] sample=8 NET_RX_RING_DRAIN_TOTAL: 10 (cpu0=10)
[net-rx-counters] sample=8 NET_RX_FRAME_TOTAL: 10 (cpu0=10)
[net-rx-counters] sample=8 NET_RX_ARP_TOTAL: 2 (cpu0=2)
[net-rx-counters] sample=8 NET_RX_ETHERTYPE_OTHER_TOTAL: 0
[net-rx-counters] sample=8 NET_RX_SOFTIRQ_ENTRY_TOTAL: 19 (cpu0=12, cpu1=3, cpu2=2, cpu3=1, cpu5=1)
[net-rx-counters] sample=8 NET_RX_SOFTIRQ_EXIT_TOTAL: 19 (cpu0=12, cpu1=3, cpu2=2, cpu3=1, cpu5=1)
[net-rx-counters] sample=8 NET_RX_REENTRANT_SKIP_TOTAL: 0
[net-rx-counters] sample=8 NET_RX_GUARD_RELEASE_TOTAL: 20 (cpu0=13, cpu1=3, cpu2=2, cpu3=1, cpu5=1)
[net-rx-counters] sample=8 NET_RX_REARM_CHECK_TOTAL: 20 (cpu0=13, cpu1=3, cpu2=2, cpu3=1, cpu5=1)
[net-rx-counters] sample=8 NET_RX_REARM_RACE_TOTAL: 0
[net-rx-counters] sample=8 NET_RX_REARM_ARMED_TOTAL: 20 (cpu0=13, cpu1=3, cpu2=2, cpu3=1, cpu5=1)
[net-rx-counters] sample=8 NET_PCI_IRQ_RAISED_NETRX: 9 (cpu0=9)
[net-rx-counters] sample=8 GIC_SPI55_ACK_TOTAL: 9 (cpu0=9)
[net-rx-counters] sample=8 GICV2M_BASE_PHYS: 0x2250000
[net-rx-counters] sample=8 GICV2M_DOORBELL_PHYS: 0x2250040
[net-rx-counters] sample=8 GICV2M_MSI_TYPER: 0x80350040
[net-rx-counters] sample=8 GICV2M_SPI_BASE: 53
[net-rx-counters] sample=8 GICV2M_SPI_COUNT: 64
[net-rx-counters] sample=8 GICV2M_NEXT_INDEX: 4
[net-rx-counters] sample=8 GIC_SPI54_IRQ: 54
[net-rx-counters] sample=8 GIC_SPI54_VERSION: 3
[net-rx-counters] sample=8 GIC_SPI54_ISENABLER_BIT: 0x400000
[net-rx-counters] sample=8 GIC_SPI54_ISPENDR_BIT: 0x0
[net-rx-counters] sample=8 GIC_SPI54_ISACTIVER_BIT: 0x0
[net-rx-counters] sample=8 GIC_SPI54_IGROUPR_BIT: 0x400000
[net-rx-counters] sample=8 GIC_SPI54_PRIORITY: 0xa0
[net-rx-counters] sample=8 GIC_SPI54_ICFGR_REG: 0x2a800
[net-rx-counters] sample=8 GIC_SPI54_IROUTER: 0x0
[net-rx-counters] sample=8 GIC_SPI54_ITARGETSR_BYTE: 0x0
[net-rx-counters] sample=8 GIC_SPI54_GICD_CTLR: 0x53
[net-rx-counters] sample=8 GIC_SPI55_IRQ: 55
[net-rx-counters] sample=8 GIC_SPI55_VERSION: 3
[net-rx-counters] sample=8 GIC_SPI55_ISENABLER_BIT: 0x800000
[net-rx-counters] sample=8 GIC_SPI55_ISPENDR_BIT: 0x0
[net-rx-counters] sample=8 GIC_SPI55_ISACTIVER_BIT: 0x0
[net-rx-counters] sample=8 GIC_SPI55_IGROUPR_BIT: 0x800000
[net-rx-counters] sample=8 GIC_SPI55_PRIORITY: 0xa0
[net-rx-counters] sample=8 GIC_SPI55_ICFGR_REG: 0x2a800
[net-rx-counters] sample=8 GIC_SPI55_IROUTER: 0x0
[net-rx-counters] sample=8 GIC_SPI55_ITARGETSR_BYTE: 0x0
[net-rx-counters] sample=8 GIC_SPI55_GICD_CTLR: 0x53
[net-rx-counters] sample=8 MANUAL_GICV2M_TEST_DONE: 1
[net-rx-counters] sample=8 MANUAL_GICV2M_TEST_IRQ: 55
[net-rx-counters] sample=8 MANUAL_GICV2M_TEST_DOORBELL: 0x2250040
[net-rx-counters] sample=8 MANUAL_GICV2M_TEST_BEFORE_PEND: 0x0
[net-rx-counters] sample=8 MANUAL_GICV2M_TEST_AFTER_WRITE_PEND: 0x800000
[net-rx-counters] sample=8 MANUAL_GICV2M_TEST_AFTER_WAIT_PEND: 0x0
[net-rx-counters] sample=8 MANUAL_GICV2M_TEST_ACK_BEFORE: 0
[net-rx-counters] sample=8 MANUAL_GICV2M_TEST_ACK_AFTER: 1
[net-rx-counters] sample=8 MANUAL_GICV2M_TEST_MSI_BEFORE: 0
[net-rx-counters] sample=8 MANUAL_GICV2M_TEST_MSI_AFTER: 1
[net-rx-counters] sample=8 NET_PCI_DEVICE_STATUS: 0xf
[net-rx-counters] sample=8 NET_PCI_ISR_STATUS: 0x0
[net-rx-counters] sample=8 NET_PCI_DEVICE_FEATURES: 0x6187bfa3
[net-rx-counters] sample=8 NET_PCI_GUEST_FEATURES: 0x10020
[net-rx-counters] sample=8 NET_PCI_RX_QUEUE_PFN: 0x4123b
[net-rx-counters] sample=8 NET_PCI_TX_QUEUE_PFN: 0x4123e
[net-rx-counters] sample=8 NET_PCI_RX_QUEUE_SIZE: 256
[net-rx-counters] sample=8 NET_PCI_TX_QUEUE_SIZE: 256
[net-rx-counters] sample=8 NET_PCI_RX_QUEUE_ALIGN: 4096
[net-rx-counters] sample=8 NET_PCI_RX_QUEUE_VECTOR: 0x0
[net-rx-counters] sample=8 NET_PCI_TX_QUEUE_VECTOR: 0xffff
[net-rx-counters] sample=8 NET_PCI_RX_AVAIL_FLAGS: 0x0
[net-rx-counters] sample=8 NET_PCI_RX_AVAIL_IDX: 40
[net-rx-counters] sample=8 NET_PCI_RX_USED_FLAGS: 0x1
[net-rx-counters] sample=8 NET_PCI_RX_USED_IDX: 10
[net-rx-counters] sample=8 NET_PCI_RX_LAST_USED_IDX: 10
[net-rx-counters] sample=8 NET_PCI_RX_POSTED_GAP: 30
[net-rx-counters] sample=8 NET_PCI_RX_DESC0: addr=0x4126aa00 len=1524 flags=0x2
[net-rx-counters] sample=8 NET_PCI_RX_DESC1: addr=0x4126b000 len=1524 flags=0x2
[net-rx-counters] sample=8 NET_PCI_RX_DESC2: addr=0x4126b600 len=1524 flags=0x2
[net-rx-counters] sample=8 NET_PCI_RX_DESC3: addr=0x4126bc00 len=1524 flags=0x2
[net-rx-counters] sample=8 NET_PCI_RX_RING_HEADS: 0,1,2,3
[net-rx-counters] sample=8 NET_RX_PROCESSING_HELD: 0
[net-rx-counters] sample=8 NET_RX_PENDING_WHILE_PROCESSING: 0
[net-rx-counters] sample=8 NET_PCI_RX_REARM_SAMPLE_SEQ: 20
[net-rx-counters] sample=8 NET_PCI_RX_REARM_SAMPLE0: used_idx=7 last_used_idx=7 avail_flags=0x0 raced=0
[net-rx-counters] sample=8 NET_PCI_RX_REARM_SAMPLE1: used_idx=8 last_used_idx=8 avail_flags=0x0 raced=0
[net-rx-counters] sample=8 NET_PCI_RX_REARM_SAMPLE2: used_idx=9 last_used_idx=9 avail_flags=0x0 raced=0
[net-rx-counters] sample=8 NET_PCI_RX_REARM_SAMPLE3: used_idx=10 last_used_idx=10 avail_flags=0x0 raced=0
[net-rx-counters] sample=8 NET_PCI_RX_SOFTIRQ_ENTRY_SAMPLE: used_idx=10 last_used_idx=9 avail_flags=0x1 raced=0
[net-rx-counters] sample=8 NET_PCI_RX_SOFTIRQ_EXIT_SAMPLE: used_idx=10 last_used_idx=10 avail_flags=0x0 raced=0
[net-rx-counters] sample=8 end
[bwm-fps] frames_since_last=183 elapsed_ms=1000 instantaneous_fps=183
[heartbeat] tid=12 uptime_ms=91471 kbd_nonzero=0
[bwm-fps] frames_since_last=190 elapsed_ms=1001 instantaneous_fps=189
[heartbeat] tid=12 uptime_ms=92472 kbd_nonzero=0
[bwm-fps] frames_since_last=189 elapsed_ms=1001 instantaneous_fps=188
[heartbeat] tid=12 uptime_ms=93474 kbd_nonzero=0
[bwm-fps] frames_since_last=197 elapsed_ms=1003 instantaneous_fps=196
[heartbeat] tid=12 uptime_ms=94475 kbd_nonzero=0
[bwm-fps] frames_since_last=179 elapsed_ms=1004 instantaneous_fps=178
[heartbeat] tid=12 uptime_ms=95476 kbd_nonzero=0
[bwm-fps] frames_since_last=190 elapsed_ms=1002 instantaneous_fps=189
[heartbeat] tid=12 uptime_ms=96476 kbd_nonzero=0
[bwm-fps] frames_since_last=186 elapsed_ms=1002 instantaneous_fps=185
[heartbeat] tid=12 uptime_ms=97477 kbd_nonzero=0
[bwm-fps] frames_since_last=181 elapsed_ms=1001 instantaneous_fps=180
[heartbeat] tid=12 uptime_ms=98477 kbd_nonzero=0
[bwm-fps] frames_since_last=185 elapsed_ms=1002 instantaneous_fps=184
[heartbeat] tid=12 uptime_ms=99479 kbd_nonzero=0
[bwm-fps] frames_since_last=189 elapsed_ms=1001 instantaneous_fps=188
[heartbeat] tid=12 uptime_ms=100480 kbd_nonzero=0
[PT_ROOT_CUSTODY:no_proof=13:no_arch=0:terminated=0:undecided=0:mid_retire=0:retired=4]
[TOMBSTONE_CENSUS:resident=1:removed=16:reap_second=15:retire_second=1:abandoned_unqueued=0]
[TTBR0_ASID_CENSUS:untagged=0:tagged=3568478:kernel=1770538:cleared=5322200]
[net-rx-counters] sample=9 begin
[net-rx-counters] sample=9 NET_RX_MSI_TOTAL: 9 (cpu0=9)
[net-rx-counters] sample=9 NET_RX_RING_DRAIN_TOTAL: 10 (cpu0=10)
[net-rx-counters] sample=9 NET_RX_FRAME_TOTAL: 10 (cpu0=10)
[net-rx-counters] sample=9 NET_RX_ARP_TOTAL: 2 (cpu0=2)
[net-rx-counters] sample=9 NET_RX_ETHERTYPE_OTHER_TOTAL: 0
[net-rx-counters] sample=9 NET_RX_SOFTIRQ_ENTRY_TOTAL: 19 (cpu0=12, cpu1=3, cpu2=2, cpu3=1, cpu5=1)
[net-rx-counters] sample=9 NET_RX_SOFTIRQ_EXIT_TOTAL: 19 (cpu0=12, cpu1=3, cpu2=2, cpu3=1, cpu5=1)
[net-rx-counters] sample=9 NET_RX_REENTRANT_SKIP_TOTAL: 0
[net-rx-counters] sample=9 NET_RX_GUARD_RELEASE_TOTAL: 20 (cpu0=13, cpu1=3, cpu2=2, cpu3=1, cpu5=1)
[net-rx-counters] sample=9 NET_RX_REARM_CHECK_TOTAL: 20 (cpu0=13, cpu1=3, cpu2=2, cpu3=1, cpu5=1)
[net-rx-counters] sample=9 NET_RX_REARM_RACE_TOTAL: 0
[net-rx-counters] sample=9 NET_RX_REARM_ARMED_TOTAL: 20 (cpu0=13, cpu1=3, cpu2=2, cpu3=1, cpu5=1)
[net-rx-counters] sample=9 NET_PCI_IRQ_RAISED_NETRX: 9 (cpu0=9)
[net-rx-counters] sample=9 GIC_SPI55_ACK_TOTAL: 9 (cpu0=9)
[net-rx-counters] sample=9 GICV2M_BASE_PHYS: 0x2250000
[net-rx-counters] sample=9 GICV2M_DOORBELL_PHYS: 0x2250040
[net-rx-counters] sample=9 GICV2M_MSI_TYPER: 0x80350040
[net-rx-counters] sample=9 GICV2M_SPI_BASE: 53
[net-rx-counters] sample=9 GICV2M_SPI_COUNT: 64
[net-rx-counters] sample=9 GICV2M_NEXT_INDEX: 4
[net-rx-counters] sample=9 GIC_SPI54_IRQ: 54
[net-rx-counters] sample=9 GIC_SPI54_VERSION: 3
[net-rx-counters] sample=9 GIC_SPI54_ISENABLER_BIT: 0x400000
[net-rx-counters] sample=9 GIC_SPI54_ISPENDR_BIT: 0x0
[net-rx-counters] sample=9 GIC_SPI54_ISACTIVER_BIT: 0x0
[net-rx-counters] sample=9 GIC_SPI54_IGROUPR_BIT: 0x400000
[net-rx-counters] sample=9 GIC_SPI54_PRIORITY: 0xa0
[net-rx-counters] sample=9 GIC_SPI54_ICFGR_REG: 0x2a800
[net-rx-counters] sample=9 GIC_SPI54_IROUTER: 0x0
[net-rx-counters] sample=9 GIC_SPI54_ITARGETSR_BYTE: 0x0
[net-rx-counters] sample=9 GIC_SPI54_GICD_CTLR: 0x53
[net-rx-counters] sample=9 GIC_SPI55_IRQ: 55
[net-rx-counters] sample=9 GIC_SPI55_VERSION: 3
[net-rx-counters] sample=9 GIC_SPI55_ISENABLER_BIT: 0x800000
[net-rx-counters] sample=9 GIC_SPI55_ISPENDR_BIT: 0x0
[net-rx-counters] sample=9 GIC_SPI55_ISACTIVER_BIT: 0x0
[net-rx-counters] sample=9 GIC_SPI55_IGROUPR_BIT: 0x800000
[net-rx-counters] sample=9 GIC_SPI55_PRIORITY: 0xa0
[net-rx-counters] sample=9 GIC_SPI55_ICFGR_REG: 0x2a800
[net-rx-counters] sample=9 GIC_SPI55_IROUTER: 0x0
[net-rx-counters] sample=9 GIC_SPI55_ITARGETSR_BYTE: 0x0
[net-rx-counters] sample=9 GIC_SPI55_GICD_CTLR: 0x53
[net-rx-counters] sample=9 MANUAL_GICV2M_TEST_DONE: 1
[net-rx-counters] sample=9 MANUAL_GICV2M_TEST_IRQ: 55
[net-rx-counters] sample=9 MANUAL_GICV2M_TEST_DOORBELL: 0x2250040
[net-rx-counters] sample=9 MANUAL_GICV2M_TEST_BEFORE_PEND: 0x0
[net-rx-counters] sample=9 MANUAL_GICV2M_TEST_AFTER_WRITE_PEND: 0x800000
[net-rx-counters] sample=9 MANUAL_GICV2M_TEST_AFTER_WAIT_PEND: 0x0
[net-rx-counters] sample=9 MANUAL_GICV2M_TEST_ACK_BEFORE: 0
[net-rx-counters] sample=9 MANUAL_GICV2M_TEST_ACK_AFTER: 1
[net-rx-counters] sample=9 MANUAL_GICV2M_TEST_MSI_BEFORE: 0
[net-rx-counters] sample=9 MANUAL_GICV2M_TEST_MSI_AFTER: 1
[net-rx-counters] sample=9 NET_PCI_DEVICE_STATUS: 0xf
[net-rx-counters] sample=9 NET_PCI_ISR_STATUS: 0x0
[net-rx-counters] sample=9 NET_PCI_DEVICE_FEATURES: 0x6187bfa3
[net-rx-counters] sample=9 NET_PCI_GUEST_FEATURES: 0x10020
[net-rx-counters] sample=9 NET_PCI_RX_QUEUE_PFN: 0x4123b
[net-rx-counters] sample=9 NET_PCI_TX_QUEUE_PFN: 0x4123e
[net-rx-counters] sample=9 NET_PCI_RX_QUEUE_SIZE: 256
[net-rx-counters] sample=9 NET_PCI_TX_QUEUE_SIZE: 256
[net-rx-counters] sample=9 NET_PCI_RX_QUEUE_ALIGN: 4096
[net-rx-counters] sample=9 NET_PCI_RX_QUEUE_VECTOR: 0x0
[net-rx-counters] sample=9 NET_PCI_TX_QUEUE_VECTOR: 0xffff
[net-rx-counters] sample=9 NET_PCI_RX_AVAIL_FLAGS: 0x0
[net-rx-counters] sample=9 NET_PCI_RX_AVAIL_IDX: 40
[net-rx-counters] sample=9 NET_PCI_RX_USED_FLAGS: 0x1
[net-rx-counters] sample=9 NET_PCI_RX_USED_IDX: 10
[net-rx-counters] sample=9 NET_PCI_RX_LAST_USED_IDX: 10
[net-rx-counters] sample=9 NET_PCI_RX_POSTED_GAP: 30
[net-rx-counters] sample=9 NET_PCI_RX_DESC0: addr=0x4126aa00 len=1524 flags=0x2
[net-rx-counters] sample=9 NET_PCI_RX_DESC1: addr=0x4126b000 len=1524 flags=0x2
[net-rx-counters] sample=9 NET_PCI_RX_DESC2: addr=0x4126b600 len=1524 flags=0x2
[net-rx-counters] sample=9 NET_PCI_RX_DESC3: addr=0x4126bc00 len=1524 flags=0x2
[net-rx-counters] sample=9 NET_PCI_RX_RING_HEADS: 0,1,2,3
[net-rx-counters] sample=9 NET_RX_PROCESSING_HELD: 0
[net-rx-counters] sample=9 NET_RX_PENDING_WHILE_PROCESSING: 0
[net-rx-counters] sample=9 NET_PCI_RX_REARM_SAMPLE_SEQ: 20
[net-rx-counters] sample=9 NET_PCI_RX_REARM_SAMPLE0: used_idx=7 last_used_idx=7 avail_flags=0x0 raced=0
[net-rx-counters] sample=9 NET_PCI_RX_REARM_SAMPLE1: used_idx=8 last_used_idx=8 avail_flags=0x0 raced=0
[net-rx-counters] sample=9 NET_PCI_RX_REARM_SAMPLE2: used_idx=9 last_used_idx=9 avail_flags=0x0 raced=0
[net-rx-counters] sample=9 NET_PCI_RX_REARM_SAMPLE3: used_idx=10 last_used_idx=10 avail_flags=0x0 raced=0
[net-rx-counters] sample=9 NET_PCI_RX_SOFTIRQ_ENTRY_SAMPLE: used_idx=10 last_used_idx=9 avail_flags=0x1 raced=0
[net-rx-counters] sample=9 NET_PCI_RX_SOFTIRQ_EXIT_SAMPLE: used_idx=10 last_used_idx=10 avail_flags=0x0 raced=0
[net-rx-counters] sample=9 end
[bwm-fps] frames_since_last=184 elapsed_ms=1004 instantaneous_fps=183
[heartbeat] tid=12 uptime_ms=101504 kbd_nonzero=0
[bwm-fps] frames_since_last=193 elapsed_ms=1004 instantaneous_fps=192
[heartbeat] tid=12 uptime_ms=102505 kbd_nonzero=0
[bwm-fps] frames_since_last=188 elapsed_ms=1001 instantaneous_fps=187
[heartbeat] tid=12 uptime_ms=103505 kbd_nonzero=0
[bwm-fps] frames_since_last=186 elapsed_ms=1000 instantaneous_fps=186
[heartbeat] tid=12 uptime_ms=104506 kbd_nonzero=0
[bwm-fps] frames_since_last=188 elapsed_ms=1000 instantaneous_fps=188
[heartbeat] tid=12 uptime_ms=105507 kbd_nonzero=0
[bwm-fps] frames_since_last=190 elapsed_ms=1001 instantaneous_fps=189
[heartbeat] tid=12 uptime_ms=106509 kbd_nonzero=0
[bwm-fps] frames_since_last=186 elapsed_ms=1004 instantaneous_fps=185
[heartbeat] tid=12 uptime_ms=107510 kbd_nonzero=0
[bwm-fps] frames_since_last=194 elapsed_ms=1002 instantaneous_fps=193
[heartbeat] tid=12 uptime_ms=108512 kbd_nonzero=0
[bwm-fps] frames_since_last=189 elapsed_ms=1003 instantaneous_fps=188
[heartbeat] tid=12 uptime_ms=109513 kbd_nonzero=0
[bwm-fps] frames_since_last=185 elapsed_ms=1005 instantaneous_fps=184
[heartbeat] tid=12 uptime_ms=110513 kbd_nonzero=0
[PT_ROOT_CUSTODY:no_proof=13:no_arch=0:terminated=0:undecided=0:mid_retire=0:retired=4]
[TOMBSTONE_CENSUS:resident=1:removed=16:reap_second=15:retire_second=1:abandoned_unqueued=0]
[TTBR0_ASID_CENSUS:untagged=0:tagged=3589455:kernel=1780551:cleared=5349430]
[net-rx-counters] sample=10 begin
[net-rx-counters] sample=10 NET_RX_MSI_TOTAL: 12 (cpu0=12)
[net-rx-counters] sample=10 NET_RX_RING_DRAIN_TOTAL: 13 (cpu0=13)
[net-rx-counters] sample=10 NET_RX_FRAME_TOTAL: 13 (cpu0=13)
[net-rx-counters] sample=10 NET_RX_ARP_TOTAL: 2 (cpu0=2)
[net-rx-counters] sample=10 NET_RX_ETHERTYPE_OTHER_TOTAL: 1 (cpu0=1)
[net-rx-counters] sample=10 NET_RX_SOFTIRQ_ENTRY_TOTAL: 22 (cpu0=15, cpu1=3, cpu2=2, cpu3=1, cpu5=1)
[net-rx-counters] sample=10 NET_RX_SOFTIRQ_EXIT_TOTAL: 22 (cpu0=15, cpu1=3, cpu2=2, cpu3=1, cpu5=1)
[net-rx-counters] sample=10 NET_RX_REENTRANT_SKIP_TOTAL: 0
[net-rx-counters] sample=10 NET_RX_GUARD_RELEASE_TOTAL: 23 (cpu0=16, cpu1=3, cpu2=2, cpu3=1, cpu5=1)
[net-rx-counters] sample=10 NET_RX_REARM_CHECK_TOTAL: 23 (cpu0=16, cpu1=3, cpu2=2, cpu3=1, cpu5=1)
[net-rx-counters] sample=10 NET_RX_REARM_RACE_TOTAL: 0
[net-rx-counters] sample=10 NET_RX_REARM_ARMED_TOTAL: 23 (cpu0=16, cpu1=3, cpu2=2, cpu3=1, cpu5=1)
[net-rx-counters] sample=10 NET_PCI_IRQ_RAISED_NETRX: 12 (cpu0=12)
[net-rx-counters] sample=10 GIC_SPI55_ACK_TOTAL: 12 (cpu0=12)
[net-rx-counters] sample=10 GICV2M_BASE_PHYS: 0x2250000
[net-rx-counters] sample=10 GICV2M_DOORBELL_PHYS: 0x2250040
[net-rx-counters] sample=10 GICV2M_MSI_TYPER: 0x80350040
[net-rx-counters] sample=10 GICV2M_SPI_BASE: 53
[net-rx-counters] sample=10 GICV2M_SPI_COUNT: 64
[net-rx-counters] sample=10 GICV2M_NEXT_INDEX: 4
[net-rx-counters] sample=10 GIC_SPI54_IRQ: 54
[net-rx-counters] sample=10 GIC_SPI54_VERSION: 3
[net-rx-counters] sample=10 GIC_SPI54_ISENABLER_BIT: 0x400000
[net-rx-counters] sample=10 GIC_SPI54_ISPENDR_BIT: 0x0
[net-rx-counters] sample=10 GIC_SPI54_ISACTIVER_BIT: 0x0
[net-rx-counters] sample=10 GIC_SPI54_IGROUPR_BIT: 0x400000
[net-rx-counters] sample=10 GIC_SPI54_PRIORITY: 0xa0
[net-rx-counters] sample=10 GIC_SPI54_ICFGR_REG: 0x2a800
[net-rx-counters] sample=10 GIC_SPI54_IROUTER: 0x0
[net-rx-counters] sample=10 GIC_SPI54_ITARGETSR_BYTE: 0x0
[net-rx-counters] sample=10 GIC_SPI54_GICD_CTLR: 0x53
[net-rx-counters] sample=10 GIC_SPI55_IRQ: 55
[net-rx-counters] sample=10 GIC_SPI55_VERSION: 3
[net-rx-counters] sample=10 GIC_SPI55_ISENABLER_BIT: 0x800000
[net-rx-counters] sample=10 GIC_SPI55_ISPENDR_BIT: 0x0
[net-rx-counters] sample=10 GIC_SPI55_ISACTIVER_BIT: 0x0
[net-rx-counters] sample=10 GIC_SPI55_IGROUPR_BIT: 0x800000
[net-rx-counters] sample=10 GIC_SPI55_PRIORITY: 0xa0
[net-rx-counters] sample=10 GIC_SPI55_ICFGR_REG: 0x2a800
[net-rx-counters] sample=10 GIC_SPI55_IROUTER: 0x0
[net-rx-counters] sample=10 GIC_SPI55_ITARGETSR_BYTE: 0x0
[net-rx-counters] sample=10 GIC_SPI55_GICD_CTLR: 0x53
[net-rx-counters] sample=10 MANUAL_GICV2M_TEST_DONE: 1
[net-rx-counters] sample=10 MANUAL_GICV2M_TEST_IRQ: 55
[net-rx-counters] sample=10 MANUAL_GICV2M_TEST_DOORBELL: 0x2250040
[net-rx-counters] sample=10 MANUAL_GICV2M_TEST_BEFORE_PEND: 0x0
[net-rx-counters] sample=10 MANUAL_GICV2M_TEST_AFTER_WRITE_PEND: 0x800000
[net-rx-counters] sample=10 MANUAL_GICV2M_TEST_AFTER_WAIT_PEND: 0x0
[net-rx-counters] sample=10 MANUAL_GICV2M_TEST_ACK_BEFORE: 0
[net-rx-counters] sample=10 MANUAL_GICV2M_TEST_ACK_AFTER: 1
[net-rx-counters] sample=10 MANUAL_GICV2M_TEST_MSI_BEFORE: 0
[net-rx-counters] sample=10 MANUAL_GICV2M_TEST_MSI_AFTER: 1
[net-rx-counters] sample=10 NET_PCI_DEVICE_STATUS: 0xf
[net-rx-counters] sample=10 NET_PCI_ISR_STATUS: 0x0
[net-rx-counters] sample=10 NET_PCI_DEVICE_FEATURES: 0x6187bfa3
[net-rx-counters] sample=10 NET_PCI_GUEST_FEATURES: 0x10020
[net-rx-counters] sample=10 NET_PCI_RX_QUEUE_PFN: 0x4123b
[net-rx-counters] sample=10 NET_PCI_TX_QUEUE_PFN: 0x4123e
[net-rx-counters] sample=10 NET_PCI_RX_QUEUE_SIZE: 256
[net-rx-counters] sample=10 NET_PCI_TX_QUEUE_SIZE: 256
[net-rx-counters] sample=10 NET_PCI_RX_QUEUE_ALIGN: 4096
[net-rx-counters] sample=10 NET_PCI_RX_QUEUE_VECTOR: 0x0
[net-rx-counters] sample=10 NET_PCI_TX_QUEUE_VECTOR: 0xffff
[net-rx-counters] sample=10 NET_PCI_RX_AVAIL_FLAGS: 0x0
[net-rx-counters] sample=10 NET_PCI_RX_AVAIL_IDX: 52
[net-rx-counters] sample=10 NET_PCI_RX_USED_FLAGS: 0x1
[net-rx-counters] sample=10 NET_PCI_RX_USED_IDX: 13
[net-rx-counters] sample=10 NET_PCI_RX_LAST_USED_IDX: 13
[net-rx-counters] sample=10 NET_PCI_RX_POSTED_GAP: 39
[net-rx-counters] sample=10 NET_PCI_RX_DESC0: addr=0x4126aa00 len=1524 flags=0x2
[net-rx-counters] sample=10 NET_PCI_RX_DESC1: addr=0x4126b000 len=1524 flags=0x2
[net-rx-counters] sample=10 NET_PCI_RX_DESC2: addr=0x4126b600 len=1524 flags=0x2
[net-rx-counters] sample=10 NET_PCI_RX_DESC3: addr=0x4126bc00 len=1524 flags=0x2
[net-rx-counters] sample=10 NET_PCI_RX_RING_HEADS: 0,1,2,3
[net-rx-counters] sample=10 NET_RX_PROCESSING_HELD: 0
[net-rx-counters] sample=10 NET_RX_PENDING_WHILE_PROCESSING: 0
[net-rx-counters] sample=10 NET_PCI_RX_REARM_SAMPLE_SEQ: 23
[net-rx-counters] sample=10 NET_PCI_RX_REARM_SAMPLE0: used_idx=11 last_used_idx=11 avail_flags=0x0 raced=0
[net-rx-counters] sample=10 NET_PCI_RX_REARM_SAMPLE1: used_idx=12 last_used_idx=12 avail_flags=0x0 raced=0
[net-rx-counters] sample=10 NET_PCI_RX_REARM_SAMPLE2: used_idx=13 last_used_idx=13 avail_flags=0x0 raced=0
[net-rx-counters] sample=10 NET_PCI_RX_REARM_SAMPLE3: used_idx=10 last_used_idx=10 avail_flags=0x0 raced=0
[net-rx-counters] sample=10 NET_PCI_RX_SOFTIRQ_ENTRY_SAMPLE: used_idx=13 last_used_idx=12 avail_flags=0x1 raced=0
[net-rx-counters] sample=10 NET_PCI_RX_SOFTIRQ_EXIT_SAMPLE: used_idx=13 last_used_idx=13 avail_flags=0x0 raced=0
[net-rx-counters] sample=10 end
[bwm-fps] frames_since_last=187 elapsed_ms=1001 instantaneous_fps=186
[heartbeat] tid=12 uptime_ms=111539 kbd_nonzero=0
[bwm-fps] frames_since_last=187 elapsed_ms=1000 instantaneous_fps=187
[heartbeat] tid=12 uptime_ms=112540 kbd_nonzero=0
[bwm-fps] frames_since_last=186 elapsed_ms=1001 instantaneous_fps=185
[heartbeat] tid=12 uptime_ms=113541 kbd_nonzero=0
[bwm-fps] frames_since_last=184 elapsed_ms=1002 instantaneous_fps=183
[heartbeat] tid=12 uptime_ms=114541 kbd_nonzero=0
[bwm-fps] frames_since_last=185 elapsed_ms=1002 instantaneous_fps=184
[heartbeat] tid=12 uptime_ms=115542 kbd_nonzero=0
[bwm-fps] frames_since_last=185 elapsed_ms=1003 instantaneous_fps=184
[heartbeat] tid=12 uptime_ms=116544 kbd_nonzero=0
[bwm-fps] frames_since_last=193 elapsed_ms=1004 instantaneous_fps=192
[heartbeat] tid=12 uptime_ms=117545 kbd_nonzero=0
[bwm-fps] frames_since_last=190 elapsed_ms=1002 instantaneous_fps=189
[heartbeat] tid=12 uptime_ms=118546 kbd_nonzero=0
[bwm-fps] frames_since_last=189 elapsed_ms=1000 instantaneous_fps=189
[heartbeat] tid=12 uptime_ms=119546 kbd_nonzero=0
[bwm-fps] frames_since_last=196 elapsed_ms=1002 instantaneous_fps=195
[heartbeat] tid=12 uptime_ms=120548 kbd_nonzero=0
[bwm-fps] frames_since_last=213 elapsed_ms=1001 instantaneous_fps=212
[heartbeat] tid=12 uptime_ms=121548 kbd_nonzero=0
[bwm-fps] frames_since_last=203 elapsed_ms=1001 instantaneous_fps=202
[heartbeat] tid=12 uptime_ms=122549 kbd_nonzero=0
[bwm-fps] frames_since_last=202 elapsed_ms=1001 instantaneous_fps=201
[heartbeat] tid=12 uptime_ms=123551 kbd_nonzero=0
[bwm-fps] frames_since_last=197 elapsed_ms=1003 instantaneous_fps=196
[heartbeat] tid=12 uptime_ms=124552 kbd_nonzero=0
[bwm-fps] frames_since_last=180 elapsed_ms=1000 instantaneous_fps=180
[heartbeat] tid=12 uptime_ms=125553 kbd_nonzero=0
[bwm-fps] frames_since_last=188 elapsed_ms=1002 instantaneous_fps=187
[heartbeat] tid=12 uptime_ms=126553 kbd_nonzero=0
[bwm-fps] frames_since_last=186 elapsed_ms=1002 instantaneous_fps=185
[heartbeat] tid=12 uptime_ms=127554 kbd_nonzero=0
[bwm-fps] frames_since_last=184 elapsed_ms=1003 instantaneous_fps=183
[heartbeat] tid=12 uptime_ms=128555 kbd_nonzero=0
[bwm-fps] frames_since_last=185 elapsed_ms=1001 instantaneous_fps=184
[heartbeat] tid=12 uptime_ms=129556 kbd_nonzero=0
[bwm-fps] frames_since_last=190 elapsed_ms=1005 instantaneous_fps=189
[heartbeat] tid=12 uptime_ms=130557 kbd_nonzero=0
[bwm-fps] frames_since_last=179 elapsed_ms=1001 instantaneous_fps=178
[heartbeat] tid=12 uptime_ms=131559 kbd_nonzero=0
[bwm-fps] frames_since_last=190 elapsed_ms=1003 instantaneous_fps=189
[heartbeat] tid=12 uptime_ms=132560 kbd_nonzero=0
[bwm-fps] frames_since_last=190 elapsed_ms=1003 instantaneous_fps=189
[heartbeat] tid=12 uptime_ms=133562 kbd_nonzero=0
[bwm-fps] frames_since_last=187 elapsed_ms=1002 instantaneous_fps=186
[heartbeat] tid=12 uptime_ms=134562 kbd_nonzero=0
[bwm-fps] frames_since_last=175 elapsed_ms=1007 instantaneous_fps=173
[heartbeat] tid=12 uptime_ms=135563 kbd_nonzero=0
[bwm-fps] frames_since_last=145 elapsed_ms=1001 instantaneous_fps=144
[heartbeat] tid=12 uptime_ms=136563 kbd_nonzero=0
[bwm-fps] frames_since_last=170 elapsed_ms=1004 instantaneous_fps=169
[heartbeat] tid=12 uptime_ms=137565 kbd_nonzero=0
[bwm-fps] frames_since_last=184 elapsed_ms=1003 instantaneous_fps=183
[heartbeat] tid=12 uptime_ms=138566 kbd_nonzero=0
[bwm-fps] frames_since_last=183 elapsed_ms=1006 instantaneous_fps=181
[heartbeat] tid=12 uptime_ms=139566 kbd_nonzero=0
[bwm-fps] frames_since_last=183 elapsed_ms=1002 instantaneous_fps=182
[heartbeat] tid=12 uptime_ms=140568 kbd_nonzero=0
[bwm-fps] frames_since_last=185 elapsed_ms=1001 instantaneous_fps=184
[heartbeat] tid=12 uptime_ms=141569 kbd_nonzero=0
[bwm-fps] frames_since_last=189 elapsed_ms=1003 instantaneous_fps=188
[heartbeat] tid=12 uptime_ms=142569 kbd_nonzero=0
[bwm-fps] frames_since_last=178 elapsed_ms=1002 instantaneous_fps=177
[heartbeat] tid=12 uptime_ms=143570 kbd_nonzero=0
[bwm-fps] frames_since_last=187 elapsed_ms=1001 instantaneous_fps=186
[heartbeat] tid=12 uptime_ms=144571 kbd_nonzero=0
[bwm-fps] frames_since_last=189 elapsed_ms=1000 instantaneous_fps=189
[heartbeat] tid=12 uptime_ms=145571 kbd_nonzero=0
[bwm-fps] frames_since_last=177 elapsed_ms=1005 instantaneous_fps=176
[heartbeat] tid=12 uptime_ms=146572 kbd_nonzero=0
[bwm-fps] frames_since_last=179 elapsed_ms=1002 instantaneous_fps=178
[heartbeat] tid=12 uptime_ms=147574 kbd_nonzero=0
[bwm-fps] frames_since_last=188 elapsed_ms=1001 instantaneous_fps=187
[heartbeat] tid=12 uptime_ms=148575 kbd_nonzero=0
[bwm-fps] frames_since_last=181 elapsed_ms=1005 instantaneous_fps=180
[heartbeat] tid=12 uptime_ms=149577 kbd_nonzero=0
[bwm-fps] frames_since_last=186 elapsed_ms=1004 instantaneous_fps=185
[heartbeat] tid=12 uptime_ms=150578 kbd_nonzero=0
[bwm-fps] frames_since_last=188 elapsed_ms=1000 instantaneous_fps=188
[heartbeat] tid=12 uptime_ms=151579 kbd_nonzero=0
[bwm-fps] frames_since_last=179 elapsed_ms=1003 instantaneous_fps=178
[heartbeat] tid=12 uptime_ms=152580 kbd_nonzero=0
[bwm-fps] frames_since_last=187 elapsed_ms=1002 instantaneous_fps=186
[heartbeat] tid=12 uptime_ms=153582 kbd_nonzero=0
[bwm-fps] frames_since_last=183 elapsed_ms=1004 instantaneous_fps=182
[heartbeat] tid=12 uptime_ms=154584 kbd_nonzero=0
[bwm-fps] frames_since_last=186 elapsed_ms=1001 instantaneous_fps=185
[heartbeat] tid=12 uptime_ms=155584 kbd_nonzero=0
[bwm-fps] frames_since_last=189 elapsed_ms=1004 instantaneous_fps=188
[heartbeat] tid=12 uptime_ms=156585 kbd_nonzero=0
[bwm-fps] frames_since_last=189 elapsed_ms=1002 instantaneous_fps=188
[heartbeat] tid=12 uptime_ms=157586 kbd_nonzero=0
[bwm-fps] frames_since_last=188 elapsed_ms=1002 instantaneous_fps=187
[heartbeat] tid=12 uptime_ms=158587 kbd_nonzero=0
[bwm-fps] frames_since_last=189 elapsed_ms=1002 instantaneous_fps=188
[heartbeat] tid=12 uptime_ms=159589 kbd_nonzero=0
[bwm-fps] frames_since_last=188 elapsed_ms=1003 instantaneous_fps=187
[heartbeat] tid=12 uptime_ms=160591 kbd_nonzero=0
[bwm-fps] frames_since_last=185 elapsed_ms=1004 instantaneous_fps=184
[heartbeat] tid=12 uptime_ms=161592 kbd_nonzero=0
[bwm-fps] frames_since_last=193 elapsed_ms=1001 instantaneous_fps=192
[heartbeat] tid=12 uptime_ms=162593 kbd_nonzero=0
[bwm-fps] frames_since_last=190 elapsed_ms=1003 instantaneous_fps=189
[heartbeat] tid=12 uptime_ms=163593 kbd_nonzero=0
[bwm-fps] frames_since_last=187 elapsed_ms=1002 instantaneous_fps=186
[heartbeat] tid=12 uptime_ms=164594 kbd_nonzero=0
[bwm-fps] frames_since_last=179 elapsed_ms=1000 instantaneous_fps=179
[heartbeat] tid=12 uptime_ms=165594 kbd_nonzero=0
[bwm-fps] frames_since_last=186 elapsed_ms=1003 instantaneous_fps=185
[heartbeat] tid=12 uptime_ms=166595 kbd_nonzero=0
[bwm-fps] frames_since_last=180 elapsed_ms=1001 instantaneous_fps=179
[heartbeat] tid=12 uptime_ms=167596 kbd_nonzero=0
[bwm-fps] frames_since_last=174 elapsed_ms=1002 instantaneous_fps=173
[heartbeat] tid=12 uptime_ms=168596 kbd_nonzero=0
[bwm-fps] frames_since_last=175 elapsed_ms=1000 instantaneous_fps=175
[heartbeat] tid=12 uptime_ms=169597 kbd_nonzero=0
[bwm-fps] frames_since_last=174 elapsed_ms=1000 instantaneous_fps=174
[heartbeat] tid=12 uptime_ms=170599 kbd_nonzero=0
[bwm-fps] frames_since_last=175 elapsed_ms=1004 instantaneous_fps=174
[heartbeat] tid=12 uptime_ms=171600 kbd_nonzero=0
[bwm-fps] frames_since_last=174 elapsed_ms=1002 instantaneous_fps=173
[heartbeat] tid=12 uptime_ms=172601 kbd_nonzero=0
[bwm-fps] frames_since_last=169 elapsed_ms=1002 instantaneous_fps=168
[heartbeat] tid=12 uptime_ms=173602 kbd_nonzero=0
[bwm-fps] frames_since_last=178 elapsed_ms=1000 instantaneous_fps=178
[heartbeat] tid=12 uptime_ms=174602 kbd_nonzero=0
[bwm-fps] frames_since_last=182 elapsed_ms=1000 instantaneous_fps=182
[heartbeat] tid=12 uptime_ms=175604 kbd_nonzero=0
[bwm-fps] frames_since_last=169 elapsed_ms=1002 instantaneous_fps=168
[heartbeat] tid=12 uptime_ms=176606 kbd_nonzero=0
[bwm-fps] frames_since_last=176 elapsed_ms=1000 instantaneous_fps=176
[heartbeat] tid=12 uptime_ms=177606 kbd_nonzero=0
[bwm-fps] frames_since_last=180 elapsed_ms=1003 instantaneous_fps=179
[heartbeat] tid=12 uptime_ms=178607 kbd_nonzero=0
[bwm-fps] frames_since_last=171 elapsed_ms=1001 instantaneous_fps=170
[heartbeat] tid=12 uptime_ms=179607 kbd_nonzero=0
[bwm-fps] frames_since_last=175 elapsed_ms=1000 instantaneous_fps=175
[heartbeat] tid=12 uptime_ms=180608 kbd_nonzero=0
